:100000000C944A240C947B240C947B240C947B2425
:100010000C947B240C947B240C947B240C947B24E4
:100020000C947B240C947B240C947B240C947B24D4
:100030000C947B240C94C6D60C947B240C947B24C7
:100040000C947B240C9421580C947B240C947B24DA
:100050000C947B240C947B240C94C1490C947CD686
:100060000C947B240C94C3A90C947B240C947B24C7
:100070000C947B240C947B240C947B240C947B2484
:100080000C947B240C947B240C947B240C947B2474
:100090000C947B240C947B240C947B240C947B2464
:1000A0000C947B240C947B240C947B240C947B2454
:1000B0000C947B240C947B240C947B240C947B2444
:1000C0000C947B240C947B240C947B240C947B2434
:1000D0000C947B240C947B240C947B240C947B2424
:1000E0000C947B24084AD73B3BCE016E84BCBFFDF9
:1000F000C12F3D6C74319ABD56833DDA3D00C77FF8
:1001000011BED9E4BB4C3E916BAAAABE0000008090
:100110003F05A84CCDB2D44EB93836A9020C50B91F
:10012000918688083CA6AAAA2ABE000000803F004B
:100130000C9443C60C9426D40C94CD2F0C94293BDC
:100140000C941BCB0C94E4DB0C94D92F0C9425C697
:100150000C94E5D30C9465DE0C9460450C94B7D3F5
:100160000C945BE30C9415F00C9451C60C9494D34E
:100170000C947D240C9499D30C9498C90C942BC6A0
:100180000C9477400C944BC60C9469890C94277D91
:100190000C94054B0C941ED10C9483400C9447C6D0
:1001A0000C941E800C9494240C9456600C948CD364
:1001B0000C9464320C9435C60C9441420C942FC6B6
:1001C0000C94EB2F0C9492370C9450C60C94D32FB4
:1001D0000C94554A0C94E24A0C94DBD30C94FE2602
:1001E0000C94DD3F0C943DC60C94534D0C941CD4E0
:1001F0000C94E33F0C944E2C0C94B1C60C944CE13F
:100200000C9447610C9439C60C94F28D0C9415DF54
:100210000C941EC60C94B9DD0C94504D0C94C3DDA7
:100220000C94BD430C94E93F0C9487300C9436CA6F
:100230000C94DF2F0C94F7EF0C94F1C50C94F64A54
:100240000C944BE20C94D1ED0C94A57A0C9416C648
:100250000C94E52F0C94A83E0C94CA280C9412D44C
:100260000C9405420C9441520C94A3D30C941AC6DE
:100270000C9451E30C94AE3E0C948D470C9408D42E
:100280000C94F14A0C9436C70C94E22B0C94ADD329
:100290000C942A7D0C947D400C940A4B0C94F72B03
:1002A0000C94FED30C9422C60C94AB3E0C94F4D365
:1002B0000C941D2C0C94BFD30C9451E70C94CD2BB3
:1002C0000C94D1D30C9455C60C941D800C94B82B6F
:1002D0000C94DEC80C940A2C0C94D8C50C94D64A05
:1002E0000C94C7D30C9410C60C94DB7D4E414E4940
:1002F0004E495459494E46CDCCCC3D0AD7233C17E4
:10030000B7D13877CC2B329595E6241FB14F0A0030
:100310000020410000C84200401C4620BCBE4CCA20
:100320001B0E5AAEC59D741000C90210012C01406D
:1003300001220170011801B0010E01F00104015009
:1003400002FA00B002F0003003E600D003DC0090B7
:1003500004D2007005C800A006BE000008B400B0BA
:1003600009AA00D00BA000600E960060118C00005E
:1003700015820020197800C01D6E00A0226400B014
:10038000275A00902C500000314600E0343C001009
:10039000383200903A2800603C1E00A03D140080D6
:1003A0003E0A00203F0000206279746573290A002C
:1003B00053657474696E67732053746F726564203B
:1003C0002800454550524F4D20636865636B737537
:1003D0006D206D69736D617463680A0020627974C1
:1003E0006573290A002073746F72656420736574E5
:1003F00074696E67732072657472696576656420CE
:100400002800204D61726C696E3D563337290A0011
:1004100028454550524F4D3D00454550524F4D20C7
:1004200076657273696F6E206D69736D6174636850
:10043000200048617264636F64656420446566618E
:10044000756C742053657474696E6773204C6F61AA
:100450006465640A0020440020490020204D3330A8
:100460003120500020440020490020500020204D21
:100470003330312045005049442073657474696EEF
:1004800067733A0A002046002042002048002020DE
:100490004D3134352053004D6174657269616C20B3
:1004A00068656174757020706172616D65746572E4
:1004B000733A0A00205A0020590020580020204D8D
:1004C000323138205400486F74656E64206F666660
:1004D000736574733A0A00205A0020590020204D99
:1004E000323036205800486F6D65206F6666736540
:1004F000743A0A00204500205A0020590020580074
:1005000020420020540020204D323035205300413D
:100510006476616E6365643A20533C6D696E5F6614
:10052000656564726174653E20543C6D696E5F74EC
:10053000726176656C5F66656564726174653E20A4
:10054000423C6D696E5F7365676D656E745F74695B
:100550006D655F6D733E20583C6D61785F78795FA3
:100560006A65726B3E205A3C6D61785F7A5F6A659E
:10057000726B3E20453C6D61785F655F6A65726BAA
:100580003E0A0020540020520020204D32303420FA
:100590005000416363656C65726174696F6E2028F9
:1005A000756E6974732F7332293A20503C707269EA
:1005B0006E745F616363656C3E20523C7265747259
:1005C0006163745F616363656C3E20543C74726167
:1005D00076656C5F616363656C3E0A0020450020B0
:1005E0005A0020590020204D3230312058004D61F2
:1005F00078696D756D20416363656C6572617469BE
:100600006F6E2028756E6974732F7332293A0A0051
:10061000204500205A0020590020204D3230332040
:1006200058004D6178696D756D206665656472610D
:100630007465732028756E6974732F73293A0A00E4
:10064000204500205A0020590020204D39322058E2
:100650000053746570732070657220756E69743A0A
:100660000A0020204D3230302044300A0020204D36
:1006700032303020543120440020204D32303020A0
:1006800044002044697361626C65640A0046696CC9
:10069000616D656E742073657474696E67733A007A
:1006A00020204D3134392043203B20556E6974732E
:1006B00020696E2043656C736975730A0A002020F7
:1006C000473231203B20556E69747320696E206D6E
:1006D0006D0A0A0020746F6F206C6F6E672065785A
:1006E00074727573696F6E2070726576656E74656D
:1006F000640A0020636F6C64206578747275736996
:100700006F6E2070726576656E7465640A0024F4FD
:10071000D43050C38E20C2A24017828B7011127A3F
:10072000910D816CD90AA861E108C758660761512B
:1007300043061E4B5D05C145A7041A411104093D3E
:100740009803713931034036DB0265339102D430AE
:100750005402802E1D02632CEE01752AC501B028BB
:10076000A001102781018F2564012B244B01E02279
:100770003401AC211F018D200D01801FFC00841E5F
:10078000ED00971DDF00B81CD200E61BC600201B41
:10079000BC00641AB200B219A8000A19A0006A18B5
:1007A0009900D117910040178B00B51684003116BF
:1007B0007E00B31579003A157300C7146F00581402
:1007C0006A00EE1366008813630025135E00C712EB
:1007D0005B006C12570015125400C11151007011CA
:1007E0004F0021114B00D61049008D1047004610D4
:1007F000440002104200C00F4000800F3E00420F34
:100800003C00060F3B00CB0E3800930E37005C0E09
:100810003500270E3400F30D3200C10D3100900D6C
:100820003000600D2E00320D2D00050D2C00D90C6E
:100830002B00AE0C2900850C29005C0C2700350C20
:1008400027000E0C2600E80B2400C40B2400A00B8C
:1008500023007D0B23005A0B2100390B2100180BBC
:100860002000F80A1F00D90A1E00BB0A1E009D0ABC
:100870001D00800A1D00630A1C00470A1B002C0A89
:100880001B00110A1A00F7091A00DD091900C40932
:100890001900AB091900920917007B0918006309B8
:1008A00017004C09160036091600200916000A091F
:1008B0001500F5081500E0081400CC081400B8086D
:1008C0001400A4081400900813007D0812006B089F
:1008D00013005808120046081200340811002308BB
:1008E00011001208110001081100F0071000E007C4
:1008F0001000D0071000C0071000B0070F00A107BC
:10090000100091070E0083070F0074070F006507A2
:100910000E0057070E0049070E003B070D002E077B
:100920000E0020070D0013070D0006070D00F90645
:100930000C00ED060D00E0060C00D4060C00C80605
:100940000C00BC060C00B0060C00A4060B009906B7
:100950000C008D060B0082060B0077060B006C0660
:100960000B0061060A0057060B004C060A004206FF
:100970000A0038060A002E060A0024060A001A0693
:100980000A001006090007060A00FD050900F40523
:100990000900EB050900E2050900D9050900D005A9
:1009A0000900C7050900BE050900B5050800AD0529
:1009B0000800A50509009C050800940508008C05A1
:1009C0000800840508007C050800740508006C0513
:1009D0000700650508005D050700560508004E057F
:1009E00007004705070040050800380507003105E6
:1009F00007002A050700230507001C050600160549
:100A000007000F0507000805060002050700FB04A4
:100A10000600F5040700EE040600E8040600E20400
:100A20000700DB040600D5040600CF040600C90455
:100A30000600C3040600BD040600B7040600B104A6
:100A40000500AC040600A6040600A00405009B04F3
:100A5000060095040500900406008A04050085043C
:100A60000500800406007A04050075040500700482
:100A700005006B04050066040500610405005C04C4
:100A8000050057040500520405004D040500480404
:100A90000500430405003E0404003A040500350443
:100AA0000500300404002C0405002704040023047E
:100AB00005001E0404001A040400160405001104B5
:100AC00004000D04040009040500040404000004EB
:100AD0000400FC030400F8030400F4030400F00322
:100AE0000400EC030400E8030400E4030400E00352
:100AF0000400DC030400D8030400D4030400D00382
:100B00000400CC030400C8030300C503030024F45D
:100B100004D9201BC40C5C0E9804C4095F0265074D
:100B20007101F405F900FB04B30048048700C10318
:100B300069005803550003034500BE023A008402D1
:100B4000310053022A002902250004022000E4019A
:100B50001C00C8011900AF0117009801140084019E
:100B60001300710110006101100051010E004301DA
:100B70000D0036010B002B010B0020010B001501AD
:100B800009000C01090003010800FB000800F30044
:100B90000800EB000700E4000600DE000600D800B5
:100BA0000600D2000600CC000500C7000500C20008
:100BB0000500BD000400B9000400B5000400B10048
:100BC0000400AD000400A9000400A5000300A20079
:100BD00003009F0004009B000300980003009500A1
:100BE000020093000300900003008D0002008B00C0
:100BF00003008800020086000200840003008100D8
:100C000002007F0002007D0002007B0002007900EC
:100C100002007700010076000200740002007200FA
:100C20000100710002006F0002006D0001006C0005
:100C300002006A000100690002006700010066000E
:100C40000100650001006400020062000100610013
:100C50000100600001005F0002005D0001005C0017
:100C600001005B0001005A0001005900010058001A
:100C7000010057000100560001005500010054001A
:100C80000100530000005300010052000100510018
:100C90000100500001004F0001004E0000004E0016
:100CA00001004D0001004C0001004B0000004B0012
:100CB00001004A000100490001004800000048000E
:100CC0000100470001004600000046000100450009
:100CD0000000450001004400010043000000430003
:100CE00001004200000042000100410000004100FC
:100CF0000100400001003F0000003F0001003E00F5
:100D000000003E0001003D0000003D0001003C00ED
:100D100000003C0000003C0001003B0000003B00E4
:100D200001003A0000003A000100390000003900DB
:100D300001003800000038000000380001003700D2
:100D400000003700010036000000360000003600C9
:100D500001003500000035000000350001003400BE
:100D600000003400000034000100330000003300B4
:100D700000003300010032000000320000003200A9
:100D8000010031000000310000003100010030009E
:100D9000000030000000300001002F0000002F0094
:100DA00000002F0000002F0001002E0000002E0088
:100DB00000002E0001002D0000002D0000002D007D
:100DC00000002D0001002C0000002C0000002C0071
:100DD00000002C0001002B0000002B0000002B0065
:100DE00000002B0001002A0000002A0000002A0059
:100DF00000002A000100290000002900000029004D
:100E0000000029000000290001002800000028003F
:100E10000000280000002800000028000100270032
:100E20000000270000002700000027000000270026
:100E30000100260000002600000026000000260019
:100E4000000026000100250000002500000025000C
:100E500000002500000025000000250001002400FE
:100E600000002400000024000000240000002400F2
:100E700001002300000023000000230000002300E5
:100E800000002300000023000000230001002200D6
:100E900000002200000022000000220000002200CA
:100EA00000002200010021000000210000002100BC
:100EB00000002100000021000000210000002100AE
:100EC00001002000000020000000200000002000A1
:100ED0000000200000002000000020000000200092
:100EE00001001F0000001F0000001F0000001F0085
:100EF00000001F0000001F0000001F0001001E0076
:100F000000001E0000001E0000001E0000006265C0
:100F1000640A002C2073797374656D2073746F708C
:100F200070656421204865617465725F49443A20A8
:100F3000004572726F723A20616C2063616C656E5D
:100F40007461720048656174696E67206661696CDE
:100F50006564004572726F723A20616C2063616C47
:100F6000656E7461720048656174696E67206661C0
:100F7000696C65640070012C0190012701B00122A9
:100F800001C0011D01F00118011002130130020E11
:100F9000016002090190020401C002FF000003FA8F
:100FA000004003F5008003F000D003EB002004E6CE
:100FB000007004E100E004DC004005D700C005D269
:100FC000004006CD00D006C8008007C3003008BE30
:100FD00000F008B900C009B400B00AAF00B00BAA15
:100FE00000D00CA500000EA000500F9B00C0109672
:100FF000005012910000148C00C0158700B01782B9
:1010000000B0197D00D01B7800001E730040206ED8
:101010000090226900F024640040275F0090295A64
:1010200000E02B5500102E500020304B00103246AF
:1010300000E033410090353C001037370070383203
:1010400000A0392D00B03A2800A03B2300603C1ED0
:1010500000103D1900903D1400103E0F00703E0A34
:1010600000C03E0500003F0000403FFBFF803FF610
:10107000FFC03FF1FF4572726F7220646520746596
:101080006D706572617475726100546865726D612E
:101090006C2052756E61776179004572726F723A99
:1010A0002054656D70204D696E20506C6174004550
:1010B00072726F723A2054656D70204D696E696D61
:1010C00061004D494E54454D502074726967676503
:1010D000726564004572726F723A2054656D7020BB
:1010E0004D617820506C6174004572726F723A20C5
:1010F00054656D70204D6178696D61004D415854A3
:10110000454D5020747269676765726564001FFF02
:10111000FFFFFFFFFF600000000001FF4000000034
:101120000000FF8000000000007F83CF00000C3033
:101130003F87FF80000C301F867980000C000F8CE9
:1011400030C7838C30E78C30CFC7CC31F38C30DCA8
:10115000ECEC33B98C30D86C6C33198C30D06C0C0F
:1011600033198C30D86C0C33198C30DC6C0E3B1975
:101170008C30CF7C079F198C30C77C038F194000BF
:101180000000000002600000000000061FFFFFFFDB
:10119000FFFFF80000000000000000000000000059
:1011A000000000000000000000000000000000003F
:1011B000000000000000000000000000000000002F
:1011C000000000000000000000000000000000001F
:1011D000000000000000000000000000000000000F
:1011E00000000000000000000000000000000000FF
:1011F00000000000000000000000000000000000EF
:1012000000000000000000000000000000000000DE
:1012100000000007F00000000000000000000000D7
:10122000000FE007F00FF00E07FE00381C00700FF3
:10123000F00FE007F03FFC0E07FF80381C00703F06
:10124000FC0FE007007FFC0E07FFC0381C00707F1A
:10125000FC00E00700780C0E0703C0381C00707813
:101260000C00E00700F0000E0701E0381C0070F0F1
:101270000000E00700E0000E0700E0381C0070E00E
:101280000000E00700E0000E0700E0381C0070E0FE
:101290000000E00700E0000E0700E0381C0070E0EE
:1012A0000000E00700F8000E0701E0381C0070F8AD
:1012B0000000E007007F800E0703C0381C00707F2D
:1012C0008000E007003FF00E07FF80381C00703FF1
:1012D000F000E007000FF80E07FF00381C00700F49
:1012E000F800E0070000FC0E07FF00381C0070004B
:1012F000FC00E00700001E0E070780381C0070008D
:101300001E00E00700000E0E0703C0381C0070002E
:101310000E00E00700000E0E0701E0381C00700010
:101320000E00E00700000E0E0700E0381E00F0007F
:101330000E00E00700001E0E0700F0380E00E0006F
:101340001E00E00700C03C0E070070380F83E0C0AD
:101350003C00E00700FFFC0E0700783807FFC0FFE5
:10136000FC00E00700FFF80E0700383803FF80FF9D
:10137000F800E007003FE00E07003C3800FE003FA9
:10138000E000E00700000000000000000000000096
:101390000000E007F0000000000000000000000076
:1013A000000FE007F0000000000000000000000057
:1013B000000FE007F0000000000000000000000047
:1013C000000FE0000000000000000000000000002E
:1013D000000000000000000000000000000000000D
:1013E00000000000000000000000000000000000FD
:1013F000000000001F80000000000000000000004E
:10140000000000007FE0000000000000000000007D
:1014100000000000FFF000000000000000000000DD
:1014200000000001FFF800000000000000000000C4
:1014300000000001FFF800000000000000000000B4
:1014400000000003C03C000000000000000000009D
:1014500000000003000C000000000000000000007D
:10146000000000060006000000000000040000006C
:101470000000000400020000000000000400000062
:101480000000000C00030000000000000400000049
:101490000000001C0003849494916E38E79144E0AE
:1014A000E72DC01E000785D5D5D111451451450142
:1014B00008A2201E0007877777711145F44A44C1BE
:1014C00008A2201E0007822222211145044A44213D
:1014D00008A2201F000F822222291138F78435C864
:1014E000E722201F000F8000000000000004000021
:1014F0000000001F801F8000000000000018000096
:101500000000000FC03F00000000000000000000CD
:101510000000000FE07F000000000000000000005D
:1015200000000007F0FE00000000000000000000C6
:1015300000000001F9F800000000000000000000B9
:10154000000000007BE00000000000000000000040
:10155000000000000000000000000000000000008B
:10156000000000000000000000000000000000007B
:10157000000000000000000000000000000000006B
:10158000000000000000000000000000000000005B
:1015900000000025753A2530327500253032753A45
:1015A000253032750025756420253032753A253096
:1015B0003275005A00590058000920000000000050
:1015C00000000000000000007FFFE00000000000BD
:1015D000000000000000007000E0000000000000BB
:1015E00000000000000061F8600000000000000042
:1015F000000000000041F820000000000000000092
:101600000000000040F0200000000000000000008A
:10161000000000406020000000000000000000000A
:1016200000005801A07F80003FC00000000041047E
:10163000005C63A0FBC00079E00000000020820095
:101640005EF7A0F3C00076E0000000002082005E9C
:10165000F7A0EBC0007EE0000000004104005C63E6
:10166000A07B80003DC0000000008208005801A05F
:101670007B80003BC000000001041000406020FBA4
:10168000C00077E00000000104100040F020FBC023
:101690000070E00000000082080041F820FFC00058
:1016A0007FE00000000041040061F8603F00001F7F
:1016B00080000000000000007000E01E00000F002D
:1016C00000000001FFFF807FFFE00C00000600002B
:1016D000000001FFFF80000000000000000000008B
:1016E00000000000007FFFE000000000000000009C
:1016F000000000007000E00000000000000000009A
:10170000000000630C60000000000000000000000A
:101710000000470E20000000000000000000000054
:10172000004F0F200000000000000000000000003B
:101730005F0FA00000000000000000000000005E3D
:1017400007A07F80003FC00000000041040040600F
:1017500020FBC00079E00000000020820040F02063
:10176000F3C00076E00000000020820040F020EB93
:10177000C0007EE0000000004104004060207B804B
:10178000003DC0000000008208005E07A07B8000D2
:101790003BC0000000010410005F0FA0FBC00077F9
:1017A000E0000000010410004F0F20FBC00070E0BB
:1017B00000000000820800470E20FFC0007FE0000C
:1017C000000000410400630C603F00001F80000027
:1017D00000000000007000E01E00000F000000008C
:1017E00001FFFF807FFFE00C000006000000000109
:1017F000FFFF80000000496D70726573696F6E2095
:1018000063616E63656C61646100496E662E204998
:101810006D707265736F7261004E6F206861792020
:101820007461726A657461205344004D656E752061
:10183000646520534400446574656E657220696D6B
:1018400070726573696F6E005265616E7564617266
:1018500020696D70726573696F6E00506175736198
:101860007220696D70726573696F6E00436F6E747C
:10187000726F6C00507265706172617200416A75BE
:101880007374617200496E666F726D6163696F6E29
:1018900000426162797374657070696E67205800E8
:1018A000426162797374657070696E672059004295
:1018B0006162797374657070696E67205A004D6952
:1018C00063726F7061736F205A004D6963726F703D
:1018D00061736F2059004D6963726F7061736F207F
:1018E0005800466C756A6F203200466C756A6F202E
:1018F0003200466C756A6F203100466C756A6F2045
:101900003100466C756A6F00466C756A6F005665EB
:101910006E74696C61646F720056656E74696C6197
:10192000646F7200506C617461666F726D6100501B
:101930006C617461666F726D6100426F7175696C84
:101940006C61203200426F7175696C6C61203200ED
:10195000426F7175696C6C61203100426F717569FD
:101960006C6C6120310056656C6F63696461640062
:1019700056656C6F6369646164004D656E752070B7
:1019800072696E636970616C0050726563616C6549
:101990006E74617220504C41506C617461666F725C
:1019A0006D610050726563616C656E746172205088
:1019B0004C41546F646F0050726563616C656E7466
:1019C000617220504C4120456E64204532005072B7
:1019D0006563616C656E74617220504C4120320009
:1019E00050726563616C656E74617220504C412069
:1019F000456E642045310050726563616C656E749C
:101A0000617220504C4120310050726570617261EA
:101A1000720050726563616C656E74617220414240
:101A200053506C617461666F726D610050726563D2
:101A3000616C656E74617220414253546F646F0033
:101A400050726563616C656E74617220414253200F
:101A5000456E642045320050726563616C656E743A
:101A600061722041425320320050726563616C659F
:101A70006E7461722041425320456E6420453100EE
:101A800050726563616C656E7461722041425320CF
:101A900031005072657061726172004D34323800ED
:101AA00050726563616C656E7461722041425300CF
:101AB00050726563616C656E74617220504C4100B8
:101AC000456E6672696172004D383400417061671D
:101AD0006172206D6F746F72657300416A75737403
:101AE00061722064657366617365730047323820E4
:101AF0005A004F726967656E205A00473238205984
:101B0000004F726967656E205900473238205800CF
:101B10004F726967656E205800473238004C6C651B
:101B200076617220616C206F726967656E004D6F1F
:101B300076657220656A6573004D656E75207072FA
:101B4000696E636970616C004D6F76657220580034
:101B50004D6F7665722059004D6F766572205A0080
:101B60004578747275736F7232004578747275734C
:101B70006F7231004D6F76657220302E316D6D00C1
:101B80004D6F76657220316D6D004D6F76657220F8
:101B900031306D6D004D6F76657220656A6573003A
:101BA0004578747275736F72004D6F766572205A46
:101BB000004D6F7665722059004D6F766572205822
:101BC000004578747275736F72320045787472755F
:101BD000736F7231004578747275736F72004D6F58
:101BE000766572205A004D6F7665722059004D6FF0
:101BF0007665722058005072657061726172005291
:101C00006573746175726172206D656D6F72696163
:101C100000436172676172206D656D6F726961006A
:101C200047756172646172206D656D6F72696100E4
:101C300046696C616D656E746F004D6F76696D6994
:101C4000656E746F0054656D706572617475726154
:101C5000004D656E75207072696E636970616C000D
:101C600050726563616C656E7461722041425343CA
:101C70006F6E6669670050726563616C656E746152
:101C80007220504C41436F6E666967005049442D85
:101C900044005049442D44005049442D49005049C6
:101CA000442D49005049442D50005049442D5000C6
:101CB0002008204661637400200820466163740098
:101CC0002008204D6178002008204D617800200810
:101CD000204D696E002008204D696E0041706167DB
:101CE000617200456E63656E6465720054656D7067
:101CF00065726174757261204175746F2E0056654E
:101D00006E74696C61646F720056656E74696C61A3
:101D1000646F7200506C617461666F726D61005027
:101D20006C617461666F726D6100426F7175696C90
:101D30006C61203200426F7175696C6C61203200F9
:101D4000426F7175696C6C61203100426F71756909
:101D50006C6C61203100436F6E74726F6C0047755C
:101D60006172646172206D656D6F72696100506CA3
:101D7000617461666F726D6100506C617461666F51
:101D8000726D6100426F7175696C6C6100426F71B8
:101D900075696C6C610056656E74696C61646F7214
:101DA0000056656E74696C61646F720054656D7085
:101DB000657261747572610045207061736F732F75
:101DC0006D6D0045207061736F732F6D6D005A202B
:101DD0007061736F732F6D6D005A207061736F7334
:101DE0002F6D6D0059207061736F732F6D6D0059E9
:101DF000207061736F732F6D6D0058207061736F69
:101E0000732F6D6D0058207061736F732F6D6D00AF
:101E10004163656C2E205669616A65004163656C9B
:101E20002E205669616A65004163656C2E207265DB
:101E3000747261632E004163656C2E20726574724A
:101E400061632E004163656C2E206D617845004111
:101E500063656C2E206D617845004163656C2E20B2
:101E60006D61785A004163656C2E206D61785A006F
:101E70004163656C2E206D617859004163656C2E5D
:101E8000206D617859004163656C2E206D61785832
:101E9000004163656C2E206D6178580056656C2E8C
:101EA000207669616A65206D696E0056656C2E202A
:101EB0007669616A65206D696E00566D696E0056BF
:101EC0006D696E00566D61784500566D617845000C
:101ED000566D61785A00566D61785A00566D61787A
:101EE0005900566D61785900566D61785800566DED
:101EF0006178580056652D6A65726B0056652D6ACB
:101F000065726B00567A2D6A65726B00567A2D6A7F
:101F100065726B0056792D6A65726B0056792D6A71
:101F200065726B0056782D6A65726B0056782D6A63
:101F300065726B004163656C65726163696F6E0009
:101F40004163656C65726163696F6E00436F6E74A7
:101F5000726F6C0046696C2E204469612E2032003D
:101F600046696C2E204469612E20320046696C2E31
:101F7000204469612E20310046696C2E204469613D
:101F80002E20310041706167617200456E63656E9D
:101F9000646572004520696E206D6D3300436F6E7D
:101FA00074726F6C0000091200FC0A01E803D7206C
:101FB000FFFD0EFD0BFD00000009000E010B0B09DB
:101FC0000400808080808080800000808004040481
:101FD00009030790909090080A0A0900002424241D
:101FE000FF2424FF242424070B0B0901FF107C92FB
:101FF0009050381412927C10070A0A09010042A47A
:10200000A4481010244A4A84070A0A090100609073
:1020100090906062948894620104040904078080AF
:102020008080030C0C0903FF20404080808080806A
:1020300080404020030C0C0903FF804040202020FA
:1020400020202040408007070709010310925438E0
:10205000549210070707090101101010FE1010100C
:102060000204040904FEC0C0408007010109010404
:10207000FE020202090400C0C0070A0A09010002A8
:10208000040408101020404080070A0A09010038A3
:10209000448282828282824438070A0A090100103F
:1020A0003050901010101010FE070A0A0901003875
:1020B0004482020408102040FE070A0A090100FEBB
:1020C000020408180402028478070A0A09010004BD
:1020D0000C14244484FE040404070A0A090100FEC7
:1020E000808080F80402028478070A0A0901003C13
:1020F000408080B8C482824438070A0A090100FE81
:10210000020404080810101010070A0A0901003818
:10211000448244384482824438070A0A090100385C
:10212000448282463A02020478020707090400C08A
:10213000C0000000C0C00209090904FEC0C00000C0
:1021400000C0C04080050909090200081020408035
:1021500040201008070404090102FE0000FE0509E2
:1021600009090200804020100810204080070A0A58
:1021700009010038448202040810100010070A0AFE
:1021800009010038449AAAAAAAAA9C403C070A0A54
:1021900009010010282828447C44828282070A0A08
:1021A000090100F8848284F884828284F8070A0A8C
:1021B0000901003C42808080808080423C070A0AFE
:1021C000090100F88482828282828284F8070A0AE6
:1021D000090100FE808080F880808080FE070A0A66
:1021E000090100FE808080F88080808080070A0AD4
:1021F00009010038448280808E82824438070A0AAE
:1022000009010082828282FE8282828282050A0A1B
:10221000090200F82020202020202020F8070A0AA8
:102220000901003E080808080808888870070A0A9B
:1022300009010082848890A0D088848282070A0ADB
:10224000090100808080808080808080FE070A0AEB
:102250000901008282C6AA928282828282070A0AC9
:102260000901008282C2A2928A86828282070A0AB9
:102270000901007C82828282828282827C070A0A31
:10228000090100F884828284F880808080080B0B2A
:102290000901FF384482828282828A443A01070A15
:1022A0000A090100F884828284F890888482070AEF
:1022B0000A0901007C8280807C020202827C070A7B
:1022C0000A090100FE101010101010101010070A5B
:1022D0000A09010082828282828282824438070A4D
:1022E0000A09010082828244444428282810070AEF
:1022F0000A0901008282828292929292AA44070A7B
:102300000A09010082824428101028448282070AA8
:102310000A09010082824428101010101010070AC8
:102320000A090100FE0204081020408080FE040C0F
:102330000C0903FFF080808080808080808080F0A6
:10234000070A0A0901008040402010100804040216
:10235000040C0C0902FFF0101010101010101010D7
:1023600010F007040409010610284482080101093D
:1023700000FFFF03030309030A8040200707070942
:1023800001007C02027E82867A070A0A0901008027
:102390008080BCC2828282C2BC0707070901007C20
:1023A00082808080827C070A0A0901000202027A88
:1023B00086828282867A0707070901007C8282FE74
:1023C00080827C070A0A0901001C22222020F820B2
:1023D000202020070A0A0901FD7A84848478807C01
:1023E00082827C070A0A090100808080BCC2828246
:1023F000828282050A0A090200600000E020202093
:102400002020F8050D0D0902FD1800003808080805
:10241000080808888870070A0A09010080808084FB
:102420008890B0C88482050A0A090200E0202020B2
:102430002020202020F8070707090100EC92929243
:10244000929282070707090100BCC28282828282BF
:102450000707070901007C82828282827C070A0AC0
:102460000901FDB8C4828282C4B8808080070A0A4C
:102470000901FD3A46828282463A020202070707B4
:102480000901009C624240404040070707090100E3
:102490007C82807C02827C0709090901002020FCE3
:1024A00020202020221C0707070901008282828247
:1024B00082867A070707090100828244442828108F
:1024C0000707070901008282929292AA4407070730
:1024D00009010082442810284482070A0A0901FDE4
:1024E00042422424241818109060070707090100AD
:1024F000FE0408102040FE060B0B0902001C2020E1
:102500002020C0202020201C010C0C0904FF80800A
:1025100080808080808080808080060B0B09010095
:10252000E0101010100C10101010E0070303090148
:102530000762928CFFFFFFFFFFFFFFFFFFFFFFFF20
:10254000FFFFFFFFFFFFFFFFFFFFFFFFFFFFFFFF9B
:10255000FFFFFFFFFF00000009000E010B0B090445
:1025600000808000008080808080808006080809CC
:10257000010008789490A0A47840070A0A09010095
:102580001C222020F8202060A25C07060609010317
:10259000827C44447C82070A0A0901008282442822
:1025A0007C107C101010010B0B0904FF80808080D0
:1025B00080008080808080040B0B0902FF60908087
:1025C000609090906010906003020209030BA0A03D
:1025D0000809090900013C4299A5A1A599423C05B9
:1025E0000707090103609070907800F80708080950
:1025F00001011224489090482412060404090102A3
:10260000FC040404050101090204F8080909090091
:10261000013C42B9A5BDA9A5423C06010109010939
:10262000FC0404040903066090906007090909018D
:1026300001101010FE10101000FE0406060901041F
:102640006090106080F0040606090104609020107C
:10265000906003030309030A204080070909090168
:10266000FE8282828282C6BA8080070A0A0901003D
:102670007E8A8A8A7A0A0A0A0A0A0202020904047B
:10268000C0C00403030902FD20906003060609018F
:102690000440C0404040E0050606090104708888F7
:1026A0007000F80708080901019048241212244814
:1026B00090070A0A09010040C0404042E60A121A87
:1026C00006070A0A09010040C040404CF2020C1003
:1026D0001E070A0A0901006090201092660A121A69
:1026E00006070A0A090100100010102040808282AB
:1026F0007C070E0E0901002010080010282828442D
:102700007C44828282070E0E09010008102000100E
:10271000282828447C44828282070E0E090100107A
:1027200028440010282828447C44828282070D0D0A
:1027300009010034580010282828447C44828282F1
:10274000070D0D09010028280010282828447C4482
:10275000828282070E0E09010010282810102828F6
:1027600028447C44828282070A0A0901001E282824
:10277000284E784888888E070D0D0901FD3C42805F
:102780008080808080423C082418070E0E090100DA
:1027900020100800FE808080F880808080FE070E78
:1027A0000E09010008102000FE808080F8808080E3
:1027B00080FE070E0E09010010284400FE80808074
:1027C000F880808080FE070D0D090100282800FE9A
:1027D000808080F880808080FE050E0E0902004017
:1027E000201000F82020202020202020F8050E0EA8
:1027F00009020010204000F8202020202020202066
:10280000F8050E0E09020020508800F82020202034
:1028100020202020F8050D0D090200505000F8205E
:1028200020202020202020F8070A0A0901007844EF
:102830004242F24242424478070D0D0901003458E9
:10284000008282C2A2928A86828282070E0E0901CB
:1028500000201008007C82828282828282827C0731
:102860000E0E090100081020007C82828282828282
:1028700082827C070E0E090100102844007C8282AF
:102880008282828282827C070D0D09010034580009
:102890007C82828282828282827C070D0D09010005
:1028A0002828007C82828282828282827C070707BB
:1028B00009010182442810284482070C0C0901FFF9
:1028C000027C868A8A9292A2A2C27C80070E0E099E
:1028D0000100201008008282828282828282443833
:1028E000070E0E0901000810200082828282828277
:1028F00082824438070E0E090100102844008282AB
:102900008282828282824438070D0D0901002828C4
:102910000082828282828282824438070E0E0901FE
:102920000008102000828244281010101010100798
:102930000A0A0901008080FC828282FC8080800675
:102940000A0A09010038444448D04844444458071E
:102950000B0B090100201008007C02027E82867A9F
:10296000070B0B090100081020007C02027E828602
:102970007A070B0B090100102844007C02027E82BA
:10298000867A070A0A0901003458007C02027E8216
:10299000867A070A0A0901002828007C02027E8242
:1029A000867A070C0C09010010282810007C02020E
:1029B0007E82867A0707070901006C12127E9092C8
:1029C0006C070A0A0901FD7C82808080827C1048A5
:1029D00030070B0B090100201008007C8282FE806A
:1029E000827C070B0B090100081020007C8282FE0C
:1029F00080827C070B0B090100102844007C828236
:102A0000FE80827C070A0A0901002828007C828255
:102A1000FE80827C050C0C0902008040200000E052
:102A20002020202020F8050C0C0902001020400076
:102A300000E02020202020F8050C0C090200205086
:102A4000880000E02020202020F8050B0B09020060
:102A500050500000E02020202020F8070B0B090137
:102A600000483050083C448282824438070A0A09F0
:102A70000100345800BCC28282828282070B0B099B
:102A80000100201008007C82828282827C070B0B6E
:102A9000090100081020007C82828282827C070B60
:102AA0000B090100102844007C82828282827C070C
:102AB0000A0A0901003458007C82828282827C07E3
:102AC0000A0A0901002828007C82828282827C070F
:102AD000090909010010381000FE0010381007091C
:102AE000090901FF027C8A8A92A2A27C80070B0B53
:102AF000090100402010008282828282867A070BC0
:102B00000B090100081020008282828282867A07E7
:102B10000B0B090100102844008282828282867A8F
:102B2000070A0A0901002828008282828282867AA6
:102B3000070E0E0901FD0408100042422424241847
:102B400018109060070B0B0901FE8080B8C48282C8
:102B500082C4B88080070D0D0901FD242400424283
:102B60002424241818109060434F4D4D554E49436E
:102B70004154494F4E0044525952554E004552520D
:102B80004F525300494E464F004543484F00256978
:102B9000730025696D202569730025696820256902
:102BA0006D202569730025696420256968202569E1
:102BB0006D202569730025697920256964202569C0
:102BC000682025696D202569730050617261646118
:102BD00020646520656D657267656E636961004498
:102BE0006574656E696461005072696E7465722007
:102BF00073746F707065642064756520746F2065F0
:102C000072726F72732E2046697820746865206531
:102C100072726F7220616E6420757365204D393950
:102C20003920746F20726573746172742E20285479
:102C3000656D706572617475726520697320726567
:102C40007365742E20536574206974206166746501
:102C5000722072657374617274696E67290A004E1E
:102C60006F204C696E65204E756D626572207769C4
:102C7000746820636865636B73756D2C204C617399
:102C800074204C696E653A20004E6F20436865637E
:102C90006B73756D2077697468206C696E65206E42
:102CA000756D6265722C204C617374204C696E6581
:102CB0003A2000636865636B73756D206D69736D91
:102CC000617463682C204C617374204C696E653AA2
:102CD00020004C696E65204E756D626572206973C7
:102CE000206E6F74204C617374204C696E65204EA9
:102CF000756D6265722B312C204C617374204C69A8
:102D00006E653A20004D313130004D33310053446F
:102D10002072656164206572726F720A00446F6E82
:102D200065207072696E74696E672066696C650AE9
:102D30000020496E76616C696420657874727564F0
:102D40006572200000809343008093430080894394
:102D5000000040C2000040C10000000044656C65F6
:102D600074696F6E206661696C65642C2046696CBD
:102D7000653A200046696C652064656C657465641D
:102D80003A006F70656E206661696C65642C204640
:102D9000696C653A20006D0046696C616D656E7402
:102DA00020757365643A200053746174733A20008F
:102DB0002C204C6F6E67657374206A6F623A200036
:102DC000546F74616C2074696D653A2000537461AE
:102DD00074733A20002C204661696C65643A2000C7
:102DE0002C2046696E69736865643A2000507269E8
:102DF0006E74733A200053746174733A200020405B
:102E0000002042403A0020403A00202F0020540089
:102E1000202F0020423A00202F0020543A00436126
:102E20006C656E74616D69656E746F206C69737426
:102E30006F003F0A0020573A00452569202573009E
:102E40005B534952495553203330305D206C6973D0
:102E500074612E00205A3A0020593A0020436F75C1
:102E60006E7420583A0020453A00205A3A00205902
:102E70003A00583A0023646566696E65202044452F
:102E80004641554C545F4B64200023646566696E6F
:102E900065202044454641554C545F4B6920002332
:102EA000646566696E65202044454641554C545F13
:102EB0004B702000504944204175746F74756E65E5
:102EC0002066696E6973686564212050757420748A
:102ED0006865206C617374204B702C204B692061F5
:102EE0006E64204B6420636F6E7374616E74732024
:102EF00066726F6D2062656C6F7720696E746F20EB
:102F0000436F6E66696775726174696F6E2E680AC9
:102F100000504944204175746F74756E6520666178
:102F2000696C6564212074696D656F75740A005061
:102F30004944204175746F74756E65206661696CD3
:102F40006564212054656D706572617475726520C9
:102F5000746F6F20686967680A00204B643A20002C
:102F6000204B693A2000204B703A20000A20436C25
:102F7000617373696320504944200A002054753AF4
:102F80002000204B753A2000206D61783A20002007
:102F90006D696E3A200020643A20002062696173F6
:102FA0003A2000486F6D65202573257325732066D0
:102FB00069727374002066697273740A005A00594A
:102FC000005800486F6D6520004163746976652084
:102FD00045787472756465723A20004E6F206D6F8B
:102FE0007665206F6E20746F6F6C6368616E6765C5
:102FF0000A0047322F47332062616420706172619A
:103000006D65746572730A005265706F736F2E2E52
:103010002E005B534952495553203330305D206CAC
:10302000697374612E00526573756D69656E646FA6
:1030300020696D7072652E004573706572616E64F3
:103040006F206F7264656E65730053696E206D6FDB
:1030500076696D69656E746F00456E642066696C93
:1030600065206C6973740A00426567696E20666941
:103070006C65206C6973740A005344207072696E29
:1030800074696E67206279746520004E6F742053F6
:1030900044207072696E74696E670A005072696EBE
:1030A000742074696D653A200050726F74656374A2
:1030B00065642050696E0A00452569202573005B10
:1030C000534952495553203330305D206C69737435
:1030D000612E006F666600892B842B7D2B762B6812
:1030E0002B44454255473A00506172616461206447
:1030F0006520656D657267656E636961004D31318C
:10310000332053006F6B00506C617461666F726D99
:10311000612043616C69656E7465003F0A00205749
:103120003A0043616C656E74616E646F20506C612F
:10313000742E2E2E005B53495249555320333030A4
:103140005D204170616761722E004649524D5741C2
:1031500052455F4E414D453A4D61726C696E20316A
:103160002E312E3120284769746875622920534F0B
:10317000555243455F434F44455F55524C3A68743E
:103180007470733A2F2F6769746875622E636F6D60
:103190002F4D61726C696E4669726D776172652F31
:1031A0004D61726C696E2050524F544F434F4C5FCB
:1031B00056455253494F4E3A312E30204D414348E7
:1031C000494E455F545950453A5B5349524955530E
:1031D000203330305D2045585452554445525F43AA
:1031E0004F554E543A3220555549443A636564650B
:1031F000326132662D343161322D343734382D3915
:103200006231322D63353563363266333637666662
:103210000A007A5F6D696E3A2000795F6D696E3AD7
:103220002000785F6D61783A2000785F6D696E3AB2
:1032300020005265706F7274696E6720656E6473EA
:10324000746F70207374617475730A004D31343576
:1032500020533C696E6465783E206F7574206F66FC
:103260002072616E67652028302D31290A00536570
:103270007474696E672054726176656C2041636373
:10328000656C65726174696F6E3A20005365747481
:10329000696E67205265747261637420416363656F
:1032A0006C65726174696F6E3A200053657474695D
:1032B0006E67205072696E7420416363656C65723D
:1032C0006174696F6E3A200053657474696E67208B
:1032D0005072696E7420616E642054726176656C00
:1032E00020416363656C65726174696F6E3A20009A
:1032F000205A00205900580020204D61783A2000C3
:10330000205A00205900580020204D696E3A2000B4
:10331000456E63656E64657200417061676172003D
:10332000536F667420656E6473746F70733A200017
:10333000486F74656E64206F6666736574733A00D7
:1033400020643A0020693A0020703A0043290A00BC
:1033500061626C656420286D696E2074656D7020F3
:1033600000436F6C642065787472756465732061C6
:10337000726520004572723A20546F6F2066617248
:103380002100546F6F206661722066726F6D20722B
:1033900065666572656E636520706F696E740A009C
:1033A000446573666173652061706C696361646F05
:1033B00000486F74656E64206F6666736574733A57
:1033C000004E6F2063617365206C696768740A0042
:1033D000556E6B6E6F776E20636F6D6D616E643AC4
:1033E000202200526573656E643A20006F6B0020E6
:1033F000746F6F206C6F6E67206578747275736977
:103400006F6E2070726576656E7465640A00206365
:103410006F6C6420657874727573696F6E2070725A
:103420006576656E7465640A00627573793A20701A
:10343000617573656420666F7220696E7075740AB9
:1034400000627573793A2070617573656420666FE8
:103450007220757365720A00627573793A20707212
:103460006F63657373696E670A00506172616461AE
:1034700020646520656D657267656E636961004BE8
:10348000494C4C20636175736564206279204B4917
:103490004C4C20627574746F6E2F70696E0A005008
:1034A000617261646120646520656D657267656E37
:1034B000636961004B494C4C2063617573656420FE
:1034C000627920746F6F206D75636820696E616327
:1034D000746976652074696D65202D20637572723C
:1034E000656E7420636F6D6D616E643A2000506F7D
:1034F00072206661766F722C207265696E696369ED
:103500006500494D505245534F5241205041524160
:103510004441005072696E7465722068616C746514
:10352000642E206B696C6C28292063616C6C656467
:10353000210A00000040C2000040C1000000005706
:1035400061726E696E673A20486F6D696E672042DE
:10355000756D702044697669736F72203C20310A62
:10356000000000404000004040000000400080ABF0
:10357000430080994300808943FFFFFF0000211032
:10358000422063308440A550C660E77008812991CD
:103590004AA16BB18CC1ADD1CEE1EFF13112100275
:1035A00073325222B5529442F772D662399318831D
:1035B0007BB35AA3BDD39CC3FFF3DEE36224433441
:1035C00020040114E664C774A44485546AA54BB56D
:1035D00028850995EEE5CFF5ACC58DD55336722615
:1035E00011163006D776F6669556B4465BB77AA7BD
:1035F00019973887DFF7FEE79DD7BCC7C448E55861
:103600008668A7784008611802282338CCC9EDD90C
:103610008EE9AFF9488969990AA92BB9F55AD44AB4
:10362000B77A966A711A500A333A122AFDDBDCCB5C
:10363000BFFB9EEB799B588B3BBB1AABA66C877C80
:10364000E44CC55C222C033C600C411CAEED8FFDAC
:10365000ECCDCDDD2AAD0BBD688D499D977EB66E54
:10366000D55EF44E133E322E511E700E9FFFBEEFFC
:10367000DDDFFCCF1BBF3AAF599F788F8891A981BE
:10368000CAB1EBA10CD12DC14EF16FE18010A100A8
:10369000C230E3200450254046706760B983989398
:1036A000FBA3DAB33DC31CD37FE35EF3B1029012F8
:1036B000F322D2323542145277625672EAB5CBA564
:1036C000A89589856EF54FE52CD50DC5E234C32448
:1036D000A01481046674476424540544DBA7FAB738
:1036E0009987B8975FE77EF71DC73CD7D326F23698
:1036F0009106B01657667676154634564CD96DC984
:103700000EF92FE9C899E9898AB9ABA944586548E7
:1037100006782768C018E1088238A3287DCB5CDBD7
:103720003FEB1EFBF98BD89BBBAB9ABB754A545A37
:10373000376A167AF10AD01AB32A923A2EFD0FEDA3
:103740006CDD4DCDAABD8BADE89DC98D267C076C87
:10375000645C454CA23C832CE01CC10C1FEF3EFF77
:103760005DCF7CDF9BAFBABFD98FF89F176E367ED7
:10377000554E745E932EB23ED10EF01E7C3C3E5EE2
:103780002B3D3F2F5B5D3B2C2A225C004572726F04
:10379000722077726974696E6720746F2045455096
:1037A000524F4D210A0043616E6E6F7420656E7436
:1037B0006572207375626469723A2000022E2E00D1
:1037C0004D656E75207072696E636970616C000082
:1037D000546F74616C2064652045787472757369E8
:1037E0006F6E3A2000256C642E25696D0000496DCE
:1037F00070726573696F6E206D6173206C617267A2
:10380000613A2000005469656D706F20746F7461B7
:103810006C20646520696D702E3A2000436F6D70D6
:103820006C6574616461733A2000436F6E74656FF8
:1038300020646520696D70726573696F6E3A20004F
:1038400054656D7065726174757261206D6178691F
:103850006D613A203132300054656D70657261746B
:10386000757261206D696E696D613A203500544250
:1038700065643A4550434F53203130304B00546516
:103880006D7065726174757261206D6178696D61CA
:103890003A203235300054656D706572617475720E
:1038A00061206D696E696D613A20350054313A20AE
:1038B0004154432031303447542D320054656D70EB
:1038C00065726174757261206D6178696D613A200D
:1038D0003235300054656D706572617475726120A7
:1038E0006D696E696D613A20350054303A2041545B
:1038F000432031303447542D32004675656E74656F
:1039000020646520706F6465723A2047656E657249
:1039100069630050726F746F636F6C6F3A20312E61
:10392000300042617564696F733A2031313532304D
:10393000300052756D6261004578747275736F72F4
:1039400065733A203200687474703A2F2F6D61727B
:103950006C696E66772E6F7267005B5349524955EA
:1039600053203330305D00323031372D30352D313A
:10397000322031323A303000312E312E31004D615B
:10398000726C696E00457374616469737469636114
:103990007320496D702E005465726D6973746F7277
:1039A000657300496E662E20436F6E74726F6C6192
:1039B000646F7200496E662E20496D707265736F78
:1039C0007261004D656E75207072696E6369706119
:1039D0006C005461726A6574612072657469726109
:1039E0006461005461726A65746120636F6C6F6317
:1039F00061646100022020506C616E6E65724275D8
:103A00006666657242797465733A20002046726575
:103A100065204D656D6F72793A2000436F6D706956
:103A20006C65643A20536570202031203230323684
:103A30000A00207C20417574686F723A202853492F
:103A4000524955532033303078333030204355536A
:103A5000544F4D202D206F646F736C66290A00321D
:103A60003031372D30352D31322031323A3030007F
:103A7000204C61737420557064617465643A200051
:103A8000312E312E310A004D61726C696E00205367
:103A90006F6674776172652052657365740A0020E1
:103AA0005761746368646F672052657365740A00B8
:103AB0002042726F776E206F757420526573657443
:103AC0000A002045787465726E616C2052657365DA
:103AD000740A00506F77657255700A0073746172D2
:103AE000740A006572726F722077726974696E670A
:103AF00020746F2066696C650A00456E6473746F8C
:103B00007073202563202563202563202563002012
:103B10005A3A0020593A0020583A00656E6473748E
:103B20006F7073206869743A2000446F6E6520736B
:103B30006176696E672066696C652E0A004D3239C0
:103B40000000002100240027002A002D003000334F
:103B50000001010000040107010A01000022002504
:103B60000028002B002E0031003400020100000567
:103B70000108010B01000020002300260029002C71
:103B8000002F0032000001000003010601090105B9
:103B9000050505070508080808020202020A0A08C6
:103BA00008040404040101010101010101030303EC
:103BB0000303030303040707070C0C0C0C0C0C0C89
:103BC0000C0202020206060606060606060B0B0B90
:103BD0000B0B0B0B0B0102102020080810204010CB
:103BE00020408002010201080402010102040810C1
:103BF00020408080402010080402018004020180DF
:103C00004020100804020108040201010204081007
:103C1000204080010204081020408000000A0B02AE
:103C2000090C0D0E0807030401000000000000004D
:103C30000000000000000000000000000000000084
:103C40000000000000000012111000000000000041
:103C50000000000000000000000000000000000064
:103C60000057726974696E6720746F2066696C65AD
:103C70003A20006F70656E206661696C65642C2067
:103C800046696C653A20006F70656E206661696CEC
:103C900065642C2046696C653A200046696C652095
:103CA00073656C65637465640A002053697A653ACC
:103CB000200046696C65206F70656E65643A20006F
:103CC0006F70656E206661696C65642C2046696C56
:103CD000653A20002066696C653A20004E6F7720B7
:103CE000002220706F73002220706172656E743A3A
:103CF0002200535542524F5554494E452043414CA2
:103D00004C207461726765743A220050617261647C
:103D10006120646520656D657267656E6369610029
:103D2000747279696E6720746F2063616C6C2073A4
:103D300075622D67636F64652066696C65732077B3
:103D400069746820746F6F206D616E79206C657680
:103D5000656C732E204D4158206C6576656C20692A
:103D6000733A0043616E6E6F74206F70656E2073DE
:103D70007562646972200053442063617264206F2D
:103D80006B0A006F70656E526F6F74206661696CAC
:103D900065640A00766F6C756D652E696E697420B6
:103DA0006661696C65640A004572726F723A00530D
:103DB0004420696E6974206661696C0A00617574DB
:103DC0006F25692E67004D3234004D323320257344
:103DD00000656E7175657565696E672022006563A3
:103DE000686F3A0000060900FE070192032120FFD8
:103DF000FF08FF07FF00000006000001070706029A
:103E00000080808080800080030202060105A0A05F
:103E10000507070600005050F850F85050050707F6
:103E20000600002078A07028F02005070706000093
:103E3000C0C810204098180507070600006090A031
:103E400040A89068020303060104C04080030707EE
:103E50000601002040808080402003070706010003
:103E60008040202020408005050506000120A87024
:103E7000A8200505050600012020F82020020303E4
:103E80000602FFC04080050101060003F80202029D
:103E9000060200C0C005050506000108102040808C
:103EA0000507070600007088888888887003070760
:103EB00006010040C040404040E005070706000002
:103EC000708808708080F8050707060000F8102049
:103ED000100808F005070706000010305090F81091
:103EE00010050707060000F880F00808887005072D
:103EF00007060000708080F08888700507070600BC
:103F000000F8081020202020050707060000708810
:103F10008870888870050707060000708888780810
:103F20000870020505060200C0C000C0C0020606F7
:103F30000602FFC0C000C040800407070600001052
:103F4000204080402010050303060002F800F8041A
:103F50000707060100804020102040800507070663
:103F60000000708808102000200507070600007078
:103F7000880868A8A870050707060000708888F8F8
:103F8000888888050707060000F08888F08888F090
:103F90000507070600007088808080887005070785
:103FA000060000F08888888888F00507070600006A
:103FB000F88080F08080F8050707060000F8808010
:103FC000F0808080050707060000708880B8888828
:103FD00070050707060000888888F8888888010728
:103FE0000706020080808080808080050707060029
:103FF0000038101010109060050707060000889028
:10400000A0C0A090880507070600008080808080FF
:1040100080F805070706000088D8A88888888805E2
:1040200007070600008888C8A8988888050707063B
:10403000000070888888888870050707060000F0EF
:104040008888F080808005070706000070888888CF
:10405000A89068050707060000F08888F0A09088FF
:10406000050707060000788080700808F00507073C
:10407000060000F820202020202005070706000069
:1040800088888888888870050707060000888888DF
:10409000888850200507070600008888888888A837
:1040A00050050707060000888850205088880507BB
:1040B0000706000088888850202020050707060092
:1040C00000F80810204080F8030707060100E08090
:1040D00080808080E00505050600018040201008F2
:1040E000030707060100E02020202020E00503034D
:1040F000060004205088050101060000F8020202B3
:1041000006020580400505050600007008788878DD
:104110000507070600008080B0C88888F0050505FF
:1041200006000070808088700507070600000808F8
:1041300068988888780505050600007088F8807002
:104140000507070600003048E040404040050606ED
:104150000600FF7088887808700507070600008051
:1041600080B0C88888880107070602008000808028
:104170008080800308080601FF200020202020A066
:1041800040040707060000808090A0C0A0900307AD
:1041900007060100C04040404040E005050506001C
:1041A00000D0A8A8A8A8050505060000B0C8888802
:1041B00088050505060000708888887005060606D3
:1041C00000FFF08888F080800506060600FF7888EA
:1041D00088780808050505060000B0C880808005BD
:1041E000050506000070807008F00407070600004F
:1041F0004040E040404030050505060000888888C2
:104200009868050505060000888888502005050582
:104210000600008888A8A8500505050600008850FB
:104220002050880506060600FF88888878087005F3
:104230000505060000F8102040F8030707060100F6
:104240002040408040402001070706020080808017
:1042500080808080030707060100804040204040A6
:1042600080050202060002689000000006000000BF
:10427000000006000000000006000000000006002C
:104280000000000006000000000006000000000022
:10429000060000000000060000000000060000000C
:1042A00000000600000000000600000000000600FC
:1042B00000000000060000000000060000000000F2
:1042C00006000000000006000000000006000000DC
:1042D00000000600000000000600000000000600CC
:1042E00000000000060000000000060000000000C2
:1042F00006000000000006000000000006000000AC
:10430000000006000000000006000000000006009B
:104310000000000006000000000006000000000091
:10432000060000000000060000000000060000007B
:104330000000060000010707060200800080808060
:1043400080800507070600002070A8A0A87020053F
:104350000707060000304040E04050A8050505066C
:1043600000008870507088050707060000885020FC
:10437000F820F82001070706020080808000808076
:104380008005080806000030482050502090600347
:104390000101060107A0050707060000F888B8B864
:1043A000B888F8050707060001700878887800F8D3
:1043B0000505050600012850A05028050303060046
:1043C00001F80808020202060206408005070706F7
:1043D0000000F888A88898A8F8050101060006F8EA
:1043E00004040406000360909060050707060000BF
:1043F0002020F8202000F804050506000360902026
:1044000040F0030505060003E020E020E002020280
:1044100006020640800508080600FF8888888898FC
:10442000E880800507070600007898987818181823
:10443000020202060202C0C00202020602FF40801F
:1044400003050506000340C04040E00507070600DD
:1044500001708888887000F8050505060001A050E5
:104460002850A00507070600008890A858B808083B
:104470000507070600008890B84898203805080806
:10448000060000C040C048D83808080507070600E5
:1044900000200020408088700508080600004020A9
:1044A000007088F888880508080600001020007051
:1044B00088F888880508080600002050007088F8F1
:1044C00088880508080600006890007088F88888C9
:1044D0000508080600005000708888F888880508DC
:1044E000080600002050207088F888880507070615
:1044F00000003860A0B8E0A0B80508080600FF700A
:104500008880808870206005080806000040200030
:10451000F880F080F8050808060000081000F88010
:10452000F080F8050808060000205000F880F080B0
:10453000F80507070600005000F880F080F803082F
:1045400008060100804000E0404040E00308080603
:104550000100204000E0404040E003080806010060
:1045600040A000E0404040E0030707060100A00033
:10457000E0404040E0050707060000704848E84872
:10458000487005080806000068900088C8A8988848
:104590000508080600004020708888888870050893
:1045A00008060000102070888888887005080806B2
:1045B00000002050007088888870050808060000F8
:1045C0006890007088888870050808060000500010
:1045D000708888888870050505060001885020507D
:1045E000880508080600FF1070A8A8A8A870400554
:1045F0000808060000402088888888887005080818
:104600000600001020888888888870050808060041
:10461000002050008888888870050808060000502F
:10462000008888888888700508080600001020889F
:1046300050202020200509090600FFC0407048488E
:10464000704040E00408080601FF609090A0909040
:10465000E08005080806000040200070087888788F
:104660000508080600001020007008788878050802
:1046700008060000205000700878887805080806B1
:104680000000689000700878887805070706000029
:10469000500070087888780508080600002050202F
:1046A0007008788878050606060000D02878A0A84B
:1046B000500506060600FF70808870206005080817
:1046C0000600004020007088F88070050808060089
:1046D000001020007088F88070050808060000208F
:1046E00050007088F88070050707060000500070C1
:1046F00088F8807003080806010080400040C04030
:1047000040E003080806010020400040C04040E0AF
:1047100003080806010040A00040C04040E0030735
:1047200007060100A00040C04040E0050707060062
:1047300000A040A010788870050808060000689066
:1047400000B0C8888888050808060000402000706E
:104750008888887005080806000010200070888886
:10476000887005080806000020500070888888704E
:1047700005080806000068900070888888700507A2
:10478000070600005000708888887005050506003F
:10479000012000F800200507070600FF1070A8A8F8
:1047A000A870400508080600004020008888889806
:1047B00068050808060000102000888888986805A9
:1047C00008080600002050008888889868050707B8
:1047D000060000500088888898680509090600FFCF
:1047E000102000888888F808700407070601FFC0B9
:1047F0004060506040E00508080600FF50008888CF
:104800008878087000060900FE0000000000010919
:104810000008FE000005080806000040F0C888886F
:10482000987810050808060000C0F88888888888ED
:10483000F80505050600012030F8302005080806B7
:1048400000002070F820202020E00509090600FF64
:104850002070A8A8B8888870200509090600FFE024
:1048600080C0B0A8283028280509090600FFF8A84C
:104870008888888888A8F8050A0A0600FE20505013
:10488000505088A8A8887003030306000340A04086
:1048900015F0F7EF11241FBECFEFD1E2DEBFCDBF81
:1048A00000E00CBF14E0A0E0B2E0ECE8F5E002E0CC
:1048B0000BBF02C007900D92A639B107D9F725E1C9
:1048C000A6E9B4E001C01D92A735B207E1F714E2F2
:1048D000C9E4D4E200E006C021970109802FFE015F
:1048E0000F942202C834D10780E00807A9F70E947C
:1048F00052F10D94B4020C9400002CEA35EC47E21E
:104900005EE360912A0B70912B0B80912C0B9091A0
:104910002D0B0E94C8FF609337027093380280937A
:10492000390290933A0208952CEA35EC47E25EE3AF
:1049300060912E0B70912F0B8091300B9091310B69
:104940000E94D2FA60933B0270933C0280933D0236
:1049500090933E0208955B982FB787FD63C0F8944B
:1049600090910B019F7790930B012FBF5B9A0000F2
:104970005B982FB786FD74C0F89490910B019F77D8
:1049800090930B012FBF5B9A00005B982FB785FDBA
:1049900062C0F89490910B019F7790930B012FBF09
:1049A0005B9A00005B982FB784FD50C0F8949091FB
:1049B0000B019F7790930B012FBF5B9A00005B98D0
:1049C0002FB783FD3EC0F89490910B019F77909391
:1049D0000B012FBF5B9A00005B982FB782FD2CC0A4
:1049E000F89490910B019F7790930B012FBF5B9AE6
:1049F00000005B989FB781FD1AC0F89480910B016D
:104A00008F7780930B019FBF5B9A00005B989FB7E5
:104A1000F89480910B018F7780930B019FBF5B9A75
:104A200000000895F89490910B0190689CCFF89441
:104A300080910B018068E5CFF89490910B0190680C
:104A4000D3CFF89490910B019068C1CFF8949091D6
:104A50000B019068AFCFF89490910B0190689DCFB7
:104A6000F89490910B0190688BCFF8948130910568
:104A700009F453C08230910509F478C0892B09F0FC
:104A800038C08091000182702FB7F89490910B018B
:104A90009D7F90930B012FBFA2982FB7662359F1EA
:104AA000F894909102019260909302012FBF169AA0
:104AB0002FB7F894909102019160909302012FBF5B
:104AC000179AEBE0F0E03197F1F72FB7F894909157
:104AD00002019E7F909302012FBF17989FB78823F2
:104AE00099F0F894809102018260809302019FBF47
:104AF000169A78940895F894909102019D7F90936E
:104B000002012FBF1698D4CFF894809102018D7FB7
:104B1000809302019FBF1698ECCF809109018470A9
:104B200089982FB7611118C0F89490910B01946087
:104B300090930B012FBF889AEBE0F0E03197F1F7EB
:104B400088989FB7882369F0F89480910B0184605E
:104B500080930B019FBFCDCFF89490910B019B7F69
:104B6000E7CFF89480910B018B7FF2CF8FB18470E7
:104B70002FB7F894909108019E7F909308012FBF62
:104B8000662359F08A9A8B9AEBE0F0E03197F1F7BF
:104B90008B98882321F08A9AACCF8A98F4CF8A9890
:104BA000A8CF880F991F880F991FFC01E356F64F75
:104BB0004081518162817381855C924FFC01408309
:104BC000518362837383E0919B09F0919C098289F0
:104BD0009389A489B5898093660A9093670AA09304
:104BE000680AB093690A0895EF92FF920F931F939A
:104BF000CF93DF93E0909B09F0909C09F7018281AD
:104C00009381A481B581181619061A061B06E4F4CF
:104C10008091380A91814091610A40FF79C09111D9
:104C200013C096B190FB80F98093380A9091370AAF
:104C30009170892349F08091470D81608093470DE1
:104C400090E080E00E94D125F70186819781A085C0
:104C5000B185181619061A061B0614F58091610A0B
:104C600081FF1EC08091380A96B192FB002700F99F
:104C700010E011950195110908270270112780276E
:104C80008093380A0091370A0270082349F0809116
:104C9000470D82608093470D81E090E00E94D1250E
:104CA000F70182859385A485B585181619061A061D
:104CB0001B061CF58091610A82FF1FC08091380A93
:104CC00096B192959170C92FF0E0DF2FD195C195E3
:104CD000D109C827C470DD278C278093380AC0917A
:104CE000370AC470C82349F08091470D84608093CF
:104CF000470D82E090E00E94D1258091380A809390
:104D0000370ADF91CF911F910F91FF90EF90089597
:104D1000992309F499CF96B191FB222720F930E02D
:104D200031952195310928272071332782278093D7
:104D3000380A9091370A90717CCFCF92DF92EF9230
:104D4000FF92CF93DF93EC01039731F46F3F11F49F
:104D50006091CC096093E40C0E942BD46B017C0120
:104D600024EA30E74DE75FE36091210B7091220B5D
:104D70008091230B9091240B0E946CFA87FD19C03F
:104D80008AEF90E0A0E0B0E08C0D9D1DAE1DBF1D30
:104D90008093E50C9093E60CA093E70CB093E80C9D
:104DA000C0937202DF91CF91FF90EF90DF90CF9090
:104DB000089580E090E0DC01E7CFCF93DF9300D04F
:104DC0001F92CDB7DEB7882349F00E9480E30F9091
:104DD0000F900F900F90DF91CF91089588EB91E0A5
:104DE0009C838B8384E190E09A838983BE016D5F0D
:104DF0007F4FCE0101960E9417CFE9CF9F92AF92CD
:104E0000BF92CF92DF92EF92FF920F931F93CF93B7
:104E1000DF935B01E9014A3009F4B0C0453109F084
:104E200063C0DB011296ED91FC91F280C681D781BF
:104E30005A9A88E290E00197F1F7EF2CE29420EF84
:104E4000E22230E1932E9F0C48E2C42ED12C0E9426
:104E50005DD0C6010197F1F7BFE1BF1508F47BC033
:104E60008F2D807780680E94AB248E2D0E94AB240A
:104E7000C6010197F1F70E94C7CF0E9412D0C60168
:104E80000197F1F70E947CCFC6010197F1F78E01DF
:104E9000005F1F4F8881807F0E94AB24899182959B
:104EA000807F0E94AB24C017D107A1F7C6010197EC
:104EB000F1F7F394E0E1EE0EF910C9CF5A98D5015D
:104EC0001296CD91DC91CE010E947BD7811147C112
:104ED000DF91CF911F910F91FF90EF90DF90CF90D6
:104EE000BF90AF909F900895FB01028113814233E0
:104EF00009F4F0C008F4F4C0463409F4E1C04734C2
:104F000009F4E4C04B3329F589812B81D80112962D
:104F10007C91129713963C91213009F437C12330CC
:104F200009F001C148EF480F582F91E0341708F4F9
:104F300090E031E0541708F030E0492F432B61E056
:104F4000571708F460E0462309F015C1932309F0D0
:104F500012C181E0BDCF80EE8F0D8068807F0E94FE
:104F6000AB248F2D8295807F0E94AB24C6010197D0
:104F7000F1F70E94C7CF0E94C7CF81CF529A5A98AB
:104F800080910A01806880930A019FB7F89480910C
:104F90000B018F7780930B019FBF539A5B9A5A9AAC
:104FA00088E290E00197F1F788E790E0CEE9DFE052
:104FB000FE013197F1F70197D9F70E945DD008E221
:104FC00010E0C8010197F1F70E9412D00E94C7CFEC
:104FD000C8010197F1F70E9412D080E10E94AB2432
:104FE000C8010197F1F7CE010197F1F7CE010197C2
:104FF000F1F7CE010197F1F7CE010197F1F7CE015C
:105000000197F1F7CE010197F1F7CE010197F1F782
:10501000CE010197F1F7CE010197F1F7CE0101978B
:10502000F1F7CE010197F1F7CE010197F1F7CE012B
:105030000197F1F7CE010197F1F72197F1F780E39E
:105040000E94AB2480EE0E94AB24C8010197F1F7C7
:10505000F12CD0E08D2F807780680E94AB248F2DBB
:105060000E94AB24C8010197F1F70E94C7CF0E94AC
:1050700012D0C8010197F1F70E947CCFC8010197B7
:10508000F1F7C0E20E9412D00E9412D0C80101972D
:10509000F1F7C150B9F70E945DD0C8010197F1F74F
:1050A000DF5F80E1F80ED032A9F60E9412D080ECCA
:1050B0000E94AB24C8010197F1F75A9881E008CF0C
:1050C000D80115968C91888381E002CFF801818107
:1050D0008883FACFB901C8010E9465D781E0F8CE74
:1050E000443171F0473109F034CF1882F8018281E0
:1050F0008983858181508A8383818B8381E0E8CE97
:10510000D80115964C91159750E0440F551F70E04B
:1051100060E016968D919C910F945702C8010E94F1
:1051200091D781E0D5CE381708F413CF871708F44C
:1051300010CFFA80E12CD12C243070F41DC0BE01B8
:10514000C8010E9465D7898198819D0D98838E0D35
:105150008983FF0C09F4FDCEF7FEF6CFF0CF4D8129
:1051600050E0440F551F70E060E08E819F810F94E6
:10517000570281E0ADCEFA8030E0F901E35EFC4FEA
:10518000D080275E3C4FF901E080E6CF58E0580F11
:10519000482FCBCEDF92EF92FF920F931F93CF93C6
:1051A000DF93EC01D62E1CAD0BAD7C0184E0E80E44
:1051B000F11CE98DFA8DC7011995412F480F2D2D4E
:1051C000602FC7010E940BDA9BAD890F8BAF81E086
:1051D00090E0DF91CF911F910F91FF90EF90DF90C2
:1051E00008954F925F926F927F92AF92BF92CF924B
:1051F000DF92EF92FF920F931F93CF93DF938C0177
:10520000EB01FC0147A050A461A472A4AFA0B8A414
:10521000C9A4DAA49501A601C301B2010E946CFAE7
:1052200087FF3EC0A3019201C301B2010E94D2FADE
:105230002B013C01F80163A974A985A996A990588E
:105240009B01AC010E94CEFEF80127A530A941A91F
:1052500052A90E94D2FA9B01AC01C301B2010E9483
:10526000CDFE0F947C017B018C019B01AC01B5014B
:10527000C6010E946CFA87FF02C075018601970182
:10528000A801B501C6010E946CFA882349F0C70144
:10529000D8018FA398A7A9A7BAA78881816088831E
:1052A000DF91CF911F910F91FF90EF90DF90CF9002
:1052B000BF90AF907F906F905F904F9008954F9206
:1052C0005F926F927F928F929F92AF92BF92CF9296
:1052D000DF92EF92FF92CF93DF93CDB7DEB76A975D
:1052E0000FB6F894DEBF0FBECDBF9A8F898F5B01DA
:1052F0004A01DC01D7966D917D918D919C91DA9751
:105300000E9471FA6B017C01F5012081318142819B
:1053100053810E94D2FA0E94ACFF0F9441003B01DE
:105320005C01D4012D913D914D915C91C701B60175
:105330000E94D2FA0E94ACFF0F9441006D827E82DF
:10534000AF82B8862D813E814F815885283731053F
:105350004105510540F428E730E040E050E02D835E
:105360003E834F83588769837A838B839C838981AB
:105370009A81AB81BC8188379105A105B10540F4C4
:1053800028E730E040E050E029833A834B835C8398
:10539000E98DFA8DED5BFF4F80819181A281B38110
:1053A0008D879E87AF87B88BBC01CD010E9473FAB1
:1053B00069877A878B879C876D817E818F819885AD
:1053C0000E9471FA698B7A8B8B8B9C8B20E030E08A
:1053D000A90169857A858B859C850E946CFA882352
:1053E00009F432C1A7019601C701B6010E94D2FAA1
:1053F0004B015C0129893A894B895C89CA01B90151
:105400000E94D2FA9B01AC01C501B4010E94CDFEFD
:105410004B015C0129853A854B855C85CA01B90140
:105420000E94CEFE9B01AC01C501B4010E94C8FFE1
:105430000E94ACFF0F943A002B013C016D857E85E4
:105440008F85988990958095709561957F4F8F4F46
:105450009F4F0E9473FA4B015C0169817A818B81B5
:105460009C810E9471FA6D877E878F87988B20E0E0
:1054700030E0A901C501B4010E946CFA882309F447
:10548000E7C02D853E854F855889CA01B9010E9424
:10549000D2FA6D8B7E8B8F8B988FA7019601C701F7
:1054A000B6010E94D2FA9B01AC016D897E898F8979
:1054B000988D0E94CDFE6B017C01A5019401C50170
:1054C000B4010E94CEFE9B01AC01C701B6010E944F
:1054D000C8FF0F947000A98DBA8D52968D909D9043
:1054E000AD90BC90559775016401C418D508E608C5
:1054F000F7080F943A00C61AD70AE80AF90AF7FE25
:1055000067C020E030E0A90169857A858B859C859C
:105510000E946CFA882309F49FC0C501B4010E945F
:1055200071FA6B017C0129853A854B855C85CA013E
:10553000B9010E94CEFE9B01AC01C701B6010E94D9
:10554000D2FA6B017C0129893A894B895C89CA01AD
:10555000B9010E94D2FA9B01AC01C701B6010E94B9
:10556000CDFE6B017C012D853E854F855889CA0192
:10557000B9010E94D2FA9B01AC01C701B6010E9499
:10558000CEFE6B017C0120E030E040E850E469850C
:105590007A858B859C850E94D2FA9B01AC01C7015C
:1055A000B6010E94C8FF0E94ACFF0F943A002B0185
:1055B0003C0177FE03C0412C512C320148145904A0
:1055C0006A047B0410F024013501C12CD12C760132
:1055D0008FB7F894E98DFA8D908193FD1FC0DF019C
:1055E000468A578A608E718EC40CD51CE61CF71C47
:1055F000C28ED38EE48EF58E2D813E814F815885EB
:1056000023AF34AF45AF56AFDF9629813A814B8146
:105610005C812D933D934D935C9313978FBF6A9656
:105620000FB6F894DEBF0FBECDBFDF91CF91FF90D4
:10563000EF90DF90CF90BF90AF909F908F907F9032
:105640006F905F904F90089560E070E0CB01F0CED6
:1056500060E070E0CB013DCF60E070E0CB01A3CF14
:105660008091FB0A8630D8F496E0899FF0011124DE
:10567000E952F54F209180023091810231832083DD
:105680004091490D50914A0D60914B0D70914C0D18
:1056900042835383648375838F5F8093FB0A0895ED
:1056A000CF92DF92EF92FF920F931F93CF93DF93EE
:1056B000EC016A017B0180918002909181028C173C
:1056C0009D0781F127E4CD38D207A9F58154924591
:1056D00071F40E942BD46E517B4F8F4F9F4F60937C
:1056E000D30A7093D40A8093D50A9093D60AD093A4
:1056F0008102C0938002C092490DD0924A0DE0927F
:105700004B0DF0924C0DC154D24521F41092ED0C8A
:105710001092FB0A82E08093880281E08093E30C80
:105720001092F30CDF91CF911F910F91FF90EF90AA
:10573000DF90CF90089522E5C134D207C1F68D588D
:10574000974419F0C1E4D2E5D2CF0E942BD4009146
:10575000D30A1091D40A2091D50A3091D60A601B41
:10576000710B820B930B97FFEDCFCDE1DCE2BFCF46
:1057700080E090E0A0E2B1E48093210B9093220BB3
:10578000A093230BB093240B40E050E0BA0180912A
:10579000260B9091270B0C94502B80E090E0A0E812
:1057A000BFE38093210B9093220BA093230BB09324
:1057B000240B40E050E0BA018091260B9091270B1A
:1057C0000C94502B8DEC9CECACECBDE38093210B46
:1057D0009093220BA093230BB093240B40E050E056
:1057E000BA018091260B9091270B0C94502B40E02E
:1057F00050E0BA0183E890E40E94502B1092190BFC
:1058000010921A0B10921B0B10921C0B81E08093CC
:10581000ED0C089540E050E0BA018DE790E40E945D
:10582000502B1092190B10921A0B10921B0B109206
:105830001C0B81E08093ED0C089540E050E0BA012C
:1058400087E790E40E94502B1092190B10921A0BCC
:1058500010921B0B10921C0B81E08093ED0C0895AD
:1058600040E050E0BA0181E492E50C94502BE091C5
:10587000FB0AEE2389F0E150E093FB0A86E0E89F03
:10588000F0011124E952F54F428153816481758101
:10589000808191810C94502B0C94302CFF920F93AB
:1058A0001F93CF93DF931092F20C8091490D90914A
:1058B0004A0DA0914B0DB0914C0D81309048A1053F
:1058C000B10540F01092490D10924A0D10924B0D07
:1058D00010924C0D6091490D70914A0D80914B0DC5
:1058E00090914C0D25E030E040E050E00E9491FEA8
:1058F000C22F8091280B1816F4F4482F082E000CA4
:10590000550B41505109022E000C330B241735075B
:1059100094F0CFEFC80F25E0C29FC0011124092EDB
:10592000000CAA0BBB0B8093490D90934A0DA093DA
:105930004B0DB0934C0D1092E30C8091E20CC81704
:1059400014F4C093E20C8091E20C082E000C990B29
:1059500004962C2F0C2E000C330B8217930724F483
:105960008CEF8C0F8093E20CD091E20C1D2F05E0A0
:105970000D0FFD2EF194D1111FC080918802882354
:1059800049F081E0C11180E024E046EF5BE16F2D3A
:105990000E94AFE38091F40C882339F1C11125C036
:1059A0000E94372C8091E30C8823F9F0DF91CF918E
:1059B0001F910F91FF900895D130F1F480918802EA
:1059C000882359F06D2F611B81E0C13009F080E020
:1059D00023E04EEE5BE10E94AFE38091F40C88235C
:1059E00021F08DEC9FE2C13009F1DF5F0D13C3CFD1
:1059F00087E08093280BDACFD23009F066C080911F
:105A00008802882359F06D2F611B81E0C23009F0B4
:105A100080E023E046EE5BE10E94AFE38091F40C6E
:105A2000882319F383ED9FE2C230F9F60E9444E720
:105A3000B9CF80918802882359F06D2F611B81E0D6
:105A4000C33009F080E023E04EED5BE10E94AFE35C
:105A50008091F40C882349F289ED9FE2C33029F646
:105A6000E5CF80918802882359F06D2F611B81E07A
:105A7000C43009F080E023E045ED5BE10E94AFE334
:105A80008091F40C882309F4B0CF8FED9FE2C430ED
:105A900009F0ABCFCBCF80918802882359F06D2FCE
:105AA000611B81E0C53009F080E023E04BEC5BE155
:105AB0000E94AFE38091F40C882309F496CF85EE21
:105AC0009FE2C53009F091CFB1CFD33009F4B1CF07
:105AD000D43039F2D530F9F2D63009F086CF809142
:105AE0008802882359F06D2F611B81E0C63009F0D0
:105AF00080E023E041EC5BE10E94AFE38091F40C95
:105B0000882309F472CFC63009F06FCF8BEE9FE285
:105B10008DCF9CE0899F802D112491E0980F909368
:105B2000630D2CE0280F2093640D40912F1130E07D
:105B30002E5F3F4F4217130609F0A4F42091311154
:105B4000921780F4662341F08E5F0E9420D98091E5
:105B5000640D8E5F0E9420D98091640D10923211E5
:105B60008093331108959FEF980F993020F40E948D
:105B7000EDE381E008950E94BACCFBCFEF92FF9253
:105B80000F931F93CF93DF937B01C42F622F0E944B
:105B9000892D90912F118091640D891708F439C0D7
:105BA000909131118091630D981798F1CC2309F4ED
:105BB00037C001151105A1F530E020E0F701E20F33
:105BC000F31FE491EE2319F02F5F3F4FF7CF86E1EB
:105BD00090E0821B930B97FD019695958795C6E102
:105BE000D9EED80F8D2F8C0F87FF1CC01C1634F5F3
:105BF000F701849181111BC00115110509F1F8010C
:105C000081918F018823E1F00E94B32DC81B1C16DF
:105C1000B4F3DF91CF911F910F91FF90EF90089512
:105C2000C6E1E4CF80E20E94BACCC150DBCF0E9433
:105C3000B32DC81BFFEFEF1AFF0AD8CF012B49F78E
:105C40001C163CF780E20E94BACCC150F9CFBF923B
:105C5000CF92DF92EF92FF920F931F93CF93DF9338
:105C60007C017093270B6093260B1092F20C8091AD
:105C7000490D90914A0DA0914B0DB0914C0D813082
:105C80009048A105B10540F01092490D10924A0DBF
:105C900010924B0D10924C0D6091490D70914A0D70
:105CA00080914B0D90914C0D25E030E040E050E0AC
:105CB0000E9491FEC22F8091250B1816F4F4482FF4
:105CC000082E000C550B41505109022E000C330BCD
:105CD0002417350794F0CFEFC80F25E0C29FC0010D
:105CE0001124092E000CAA0BBB0B8093490D909335
:105CF0004A0DA0934B0DB0934C0D1092E30C809184
:105D0000E20CC81714F4C093E20C8091E20C082E48
:105D1000000C990B04962C2F0C2E000C330B8217C1
:105D2000930724F48CEF8C0F8093E20CD091E20C5B
:105D3000DD2E85E0B82EBD0E81E0CD2EC19491E020
:105D4000E916F104C1F122E0E216F10409F458C0A9
:105D5000E114F10409F07AC0D1119EC08823B1F09A
:105D60001C16A4F08091490D90914A0DA0914B0D05
:105D7000B0914C0D0596A11DB11D8093490D9093D6
:105D80004A0DA0934B0DB0934C0DCF5F80918802CC
:105D9000882349F010E000E021E041E069EB7BE17D
:105DA0008C2D0E94BE2D80E0DF5FBD12C8CF85E044
:105DB0008093250B91C0D1116FC08823B1F01C16C0
:105DC000A4F08091490D90914A0DA0914B0DB09196
:105DD0004C0D0596A11DB11D8093490D90934A0D60
:105DE000A0934B0DB0934C0DCF5F80918802882318
:105DF000D1F210E000E021E041E061EB7BE1D0CFA7
:105E0000D1114AC08823B1F01C16A4F08091490D2D
:105E100090914A0DA0914B0DB0914C0D0596A11D8E
:105E2000B11D8093490D90934A0DA0934B0DB093F3
:105E30004C0DCF5F80918802882309F4B4CF10E025
:105E400000E021E041E069EA7BE1AACFD11124C062
:105E50008823B1F01C16A4F08091490D90914A0D51
:105E6000A0914B0DB0914C0D0596A11DB11D8093D5
:105E7000490D90934A0DA0934B0DB0934C0DCF5FFD
:105E800080918802882309F48ECF10E000E021E0A1
:105E900041E060EA7BE184CFD13041F58091880216
:105EA000882359F06D2F6D1981E0C13009F080E031
:105EB00024E045E95BE10E94AFE38091F40C882384
:105EC00009F471CFC13009F06ECF0E94372C809158
:105ED000E30C882309F467CFDF91CF911F910F91D5
:105EE000FF90EF90DF90CF90BF900895D230E1F413
:105EF00080918802882359F06D2F6D1981E0C2309E
:105F000009F080E023E04AE85BE10E94AFE3809182
:105F1000F40C882309F447CF88EB9BE2C23009F0E8
:105F200042CF0E9444E7D3CFD330D1F4809188028E
:105F3000882359F06D2F6D1981E0C33009F080E09E
:105F400023E040E85BE10E94AFE38091F40C8823FA
:105F500009F429CF8DEC9BE2C33009F024CFE1CFC7
:105F6000D43009F020CF80918802882359F06D2F1A
:105F70006D1981E0C43009F080E023E044E75BE183
:105F80000E94AFE38091F40C882309F40CCFC43055
:105F900009F009CF82EE9BE2C4CF69EE7FE390E087
:105FA00080E00C94272E63EE7FE381E090E00C9478
:105FB000272E6DED7FE382E090E00C94272E6EEAB1
:105FC0007EE383E090E00C94272E6BEA7EE383E08F
:105FD00090E00C94272E68EA7EE383E090E00C9436
:105FE000272E9FEF980F993010F40C94EDE30C944A
:105FF000BACCCF93DF93EC01FE018491882321F08A
:106000000E94F12F2196F8CFDF91CF9108950F9341
:106010001F93CF938C01C0E0F801EC0FF11D80813C
:10602000882321F00E94F12FCF5FF6CFCF911F91EF
:106030000F910895CF92DF92EF92FF920F93CF933B
:10604000DF93982F862F6A017901692F0E94892D8D
:1060500090912F118091640D891708F450C0909190
:1060600031118091630D981708F449C0F70100239E
:1060700051F0D0E0C0E0F701EC0FFD1FE491EE23FA
:1060800041F02196F8CFEF01CE19DF0921912111BE
:10609000FACFD4E1DC1BF6018491882339F00E9409
:1060A000B32DD81BFFEFCF1ADF0AF5CF8AE30E948A
:1060B000BACCD15010F080E2FACF9091640D8C2FC1
:1060C000880F880FC81B8C2F880F8058809332113F
:1060D00090933311C701002349F0DF91CF910F91C5
:1060E000FF90EF90DF90CF900C94F92FDF91CF913C
:1060F0000F91FF90EF90DF90CF900C940730DF91DD
:10610000CF910F91FF90EF90DF90CF9008952F9255
:106110003F924F925F926F927F928F929F92AF9237
:10612000BF92CF92DF92EF92FF920F931F93CF9384
:10613000DF9300D01F92CDB7DEB71092F20C8091A2
:10614000490D90914A0DA0914B0DB0914C0D8130AD
:106150009048A105B10540F01092490D10924A0DEA
:1061600010924B0D10924C0D6091490D70914A0D9B
:1061700080914B0D90914C0D25E030E040E050E0D7
:106180000E9491FE2B838091350B1816F4F4482F52
:10619000082E000C550B41505109022E000C330BF8
:1061A0002417350794F081508B8335E0839FC0011D
:1061B0001124092E000CAA0BBB0B8093490D909360
:1061C0004A0DA0934B0DB0934C0D1092E30C8091AF
:1061D000E20C4B81481714F44093E20C8091E20CDE
:1061E000082E000C990B04964B81242F042E000CD2
:1061F000330B8217930724F4842F84508093E20C8E
:106200008091E20C8C83F82E8B5F898311E0E12E64
:10621000EF189F2D91959A838CED882E85E0982E0E
:10622000A12CB12C96ED492E96E0592E612C712CA3
:106230002EE1C22E21EDD22E3BED232E3DE7332E53
:106240002C81211140C080918802882351F081E087
:106250003B81311180E024E04DE95FE16A810E94D9
:10626000AFE38091F40C81110EC08091360A811148
:1062700058C082E09C819F5F9C8329812913E0CFD5
:106280008093350B09C04B814111EFCF0E94372C11
:106290008091E30C882349F30F900F900F900F909B
:1062A000DF91CF911F910F91FF90EF90DF90CF90F2
:1062B000BF90AF909F908F907F906F905F904F9026
:1062C0003F902F9008958C81813079F680918802DB
:1062D000882399F08091360A2BE83FE1811102C0B2
:1062E00024E83FE181E09B81913009F080E001E00A
:1062F00044E95FE16E2D0E941A308091F40C8823EE
:1063000009F4B3CF2B81213009F0AFCF8091360A49
:1063100082278093360A83E0809388020E94DB7D87
:10632000B7CF3C81323009F075C080918802882354
:1063300089F08BE492E00E94A8D09C016C816F19D7
:1063400081E04B81423009F080E000E048E75FE106
:106350000E941A308091F40C811102C084E08ACF2F
:106360008B818230D9F71093F20C1092EE0C1092C0
:10637000EF0C1092F00C1092F10C0E94302B83E085
:10638000809388022CE63FE13093580D2093570DFF
:106390008BE492E09093560D8093550D8092510DB1
:1063A0009092520DA092530DB092540D40924D0D0B
:1063B00050924E0D60924F0D7092500D20E030E0E3
:1063C0004AE754E460914B0270914C0280914D0277
:1063D00090914E020E94D2FA20E030E84BEB54E458
:1063E0000E94CDFE0F9441006093490D70934A0DB9
:1063F00080934B0D90934C0DD0928102C0928002FD
:1064000030925A0D2092590D8091E30C882309F4A3
:10641000A5CF42CF9C81933009F0A0CF8091880214
:10642000882389F08FE492E00E94A8D09C016C81BF
:106430006F1981E04B81433009F080E000E040E6D5
:106440005FE10E941A308091F40C882309F486CF12
:106450008B81833009F082CF1093F20C1092EE0CF6
:106460001092EF0C1092F00C1092F10C0E94302B55
:106470009B819093880224E53FE13093580D20934F
:10648000570D8FE492E09093560D8093550D8092B6
:10649000510D9092520DA092530DB092540D409216
:1064A0004D0D50924E0D60924F0D7092500D20E0A8
:1064B00030E04AE754E460914F02709150028091BD
:1064C00051029091520286CF2F923F924F925F924B
:1064D0006F927F928F929F92AF92BF92CF92DF92F4
:1064E000EF92FF920F931F93CF93DF9300D01F92F1
:1064F000CDB7DEB71092F20C8091490D90914A0D04
:10650000A0914B0DB0914C0D81309048A105B10583
:1065100040F01092490D10924A0D10924B0D1092BE
:106520004C0D6091490D70914A0D80914B0D9091E9
:106530004C0D25E030E040E050E00E9491FE522EEC
:106540008091340B1816FCF4482F082E000C550BC4
:1065500041505109022E000C330B241735079CF0D3
:1065600055245A94580E25E0529EC0011124092E3C
:10657000000CAA0BBB0B8093490D90934A0DA0937E
:106580004B0DB0934C0D1092E30C8091E20C581619
:1065900014F45092E20C8091E20C082E000C990B3E
:1065A0000496252D052C000C330B8217930724F439
:1065B0008CEF850D8093E20C4090E20C342C25E0AA
:1065C000222E240C34EEC32E3BEDD32E47E4A42E12
:1065D00041E6B42E5CE1852E5FE1952E6CE2662EDD
:1065E0006FE1762E411033C080918802882351F0EC
:1065F000632D619581E0511080E024E04CE45FE17F
:106600000E94AFE38091F40C882309F484C45110F4
:1066100082C40E94372C8091E30C882309F47BC448
:106620000F900F900F900F90DF91CF911F910F91CE
:10663000FF90EF90DF90CF90BF90AF909F908F90A2
:106640007F906F905F904F903F902F90089581E0E2
:10665000481226C080918802882379F082E39AE06C
:106660000E94C5DD9C01642D631981E0581280E011
:1066700000E040E45FE10E941A308091F40C88232E
:1066800009F449C491E0591246C420E030E040E2E8
:1066900051E462E37AE084E39FE10E941BD2BBCF26
:1066A00022E04212ECC3809188028823D9F083E073
:1066B0008F938EED8F931F9281E08F9382E29AE009
:1066C0009F938F937F926F92842D83198F9381E094
:1066D000521280E08F930E9428E20FB6F894DEBF3A
:1066E0000FBECDBF8091F40C882309F414C492E04E
:1066F000591211C4E12C10E8F12E07E714E420E050
:1067000030E040E85FE362E27AE084E29FE10E94E9
:10671000C8E881CF809188028823D9F04F928EED0E
:106720008F931F9281E08F9386E29AE09F938F93DD
:106730009F928F92842D83198F9381E023E05212D0
:1067400080E08F930E9428E20FB6F894DEBF0FBE60
:10675000CDBF8091F40C882309F4DDC393E0591276
:10676000DAC3E12C10E8F12E07E714E420E030E072
:1067700040E85FE366E27AE084E19FE1C8CF809180
:106780008802882381F08AE29AE00E9492DC9C01D0
:10679000642D631981E094E0591280E000E04CE040
:1067A0005FE10E941A308091F40C882309F4B3C38E
:1067B00024E05212B0C3E12C10E8F12E07E714E4F4
:1067C0002DEC3CEC4CEC5DE36AE27AE084E09FE186
:1067D0000E9451E883EC9DED9093810280938002AA
:1067E0001ACF809188028823F1F083E08F938EED99
:1067F0008F931F9281E08F938EE29AE09F938F9305
:106800008CEF9EE19F938F93842D83198F9381E06A
:1068100095E0591280E08F930E9428E20FB6F89419
:10682000DEBF0FBECDBF8091F40C882309F473C383
:1068300095E0591270C3E12C10E8F12E07E714E43B
:1068400020E030E040E85FE36EE27AE084EF9EE132
:106850005ECF809188028823F1F083E08F9387EEEA
:106860008F931F9281E08F9382E19AE09F938F93A1
:106870008EEE9EE19F938F93842D83198F9381E0F9
:1068800096E0591280E08F930E9428E20FB6F894A8
:10689000DEBF0FBECDBF8091F40C882309F43BC34B
:1068A00096E0591238C3E12C10ECF12E09E714E4FC
:1068B00020E030E040E85FE362E17AE088EE9EE1CC
:1068C00026CF809188028823F1F083E08F9387EEB2
:1068D0008F931F9281E08F9386E19AE09F938F932D
:1068E00082EE9EE19F938F93842D83198F9381E095
:1068F00097E0591280E08F930E9428E20FB6F89437
:10690000DEBF0FBECDBF8091F40C882309F403C312
:1069100097E0591200C3E12C10ECF12E09E714E4C2
:1069200020E030E040E85FE366E17AE08CED9EE154
:10693000EECE809188028823F1F083E08F9387EE7A
:106940008F931F9281E08F938AE19AE09F938F93B8
:1069500086ED9EE19F938F93842D83198F9381E021
:1069600098E0591280E08F930E9428E20FB6F894C5
:10697000DEBF0FBECDBF8091F40C882309F4CBC2DB
:1069800098E05912C8C2E12C10ECF12E09E714E48A
:1069900020E030E040E85FE36AE17AE080ED9EE1EC
:1069A000B6CE809188028823F1F083E08F9387EE42
:1069B0008F931F9281E08F938EE19AE09F938F9344
:1069C0008AEC9EE19F938F93842D83198F9381E0AE
:1069D00099E0591280E08F930E9428E20FB6F89454
:1069E000DEBF0FBECDBF8091F40C882309F493C2A3
:1069F00099E0591290C2E12C10ECF12E09E714E451
:106A000020E030E040E85FE36EE17AE084EC9EE174
:106A10007ECE809188028823E9F083E08F9387EE11
:106A20008F931F921F928EE09AE09F938F938FEB2C
:106A30009EE19F938F93842D83198F9381E09AE039
:106A4000591280E08F930E9428E20FB6F894DEBFBF
:106A50000FBECDBF8091F40C882309F45CC29AE08C
:106A6000591259C2E12C10ECF12E09E714E420E090
:106A700030E0A9016EE07AE08AEB9EE148CE809199
:106A800088028823E9F083E08F9387EE8F931F922B
:106A90001F928AE09AE09F938F938BEA9EE19F93E7
:106AA0008F93842D83198F9381E09BE0591280E0AE
:106AB0008F930E9428E20FB6F894DEBF0FBECDBFC1
:106AC0008091F40C882309F426C29BE0591223C25A
:106AD000E12C10ECF12E09E714E420E030E0A901EC
:106AE0006AE07AE08CE99EE112CE809188028823E8
:106AF000F1F06091FA097091FB098091FC09909185
:106B0000FD090E9471FA69837A838B839C83CE018D
:106B100001960E94C5DD9C01642D631981E09CE013
:106B2000591280E000E041E95EE10E941A30809154
:106B3000F40C882309F4EFC12CE05212ECC124E6D6
:106B400030E040E050E06AEF79E086E89EE10E94A4
:106B500083D261CD809188028823F1F06091FE0993
:106B60007091FF098091000A9091010A0E9471FAC8
:106B700069837A838B839C83CE0101960E94C5DD55
:106B80009C01642D631981E09DE0591280E000E0D2
:106B90004BE75EE10E941A308091F40C882309F4DF
:106BA000BAC12DE05212B7C124E630E040E050E017
:106BB0006EEF79E080E79EE1CACF8091880288235A
:106BC000F1F06091020A7091030A8091040A909199
:106BD000050A0E9471FA69837A838B839C83CE01B4
:106BE00001960E94C5DD9C01642D631981E09EE041
:106BF000591280E000E045E65EE10E941A30809183
:106C0000F40C882309F487C12EE0521284C12AE0D3
:106C100030E040E050E062E07AE08AE59EE197CF24
:106C2000809188028823F1F06091060A7091070A2A
:106C30008091080A9091090A0E9471FA69837A8307
:106C40008B839C83CE0101960E94C5DD9C01642D3F
:106C5000631981E09FE0591280E000E04FE45EE1BB
:106C60000E941A308091F40C882309F454C12FE05B
:106C7000521251C124E630E040E050E066E07AE094
:106C800084E49EE164CF80918802882381F086EFBE
:106C900099E00E94C5DD9C01642D631981E090E1BB
:106CA000591280E000E046E35EE10E941A308091D4
:106CB000F40C882309F42FC120E152122CC120E0EA
:106CC00030E048EC52E466EF79E088E29EE1E5CC02
:106CD00080918802882381F082EF99E00E94C5DDCF
:106CE0009C01642D631981E091E1591280E000E07C
:106CF0004CE15EE10E941A308091F40C882309F483
:106D00000AC121E1521207C120E030E048EC52E410
:106D100062EF79E080E19EE1C0CC80918802882317
:106D200081F082EE99E00E9430DB9C01642D6319B2
:106D300081E092E1591280E000E045E05EE10E94CE
:106D40001A308091F40C882309F4E5C022E1521234
:106D5000E2C0E12C1CE3F12E0CE116E420E030E06F
:106D600040EA50E462EE79E08AEF9DE10E9451E84A
:106D7000D0928102C0928002B0925A0DA092590D19
:106D80004ACC80918802882381F086EE99E00E94A7
:106D900030DB9C01642D631981E093E1591280E09E
:106DA00000E04FEE5DE10E941A308091F40C8823E0
:106DB00009F4B1C023E15212AEC0E12C1CE3F12E64
:106DC0000CE116E420E030E040EA50E466EE79E0C1
:106DD00084EE9DE1CBCF80918802882381F08AEEFA
:106DE00099E00E9430DB9C01642D631981E094E1FD
:106DF000591280E000E049ED5DE10E941A30809177
:106E0000F40C882309F487C024E1521284C0E12CD9
:106E10001CE3F12E0CE116E420E030E040EA50E4FF
:106E20006AEE79E08EEC9DE1A1CF80918802882303
:106E300081F08EEE99E00E9430DB9C01642D631995
:106E400081E095E1591280E000E043EC5DE10E94B1
:106E50001A308091F40C882309F45DC025E15212A8
:106E60005AC0E12C1CE3F12E0CE116E420E030E0E6
:106E700040EA50E46EEE79E088EB9DE177CF83E065
:106E8000481609F447CC94E0491609F478CC25E07B
:106E9000421609F4A6CC86E0481609F4DACC97E04D
:106EA000491609F40ECD28E0421609F442CD89E0D6
:106EB000481609F476CD9AE0491609F4AACD2BE0DC
:106EC000421609F4DCCD8CE0481609F40ECE9DE0A4
:106ED000491609F43FCE2EE0421609F46ECE8FE03B
:106EE000481609F49DCE90E1491609F4CCCE21E173
:106EF000421609F4EDCE82E1481609F40ECF93E173
:106F0000491609F43ECF24E1421609F464CF85E125
:106F1000481609F48ACF4394241064CB86E1809309
:106F2000340B7ECB2F923F924F925F926F927F9263
:106F30008F929F92AF92BF92CF92DF92EF92FF9289
:106F40000F931F93CF93DF9300D0CDB7DEB710928E
:106F5000F20C8091490D90914A0DA0914B0DB0918A
:106F60004C0D81309048A105B10540F01092490DBB
:106F700010924A0D10924B0D10924C0D6091490DDC
:106F800070914A0D80914B0D90914C0D25E030E0B1
:106F900040E050E00E9491FE2A838091320B181647
:106FA000F4F4482F082E000C550B41505109022EC5
:106FB000000C330B2417350794F081508A8335E099
:106FC000839FC0011124092E000CAA0BBB0B8093D8
:106FD000490D90934A0DA0934B0DB0934C0D109218
:106FE000E30C8091E20C4A81481714F44093E20CC0
:106FF0008091E20C082E000C990B04964A81242FF4
:10700000042E000C330B8217930724F4842F845032
:107010008093E20C8091E20C8B83782E8B5F8983C6
:107020006CE4262E61EE362E6624639485E0582E9D
:107030005718472C419479EBC72E7DEDD72EE4E904
:10704000AE2EE4E2BE2EF3EC8F2EFDED9F2E9B8143
:10705000911133C080918802882351F081E02A8108
:10706000211180E024E046E55DE1642D0E94AFE35C
:107070008091F40C882309F460C23A8131115DC219
:107080000E94372C8091E30C882309F456C20F909C
:107090000F900F90DF91CF911F910F91FF90EF9084
:1070A000DF90CF90BF90AF909F908F907F906F9028
:1070B0005F904F903F902F9008954B81413099F50C
:1070C00080918802882389F082ED99E00E94F1E1A5
:1070D0009C016B81671981E09A81913009F080E011
:1070E00000E04BE45DE10E941A308091F40C8823AB
:1070F00009F423C22A81213009F01FC22093F20C27
:107100001092EE0C1092EF0C1092F00C1092F10C09
:1071100020E53DE44BEE50E062ED79E080E49DE156
:107120000E94CCD1AFCF3B81323009F0F3C18091C6
:107130008802882389F084ED99E00E94F1E19C01A6
:107140006B81671981E04A81423009F080E000E0FC
:1071500045E35DE10E941A308091F40C882309F424
:10716000ECC18A81823009F0E8C16092F20C109281
:10717000EE0C1092EF0C1092F00C1092F10C23E533
:107180003DE44BEE50E064ED79E08AE29DE1C8CF4A
:1071900080918802882389F080ED99E00E94F1E1D6
:1071A0009C016B81671981E09A81933009F080E03E
:1071B00000E04FE15DE10E941A308091F40C8823D9
:1071C00009F4BBC12A81233009F0B7C16092F20CE7
:1071D0001092EE0C1092EF0C1092F00C1092F10C39
:1071E00025E032E449E650E060ED79E084E19DE19C
:1071F00097CF80918802882389F08EEC99E00E94D5
:10720000F1E19C016B81671981E04A81443009F00A
:1072100080E000E049E05DE10E941A308091F40CCA
:10722000882309F48AC18A81843009F086C160927A
:10723000F20C1092EE0C1092EF0C1092F00C1092D7
:10724000F10C2FEF30E050E040E06EEC79E08EEF93
:107250009CE10E9433E916CF80918802882399F03F
:107260008091CD0923EE3CE1811102C02CED3CE17F
:1072700081E09A81953009F080E001E04CEE5CE11C
:10728000652D0E941A308091F40C882309F455C1B1
:107290002A81253009F051C18091CD09862580933E
:1072A000CD0983E080938802EDCE80918802882307
:1072B000E9F01F928BEE8F931F921F9287E492E06A
:1072C0009F938F9385ED9CE19F938F938B8187197B
:1072D0008F9381E03A81363009F080E08F930E94ED
:1072E00028E20FB6F894DEBF0FBECDBF8091F40C3C
:1072F000882309F422C19A81963009F01EC1E12C3D
:10730000F12C0BE613E420E030E0A90167E472E021
:107310008EEC9CE10E94C8E8B5CE8091880288235B
:10732000E9F01F928BEE8F931F921F9283E492E0FD
:107330009F938F9327EC3CE13F932F938B81871989
:107340008F9381E09A81973009F080E08F930E94BB
:1073500028E20FB6F894DEBF0FBECDBF8091F40CCB
:10736000882309F4EAC03A81373009F0E6C0E12CFD
:10737000F12C0BE613E420E030E0A90163E472E0B5
:1073800080EC9CE1C7CF80918802882389F08FE34D
:1073900092E00E94CEE09C016B81671981E04A81F6
:1073A000483009F080E000E048EB5CE10E941A30D0
:1073B0008091F40C882309F4C0C08A81883009F0D8
:1073C000BCC0E12CF12C00E81FE320E030E0A90173
:1073D0006FE372E080EB9CE10E9451E83092810201
:1073E000209280024FCE3B813A30B1F580918802E5
:1073F000882389F08EE29BE00E9492DC9C016B81E5
:10740000671981E04A814A3009F080E000E04EE9E6
:107410005CE10E941A308091F40C882309F470C05A
:107420008A818A3009F06CC0E12C18E1F12E0CE160
:1074300016E42AE037ED43E25CE36EE27BE088E9A4
:107440009CE10E9451E8D0928102C0928002B092E9
:107450005A0DA092590DD2C09B819B3009F0D4C027
:1074600080918802882389F08AE29BE00E9492DC66
:107470009C016B81671981E04A814B3009F080E003
:1074800000E042E95CE10E941A308091F40C88230C
:10749000B9F18A818B30A1F5E12C18E1F12E0CE1D4
:1074A00016E420E030E040E85FE36AE27BE08CE84D
:1074B0009CE10E9451E8D0928102C09280022DE7A7
:1074C00034E230935A0D2093590D98C08091880270
:1074D000882361F06B81671981E03A813C3009F0C3
:1074E00080E023E046E75CE10E94AFE38091F40C8A
:1074F000882331F04A818AE29DE74C3009F4A6C026
:107500009B819F5F9B8329812913A1CD8EE080936E
:10751000320BBDCD3B81333009F43ACE343009F41F
:1075200068CE353009F498CE363009F4BECE373007
:1075300009F4F3CE383009F426CF2CEA35EC47E2D3
:107540005EE360913B0270913C0280913D0290911C
:107550003E020E94C8FF60932E0B70932F0B809306
:10756000300B9093310B2CEA35EC47E25EE36091EF
:107570003702709138028091390290913A020E944C
:10758000D2FA60932A0B70932B0B80932C0B909361
:107590002D0B4B81493009F026CF8091880288233A
:1075A00089F083E392E00E9492DC9C016B81671971
:1075B00081E09A81993009F080E000E04AEA5CE1DC
:1075C0000E941A308091F40C882309F499CF2A8103
:1075D000293009F095CFE12C18E1F12E0CE116E4E9
:1075E00020E030E040E85FE363E372E084EA9CE19E
:1075F0000E9451E890928102809280028091E30C77
:10760000882309F47DCF43CD8B818C3009F45ECF84
:107610008D3009F075CF80918802882361F06B81ED
:10762000671981E09A819D3009F080E023E040E60F
:107630005CE10E94AFE38091F40C882309F460CFF1
:107640002A812D3009F05CCF87E29DE70E9444E754
:10765000D5CFDF92EF92FF920F931F93CF93DF93DB
:107660001092F20C8091490D90914A0DA0914B0D12
:10767000B0914C0D81309048A105B10540F01092B9
:10768000490D10924A0D10924B0D10924C0D6091C5
:10769000490D70914A0D80914B0D90914C0D25E054
:1076A00030E040E050E00E9491FEC22F80911D0B1F
:1076B0001816F4F4482F082E000C550B41505109B0
:1076C000022E000C330B2417350794F0CFEFC80FB0
:1076D00025E0C29FC0011124092E000CAA0BBB0B90
:1076E0008093490D90934A0DA0934B0DB0934C0D90
:1076F0001092E30C8091E20CC81714F4C093E20CD2
:107700008091E20C082E000C990B04962C2F0C2E65
:10771000000C330B8217930724F48CEF8C0F8093AB
:10772000E20CD091E20C1D2F35E0E32EED0EFF248C
:10773000F394DD2ED194D11123C080918802882347
:1077400049F081E0C11180E024E04AE759E16D2D64
:107750000E94AFE38091F40C882309F489C1C11120
:1077600087C10E94372C8091E30C882309F480C1E3
:10777000DF91CF911F910F91FF90EF90DF900895CF
:10778000D13039F580918802882381F088E192E038
:107790000E94F1E19C016D2F611B81E0C13009F075
:1077A00080E000E040E759E10E941A308091F40C3B
:1077B000882309F45DC1C13009F05AC127EE33E0D6
:1077C0004AE050E068E172E086E699E10E9433E920
:1077D000CACFD23009F06DC180918802882381F030
:1077E00082ED99E00E94F1E19C016D2F611B81E027
:1077F000C23009F080E000E04BE559E10E941A3008
:107800008091F40C882309F433C1C23009F030C1EF
:10781000F092F20C1092EE0C1092EF0C1092F00C11
:107820001092F10C20E53DE44BEE50E062ED79E082
:1078300080E599E10E94CCD196CF8091880288237F
:1078400081F084ED99E00E94F1E19C016D2F611BB4
:1078500081E0C33009F080E000E045E459E10E9496
:107860001A308091F40C882309F402C1C33009F066
:10787000FFC0F092F20C1092EE0C1092EF0C1092EE
:10788000F00C1092F10C23E53DE44BEE50E064ED7A
:1078900079E08AE399E1CECF80918802882381F054
:1078A00080ED99E00E94F1E19C016D2F611B81E068
:1078B000C43009F080E000E04FE259E10E941A3044
:1078C0008091F40C882309F4D3C0C43009F0D0C0EF
:1078D000F092F20C1092EE0C1092EF0C1092F00C51
:1078E0001092F10C25E032E449E650E060ED79E0D9
:1078F00084E299E19FCF80918802882381F08EEC09
:1079000099E00E94F1E19C016D2F611B81E0C5307F
:1079100009F080E000E049E159E10E941A308091CD
:10792000F40C882309F4A4C0C53009F0A1C0F0927A
:10793000F20C1092EE0C1092EF0C1092F00C1092D0
:10794000F10C2FEF30E050E040E06EEC79E08EE09B
:1079500099E13CCF809188028823A9F08091CC09DD
:1079600090E0880F991F8C5E9D4F0E94F1E19C0171
:107970006D2F611B81E0C63009F080E000E048E037
:1079800059E10E941A308091F40C882309F470C0E8
:10799000C63009F06DC06091CC0970E0660F771FAA
:1079A0006C5E7D4F27EE33E04AE050E082E099E1E3
:1079B0000DCF80918802882381F084E192E00E94BB
:1079C000F1E19C016D2F611B81E0C73009F080E07F
:1079D00000E04AEF58E10E941A308091F40C8823AD
:1079E00009F446C0C73009F043C027EE33E04AE04F
:1079F00050E064E172E082EF98E1E8CE8091880285
:107A0000882381F086E192E00E94F1E19C016D2FD4
:107A1000611B81E0C83009F080E000E04AEE58E1E7
:107A20000E941A308091F40C882311F1C83001F5BE
:107A300027EE33E04AE050E066E172E082EE98E142
:107A4000C5CE80918802882359F06D2F611B81E09B
:107A5000C93009F080E023E046ED58E10E94AFE331
:107A60008091F40C882321F087EF9BE2C930F1F07C
:107A7000DF5FED1260CE8CE080931D0B79CE80919C
:107A80008802882359F06D2F611B81E0CA3009F00C
:107A900080E023E04AEC58E10E94AFE38091F40CCF
:107AA000882331F38AE09CE2CA3011F70E9444E750
:107AB0005ACED33009F4C1CED43009F4EDCED5304E
:107AC00009F419CFD63009F445CFD73009F471CF76
:107AD000D83009F493CFD93009F4B3CFDA3079F242
:107AE000DB3031F680918802882359F06D2F611BBD
:107AF00081E0CB3009F080E023E04EEB58E10E94BA
:107B0000AFE38091F40C882309F4B2CFCB3009F0B5
:107B1000AFCF8DE19CE2CACFCF93C82F823099F0CE
:107B200024F4813069F0CF910895833079F084EEA8
:107B30009DE3C430C1F70E94F7CCC093F60CF3CF9D
:107B4000CF910C94FBE384E098E4F5CF85EA9FE1C4
:107B5000F2CF9F92AF92BF92CF92DF92EF92FF92BD
:107B60000F931F93CF93DF936C018B0190E080E024
:107B7000F601E80FF91FE491EE2311F00196F8CF1A
:107B8000482FF8017F01E01AF10A21912111FACF63
:107B90009927FF2424E130E02E193F09BB24B39438
:107BA0002817390714F432E0B32E4E3008F05FC0C6
:107BB0002EE030E02E193F098217930714F022E0DF
:107BC000B22E83E00E948C3D99E0A92EDFE08091E7
:107BD000FC1090E06B2D70E06F5F7F4F0F94EF0112
:107BE000962EC7E0C60F80912F11C81778F020910C
:107BF00031114C2F4C50550B241715063CF01092A8
:107C00003211C0933311C6010E94F92F01151105DD
:107C1000A9F1BA94B99CC00D112480912F11C817F5
:107C200068F1209131114C2F4C50550B241715063B
:107C30002CF18AE30E94BACC2D2F2150330BC901BD
:107C40008E199F09A89E802D112480933211C09314
:107C50003311C801DF91CF911F910F91FF90EF90E9
:107C6000DF90CF90BF90AF909F900C94073084E04E
:107C70000E948C3D86E0A82ED6E1A9CFDF91CF915E
:107C80001F910F91FF90EF90DF90CF90BF90AF903A
:107C90009F900895CF93DF939091F40C992321F056
:107CA000DF91CF910C94372CC82F6091490D7091C2
:107CB0004A0D80914B0D90914C0D61157105810518
:107CC000910571F10E9473FA2091210B3091220BE2
:107CD0004091230B5091240B0E94D2FA2091230D46
:107CE0003091240D4091250D5091260D0E94CEFE1D
:107CF0006093230D7093240D8093250D9093260D92
:107D00001092490D10924A0D10924B0D10924C0D8D
:107D10006C2F83E090E00E949D2681E08093880292
:107D200080918802882389F0C13061F4C0E6DBE1EC
:107D300083E29DE00E94BADFBC01CE01DF91CF91CA
:107D40000C94A93DCAE6DBE1F3CFDF91CF91089512
:107D500081E00C944A3E80E00C944A3E8FEF0C94F4
:107D60004A3E2F923F924F925F926F927F928F92F4
:107D70009F92AF92BF92CF92DF92EF92FF920F93BA
:107D80001F93CF93DF9300D000D0CDB7DEB7209103
:107D9000F40C2223D1F026960FB6F894DEBF0FBE66
:107DA000CDBFDF91CF911F910F91FF90EF90DF90AA
:107DB000CF90BF90AF909F908F907F906F905F908B
:107DC0004F903F902F900C94372C8B011C01809189
:107DD000490D90914A0DA0914B0DB0914C0D892BFE
:107DE0008A2B8B2B09F46EC00E94BF94C801880FA8
:107DF000991F880F991F9E838D83FC01E95EF24FC6
:107E000080809180A280B38080913202811184C0F1
:107E100020E030E04AE754E4C501B4010E94CDFE01
:107E20002B013C0120E030E04AE754E4C501B401F5
:107E30000E94CEFE6B017C018091490D90914A0D0C
:107E4000A0914B0DB0914C0D89839A83AB83BC8379
:107E5000BC01CD010E9473FA2091210B3091220BBD
:107E60004091230B5091240B0E94D2FAA50194015A
:107E70000E94CEFE4B015C0189819A81AB81BC815D
:107E8000B7FF66C0A3019201C501B4010E946CFA5C
:107E900087FD53C0AD81BE81A95EB24FFD018082D6
:107EA0009182A282B3826FEFC8010E949D26109238
:107EB000490D10924A0D10924B0D10924C0D81E01D
:107EC0008093880280918802882309F45DC0C801EC
:107ED000880F991F880F991F895E924F0E94BADF01
:107EE000BC01C10126960FB6F894DEBF0FBECDBF10
:107EF000DF91CF911F910F91FF90EF90DF90CF9086
:107F0000BF90AF909F908F907F906F905F904F90B9
:107F10003F902F900C94A93DED81FE81EA5DFD4FCD
:107F20004080518062807380ED81FE81E65EFD4F6E
:107F3000C080D180E280F3807FCF8D819E81895E79
:107F4000924FDC014D925D926D927C921397ABCF74
:107F500089819A81AB81BC81892B8A2B8B2B09F477
:107F600099CFA7019601C501B4010F942E011816EF
:107F70000CF090CFAD81BE81A95EB24FFD01C082F1
:107F8000D182E282F3828FCF26960FB6F894DEBFBD
:107F90000FBECDBFDF91CF911F910F91FF90EF905A
:107FA000DF90CF90BF90AF909F908F907F906F9019
:107FB0005F904F903F902F90089562E070E088E5C9
:107FC0009BE10C94B13E61E070E080E59BE10C9494
:107FD000B13E70E060E088E49BE10C94B13EEF922A
:107FE000FF920F931F93CF93DF9300D01F92CDB7D3
:107FF000DEB78C017B018091F40C882379F010921C
:10800000ED0C0E94372C0F900F900F900F90DF9186
:10801000CF911F910F91FF90EF9008958091490D9E
:1080200090914A0DA0914B0DB0914C0D0097A10578
:10803000B105A1F11092490D10924A0D10924B0D0D
:1080400010924C0D21E020938802F801E85FF24F76
:108050002081222359F0F801EE0FFF1FED5EF44F4F
:1080600020813181280F391F31832083092E000C94
:10807000AA0BBB0B4091190B50911A0B60911B0B73
:1080800070911C0B840F951FA61FB71F8093190BAF
:1080900090931A0BA0931B0BB0931C0B809188023A
:1080A000882309F4B0CF6091190B70911A0B80915D
:1080B0001B0B90911C0B0E9473FA000F111F000FF5
:1080C000111FF801E55DF24F20813181428153811A
:1080D0000E94D2FA69837A838B839C83CE010196B6
:1080E0000E94A8D0BC01C7010E94A93D8CCF6FEAB5
:1080F00078E182E090E00C94EF3F60EA78E181E083
:1081000090E00C94EF3F61E978E190E080E00C941E
:10811000EF3FEF92FF920F931F93CF93DF931F9246
:10812000CDB7DEB780913411811105C081E0809315
:1081300034110E94D6D76091FD107091FE10198203
:108140009E012F5F3F4F4FE08BEF90E10E9498D749
:10815000809112028823A1F00E943CD803E911E12A
:1081600020E440E160E080E00E946FD80E949CD74C
:108170008111F4CF64EC79E080E090E00E945DE34F
:10818000809112028823B9F1F090FB100E943CD834
:108190002F2D30E0C901C89797FD019695958795D9
:1081A000E82E2E51310936952795F22E0EE011E179
:1081B00023E147E06CE08E2D0E946FD884E00E949E
:1081C0008C3D0091FB100257110B1695079560919D
:1081D000FC10625143ED53E08F2D0E9407DB60914C
:1081E000FC10665049ED53E0802F0E9407DB0E948F
:1081F0009CD78111DBCF109212020F90DF91CF91AB
:108200001F910F91FF90EF9008954F925F926F92A0
:108210007F92AF92BF92CF92DF92EF92FF920F9335
:108220001F93CF93DF9370E0FB01EE0FFF1FEB5E18
:10823000FC4F408151814115510509F49BC06D5E91
:108240007C4FFB011081A4E0B0E061E070E06117B9
:1082500008F06FC09B01EA01CA0FDB1FFE01E59029
:10826000F4906F5F7F4FFD0134968E159F050CF0E3
:108270005EC021503109220F331F220F331F6901C5
:10828000F2E0CF0ED11CC40ED51EF601E590F4909D
:10829000240F351FF90165917491FD013296E40FA9
:1082A000F51F05911491F601C590D490FE01C5917A
:1082B000D491F901A590B4909C01261B370BB9010C
:1082C000072E000C880B990B0E9473FA2B013C01BE
:1082D000B8016C197D09072E000C880B990B0E94C0
:1082E00073FA9B01AC01C301B2010E94D2FA2B01C7
:1082F0003C01BE016A197B09072E000C880B990B03
:108300000E9473FA9B01AC01C301B2010E94C8FF35
:108310002B013C01B701FF0C880B990B0E9473FAEB
:108320009B01AC01C301B2010E94CEFE14C0DF016B
:108330008ECF161335C0FB01EE0FFF1FEE0FFF1F90
:108340003297E40FF51F65917491072E000C880B8E
:10835000990B0E9473FADF91CF911F910F91FF90BB
:10836000EF90DF90CF90BF90AF907F906F905F9035
:108370004F900895BC01990F880B990B0E9473FAD6
:1083800020E030E04AEF5EE30E94D2FA20E030E0E5
:1083900040E85DE30E94D2FA20E030E0A901C4CFBA
:1083A00060E070E0CB01D7CF6091BD097091BE094C
:1083B0008091BF099091C0090F943A002091D00993
:1083C0003091D1092650310962177307ACF46E5F02
:1083D0007F4F7093AC0A6093AB0A0E942BD4605A13
:1083E00075418F4F9F4F6093A70A7093A80A80939F
:1083F000A90A9093AA0A08951092A70A1092A80AAF
:108400001092A90A1092AA0A08950C94D4410F93CD
:108410001F93CF93DF93DC018A01E901161617063B
:1084200074F4FC01EE0FFF1FEF5DFC4F8081918122
:10843000681779070CF4CB016A2F0E94589417FD36
:1084400006C01093D1090093D0090E94D441D09363
:10845000CF09C093CE09DF91CF911F910F910C945A
:10846000302C2091E0093091E1094091D8095091D8
:10847000D9096091DC097091DD0990E080E00C94ED
:108480000742FF920F931F93CF93DF931092F20C4A
:108490008091490D90914A0DA0914B0DB0914C0DDA
:1084A00081309048A105B10540F01092490D10921D
:1084B0004A0D10924B0D10924C0D6091490D709128
:1084C0004A0D80914B0D90914C0D25E030E040E03D
:1084D00050E00E9491FEC22F80911F0B1816F4F4F9
:1084E000482F082E000C550B41505109022E000C4C
:1084F000330B2417350794F0CFEFC80F25E0C29F48
:10850000C0011124092E000CAA0BBB0B8093490D4E
:1085100090934A0DA0934B0DB0934C0D1092E30C29
:108520008091E20CC81714F4C093E20C8091E20C25
:10853000082E000C990B04962C2F0C2E000C330BDC
:108540008217930724F48CEF8C0F8093E20CD09168
:10855000E20C1D2F05E00D0FFD2EF194D11121C06D
:1085600080918802882349F081E0C11180E024E0F5
:1085700042E95AE16F2D0E94AFE38091F40C882309
:1085800009F4E4C0C111E2C00E94372C8091E30CD1
:10859000882309F4DBC0DF91CF911F910F91FF90E9
:1085A0000895D130D1F480918802882359F06D2F3D
:1085B000611B81E0C13009F080E020E240E85AE12F
:1085C0000E94AFE38091F40C882309F4BFC0C1304E
:1085D00009F0BCC00E943142D9CFD23009F0ABC003
:1085E00080918802882359F06D2F611B81E0C23091
:1085F00009F080E020E249E65AE10E94AFE3809171
:10860000F40C882309F4A2C0C23009F09FC0209165
:10861000E0093091E1096091DC097091DD094FEFCB
:108620005FEF90E080E025C080918802882359F0B8
:108630006D2F611B81E0C33009F080E020E247E547
:108640005AE10E94AFE38091F40C882309F47EC0C4
:10865000C33009F07BC02091E0093091E1094091DD
:10866000D8095091D9096091DC097091DD0981E048
:1086700090E00E9407428ACF80918802882359F0B7
:108680006D2F611B81E0C43009F080E020E240E4FE
:108690005AE10E94AFE38091F40C882309F456C09C
:1086A000C43009F053C02091E0093091E109609194
:1086B000DC097091DD094FEF5FEFD9CF809188021F
:1086C000882359F06D2F611B81E0C53009F080E0EF
:1086D00020E24CE25AE10E94AFE38091F40C88233F
:1086E000A9F1C53099F561E08091DC099091DD092F
:1086F0000E9458946FCF80918802882359F06D2F83
:10870000611B81E0C63009F080E020E242E15AE1DD
:108710000E94AFE38091F40C8823C1F0C630B1F41D
:108720002091E0093091E1094091D8095091D9098F
:1087300070E060E076CFD33009F476CFD43009F41E
:108740009BCFD53009F4BACFD630A9F2DF5F0D1335
:1087500005CF87E080931F0B1ECF2091DE0930915B
:10876000DF094091D6095091D7096091DA097091DB
:10877000DB0990E080E00C940742FF920F931F9377
:10878000CF93DF931092F20C8091490D90914A0D96
:10879000A0914B0DB0914C0D81309048A105B105D1
:1087A00040F01092490D10924A0D10924B0D10920C
:1087B0004C0D6091490D70914A0D80914B0D909137
:1087C0004C0D25E030E040E050E00E9491FEC22FC9
:1087D00080911E0B1816F4F4482F082E000C550B30
:1087E00041505109022E000C330B2417350794F029
:1087F000CFEFC80F25E0C29FC0011124092E000C45
:10880000AA0BBB0B8093490D90934A0DA0934B0D7F
:10881000B0934C0D1092E30C8091E20CC81714F445
:10882000C093E20C8091E20C082E000C990B049688
:108830002C2F0C2E000C330B8217930724F48CEF93
:108840008C0F8093E20CD091E20C1D2F05E00D0FF0
:10885000FD2EF194D11121C080918802882349F026
:1088600081E0C11180E024E049E05AE16F2D0E94CF
:10887000AFE38091F40C882309F4E4C0C111E2C095
:108880000E94372C8091E30C882309F4DBC0DF9130
:10889000CF911F910F91FF900895D130D1F4809125
:1088A0008802882359F06D2F611B81E0C13009F0E7
:1088B00080E020E247EF59E10E94AFE38091F40CA1
:1088C000882309F4BFC0C13009F0BCC00E94AD4389
:1088D000D9CFD23009F0ABC080918802882359F0FB
:1088E0006D2F611B81E0C23009F080E020E240EE94
:1088F00059E10E94AFE38091F40C882309F4A2C0EF
:10890000C23009F09FC02091DE093091DF096091EB
:10891000DA097091DB094FEF5FEF90E080E025C04E
:1089200080918802882359F06D2F611B81E0C3304C
:1089300009F080E020E24EEC59E10E94AFE3809123
:10894000F40C882309F47EC0C33009F07BC0209169
:10895000DE093091DF094091D6095091D709609125
:10896000DA097091DB0981E090E00E9407428ACF2A
:1089700080918802882359F06D2F611B81E0C430FB
:1089800009F080E020E247EB59E10E94AFE38091DB
:10899000F40C882309F456C0C43009F053C0209168
:1089A000DE093091DF096091DA097091DB094FEF40
:1089B0005FEFD9CF80918802882359F06D2F611B1A
:1089C00081E0C53009F080E020E243EA59E10E94ED
:1089D000AFE38091F40C8823A9F1C53099F561E0EB
:1089E0008091DA099091DB090E9458946FCF8091B1
:1089F0008802882359F06D2F611B81E0C63009F091
:108A000080E020E249E859E10E94AFE38091F40C54
:108A10008823C1F0C630B1F42091DE093091DF091E
:108A20004091D6095091D70970E060E076CFD330FD
:108A300009F476CFD43009F49BCFD53009F4BACFFE
:108A4000D630A9F2DF5F0D1305CF87E080931E0BB0
:108A50001ECFCF93DF931092CD0960E090E080E0CD
:108A60000E94589461E090E080E00E945894109237
:108A7000D1091092D0090E94D4410E9452D460E0E2
:108A800090E080E00E945894CBEBD9E01882749873
:108A900061E090E080E00E945894198275981092ED
:108AA000D1091092D0091092BA099FB7F894E2E068
:108AB000F1E080818F7B80839FBFDF91CF9108950C
:108AC0002F923F924F925F926F927F928F929F92DE
:108AD000AF92BF92CF92DF92EF92FF920F931F93CC
:108AE000CF93DF931092F20C8091490D90914A0D33
:108AF000A0914B0DB0914C0D81309048A105B1056E
:108B000040F01092490D10924A0D10924B0D1092A8
:108B10004C0D6091490D70914A0D80914B0D9091D3
:108B20004C0D25E030E040E050E00E9491FED22F55
:108B30008091200B1816F4F4482F082E000C550BCA
:108B400041505109022E000C330B2417350794F0C5
:108B5000DFEFD80F25E0D29FC0011124092E000CB1
:108B6000AA0BBB0B8093490D90934A0DA0934B0D1C
:108B7000B0934C0D1092E30C8091E20CD81714F4D2
:108B8000D093E20C8091E20C082E000C990B049615
:108B90002D2F0D2E000C330B8217930724F48CEF2E
:108BA0008D0F8093E20CC091E20C5C2E35E0332EE9
:108BB0003C0E48EC642E4AE1742E0BE91AE15CEE9F
:108BC000E52E5AE1F52E6BEFC62E6AE1D62E7AE03D
:108BD000A72E7BE1B72EE9E18E2EEBE19E2E2C2E07
:108BE0002194C1112EC080918802882349F081E030
:108BF000D11180E024E049E35BE1622D0E94AFE304
:108C00008091F40C882309F47FC1D1117DC10E94A9
:108C1000372C8091E30C882309F476C1DF91CF9142
:108C20001F910F91FF90EF90DF90CF90BF90AF908A
:108C30009F908F907F906F905F904F903F902F907C
:108C40000895C130E1F480918802882359F06C2F97
:108C5000651981E0D13009F080E023E04EE25BE16C
:108C60000E94AFE38091F40C882309F44DC1D13008
:108C700009F04AC18EE49CE20E9444E7CACFC230A8
:108C800009F033C180918802882359F06C2F65194F
:108C900081E0D23009F080E020E24DE15BE10E940A
:108CA000AFE38091F40C882309F42EC1D23009F08F
:108CB0002BC19092720F8092710F0E946E92A9CF79
:108CC00080918802882359F06C2F651981E0D33098
:108CD00009F080E020E240E15BE10E94AFE3809197
:108CE000F40C882309F410C1D33009F00DC1B092FF
:108CF000720FA092710FE1CF80918802882359F002
:108D00006C2F651981E0D43009F080E020E241E069
:108D10005BE10E94AFE38091F40C882309F4F4C076
:108D2000D43009F0F1C0D092720FC092710FC5CF4C
:108D300080918802882359F06C2F651981E0D53025
:108D400009F080E020E242EF5AE10E94AFE3809117
:108D5000F40C882309F4D8C0D53009F0D5C0F092BE
:108D6000720FE092710FA9CF80918802882359F089
:108D70006C2F651981E0D63009F080E020E24BEDE0
:108D80005AE10E94AFE38091F40C882309F4BCC03F
:108D9000D63009F0B9C01093720F0093710F0E9482
:108DA0006E920E94302C35CF80918802882359F032
:108DB0006C2F651981E0D73009F080E020E24CEC9F
:108DC0005AE10E94AFE38091F40C882309F49CC01F
:108DD000D73009F099C07092720F6092710F6DCF09
:108DE00081E02091D4093091D509232B09F480E04A
:108DF0002091D0093091D109232B11F48823A1F1BE
:108E000089E0482EC83091F580918802882359F076
:108E10006C2F651981E0D83009F080E020E240EC49
:108E20005AE10E94AFE38091F40C81110EC029E059
:108E3000422E81E0840D8C17C9F1CF5F3C12D1CE58
:108E4000439443944092200BE9CED83081F710929E
:108E5000CF091092CE090E9429450E94302C8091A2
:108E6000E30C882321F3DACE98E0492E4C12E1CFAF
:108E700080918802882351F0642D651981E0D41116
:108E800080E023E040EB5AE10E94AFE38091F40CD4
:108E9000882379F2DC13CDCF8DEB93E40E9444E775
:108EA0008091E30C8111BACE4D2EC3CF8091880200
:108EB000882351F06C2F651981E0DC1380E023E0FA
:108EC00040EA5AE10E94AFE38091F40C882309F450
:108ED000B4CFDC13B2CF81E492E40E9444E78091E6
:108EE000E30C882309F4A9CF99CEC33009F4E8CE66
:108EF000C43009F401CFC53009F41ACFC63009F4E3
:108F000033CFC73009F450CF8091D2099091D30963
:108F1000892B09F465CF81E06BCFDF92EF92FF924E
:108F20000F931F93CF93DF931092F20C8091490D12
:108F300090914A0DA0914B0DB0914C0D813090480D
:108F4000A105B10540F01092490D10924A0D109202
:108F50004B0D10924C0D6091490D70914A0D80910E
:108F60004B0D90914C0D25E030E040E050E00E9428
:108F700091FEC22F8091120B1816F4F4482F082E80
:108F8000000C550B41505109022E000C330B2417D5
:108F9000350794F0CFEFC80F25E0C29FC001112420
:108FA000092E000CAA0BBB0B8093490D90934A0D20
:108FB000A0934B0DB0934C0D1092E30C8091E20CFA
:108FC000C81714F4C093E20C8091E20C082E000C38
:108FD000990B04962C2F0C2E000C330B8217930741
:108FE00024F48CEF8C0F8093E20CD091E20C0D2FC7
:108FF00085E0F82EFD0EED2EE194DD24D394DD23E3
:1090000039F18091591190915A11891B8F7009F093
:1090100041C08091A41181113DC0D13009F070C0D0
:1090200080918802882359F06D2F601B81E0C13048
:1090300009F080E023E044E758E10E94AFE380912B
:10904000F40C8823E1F180E695E4C130C1F551C00C
:1090500080918802882349F081E0C11180E024E0FA
:1090600045E858E16E2D0E94AFE38091F40C88230F
:1090700041F2C111C6CF0E94372C8091E30C8823A6
:1090800009F4BFCFDF91CF911F910F91FF90EF9027
:10909000DF900895D130A1F580918802882359F09E
:1090A0006D2F601B81E0C13009F080E023E04DE7C7
:1090B00058E10E94AFE38091F40C811116C08091B9
:1090C000A511811137C0D33009F0E1C08091880229
:1090D000882309F4C5C06D2F601B81E0C33009F0FF
:1090E00080E023E049E158E1B9C089E29BE3C13067
:1090F00031F70E9444E78091E30C882301F3C2CF4B
:10910000D230E9F680918802882359F06D2F601BD8
:1091100081E0C23009F080E023E04CE658E10E9493
:10912000AFE38091F40C882351F2C23041F685EA16
:109130009AE7DFCF80917213882309F480C0809171
:10914000A411882311F1D33009F03EC08091880228
:10915000882359F06D2F601B81E0C33009F080E057
:1091600020E24BE558E10E94AFE38091F40C8823A4
:1091700051F0C33041F41092A4110E9462D6809144
:10918000E30C81117FCF15E070C0D330E9F48091FA
:109190008802882359F06D2F601B81E0C33009F0ED
:1091A00080E020E248E458E10E94AFE38091F40CB3
:1091B000882349F3C33039F78091A5118111D092EA
:1091C000A4110E9409D6DBCF15E0D43009F060C0AD
:1091D00080918802882359F06D2F601B81E0C43094
:1091E00009F080E020E246E358E10E94AFE380917D
:1091F000F40C882341F2C43031F61092A41180910E
:109200007213882321F08FE693E10E947B8980917D
:10921000F3108093480D1092F4100E94D1920E9496
:1092200052D40E9429451092CF091092CE09109273
:10923000130260E086EF97E10E9456E4A0CFD3309E
:1092400031F580918802882359F06D2F601B81E0F1
:10925000C33009F080E023E04BE258E10E94AFE325
:109260008091F40C811108C014E0DF5FDF11C7CEDC
:109270001F5F1093120B06CFC330B1F781ED9DEE47
:109280000E9444E78091E30C882371F3FBCE14E045
:109290001D13EBCF80918802882351F0612F601B52
:1092A00081E0C11380E023E04AE058E10E94AFE38F
:1092B0008091F40C8823C9F2CD13D7CF81E597EEC6
:1092C0000E9444E78091E30C8111DCCE1C2FCDCFAE
:1092D000CF92DF92EF92FF920F931F93CF93DF9382
:1092E0008C01D62EC72E7A0180910D02882359F168
:1092F000C8EADDE3FE0184912196811111C0CD2DD4
:10930000DC2DFE018491219681110DC0C3E1DFE0C7
:10931000FE0184912196882349F00E94CA94F8CFD7
:109320000E94CA94E7CF0E94CA94EBCFCEE0DFE060
:1093300017FD15C0B801110F880B990B0E94569D9F
:109340008AE00E94CA9480916A0A811110C010922A
:109350000D0281E080936A0AC7010E941596FE0102
:1093600084912196882379F30E94CA94F8CFDF91E3
:10937000CF911F910F91FF90EF90DF90CF900C94C1
:1093800029451F920F920FB60F9211240BB60F9220
:109390002F923F924F925F926F927F928F929F9205
:1093A000AF92BF92CF92DF92EF92FF920F931F93F3
:1093B0002F933F934F935F936F937F938F939F93DD
:1093C000AF93BF93EF93FF93CF93DF93CDB7DEB708
:1093D0002897DEBFCDBF8091D20A8111BCC081E049
:1093E0008093D20A80916E008B7F80936E00789478
:1093F000809111028F3708F444C08F579091BB09B8
:109400009093D10A992309F438C0749A9091BC09B9
:109410009093D00A992399F1759A9091BA099093F3
:10942000CF0A2FB7992309F43BC0F8949091020119
:109430009064909302012FBF8F5F809311028091FF
:10944000CE0A91E089278093CE0A81110E9403E41D
:10945000E0910F02F0911002E730F10508F039C0F9
:109460008827EA5CF54B8F4F0D942202D64AE24AD8
:10947000054B0A4BF14AF64A554A7498C7CF75987E
:10948000CCCF9091D10A891708F074989091D00AA6
:10949000891708F075989091CF0A891768F22FB74D
:1094A000F894909102019F7BC4CF8091CD0A8111E5
:1094B00003C084E08093CD0A8091CD0A81508093CF
:1094C000CD0A882331F085E090E0909310028093DC
:1094D0000F0280910F0290911002892B41F480912C
:1094E0000E028F5F80310CF0A4C080930E02809139
:1094F0000F0290911002019667E070E00F94EF0167
:109500009093100280930F02F12CE12C8701000F41
:10951000111F0D5E144FD8018D919C9118161906DC
:109520000CF08CC161E0C7010E943525F8018081F3
:109530009181019791838083BFEFEB1AFB0AE3E0EF
:10954000EE16F10419F7F8941092D20A80916E0089
:10955000846080936E0028960FB6F894DEBF0FBE2D
:10956000CDBFDF91CF91FF91EF91BF91AF919F91CF
:109570008F917F916F915F914F913F912F911F91AB
:109580000F91FF90EF90DF90CF90BF90AF909F90A2
:109590008F907F906F905F904F903F902F900F90A3
:1095A0000BBE0F900FBE0F901F90189588E0809310
:1095B0007B0087E480937C0080917A0080648093B4
:1095C0007A0087CF20917800309179008091C30A8A
:1095D0009091C40A820F931F9093C40A8093C30A88
:1095E00078CF88E080937B0083E4E4CF20917800FB
:1095F000309179008091C10A9091C20A820F931F25
:109600009093C20A8093C10A64CF88E080937B0064
:1096100086E4D0CF20917800309179008091C50AFE
:109620009091C60A820F931F9093C60A8093C50A31
:1096300050CF10920E028091B90981111BC0809108
:10964000C30A9091C40A9093BE0A8093BD0A809188
:10965000C50A9091C60A9093C00A8093BF0A809170
:10966000C10A9091C20A9093BA0A8093B90A81E024
:109670008093B909E3ECFAE08AE0DF011D928A9554
:10968000E9F71092C20A1092C10A8091CC0290911F
:10969000CD02A091CE02B091CF0289839A83AB8391
:1096A000BC83FE0131962F012DEB222E2AE0322EB3
:1096B00080E09DE098878F830BEB1AE032EDA32EBC
:1096C00039E0B32E41EBC42E49E0D42EA7E7B2E037
:1096D000BE83AD83F12CE12CF201819091902F019A
:1096E000D1018D919D911D01889E3001899E700C44
:1096F000989E700C1124EF81F88521913191F887A3
:10970000EF83829EC001839E900D929E900D112446
:10971000861597056CF4D5018D919C911816190644
:109720003CF449EE50E16CEF70E1C7010E946849DA
:10973000ED81FE8121913191FE83ED83829EC001F6
:10974000839E900D929E900D1124681679060CF45C
:1097500048C0D8011C920F5F1F4FB2E0AB0EB11C86
:10976000E4E0CE0ED11CEA94EF28B9F52091B90AB5
:109770003091BA0A8091FE0C9091FF0C82179307EA
:109780007CF08091D0099091D1091816190644F403
:1097900044ED50E16CEF70E18FEF9FEF0E9468495C
:1097A00020917502309176028091B90A9091BA0A9F
:1097B000821793070CF49BCE8091D0099091D10928
:1097C000181619060CF093CE4AE950E162EC70E1EC
:1097D0008FEF9FEF0E9468498ACEEE24E394F12C2C
:1097E0007BCFF60180819181A281B381892B8A2B65
:1097F0008B2BB1F4D5018D919C91181619060CF0A4
:10980000A8CFD8018C918F5F8C93882309F4A3CFC4
:109810004FEA50E162EC70E1C7010E9468499BCFBA
:109820000E942BD4F6012081318142815381621B39
:10983000730B840B950B97FFDDCF8BCF892B09F42E
:109840007BCE60E0C7010E943525D8018D919C91A7
:109850001197019611969C938E936ECE2F923F9204
:109860004F925F926F927F928F929F92AF92BF9230
:10987000CF92DF92EF92FF920F931F93CF93DF93DC
:1098800000D000D0CDB7DEB71C017A8369832B836B
:109890003C834D835E832701380182E090E0D7FE50
:1098A000C6017C01EE0CFF1CEE0CFF1C870103556A
:1098B000154FA3019201F80160817181828193812A
:1098C0000E946CFA8823A9F0F801408251826282DA
:1098D000738201E010E020E030E0A901C301B20191
:1098E0000F942E01181614F010E000E0F10111831E
:1098F0000083F1018081918182309105D9F083301C
:10990000910509F470C0019709F041C02B813C8199
:109910004D815E81F701E355F54F60817181828150
:1099200093810F942E01181694F182E090E0F101DA
:109930009183808387010355154FB401990C880BDF
:10994000990B0E9473FA9B01AC01F801608171814F
:10995000828193810E94CDFE2B813C814D815E816D
:109960000E946CFA181664F10E942BD46B017C01E2
:1099700028EE33E0D5010F942A02C60ED71EE81E4A
:10998000F91EE981FA81C082D182E282F3822696B1
:109990000FB6F894DEBF0FBECDBFDF91CF911F9100
:1099A0000F91FF90EF90DF90CF90BF90AF909F907E
:1099B0008F907F906F905F904F903F902F90089581
:1099C0000E942BD4E981FA810081118122813381A7
:1099D000601B710B820B930B97FDD9CF83E090E056
:1099E000F1019183808345E750E16AE870E1C601A7
:1099F00026960FB6F894DEBF0FBECDBFDF91CF9194
:109A00001F910F91FF90EF90DF90CF90BF90AF909C
:109A10009F908F907F906F905F904F903F902F908E
:109A20000C9468490F931F93CF93DF93C82FD0E016
:109A30008E01000F111F000F111FF801EC53F64F9C
:109A400060817181828193810F943A00CC0FDD1F78
:109A5000FE01EE52F64F2081318126503109055624
:109A6000154F62177307B4F4CD55D54F6E5F7F4F16
:109A7000798368830E942BD4605E714B8F4F9F4F18
:109A8000F8016083718382839383DF91CF911F916B
:109A90000F910895F8011082118212821382F5CF7E
:109AA00080E00C94124D81E00C94124D4F925F9225
:109AB0006F927F92AF92BF92CF92DF92EF92FF921E
:109AC0000F931F93CF93DF9324E030E041E050E009
:109AD000D901AB58B04FFD01659174918617970776
:109AE0000CF066C041505109440F551F440F551FDB
:109AF000EA01C958D04FFE01059114914B58504FBF
:109B0000FA0165917491F901E958F04FE590F490EC
:109B1000FE01C590D490FD01C591D491FA01A590A4
:109B2000B490861B970BBC01990F880B990B0E9470
:109B300073FA2B013C01B7016C197D09072E000C4B
:109B4000880B990B0E9473FA9B01AC01C301B2010F
:109B50000E94D2FA6B017C01BE016A197B09072EB3
:109B6000000C880B990B0E9473FA9B01AC01C70192
:109B7000B6010E94C8FF6B017C01B801110F880B70
:109B8000990B0E9473FA9B01AC01C701B6010E94B8
:109B9000CEFEDF91CF911F910F91FF90EF90DF905C
:109BA000CF90BF90AF907F906F905F904F9008954F
:109BB0004F5F5F4F2C5F3F4F211561E0360709F083
:109BC00087CFE3E7F0E165917491072E000C880BD5
:109BD000990B0E9473FADDCF0F931F93CF93DF93FE
:109BE0000DEB1AE060E0F801808191810E9405414F
:109BF000C4ECD9E0688379838A839B8361E0F801B0
:109C0000828193810E9405416C837D838E839F8333
:109C10008091B90A9091BA0A0E94564D6093BD098D
:109C20007093BE098093BF099093C009A8958FB720
:109C3000F8941092B9098FBFDF91CF911F910F91C6
:109C400008954F925F926F927F928F929F92AF9200
:109C5000BF92CF92DF92EF92FF920F931F93CF9319
:109C6000DF93CDB7DEB72F970FB6F894DEBF0FBEE8
:109C7000CDBF85E0E0EDF2E0DE011B9601900D9294
:109C80008A95E1F78AE0E5EDF2E0DE0111960190B8
:109C90000D928A95E1F701E020E030E048E452E4DB
:109CA0006091C4097091C5098091C6099091C70956
:109CB0000F942E0118160CF000E020E030E048E48C
:109CC00052E46091C8097091C9098091CA099091C4
:109CD000CB090F942E0118160CF402606E018BE074
:109CE000C80ED11CFE0131967F015E01F0E1AF0E7E
:109CF000B11C712C10E088248394912CF6015190B2
:109D00006F0157FC25C0F7016080872D90E0062C7D
:109D100002C0959587950A94E2F780FD19C0B801B5
:109D2000062C02C0759567950A94E2F76170462E7D
:109D30004194642D852D0E94F5D2642D70E0852D0F
:109D40000E9454D3C40101C0880F6A94EAF7782AAC
:109D5000F2E0EF0EF11CCA14DB0481F62F960FB669
:109D6000F894DEBF0FBECDBFDF91CF911F910F9151
:109D7000FF90EF90DF90CF90BF90AF909F908F902B
:109D80007F906F905F904F9008952F923F924F92E7
:109D90005F926F927F928F929F92AF92BF92CF927B
:109DA000DF92EF92FF920F931F93CF93DF93CDB784
:109DB000DEB7A6970FB6F894DEBF0FBECDBF809179
:109DC000B909811119C0A6960FB6F894DEBF0FBE6F
:109DD000CDBFDF91CF911F910F91FF90EF90DF905A
:109DE000CF90BF90AF909F908F907F906F905F903B
:109DF0004F903F902F9008950E94EC4D0E942BD4DD
:109E00006F87788B898B9A8B22ED39E03C872B8783
:109E100044EC59E05EA34DA38FE89AE09A878987C6
:109E2000A3E9BAE0B887AF83EDE7FAE0FC83EB8300
:109E300025E73AE03A8329834BEB59E05A8F498F63
:109E40008BE99AE0988F8F8BABE7B2E0BE87AD8746
:109E5000E4E0FDE0FC8FEB8F21EB39E03C8B2B8BBA
:109E600043E75AE05E834D838BE69AE09E8B8D8BB1
:109E7000312C212CAB85BC856D917D91BC87AB8746
:109E8000072E000C880B990B0E9473FAEDA1FEA11E
:109E90002081318142815381E4E08E2E912CF8E2C1
:109EA000AF2EB12C61017B018C016F817885898592
:109EB0009A850E942E4CEB85FC853297008111819A
:109EC000ADA1BEA14D905D906D907C90B801012E2A
:109ED000000C880B990B0E9473FAA30192010E9457
:109EE000CDFE6B017C0120ED3CEC4CE45DE3609128
:109EF0003702709138028091390290913A020E94A3
:109F0000D2FA4B015C01EB81FC81208131814281DD
:109F10005381C301B2010E94CDFE9B01AC01C5017A
:109F2000B4010E94D2FA4B015C0123E333E343E71F
:109F30005FE3A981BA816D917D918D919C910E9481
:109F4000D2FA9B01AC01C501B4010E94CEFE4B01C7
:109F50005C01E981FA8180829182A282B382AB8125
:109F6000BC814D925D926D927C92139720E030E01F
:109F700040E251E4C701B6010F942E0118160CF40B
:109F8000F0C120E030E040E251ECC701B6010E9490
:109F90006CFA87FD6DC0012B09F46AC0AD81BE81EA
:109FA0008C9181112CC2AD89BE892D913D914D912D
:109FB0005C912D8F3E8F4F8F58A3209133023091AB
:109FC00034024091350250913602C701B6010E9419
:109FD000D2FA69A37AA38BA39CA32D8D3E8D4F8DBE
:109FE00058A1C701B6010E94CEFE6D8F7E8F8F8F64
:109FF00098A3ED89FE896083718382839383209186
:10A000003B0230913C0240913D0250913E020E9441
:10A01000D2FA29A13AA14BA15CA10E94CEFEA501D2
:10A0200094010E94CDFE4B015C0120E030E04FE73F
:10A0300053E40F942E0120E030E0A90118160CF033
:10A04000C0C1C701B6010F942E0118160CF08DC1C6
:10A05000A70196016D8D7E8D8F8D98A10E94CDFEFA
:10A06000AD89BE896D937D938D939C9313977DC12C
:10A07000E1E0AD81BE81EC93812C912C5401AB8D3C
:10A08000BC8D6D917D91BC8FAB8F072E000C880B22
:10A09000990B0E9473FAA30192010E946CFA87FF48
:10A0A00042C1AD85BE856D917C91072E000C880B59
:10A0B000990B0E9473FAA30192010F942E011816B6
:10A0C0000CF049C1C501B4010F943A00759567952C
:10A0D000E98DFA8D6193FA8FE98FEF89F88D81917F
:10A0E0009191A191B191F88FEF8B0097A105B105E6
:10A0F00031F12F85388949895A89281B390B4A0B38
:10A100005B0BDA01C901B7FD1AC0ADA1BEA16D910B
:10A110007D918D919C910F943A00F101EE0FFF1FFC
:10A12000ED55F54F20813181621773070CF03AC16C
:10A1300043E55FE066E67FE0C1010E9468498091E7
:10A14000A70A9091A80AA091A90AB091AA0A00971B
:10A15000A105B10531F12F85388949895A89281B14
:10A16000390B4A0B5B0BDA01C901B7FD1AC06091CC
:10A17000BD097091BE098091BF099091C0090F94EB
:10A180003A002091AB0A3091AC0A621773070CF0C9
:10A1900006C141E35FE064E47FE08FEF9FEF0E9440
:10A1A00068494DA15EA14C5F5F4F5EA34DA38985B9
:10A1B0009A8502969A878987AF81B8851496B88761
:10A1C000AF83EB81FC813496FC83EB8329813A8158
:10A1D0002C5F3F4F3A8329834D855E854E5F5F4FED
:10A1E0005E874D878B899C8904969C8B8B8BAD8178
:10A1F000BE811196BE83AD83ED89FE893496FE8BB8
:10A20000ED8B2A94232809F0A8C08091AD09909184
:10A21000AE09A091AF09B091B0092F85388949895D
:10A220005A89281B390B4A0B5B0BDA01C901B7FFAE
:10A23000A3C080918B0A90918C0AA0918D0AB09155
:10A240008E0A2F85388949895A89281B390B4A0B70
:10A250005B0BDA01C901B7FDB6CD8F859889A98955
:10A26000BA8988579C4EAF4FBF4F80938B0A90930B
:10A270008C0AA0938D0AB0938E0A6091D0097091D8
:10A28000D109072E000C880B990B0E9473FA2091BC
:10A29000BD093091BE094091BF095091C009E2E06B
:10A2A0008E2E912CF4E1AF2EB12CCC24CA94DC2C50
:10A2B0007B018C0165E87AE089E89AE00E942E4CE7
:10A2C000C090BD09D090BE09E090BF09F090C009D0
:10A2D00020E030E040EA50E4C701B6010F942E01BF
:10A2E00087FD64C020E030E040EF52E4C701B601D2
:10A2F0000E946CFA18160CF459C06091D009709144
:10A30000D109072E000C880B990B0E9473FA9B0150
:10A31000AC01C701B6010E946CFA87FD85C080E0E0
:10A320008093BA0950CDEB89FC8980819181A2810B
:10A33000B381892B8A2B8B2B71F00E942BD4AB8994
:10A34000BC89CD90DD90ED90FC906C197D098E0953
:10A350009F0997FD62C060E0BBCE22242394312C7C
:10A3600089CD21E0ED81FE812083812C912C0FE7A6
:10A37000A02E03E4B02E83CE0E94214E8F859889B3
:10A38000A989BA898C53964FAF4FBF4F8093AD09BF
:10A390009093AE09A093AF09B093B0094ACF0E9441
:10A3A000D441FFCE822D0E94124DC9CE1092BA091F
:10A3B0009FB7F894809102018F7B809302019FBF29
:10A3C00002CDC501B4010E946CFA87FF58CE20E08F
:10A3D00030E0A901C701B6010E946CFA87FF4CCE9C
:10A3E000A70196016D8D7E8D8F8D98A10E94CDFE67
:10A3F000ED89FE8960837183828393833DCEED89ED
:10A40000FE891082118212821382AD81BE811C925C
:10A410001D8E1E8E1F8E18A2D0CDEDA1FEA14080F4
:10A420005180628073803DCE8FE77ACF0F931F9368
:10A43000CF93DF93EC01888199810197E9F40E9421
:10A440002BD40E811F8128853985601B710B820BEF
:10A45000930B28EE33E040E050E00E9491FE6A81C9
:10A460007B818C819D81620F731F841F951FDF91FB
:10A47000CF911F910F9108956A857B858C859D856D
:10A48000E0CF3F924F925F926F927F928F929F9216
:10A49000AF92BF92CF92DF92EF92FF920F931F93F2
:10A4A000CF93DF93CDB7DEB762970FB6F894DEBFD8
:10A4B0000FBECDBF1092F20C0E942BD40091FD0A6A
:10A4C0001091FE0A2091FF0A3091000B6B017C0174
:10A4D000C01AD10AE20AF30A9701860137FD11C0BA
:10A4E0002091FC0A20952093FC0A6A547C4F8F4FE0
:10A4F0009F4F6093FD0A7093FE0A8093FF0A90932A
:10A50000000B3090FC0A0E94FBE380912F118531F3
:10A5100090F4332041F08091CE099091CF0909ED5C
:10A5200016E1892B11F40CEB15E123E14FE061E01A
:10A5300089E00E946FD880912F118D3108F09AC167
:10A5400072ED872E79E0972EE4ECAE2EE9E0BE2E78
:10A5500015E0F2E1CF2ED12C07E0ACE1EA2E772412
:10A56000739480912F118830A8F5F4016081718176
:10A57000072E000C880B990B0E9473FA20E030E044
:10A5800040E05FE30E94CEFE0F943A009B01788B7F
:10A590006F8782E1243631052CF48CE02A303105B6
:10A5A0000CF486E09601281B3109C90137FD01969C
:10A5B00095958795312F381B3093321100933311C5
:10A5C000CE010F960E94F1E10E94073089EB95E1E0
:10A5D0000E94F92F80912F118D31E8F58091311172
:10A5E0008531C8F1F50160817181828193810F9479
:10A5F0003A00072E000C880B990B0E9473FA20E09A
:10A6000030E040E05FE30E94CEFE0F943A009B01F1
:10A610007A8B698B82E1243631052CF48CE02A3068
:10A6200031050CF486E09601281B3109C90137FD7C
:10A63000019695958795312F381B30933211E09212
:10A640003311CE0141960E94F1E10E94073089EB5F
:10A6500095E10E94F92F80912F11853120F580918D
:10A660003111813100F148E0642E610EF401608106
:10A670007181072E000C880B990B0E9473FAF5016B
:10A6800020813181428153810F942E0118160CF0E4
:10A69000DAC110921B1122E042E061E1862D0E9496
:10A6A0004DD970921B11175EF2E08F0E911C24E0C1
:10A6B000A20EB11C173309F054CF80912F118830AE
:10A6C000C0F56091D0097091D109072E000C880B5C
:10A6D000990B0E9473FA20E030E040E05FE30E94B3
:10A6E000CEFE0F943A007C876B87643671050CF0C0
:10A6F000B1C16A3071050CF4AFC12CE082E190E089
:10A70000821B910997FD0196959587959195819565
:10A7100091098F5A8093321187E080933311CE01D3
:10A720000B960E94F1E10E94073089EB95E10E94AF
:10A73000F92F80912F118D3108F043C08091311194
:10A74000853108F43EC06091BD097091BE098091C9
:10A75000BF099091C0090F943A00072E000C880B96
:10A76000990B0E9473FA20E030E040E05FE30E9422
:10A77000CEFE0F943A007E876D87643671050CF02B
:10A780006DC16A3071050CF46BC12CE082E190E080
:10A79000821B910997FD01969595879591958195D5
:10A7A00091098F5A809332118CE180933311CE013D
:10A7B0000D960E94F1E10E94073089EB95E10E941D
:10A7C000F92F80912F11853130F580913111813130
:10A7D00010F16091D0097091D109072E000C880BFF
:10A7E000990B0E9473FA2091BD093091BE094091E6
:10A7F000BF095091C0090F942E0118160CF032C1F8
:10A8000010921B1122E042E062E188E50E944DD9DE
:10A8100081E080931B1180912F118C3158F580912C
:10A820003111843138F12091CE093091CF092F5F59
:10A830003F4F44E6429FC001439F900D112497FF74
:10A8400002C081509F4F292F392F330F330B3A838A
:10A850002983232B79F088E6809332118BE1809352
:10A860003311CE0101960E94F1E10E94073085E28A
:10A870000E94BACC80912F11843338F58091311128
:10A880008A3218F127E048E06AE28AE20E944DD954
:10A8900025E042E06CE282E30E944DD924E04AE0E8
:10A8A00061E38AE20E94D5D96091FD107091FE109B
:10A8B00082E3809317118BE28093181127E131E135
:10A8C00042E38BEF90E10E9498D780912F1185335E
:10A8D00050F480913111813330F024E04AE461E397
:10A8E00086E30E94D5D98091A411882309F44AC037
:10A8F00080912F11843308F045C08091311182334B
:10A9000008F440C080917213882309F4B2C080918A
:10A910001C1490911D14A0911E14B0911F14009747
:10A92000A105B10509F4A5C0BC01CD016D597F4F4A
:10A930008F4F9F4F24E630E040E050E00E9491FEB0
:10A94000609120147091211480912214909123140D
:10A950000E9491FE38E4239FB0011124072E000CC1
:10A96000880B990B0E9473FA2AE037ED43E25CE30F
:10A970000E94D2FA0F944100462F22E062E387E35F
:10A980000E944DD980912F11813308F09DC0809194
:10A990003111893208F498C089E791E10E9416527A
:10A9A0002B013C0120E13EE040E050E00E9491FE9E
:10A9B000D22EC32EA22EB32E1CE3E12EF12C00E0EA
:10A9C00010E0C301B201A80197010E9491FECA01E3
:10A9D000B901A80197010E9491FEE62E972E8E01E3
:10A9E0000F5F1F4F81E8481681E5580681E0680631
:10A9F000710408F440C0C301B20120E831E541E030
:10AA000050E00E9491FE69019F92EF92C50168E1BA
:10AA100070E00F94DB019F938F933F932F9385EA10
:10AA200095E19F938F931F930F930E9403FA0FB6A4
:10AA3000F894DEBF0FBECDBF88E0FAE0CF16D10498
:10AA4000B0F587E034C022E042E061E1862D0E944B
:10AA50004DD929CE22E152CE26E050CE22E196CE2B
:10AA600026E094CE22E042E062E188E50E944DD9E2
:10AA7000D2CE20E06FCF24E6A216B10408F0AEC11A
:10AA80009F92EF92C50168E170E00F94DB019F9304
:10AA90008F938BE995E19F938F931F930F930E9460
:10AAA00003FA0FB6F894DEBF0FBECDBF85E0982F36
:10AAB000990F990F891B855A8093321180E38093F7
:10AAC0003311C8010E940730E091F510F091F610A3
:10AAD0008481811196C087E19DE00E9401E0BC0164
:10AAE0008DE09BE00F9490028BE19DE00E9401E0DD
:10AAF000BC0188E09BE00F9490022CEA35EC47E221
:10AB000057E360911F0D7091200D8091210D909160
:10AB1000220D0E94CEFE20E030E048EC52E40E947C
:10AB2000D2FA0F943A004B015C01B7FC6AC160E2B3
:10AB3000F0E18F16F7E29F06A104B10484F0B4019E
:10AB400020E137E240E050E00F940302CA01B9016E
:10AB50002AE030E040E050E00F940302605D609333
:10AB60005C0D60E228EE821623E09206A104B10497
:10AB70008CF0C501B40128EE33E040E050E00F94C2
:10AB80000302CA01B9012AE030E040E050E00F942E
:10AB90000302605D60935D0DC501B40124E630E001
:10ABA00040E050E00F9403028AE0482E512C612CC3
:10ABB000712CCA01B901A30192010F940302605DD7
:10ABC00060935E0DC501B401A30192010F940302CD
:10ABD000162FCA01B901A30192010F940302112398
:10ABE00009F419C18EE280935F0D605D6093600D82
:10ABF000105D1093610D6CE57DE081E09BE00F94AA
:10AC0000900280912F11883208F058C08091311144
:10AC10008D3108F453C02BE040E86DE180E00E94E4
:10AC2000D5D980912F11873208F048C08091311119
:10AC30008F3108F443C083E08093321186E2809321
:10AC40003311332009F4F9C087EB95E10E94F92F05
:10AC50008BE08093321116E2109333118DE09BE06C
:10AC60000E9407308BE2809332111093331133200E
:10AC700009F4F1C085EB95E10E94F92F83E38093FD
:10AC8000321116E21093331188E09BE00E940730E6
:10AC900083E58093321110933311332009F4E9C016
:10ACA00083EB95E10E94F92F8BE58093321186E2C8
:10ACB0008093331181E09BE00E94073080912F1137
:10ACC000823300F5809131118B32E0F084E00E94F4
:10ACD0008C3D83E08093321112E31093331186E0B0
:10ACE0000E94F12F0E94FBE38CE0809332111093BD
:10ACF000331188E192E00E94F1E10E94073085E281
:10AD00000E94BACC80912F11803468F48091311167
:10AD1000883348F0109232118FE38093331189E821
:10AD200092E00E9407308091F40C882349F00E9441
:10AD3000894040E050E0BA018DE897E40E94502B32
:10AD40004091490D50914A0D60914B0D70914C0D01
:10AD50002091180230911902C901840F951F2436E1
:10AD600031050CF094C0853691050CF097C0909396
:10AD70001902809318021092490D10924A0D1092F8
:10AD80004B0D10924C0D8091180290911902883E43
:10AD9000E3E09E0714F087EE93E08A30910514F407
:10ADA0008AE090E0909319028093180262960FB6A1
:10ADB000F894DEBF0FBECDBFDF91CF911F910F91F1
:10ADC000FF90EF90DF90CF90BF90AF909F908F90CB
:10ADD0007F906F905F904F903F9008959F92EF9279
:10ADE000CF92DF9283E995E19F938F931F930F9307
:10ADF0000E9403FA0FB6F894DEBF0FBECDBF86E007
:10AE000056CEB094A09490948094811C911CA11C67
:10AE1000B11C6DE2A4CE662351F08EE280935F0DEB
:10AE2000605D6093600D80E28093610DE4CE80E20E
:10AE30008093600D80935F0DF6CF8091C1098111E1
:10AE400004C08FE30E94BACC03CF8091080D81111A
:10AE5000FBCE80E2F7CF8091C209811104C08FE35D
:10AE60000E94BACC0BCF8091090D811103CF80E2F3
:10AE7000F7CF8091C309811104C08FE30E94BACC3F
:10AE800013CF80910A0D81110BCF80E2F7CF2436CA
:10AE9000310539F0843691050CF069CF84E690E0F5
:10AEA00066CF4B3051056105710514F00A975FCFED
:10AEB000463F5F4F6F4F7F4F0CF065CF0A9657CFDD
:10AEC000CF93DF932FB7F894AC01440F551F440F75
:10AED000551FFA01E356F64F60817181828193819B
:10AEE0002FBFEA01C55DD24F0E9473FA28813981D4
:10AEF0004A815B810E94D2FADF91CF9108959091AF
:10AF0000591180915A11981719F00E94C9A1F7CFD1
:10AF10000895809198099091610A90FF41C088231B
:10AF200079F19FB7F894809102018D7F809302019F
:10AF30009FBF16988FEF809308028091610A9FB798
:10AF400081FF4BC0F89480910B01846080930B01CA
:10AF50009FBF8FEF809309028091610A82FF46C0F4
:10AF60008A988FEF80930A02809198099091610AE4
:10AF700093FF4BC0882309F43CC01098139841C03C
:10AF8000E0919B09F0919C0981818111D2CF9FB7FB
:10AF9000F894809102018D7F809302019FBFCACFF8
:10AFA000882359F09FB7F8948091020182608093C2
:10AFB00002019FBF169A81E0BECFE0919B09F091FC
:10AFC0009C0981818111F6CF9FB7F894809102018D
:10AFD0008260809302019FBFEECFF89480910B01B5
:10AFE0008B7F80930B019FBF81E0B4CF8A9A81E071
:10AFF000B9CFE0919B09F0919C0981818111BECF6D
:10B0000010988FEF80930B020895882319F0109AFF
:10B01000139A08C0E0919B09F0919C0981818111EC
:10B02000F7CF109A81E0EECF9091591180915A118B
:10B03000981731F080915A118F5F8F7080935A1159
:10B0400008951F920F920FB60F9211240BB60F9214
:10B05000BF92CF92DF92EF92FF920F931F932F93A5
:10B060003F934F935F936F937F938F939F93AF9390
:10B07000BF93EF93FF93CF93DF9300D01F92CDB791
:10B08000DEB780916E008B7F80936E0080916F00A1
:10B090008D7F80936F007894C090620AD090630A8D
:10B0A000E090640AF090650AC114D104E104F1044F
:10B0B00009F473C080917F02882309F46EC00E9456
:10B0C000F42509EBC0160BE0D006E104F10408F406
:10B0D0005BC018EBC11A1BE0D10AE108F108C0926D
:10B0E000620AD092630AE092640AF092650AF8EB71
:10B0F000CF2EFBE0DF2ED0928900C09288002091F5
:10B10000880030918900809184009091850040965C
:10B110002817390748F48091840090918500409663
:10B120009093890080938800F8948091D20A8823B4
:10B1300009F4AEC680916E008B7F80936E00809183
:10B140006F00826080936F000F900F900F900F90B0
:10B15000DF91CF91FF91EF91BF91AF919F918F912F
:10B160007F916F915F914F913F912F911F910F911F
:10B17000FF90EF90DF90CF90BF900F900BBE0F909D
:10B180000FBE0F901F9018951092620A1092630ADA
:10B190001092640A1092650AAECF8091990990913D
:10B1A0009A09009771F0019790939A0980939909F1
:10B1B00010929C0910929B090E94145888EC90E010
:10B1C000AFCF80919B0990919C09892B09F0DCC13C
:10B1D0009091591180915A11981709F444C0E09147
:10B1E0005A11C090E90CD090EA0CE090EB0CF09072
:10B1F000EC0C0E2F10E02DE4E29FF0011124E85337
:10B20000FB4F9F01275B3F4FD9014D915D916D91A0
:10B210007C91D701C601841B950BA60BB70B8093BD
:10B22000E90C9093EA0CA093EB0CB093EC0C8081AA
:10B2300088608083F0939C09E0939B0922A1809110
:10B24000610A281711F12093610A8DE4809FF001B3
:10B25000819FF00D1124E853FB4F818180930C02F4
:10B260000E9489571BC08FB7F8941092E90C109276
:10B27000EA0C1092EB0C1092EC0C8FBF10929C0910
:10B2800010929B0980ED97E04BCF318180910C02A9
:10B29000082E000C990B38171906A9F610925D0AB2
:10B2A00010925E0A10925F0A1092600A8DE4809FED
:10B2B000F001819FF00D1124E853FB4F87A990AD59
:10B2C0008134BCE99B0708F041C08132EEE49E075F
:10B2D00008F43FC0969587959695879524E020932E
:10B2E0005C0A8C01005211091A830983011528E0B8
:10B2F000120708F440C0E12FFF27EE0FFF1FEE0FEB
:10B30000FF1FCF01825F944FFC013296459154910B
:10B31000AA27059F9001049F210D3A1F06942A1F1A
:10B320003A1F1124FC0185919491821B930B843662
:10B33000910508F049C00DEE13E0D8018D918D0103
:10B34000882309F43BC00E94CA94F7CF80E49CE9AB
:10B35000C1CF8131F7E29F0720F09695879522E0D3
:10B36000BECF21E020935C0A8032910508F0B9CF6E
:10B3700080E290E0B6CF89819A81969587958C7FFF
:10B38000825F984FFC0125913491FC0132964591E2
:10B39000549169817A8167707727649FC001659FA6
:10B3A000900D749F900D112443E0969587954A95D2
:10B3B000E1F7A901481B590BCA01B9CF89819A81CC
:10B3C0000E949DCC84E690E090935B0A80935A0A99
:10B3D00080915C0A8093590AE0919B09F0919C0945
:10B3E00083AD94AD9093580A8093570A8134BCE999
:10B3F0009B0708F041C08132EEE49E0708F43FC08D
:10B40000969587959695879524E020935C0A8C0104
:10B41000005211091A830983011528E0120708F464
:10B4200040C0E12FFF27EE0FFF1FEE0FFF1FCF01E0
:10B43000825F944FFC01329645915491AA27059F53
:10B440009001049F210D3A1F06942A1F3A1F1124D0
:10B45000FC0185919491821B930B8436910508F031
:10B4600049C00DEE13E0D8018D918D01882309F4B8
:10B470003BC00E94CA94F7CF80E49CE9C1CF8131E0
:10B48000F7E29F0720F09695879522E0BECF21E056
:10B4900020935C0A8032910508F0B9CF80E290E0F9
:10B4A000B6CF89819A81969587958C7F825F984FD8
:10B4B000FC0125913491FC013296459154916981AA
:10B4C0007A8167707727649FC001659F900D749F94
:10B4D000900D112463E0969587956A95E1F7A9018F
:10B4E000481B590BCA01B9CF89819A810E949DCC12
:10B4F00084E690E0AC0170E060E04093530A509322
:10B50000540A6093550A7093560A90938900809369
:10B510008800E0919B09F0919C0982899389A48914
:10B52000B589B695A79597958795B095A09590956F
:10B5300081959F4FAF4FBF4F80934F0A9093500A12
:10B54000A093510AB093520A80934B0A90934C0AED
:10B55000A0934D0AB0934E0A8093470A9093480AED
:10B56000A093490AB0934A0A8093430A9093440AED
:10B57000A093450AB093460A1092660A1092670A91
:10B580001092680A1092690A80917F0281110E94CC
:10B59000F42520915C0AE0919B09F0919C092223FB
:10B5A00009F48FC282819381A481B5814091430ABD
:10B5B0005091440A6091450A7091460A840F951F84
:10B5C000A61FB71F8093430A9093440AA093450A8D
:10B5D000B093460A181619061A061B0674F48091D1
:10B5E0009809882309F475C09FB7F89480910201E7
:10B5F0008160809302019FBF179AE0919B09F091AF
:10B600009C0986819781A085B1854091470A509118
:10B61000480A6091490A70914A0A840F951FA61F33
:10B62000B71F8093470A9093480AA093490AB093A2
:10B630004A0A181619061A061B060CF4889AE09195
:10B640009B09F0919C0982859385A485B5854091DD
:10B650004B0A50914C0A60914D0A70914E0A840F2A
:10B66000951FA61FB71F80934B0A90934C0AA09377
:10B670004D0AB0934E0A181619061A061B060CF44A
:10B680008B9AE0919B09F0919C0986859785A0890A
:10B69000B18940914F0A5091500A6091510A7091BE
:10B6A000520A840F951FA61FB71F80934F0A9093CD
:10B6B000500AA093510AB093520A181619061A0696
:10B6C0001B06BCF480919809882379F0119A149A8A
:10B6D00010C08181811190CF9FB7F89480910201B1
:10B6E0008160809302019FBF88CF81818111EFCF5C
:10B6F000119A8091430A9091440AA091450AB09111
:10B70000460A181619061A061B06ECF5E0919B0965
:10B71000F0919C094289538964897589841B950B32
:10B72000A60BB70B8093430A9093440AA093450A53
:10B73000B093460A9091080240919D0950919E094C
:10B7400060919F097091A009892F990F990BAA0BFD
:10B75000BB0B840F951FA61FB71F80939D09909365
:10B760009E09A0939F09B093A0098091980988230E
:10B7700009F4C7C09FB7F894809102018E7F80932F
:10B7800002019FBF17988091470A9091480AA091A3
:10B79000490AB0914A0A181619061A061B0684F5BA
:10B7A000E0919B09F0919C094289538964897589CC
:10B7B000841B950BA60BB70B8093470A9093480AFE
:10B7C000A093490AB0934A0A909109024091A109B5
:10B7D0005091A2096091A3097091A409892F990F32
:10B7E000990BAA0BBB0B840F951FA61FB71F809345
:10B7F000A1099093A209A093A309B093A4098898E2
:10B8000080914B0A90914C0AA0914D0AB0914E0A3A
:10B81000181619061A061B0684F5E0919B09F0918B
:10B820009C094289538964897589841B950BA60BF1
:10B83000B70B80934B0A90934C0AA0934D0AB09398
:10B840004E0A90910A024091A5095091A609609173
:10B85000A7097091A809892F990F990BAA0BBB0B07
:10B86000840F951FA61FB71F8093A5099093A60963
:10B87000A093A709B093A8098B9880914F0A909143
:10B88000500AA091510AB091520A181619061A06C8
:10B890001B060CF046C0E0919B09F0919C0942897F
:10B8A000538964897589841B950BA60BB70B80930C
:10B8B0004F0A9093500AA093510AB093520A909164
:10B8C0000B024091A9095091AA096091AB097091AE
:10B8D000AC09892F990F990BAA0BBB0B840F951FED
:10B8E000A61FB71F8093A9099093AA09A093AB093B
:10B8F000B093AC0980919809882379F01198149835
:10B9000010C0818181113ECF9FB7F89480910201D0
:10B910008E7F809302019FBF36CF81818111EFCF4F
:10B9200011988091660A9091670AA091680AB09177
:10B93000690A0196A11DB11D8093660A9093670A5A
:10B94000A093680AB093690A2150E0919B09F09195
:10B950009C09428953896489758984179507A607CC
:10B96000B70708F418CEBB24B394E0919B09F0917B
:10B970009C098091660A9091670AA091680AB0912B
:10B98000690A46895789608D718D481759076A077A
:10B990007B0708F432C14091530A5091540A6091D8
:10B9A000550A7091560A068D178D20A131A1AA273C
:10B9B000419FB12D529FC001629F900D619F800DEC
:10B9C000911D429FB00D811D9A1F519FB00D811D89
:10B9D0009A1F609FB00D811D9A1F509FB10D8A1F45
:10B9E0009A1FB6958A1F9A1F349F800D911D359F0F
:10B9F000900D11249A83898383AD94AD09811A81B6
:10BA0000800F911F9093580A8093570A47A950AD11
:10BA100061AD72ADB0E0A0E0481759076A077B0737
:10BA200020F45093580A4093570A8091570A9091F6
:10BA3000580A81341CE9910708F045C081322EE490
:10BA4000920708F443C0969587959695879524E0CC
:10BA500020935C0A8C01005211091A830983011595
:10BA600028E0120708F444C0E12FFF27EE0FFF1F64
:10BA7000EE0FFF1FCF01825F944FFC01329625919C
:10BA80003491AA27039FA001029F410D5A1F0694DB
:10BA90004A1F5A1F1124FC0125913491241B350B98
:10BAA0002436310508F04BC0FDEEEF2EF3E0FF2EFB
:10BAB000D7018D917D01882309F43BC00E94CA946F
:10BAC000F7CFB12C52CF80E49CE9BDCF813137E272
:10BAD000930720F09695879522E0BACF21E0209336
:10BAE0005C0A8032910508F0B5CF80E290E0B2CFD9
:10BAF00089819A81969587958C7F825F984FFC010A
:10BB000025913491FC0132964591549169817A8155
:10BB100067707727649FC001659F900D749F900D9B
:10BB20001124B3E096958795BA95E1F7281B390B58
:10BB3000B7CF89819A810E949DCC24E630E0809124
:10BB40007F02882309F457C0C901293BBBE03B07AA
:10BB5000C0F068EB7BE00F94DB01883EE3E09E07DA
:10BB600008F046C08854944FA901481B590B70E057
:10BB700060E04093620A5093630A6093640A709392
:10BB8000650A90938900809388008091530A909170
:10BB9000540AA091550AB091560A820F931FA11D15
:10BBA000B11D8093530A9093540AA093550AB09301
:10BBB000560A2091880030918900809184009091EC
:10BBC000850040962817390748F4809184009091A9
:10BBD000850040969093890080938800BB2009F4EB
:10BBE000A3CA10929C0910929B090E9414589CCAE7
:10BBF00088EB9BE0B9CFC901C4CF8091660A9091D0
:10BC0000670AA091680AB091690A428D538D648DCC
:10BC1000758D481759076A077B0708F008C14091DE
:10BC20005D0A50915E0A60915F0A7091600A068D0C
:10BC3000178D20A131A1AA27419FB12D529F7001DC
:10BC4000629FF00C619FE00CF11C429FB00DE11C63
:10BC5000FA1E519FB00DE11CFA1E609FB00DE11C51
:10BC6000FA1E509FB10DEA1EFA1EB695EA1EFA1E84
:10BC7000349FE00CF11C359FF00C11248091570A81
:10BC80009091580AFF964081518162817381E81634
:10BC9000F90650F48E199F096C01F12CE12CC416A1
:10BCA000D506E606F70608F4CA0181341CE99107B7
:10BCB00008F043C081322EE4920708F441C0969503
:10BCC00087959695879524E020935C0A8C01005215
:10BCD00011091A830983011528E0120708F442C0EC
:10BCE000E12FFF27EE0FFF1FEE0FFF1FCF01825F37
:10BCF000944FFC01329625913491AA27039FA0010D
:10BD0000029F410D5A1F06944A1F5A1F1124FC011D
:10BD100025913491241B350B2436310508F049C098
:10BD20008DEEE82E83E0F82ED7018D917D018823DA
:10BD300009F439C00E94CA94F7CF80E49CE9BFCFD0
:10BD4000813137E2930720F09695879522E0BCCFAA
:10BD500021E020935C0A8032910508F0B7CF80E2A1
:10BD600090E0B4CF89819A81969587958C7F825F88
:10BD7000984FFC0125913491FC01329645915491E4
:10BD800069817A8167707727649FC001659F900DF4
:10BD9000749F900D112443E0969587954A95E1F79D
:10BDA000281B390BB9CF89819A810E949DCC24E64A
:10BDB00030E080917F028823C1F1C901293BBBE0BB
:10BDC0003B07B8F068EB7BE00F94DB01883EE3E0D3
:10BDD0009E0740F58854944FA901481B590B70E009
:10BDE00060E04093620A5093630A6093640A709320
:10BDF000650A909389008093880080915D0A9091F4
:10BE00005E0AA0915F0AB091600A820F931FA11D84
:10BE1000B11D80935D0A90935E0AA0935F0AB09370
:10BE2000600AC7CE88EB9BE0D7CFC901E2CF209153
:10BE30005A0A30915B0A80917F028823E9F0293BFE
:10BE4000FBE03F07C8F0C90168EB7BE00F94DB0122
:10BE5000883E03E09007C8F48854944F281B390BA0
:10BE6000A90170E060E04093620A5093630A609316
:10BE7000640A7093650A9C013093890020938800BE
:10BE80008091590A80935C0A94CE88EB9BE0E6CFC0
:10BE900080916E00846051C9CF92DF92EF92FF9241
:10BEA000CF93DF936A017B01EC01FE01849121961F
:10BEB000882319F00E94CA94F8CF4AE0C701B6015E
:10BEC000DF91CF91FF90EF90DF90CF900C94E599A8
:10BED000CF92DF92EF92FF92CF93DF936A017B01C3
:10BEE000EC01FE0184912196882319F00E94CA94E6
:10BEF000F8CF42E0C701B601DF91CF91FF90EF90FC
:10BF0000DF90CF900C9479A70F931F93CF93DF937B
:10BF1000EB018C01F80184910F5F1F4F882319F00A
:10BF20000E94CA94F7CFBE01DD0F880B990BDF91F9
:10BF3000CF911F910F910C94569D0F931F93CF9308
:10BF4000DF93162F072FEC01FE01849121968111BA
:10BF500008C0C12FD02F8991882331F00E94CA9444
:10BF6000FACF0E94CA94F0CFDF91CF911F910F9129
:10BF7000089586E40E9499918093CD09882381F0E9
:10BF80000E944C92BC01990F880B990B0E9473FA86
:10BF900060933F027093400280934102909342026B
:10BFA00083E50E949991882381F00E944C92BC0104
:10BFB000990F880B990B0E9473FA60934702709354
:10BFC00048028093490290934A0282E40E94999128
:10BFD000882381F00E944C92BC01990F880B990B29
:10BFE0000E9473FA60934302709344028093450267
:10BFF0009093460208954F925F926F927F928F9234
:10C000009F92AF92BF92EF92FF920F931F93CF93A5
:10C01000DF93CAEFD9E082EEE82E89E0F82E08EB34
:10C0200014E0412C512C320143946991799189910A
:10C030009991F70181909190A190B1907F010E9418
:10C0400071FAA50194010E94D2FA0F944100F801FF
:10C0500061937193819391938F01461657066806F9
:10C06000790610F42B013C01FAE0CA30DF07E9F64B
:10C070006FEF7FEFCB01A30192010E9491FE20930D
:10C080003F0A3093400A4093410A5093420ADF919D
:10C09000CF911F910F91FF90EF90BF90AF909F9025
:10C0A0008F907F906F905F904F9008950C94FB5FFE
:10C0B0002F923F924F925F926F927F928F929F92B8
:10C0C000AF92BF92CF92DF92EF92FF920F931F93A6
:10C0D000CF93DF9300D01F92CDB7DEB77B016A010B
:10C0E0001901A2EEB9E02D913D914D915C91FC01B9
:10C0F00060817181828193810E94D2FA0F943B0109
:10C100002B013C0109E411E1D8014D925D926D9241
:10C110007C9213972091E6093091E7094091E80954
:10C120005091E909F70160817181828193810E94B8
:10C13000D2FA0F943B014B015C01D80114968D9209
:10C140009D92AD92BC9217972091EA093091EB092C
:10C150004091EC095091ED09F60160817181828175
:10C1600093810E94D2FA0F943B016B017C01D801AC
:10C170001896CD92DD92ED92FC921B972091EE09DC
:10C180003091EF094091F0095091F109F10160817E
:10C190007181828193810E94D2FA0F943B0169835D
:10C1A0007A838B839C83D8011C966D937D938D93AA
:10C1B0009C931F970E947F578FB7F894EDE9F9E0A1
:10C1C000408251826282738284829582A682B78283
:10C1D000C086D186E286F38629813A814B815C81D3
:10C1E00024873587468757878FBF10923511109265
:10C1F00036111092371110923811E9E3F1E180E124
:10C20000DF011D928A95E9F70F900F900F900F9024
:10C21000DF91CF911F910F91FF90EF90DF90CF9022
:10C22000BF90AF909F908F907F906F905F904F9056
:10C230003F902F9008950F931F93CF93DF93C2EEFB
:10C24000D9E00BE21DE0299139914991599160E0C3
:10C2500070E080E89FE30E94C8FFF801619371934A
:10C26000819391938F01F9E0C23FDF0761F723E2E9
:10C270003DE04FE15DE06BE17DE087E19DE00E9404
:10C280005860DF91CF911F910F910C94FB5F0C943C
:10C290001B612F923F924F925F926F927F928F928B
:10C2A0009F92AF92BF92CF92DF92EF92FF920F9345
:10C2B0001F93CF93DF93CDB7DEB7C357D1090FB626
:10C2C000F894DEBF0FBECDBF3B014A015901EFA676
:10C2D000FEAE0BAF1CAF3C2C2091E2093091E3097C
:10C2E0004091E4095091E509DC016D917D918D91BA
:10C2F0009C910E94D2FA0F943B01AC966CAF7DAF3B
:10C300008EAF9FAFAC972091E6093091E70940913D
:10C31000E8095091E909F30160817181828193817B
:10C320000E94D2FA0F943B01E0966CAF7DAF8EAFC6
:10C330009FAFE0972091EA093091EB094091EC0919
:10C340005091ED09D4016D917D918D919C910E9448
:10C35000D2FA0F943B01E4966CAF7DAF8EAF9FAFE6
:10C36000E4972091EE093091EF094091F009509146
:10C37000F109F50160817181828193810E94D2FA75
:10C380000F943B0165966CAF7DAF8EAF9FAF659705
:10C390008091491190914A11A0914B11B0914C118B
:10C3A000AC96CCACDDACEEACFFACAC97C81AD90AFD
:10C3B000EA0AFB0A80914D1190914E11A0914F1104
:10C3C000B0915011E0964CAC5DAC6EAC7FACE09798
:10C3D000481A590A6A0A7B0A49A65AA66BA67CA67D
:10C3E0008091511190915211A0915311B09154111B
:10C3F000E4964CAC5DAC6EAC7FACE497481A590A3D
:10C400006A0A7B0A4BAA5CAA6DAA7EAA8091B7042D
:10C4100083FF0EC065964CAC5DAC6EAC7FAC65978F
:10C4200040925511509256116092571170925811C6
:10C430008091551190915611A0915711B0915811BA
:10C4400065964CAC5DAC6EAC7FAC6597481A590AEA
:10C450006A0A7B0A09F470C0832D0E94999488238C
:10C4600039F165964CAC5DAC6EAC7FAC6597409293
:10C4700055115092561160925711709258110EED4D
:10C480001DE3F80184910F5F1F4F81110BC003EF73
:10C4900016E0F80184910F5F1F4F882331F00E944E
:10C4A000CA94F7CF0E94CA94ECCF412C512C320190
:10C4B0005301420177FE07C088249924540184184F
:10C4C0009508A608B7086091EE097091EF09809170
:10C4D000F0099091F1090F943A009B01AC01A8EC8E
:10C4E000B0E00E94B3FE681579058A059B053CF50E
:10C4F00065964CAC5DAC6EAC7FAC659740925511C7
:10C500005092561160925711709258110EED1DE322
:10C51000F80184910F5F1F4F81110BC004ED16E0ED
:10C52000F80184910F5F1F4F882331F00E94CA9455
:10C53000F7CF0E94CA94ECCF412C512C3201D70185
:10C54000C6018827B7FD83959927AA27BB27182FEF
:10C5500029A53AA54BA55CA557FD12608BA99CA9FE
:10C56000ADA9BEA9B7FD146077FC1860A32CB12C4F
:10C57000C501880F991F880F991FDC01A050BE4F7D
:10C580004D01C301B2010E9473FAF401208131818F
:10C59000428153810E94D2FA2B013C01F501EE0F3A
:10C5A000FF1FEC5EFD4F60817181072E000C880B30
:10C5B000990B0E9473FA9B01AC01C301B2010E9466
:10C5C000D2FA2AE037ED43E25CE30E94D2FA4B0153
:10C5D0005C0120E030E0A9010F942E011816FCF454
:10C5E00020E030E040E05FE3C501B4010E94CEFEF0
:10C5F0000F943A006FAB78AF89AF9AAF8091591121
:10C600008F5F8F706A968FAF6A9780915A116A9682
:10C610004FAC6A9784110CC00E94C9A1F6CFA50146
:10C62000940160E070E080E09FE30E94CDFEE0CFE7
:10C630005090591167965FAE6797652C712C7EA656
:10C640006DA60DE4509EF0011124E853FB4F1082BB
:10C6500012A3D701C601F7FE07C088279927DC017E
:10C660008C199D09AE09BF0982839383A483B58386
:10C670008DE44DA45EA4849DF001859DF00D1124F0
:10C68000E853FB4F89A59AA5ABA5BCA5B7FF07C08A
:10C69000B095A095909581959F4FAF4FBF4F8683E2
:10C6A0009783A087B1878DE46DA47EA4869DF00159
:10C6B000879DF00D1124E853FB4F8BA99CA9ADA9D0
:10C6C000BEA9B7FF07C0B095A095909581959F4FE3
:10C6D000AF4FBF4F82879387A487B5878DE40DA5A1
:10C6E0001EA5809FF001819FF00D1124E853FB4FA0
:10C6F0004FA858AC69AC7AAC46865786608A718A76
:10C70000428153816481758106811781208531853D
:10C71000041715072607370714F48A019B018DE4D7
:10C720006DA47EA4869DF001879DF00D1124E85331
:10C73000FB4F82859385A485B58580179107A20755
:10C74000B30714F40C945E6D4FA858AC69AC7AAC86
:10C7500084159505A605B70514F00C94696DD301F1
:10C76000C2010C94696D129880E280933D0A909109
:10C770009809992319F0159880933E0A80913E0AF2
:10C78000811101C0159A30900E0A20900F0A009175
:10C79000100A1091110A2FA53EAD4BAD5CAD632D73
:10C7A000722DC8010F942E01181624F03FA42EAC50
:10C7B0000BAD1CADC701B6010E9473FA20912B0D81
:10C7C00030912C0D40912D0D50912E0D0E94D2FADA
:10C7D0002B013C0149825A826B827C8269A57AA531
:10C7E0008BA59CA50E9473FA20912F0D3091300DDE
:10C7F0004091310D5091320D0E94D2FA69A77AA76B
:10C800008BA79CA76D837E838F8398876BA97CA958
:10C810008DA99EA90E9473FA2091330D3091340D99
:10C820004091350D5091360D0E94D2FA6B017C017A
:10C83000C986DA86EB86FC862091370D3091380D5B
:10C840004091390D50913A0DC501B4010E94D2FAC0
:10C850006D877E878F87988B2DE44DA55EA5249FDD
:10C86000F001259FF00D1124E853FB4F8280938047
:10C87000A480B58056E085169104A104B104ACF4FF
:10C8800086809780A084B184A6E08A169104A104D2
:10C89000B1045CF482849384A484B5849F77B6E069
:10C8A0008B169104A104B10484F1A3019201C30188
:10C8B000B2010E94D2FA2B013C0129A53AA54BA551
:10C8C0005CA5CA01B9010E94D2FA9B01AC01C30167
:10C8D000B2010E94CEFE4B015C01A7019601C70187
:10C8E000B6010E94D2FA9B01AC01C501B4010E94BD
:10C8F000CEFE0F947C012DE44DA45EA4249DF00196
:10C90000259DF00D1124E853FB4F67A770AB81AB59
:10C9100092AB8DE46DA47EA4869DF001879DF00D01
:10C920001124E853FB4F27A530A941A952A960E083
:10C9300070E080E89FE30E94C8FF2D966CAF7DAF4A
:10C940008EAF9FAF2D979B01AC01632D722DC80157
:10C950000E94D2FA6B017C018091591190915A1179
:10C96000891B8F7029968FAF2997A701960160E0E8
:10C9700074E284E799E40E94C8FF0F943B014B01E5
:10C980005C0129968FAD29978250863008F042C00D
:10C990008091B3049091B404A091B504B091B60411
:10C9A00088169906AA06BB06A8F5BC01CD01681930
:10C9B00079098A099B09660F771F881F991F299695
:10C9C0007FAC2997272D30E050E040E00E9491FE97
:10C9D000CA01B9010E9471FA0F943A00680D791DDD
:10C9E0008A1D9B1D0E9471FA9B01AC0160E074E2FC
:10C9F00084E799E40E94C8FF6B017C01AC019B01B4
:10CA000060E074E284E799E40E94C8FF0F943B0160
:10CA10004B015C018FB7F8944091E90C5091EA0CFE
:10CA20006091EB0C7091EC0C840E951EA61EB71E47
:10CA30008092E90C9092EA0CA092EB0CB092EC0C74
:10CA40008FBF8DE44DA45EA4849D8001859D100D53
:10CA5000112408531B4FD8019F964D905D906D9007
:10CA60007C90D2976E964CAE5DAE6EAE7FAE6E97FA
:10CA7000A3019201C701B6010E94D2FA24966CAFBD
:10CA80007DAF8EAF9FAF2497F80163A374A385A3F6
:10CA900096A3428853886488758849A65AA66BA6CF
:10CAA0007CA6C301B2010E9471FA6BAB7CAB8DAB6B
:10CAB0009EAB9B01AC01C701B6010E94D2FA0E9455
:10CAC000ACFF0F94410028966CAF7DAF8EAF9FAF47
:10CAD0002897F80167AB70AF81AF92AF8E010F5FFF
:10CAE0001F4F1DAF0CAF005F1F4F1FAF0EAF02E116
:10CAF0001AE02F961FAF0EAF2F974EAC5FAC61962A
:10CB00005FAE4EAE6197212C312C00E80FA71FE3DA
:10CB10001BAFACADBDAD2D913D914D915D91BDAFC4
:10CB2000ACAFC701B6010E94D2FA6196EEADFFAD7F
:10CB3000619761937193819391936196FFAFEEAF8B
:10CB400061974B015C01E894B7F82F96AEADBFAD8D
:10CB50002F974D905D906D907D902F96BFAFAEAFAB
:10CB60002F97A5019401C301B2010E946CFA87FFBF
:10CB700012C0A5019401C301B2010E94C8FF5B016C
:10CB80008C0191014FA55BAD0E946CFA87FF03C039
:10CB900015010FA71BAF4EAC5FAC6CAC7DAC46145F
:10CBA000570409F0B6CF20E030E040E85FE3B10180
:10CBB0008FA59BAD0E946CFA87FF4BC0620100E11C
:10CBC000C00ED11C7201D7012D913D914D915D9107
:10CBD0007D018D0104501109B1018FA59BAD0E940B
:10CBE000D2FAF8016083718382839383CE14DF04C9
:10CBF00051F78DE44DA45EA4849D8001859D100DA8
:10CC0000112408531B4F24962CAD3DAD4EAD5FADA6
:10CC10002497B1018FA59BAD0E94D2FAD8019396BB
:10CC20006D937D938D939C93969728966CAD7DAD77
:10CC30008EAD9FAD28970E9471FA91014FA55BAD13
:10CC40000E94D2FA0F944100F80167AB70AF81AF38
:10CC500092AF2D962CAD3DAD4EAD5FAD2D976BA92E
:10CC60007CA98DA99EA90E94D2FA6FA778AB89AB47
:10CC70009AAB8DE44DA45EA4849DF001859DF00DDA
:10CC80001124E853FB4F82809380A480B5808114E7
:10CC90009104A104B10429F586819781A085B1850D
:10CCA000892B8A2B8B2BE9F482859385A485B58506
:10CCB000892B8A2B8B2BA9F42091F6093091F70947
:10CCC0004091F8095091F9096FA578A989A99AA905
:10CCD0000E94D2FA0E94ACFF0F9441006B017C01CC
:10CCE00009C14FA858AC69AC7AAC452846284728FA
:10CCF00009F47CC46091320A7091330A8091340A3D
:10CD00009091350A2FA538A949A95AA90E94D2FAAB
:10CD10000E94ACFF0F9441006B017C0180913F0A9F
:10CD20009091400AA091410AB091420A49A45AA4A4
:10CD30006BA47CA484159505A605B70508F45FC40B
:10CD400081149104A104B10421F16091B80470919F
:10CD5000B9048091BA049091BB046C157D058E05D1
:10CD60009F05B8F4A30192010E9481FE2B013C01B2
:10CD7000A5019401C701B6010E9481FE461657061F
:10CD80006806790630F4C301B2010E9491FE690180
:10CD90007A018DE46DA47EA4869DF001879DF00D3F
:10CDA0001124E853FB4F86809780A084B1848114BE
:10CDB0009104A104B10441F16091BC047091BD04DF
:10CDC0008091BE049091BF046C157D058E059F0572
:10CDD000D8F429A53AA54BA55CA50E9481FE2B019C
:10CDE0003C01A7019601C501B4010E9481FE4616CF
:10CDF00057066806790640F4C301B201A501940103
:10CE00000E9491FE69017A018DE40DA51EA5809F07
:10CE1000F001819FF00D1124E853FB4F828493842D
:10CE2000A484B58481149104A104B10441F16091FA
:10CE3000C0047091C1048091C2049091C3046C1528
:10CE40007D058E059F05D8F429A53AA54BA55CA5BF
:10CE50000E9481FE2B013C01A7019601C501B4018E
:10CE60000E9481FE461657066806790640F4C30103
:10CE7000B201A50194010E9491FE69017A018DE43D
:10CE80004DA45EA4849DF001859DF00D1124E8530E
:10CE9000FB4F86849784A088B18881149104A104F3
:10CEA000B10441F16091C4047091C5048091C6043D
:10CEB0009091C7046C157D058E059F05D8F429A5B2
:10CEC0003AA54BA55CA50E9481FE2B013C01A70160
:10CED0009601C501B4010E9481FE461657066806F8
:10CEE000790640F4C301B201A50194010E9491FEAC
:10CEF00069017A018DE46DA47EA4869D8001879DE1
:10CF0000100D112408531B4FF801ED5BFF4FC08239
:10CF1000D182E282F382C701B6010E9471FA6B01ED
:10CF20007C012FA538A949A95AA90E94C8FFA29639
:10CF30006CAF7DAF8EAF9FAFA297D801D3966D93A4
:10CF40007D938D939C93D69720E030E040E85BE49E
:10CF5000C701B6010E94D2FA20E034E244EF59E45E
:10CF60000E94C8FF0F943A00F801668F778F80A364
:10CF700091A343A04FAA54A059A665A06BAA76A07E
:10CF80007FA602E21AE0A8961FAF0EAFA8974EAC9C
:10CF90005FAC10E1410E511C52E2252E5AE0352EB5
:10CFA0006EAC7FAC0FA90BAF19A51CAF0BA92196D6
:10CFB0000FAF21971FA525961FAF259710E0D3012E
:10CFC0008D909D90AD90BD903D01E894B7F8F10132
:10CFD000C190D190E190F1901F01A7019601C50188
:10CFE000B4010F942E0118166CF5112309F419C41D
:10CFF000A70196016FA979A58BA99FA50E94D2FAD6
:10D000006B017C012BAD3CAD21964FAD2197259650
:10D010005FAD2597C501B4010E94D2FAA701960120
:10D020000F942E01181674F4A5019401C701B601DE
:10D030000E94C8FF6BAF7CAF21968FAF21972596DA
:10D040009FAF25974614570409F0B9CF29960FAD25
:10D050002997023008F445C41091351129961FAF65
:10D060002997409036112A964FAE2A975090371143
:10D070002E965FAE2E976090381160966FAE6097D7
:10D0800027E137EB41ED58E3612F742D852D962D67
:10D090000F942E0118160CF024C42FA939A54BA902
:10D0A0005FA5612F742D852D962D0F942E011816D6
:10D0B0000CF0C1C3212F342D452D562D6FA979A514
:10D0C0008BA99FA50E94C8FFA6966CAF7DAF8EAFBF
:10D0D0009FAFA6972FA839A40BA91FA529E331E17B
:10D0E00069963FAF2EAF6997412C512C40E8642ED2
:10D0F0004FE3742E66961FAE66976996AEADBFADD0
:10D1000069978D909D90AD90BD906996BFAFAEAF81
:10D110006997EEADFFADC190D190E190F190FFAF76
:10D12000EEAF2FA939A54BA95FA529966FAD299719
:10D130002A967FAD2A972E968FAD2E9760969FAD3B
:10D1400060970F942E01181664F4A6962CAD3DAD91
:10D150004EAD5FADA697C501B4010E94D2FA4B0156
:10D160005C016696FFAD6697FF2381F0A3019201F3
:10D17000C501B4010E94D2FA4B015C01A3019201E6
:10D18000C701B6010E94D2FA6B017C01A70196018A
:10D19000C501B4010F942E0120E030E0A90118165A
:10D1A0000CF07EC3C701B6010F942E0118164CF087
:10D1B00020E030E0A901C501B4010E946CFA87FFAC
:10D1C0005FC3A7019601C501B4010E94CDFE6B01AA
:10D1D0007C01A896AEADBFADA8978D909D90AD9007
:10D1E000BD90A896BFAFAEAFA897A5019401C701A7
:10D1F000B6010F942E011816ACF4A7019601C501D3
:10D20000B4010E94C8FF9B01AC01C301B2010E949E
:10D21000D2FA2B013C016696BFAD6697BF5F66965A
:10D22000BFAF6697E9E4F1E169962EAD3FAD69972E
:10D23000E217F30709F061CF66963FAD6697332397
:10D2400041F0A3019201B101C8010E94D2FA1B0171
:10D250008C0124EA30E74DE75FE3B101C8010E9489
:10D26000D2FA6B017C01AC019B016091390A70918B
:10D270003A0A80913B0A90913C0A0F942E011816AD
:10D280001CF5A70196016BAD7CAD21968FAD219762
:10D2900025969FAD25970F942E011816ACF48DE4BA
:10D2A0004DA45EA4849DF001859DF00D1124E853EA
:10D2B000FB4F8081846080832BAC3CAC21960FAD0A
:10D2C000219725961FAD25978DE44DA45EA4849DDE
:10D2D000F001859DF00D1124E853FB4FC101D801E9
:10D2E00083A794A7A5A7B6A7A2966CAD7DAD8EAD7A
:10D2F0009FADA29790589B01AC010E94CEFE6E9606
:10D300002CAD3DAD4EAD5FAD6E970E94D2FA9B0144
:10D31000AC016BE077ED83E29BE30E94CDFE0F94BE
:10D320007C016B017C019101A8010F942E0118165C
:10D3300014F0160187018DE46DA47EA4869DF00192
:10D34000879DF00D1124E853FB4FC101D80187A33D
:10D3500090A7A1A7B2A7B0809601A7016FA979A550
:10D360008BA99FA50E946CFA18160CF4C3C283E027
:10D370003DE4F32E4DA45EA4F49CF001F59CF00D69
:10D380001124E853FB4FB82AB08280E1FE01719668
:10D39000A9E3B1E101900D928A95E1F78FA999A5D2
:10D3A000ABA9BFA58093351190933611A093371187
:10D3B000B09338118BAD9CAD2196AFAD21972596DA
:10D3C000BFAD25978093390A90933A0AA0933B0A00
:10D3D000B0933C0A2FA939A54BA95FA5BC01CD018B
:10D3E0000E94C8FF6DA37EA38FA398A72FA939A57C
:10D3F0004BA95FA5B101C8010E94C8FF69A37AA328
:10D400008BA39CA367965FAC67975F9CC0011124B8
:10D41000AE014B5D5F4FBE016F5D7F4F88539B4FE9
:10D420000E945F296A966FAC6A9760925911AC9618
:10D430004CAC5DAC6EAC7FACAC9740924911509255
:10D440004A1160924B1170924C11E0964CAC5DAC5D
:10D450006EAC7FACE09740924D1150924E116092AD
:10D460004F1170925011E4964CAC5DAC6EAC7FAC39
:10D47000E497409251115092521160925311709260
:10D48000541165964CAC5DAC6EAC7FAC6597409228
:10D490005511509256116092571170925811809107
:10D4A000591190915A11891B8F70843008F424C24D
:10D4B00050905A115DA68091591183508F70F82EAB
:10D4C000912C812C10E000E06DA46F1409F414C2BB
:10D4D0000115110521F0D8018C9182FD0DC2FA943D
:10D4E000BF2DBF70FB2EEDE4BE02C00111249C01D4
:10D4F00028533B4F59010115110509F474C08114DB
:10D50000910409F470C0D8019B967C909B979C96DF
:10D51000CC909C979D96DC909D979E96EC909E97C4
:10D5200097962D913D914D915C919A97672D7C2D09
:10D530008D2D9E2D0E946CFA882309F454C0F801A9
:10D54000608061FC44C0D40197962D903D904D9031
:10D550005C909A97A2019101672D7C2D8D2D9E2DB7
:10D560000E946CFA18169CF5A2019101C201B1014A
:10D570000E94D2FA1B012C01F80163A974A985A9A4
:10D5800096A990589B01AC010E94CEFED8019F96AF
:10D590002D913D914D915C91D2970E94D2FA9B01C1
:10D5A000AC01C201B1010E94CDFE0F947C012B01A0
:10D5B0004C019B01AC01672D7C2D8D2D9E2D0E9471
:10D5C0006CFA87FD04C0742CC52CD82CE92C872D4F
:10D5D0009C2DAD2DBE2DF80187A390A7A1A7B2A7C2
:10D5E000862D81608083480185016ECF6091F209AC
:10D5F0007091F3098091F4099091F50983CB81141E
:10D600009104A104B104A9F16091B8047091B90426
:10D610008091BA049091BB046C157D058E059F0521
:10D6200040F50E9471FA2BA93CA94DA95EA90E9460
:10D63000D2FA2B013C01C501B4010E9473FA4B01DF
:10D640005C01C701B6010E9471FAA50194010E9414
:10D65000D2FAA30192010F942E01181654F4A501D9
:10D660009401C301B2010E94C8FF0F9441006B01F5
:10D670007C018DE46DA47EA4869DF001879DF00D54
:10D680001124E853FB4F4680578060847184411415
:10D69000510461047104A9F16091BC047091BD044E
:10D6A0008091BE049091BF046C157D058E059F0589
:10D6B00040F50E9471FA2BA93CA94DA95EA90E94D0
:10D6C000D2FA4B015C01C301B2010E9473FA2B0133
:10D6D0003C01C701B6010E9471FAA30192010E94A8
:10D6E000D2FAA50194010F942E01181654F4A30147
:10D6F0009201C501B4010E94C8FF0F9441006B0163
:10D700007C018DE40DA51EA5809FF001819FF00D89
:10D710001124E853FB4F428453846484758441147C
:10D72000510461047104A9F16091C0047091C104B5
:10D730008091C2049091C3046C157D058E059F05F0
:10D7400040F50E9471FA2BA93CA94DA95EA90E943F
:10D75000D2FA4B015C01C301B2010E9473FA2B01A2
:10D760003C01C701B6010E9471FAA30192010E9417
:10D77000D2FAA50194010F942E01181654F4A301B6
:10D780009201C501B4010E94C8FF0F9441006B01D2
:10D790007C018DE44DA45EA4849DF001859DF00D77
:10D7A0001124E853FB4F86849784A088B1888114A4
:10D7B0009104A104B10409F49DCB6091C40470915B
:10D7C000C5048091C6049091C7046C157D058E0533
:10D7D0009F0508F08FCB0E9471FA2BA93CA94DA997
:10D7E0005EA90E94D2FA2B013C01C501B4010E943E
:10D7F00073FA4B015C01C701B6010E9471FAA501E1
:10D8000094010E94D2FAA30192010F942E011816DE
:10D810000CF070CBA5019401C301B2010E94C8FFB6
:10D820005BCACBAEDCAE2196EFAE21972596FFAE5C
:10D83000259711E007CC2FA939A54BA95FA52996FB
:10D840006FAD29972A967FAD2A972E968FAD2E978A
:10D8500060969FAD60970E94C8FFA6966CAF7DAFA3
:10D860008EAF9FAFA69729962FAC29972A963FACEB
:10D870002A972E960FAD2E9760961FAD60972ECCEF
:10D88000F7FAF094F7F8F094A7019601C501B401F6
:10D890000F942E0118160CF09CCC7501640199CCE4
:10D8A000C701B6010E946CFA87FD09C020E030E094
:10D8B000A901C501B4010F942E0118162CF4A5017D
:10D8C0009401C701B60181CCB7FAB094B7F8B0940F
:10D8D000A5019401C701B6010E946CFA87FF79CCBB
:10D8E000DCCF8DE46DA47EA4869DF001879DF00DB4
:10D8F0001124DDCC81E03CCD10915A11F12C00E0D7
:10D9000090E080E02DE4E22E209159112117C1F022
:10D910001E9D90011124A90148535B4F6A01009795
:10D9200041F0DC012C9121FD04C06F2D702F0E946D
:10D93000F1281F5F1F708F2D902FFC2C0D2DE4CF31
:10D94000009741F0FC01208121FD04C06F2D702F54
:10D950000E94F128F0905A1110E000E08DE4E82ECA
:10D960008F2D0F2C000C990B209159112817190697
:10D9700009F455C0FF2D4E2DF40290011124D90158
:10D98000A853BB4F6D010115110509F442C0F80100
:10D99000208120FD0AC0E89EF001E99EF00D1124CF
:10D9A000E853FB4F208120FF34C0D80193968D901F
:10D9B0009D90AD90BC909697E89EF001E99EF00D89
:10D9C0001124E853FB4FA501940167A170A581A51F
:10D9D00092A50E94C8FF69A37AA38BA39CA3A5016B
:10D9E0009401F80167A170A581A592A50E94C8FFC6
:10D9F0006DA37EA38FA398A7AE014F5D5F4FBE01BD
:10DA00006B5D7F4FC8010E945F29D8018C918E7F8A
:10DA10008C93F394BF2DBF70FB2E8601A1CF01150F
:10DA2000110569F1F801C3A0D4A0E5A0F6A0A701F3
:10DA300096016DEC7CEC8CE49DE30E94C8FF69A329
:10DA40007AA38BA39CA3A7019601D80197966D9109
:10DA50007D918D919C919A970E94C8FF6DA37EA3A2
:10DA60008FA398A7AE014F5D5F4FBE016B5D7F4FE7
:10DA7000C8010E945F29F80180818E7F8083809198
:10DA80006F00826080936F00CD58DF4F0FB6F8941F
:10DA9000DEBF0FBECDBFDF91CF911F910F91FF90E1
:10DAA000EF90DF90CF90BF90AF909F908F907F903E
:10DAB0006F905F904F903F902F9008958FA998ADF1
:10DAC000A9ADBAAD80179107A207B30714F4D90125
:10DAD000C8012DE40DA51EA5209FF001219FF00D8A
:10DAE0001124E853FB4F828B938BA48BB58B069745
:10DAF000A105B10548F2DF01A95BBF4F8091CE09B6
:10DB00009091CF098D939C933182452B462B472BC7
:10DB100049F09FB7F89480910B018D7F80930B01A2
:10DB20009FBFA2988DE44DA45EA4849DF001859DC5
:10DB3000F00D1124E853FB4F86819781A085B185B4
:10DB4000892B8A2B8B2B09F089988DE46DA47EA4F8
:10DB5000869DF001879DF00D1124E853FB4F8285CF
:10DB60009385A485B585892B8A2B8B2B41F09FB794
:10DB7000F894809108018E7F809308019FBF4FA881
:10DB800058AC69AC7AAC45284628472819F18091F1
:10DB90003D0A882319F0815080933D0A80913E0A06
:10DBA000882319F0815080933E0A332011F40C949D
:10DBB000B3635524539435100C94C363159880E2D5
:10DBC00080933E0A80913D0A81110C94C363129A9E
:10DBD0000C94C36330900A0A20900B0A00910C0A3F
:10DBE00010910D0A0C94CB63AF92BF92CF92DF924B
:10DBF000EF92FF920F931F93CF93DF93C82F0EEDF9
:10DC00001DE3882359F00EEB16E0F80184910F5FB5
:10DC10001F4F882361F00E94CA94F7CFF8018491C6
:10DC20000F5F1F4F882379F30E94CA94F7CF8AE0D1
:10DC30000E94CA940EED1DE3CC2359F000EA16E0D1
:10DC4000F80184910F5F1F4F882361F00E94CA94EE
:10DC5000F7CFF80184910F5F1F4F882379F30E945B
:10DC6000CA94F7CF8AE00E94CA94C1112CC00EED6D
:10DC70001DE37801F7018491FFEFEF1AFF0A81118C
:10DC80000EC0DDE8ED2ED6E0FD2EF7018491FFEF0A
:10DC9000EF1AFF0A882331F00E94CA94F6CF0E943F
:10DCA000CA94E8CF8091360AB2E8EB2EB6E0FB2E9C
:10DCB000882329F18AE00E94CA94F80184910F5FB9
:10DCC0001F4F8111F8CF40914B0250914C0260914F
:10DCD0004D0270914E0289E796E00E94685F8AE0EB
:10DCE0000E94CA94C11115C00EED1DE3F801849184
:10DCF0000F5F1F4F882369F00E94CA94F7CFF70186
:10DD00008491FFEFEF1AFF0A8823B9F20E94CA94A8
:10DD1000F6CF40914F0250915002609151027091A4
:10DD200052028DE696E00E94685F8AE00E94CA94E3
:10DD30008091360A811118C00EED1DE3CC2359F0F5
:10DD400002E616E0F80184910F5F1F4F882361F00F
:10DD50000E94CA94F7CFF80184910F5F1F4F882368
:10DD600079F30E94CA94F7CFC11124C00EED1DE3D0
:10DD70007801F7018491FFEFEF1AFF0A81110EC0BD
:10DD8000A1E5EA2EA6E0FA2EF7018491FFEFEF1A43
:10DD9000FF0A882331F00E94CA94F6CF0E94CA94E9
:10DDA000E8CFF80184910F5F1F4F882319F00E947C
:10DDB000CA94F7CF4091E2095091E3096091E409D8
:10DDC0007091E50989E496E00E94685F4091E60958
:10DDD0005091E7096091E8097091E90986E496E0BD
:10DDE0000E94685F4091EA095091EB096091EC094B
:10DDF0007091ED0983E496E00E94685F4091EE091E
:10DE00005091EF096091F0097091F10980E496E07A
:10DE10000E94685F8AE00E94CA94C11124C00EED7E
:10DE20001DE37801F7018491FFEFEF1AFF0A8111DA
:10DE30000EC0F2E2EF2EF6E0FF2EF7018491FFEF25
:10DE4000EF1AFF0A882331F00E94CA94F6CF0E948D
:10DE5000CA94E8CFF80184910F5F1F4F882319F00F
:10DE60000E94CA94F7CF4091120A5091130A609110
:10DE7000140A7091150A89E196E00E94685F40914A
:10DE8000160A5091170A6091180A7091190A86E1D2
:10DE900096E00E94685F40911A0A50911B0A6091B7
:10DEA0001C0A70911D0A83E196E00E94685F409110
:10DEB0001E0A50911F0A6091200A7091210A80E188
:10DEC00096E00E94685F8AE00E94CA94C11124C053
:10DED0000EED1DE37801F7018491FFEFEF1AFF0AC1
:10DEE00081110EC0EEEEEE2EE5E0FE2EF7018491DC
:10DEF000FFEFEF1AFF0A882331F00E94CA94F6CF91
:10DF00000E94CA94E8CFF80184910F5F1F4F8823C5
:10DF100019F00E94CA94F7CF4091FA095091FB0979
:10DF20006091FC097091FD0985EE95E00E944C5FBF
:10DF30004091FE095091FF096091000A7091010A19
:10DF400082EE95E00E944C5F4091020A5091030AD4
:10DF50006091040A7091050A8FED95E00E944C5F74
:10DF60004091060A5091070A6091080A7091090AC7
:10DF70008CED95E00E944C5F8AE00E94CA94C1112A
:10DF800024C00EED1DE37801F7018491FFEFEF1A35
:10DF9000FF0A81110EC072E9E72E75E0F72EF70136
:10DFA0008491FFEFEF1AFF0A882331F00E94CA9490
:10DFB000F6CF0E94CA94E8CFF80184910F5F1F4FFB
:10DFC000882319F00E94CA94F7CF4091320A5091E9
:10DFD000330A6091340A7091350A89E895E00E940D
:10DFE000685F4091F6095091F7096091F8097091C6
:10DFF000F90986E895E00E94685F4091F209509126
:10E00000F3096091F4097091F50983E895E00E94A5
:10E01000685F8AE00E94CA94C11124C00EED1DE31E
:10E020007801F7018491FFEFEF1AFF0A81110EC00A
:10E030006FE0E62E65E0F62EF7018491FFEFEF1A10
:10E04000FF0A882331F00E94CA94F6CF0E94CA9436
:10E05000E8CFF80184910F5F1F4F882319F00E94C9
:10E06000CA94F7CF40910E0A50910F0A6091100A9E
:10E070007091110A86E095E00E94685F40910A0A5B
:10E0800050910B0A60910C0A70910D0A83E095E0A3
:10E090000E94685F4091B3045091B4046091B5044C
:10E0A0007091B60480E095E00E944C5F4091220A96
:10E0B0005091230A6091240A7091250A8DEF94E013
:10E0C0000E94685F4091260A5091270A6091280AB1
:10E0D0007091290A8AEF94E00E94685F40912A0AB1
:10E0E00050912B0A60912C0A70912D0A87EF94E0D1
:10E0F0000E94685F40912E0A50912F0A6091300A69
:10E100007091310A84EF94E00E94685F8AE00E9477
:10E11000CA94C11124C00EED1DE37801F70184916A
:10E12000FFEFEF1AFF0A81110EC056EEE52E54E004
:10E13000F52EF7018491FFEFEF1AFF0A882331F0E3
:10E140000E94CA94F6CF0E94CA94E8CFF801849145
:10E150000F5F1F4F882319F00E94CA94F7CF409198
:10E160000B0D50910C0D60910D0D70910E0D8DEDFC
:10E1700094E00E94685F40910F0D5091100D6091E6
:10E18000110D7091120D8AED94E00E94685F40912C
:10E19000130D5091140D6091150D7091160D87EDB2
:10E1A00094E00E94685F8AE00E94CA94C111D8C0BE
:10E1B0000EED1DE37801F7018491FFEFEF1AFF0ADE
:10E1C00081110EC046ECE42E44E0F42EF701849158
:10E1D000FFEFEF1AFF0A882331F00E94CA94F6CFAE
:10E1E0000E94CA94E8CFF80184910F5F1F4F8823E3
:10E1F00009F4B6C00E94CA94F6CF0E94CA94F801EE
:10E2000084910F5F1F4F8111F8CF07E914E0F801E7
:10E2100084910F5F1F4F882319F00E94CA94F7CF93
:10E22000F7018491FFEFEF1AFF0A882309F4CDC0AC
:10E230000E94CA94F5CF01E010E0D5C00E94CA94B4
:10E24000FBC010E000E0B8018DE694E00E94845F1E
:10E250004091330250913402609135027091360240
:10E260008AE694E00E94685F2CEA35EC47E25EE3C0
:10E2700060913B0270913C0280913D0290913E0280
:10E280000E94C8FFAB01BC0187E694E00E94685F72
:10E290002CEA35EC47E25EE3609137027091380278
:10E2A0008091390290913A020E94D2FAAB01BC01EE
:10E2B00084E694E00E94685F8AE00E94CA9401307C
:10E2C000110509F4C9C001E010E0BDCFF801849147
:10E2D0000F5F1F4F882319F00E94CA94F7CF409117
:10E2E00033025091340260913502709136028BE511
:10E2F00094E00E94685F2CEA35EC47E25EE36091AF
:10E300003B0270913C0280913D0290913E020E943E
:10E31000C8FFAB01BC0188E594E00E94685F2CEA6D
:10E3200035EC47E25EE360913702709138028091EC
:10E33000390290913A020E94D2FAAB01BC0185E504
:10E3400094E00E94685F8AE0DF91CF911F910F9166
:10E35000FF90EF90DF90CF90BF90AF900C94CA9455
:10E3600061E070E08DEB94E00E94845F40919F0437
:10E370005091A0046091A1047091A2048AEB94E0F2
:10E380000E94685F4091A7045091A8046091A9047D
:10E390007091AA0487EB94E00E94685F4091AF04FB
:10E3A0005091B0046091B1047091B20484EB94E098
:10E3B0000E94685F8AE00E94CA948EEDE82E8DE389
:10E3C000F82E8701CC2309F41ACF9AEDA92E99E0F3
:10E3D000B92E26EDC22E29E0D22E3EEDE32E39E0F5
:10E3E000F32E10E000E0B8018EE894E00E94845F14
:10E3F000F501619171915F018BE894E00E94845F67
:10E40000F601619171916F0188E894E00E94845F48
:10E41000F701619171917F0185E894E00E94845F2A
:10E420008AE00E94CA940130110509F004CFC1119D
:10E4300008CF0EED1DE3E801FE01849121968111C4
:10E44000FDCEC6E7D4E0FE0184912196882309F42D
:10E450003DCF0E94CA94F7CFDF91CF911F910F91CA
:10E46000FF90EF90DF90CF90BF90AF9008958F9284
:10E470009F92AF92BF92CF92DF92EF92FF920F9353
:10E480001F93CF93DF93CDB7DEB7C854D1090FB632
:10E49000F894DEBF0FBECDBF80E1EFEDF2E0DE010C
:10E4A000599601900D928A95E1F780E1EFEEF2E046
:10E4B000DE01999601900D928A95E1F780E1EFEFE8
:10E4C000F2E0DE01D99601900D928A95E1F7FE0106
:10E4D000799602EE19E06E0189E2C80ED11C62E164
:10E4E0007AE0AE01475C5F4F8AEF99E076019F01C9
:10E4F00081909190A190B190D8018D929D92AD9212
:10E50000BD928D01D6018D909D90AD90BD906D0115
:10E51000DB018D929D92AD92BD92BD01DA018D908D
:10E520009D90AD90BD90AD01DC018D929D92AD921C
:10E53000BD92CD01EE15FF05D9F680E090E0AAEF7F
:10E54000B4E48093320A9093330AA093340AB093D0
:10E55000350A80E090E8ABE3B5E48093F609909348
:10E56000F709A093F809B093F9098093F209909301
:10E57000F309A093F409B093F50910920E0A1092D2
:10E580000F0A1092100A1092110A80E29EE4A0E095
:10E59000B0E08093B3049093B404A093B504B09317
:10E5A000B60410920A0A10920B0A10920C0A1092EA
:10E5B0000D0A80E090E0A0EAB1E48093220A9093F3
:10E5C000230AA093240AB093250A8093260A9093E5
:10E5D000270AA093280AB093290A8DEC9CECACEC96
:10E5E000BEE380932A0A90932B0AA0932C0AB0933F
:10E5F0002D0A80E090E0A0EAB0E480932E0A909388
:10E600002F0AA093300AB093310AEBE0FDE08CE0D2
:10E61000DF011D928A95E9F7FE01319688E1DF015D
:10E620001D928A95E9F780E090E0A0E0BFE38D8736
:10E630009E87AF87B88BABE9B4E04081518162819E
:10E6400073814D935D936D937C93139744815581B2
:10E650006681778114964D935D936D937C931797A4
:10E66000389618962E173F0741F78EEB90E090935F
:10E67000DB098093DA0981EE90E09093DD098093C5
:10E68000DC098CE390E09093D7098093D6098AE562
:10E6900090E09093D9098093D80980E690E0909318
:10E6A000DF098093DE091092E1091092E0098AE9FE
:10E6B00099E9A1EBB1E48093330290933402A093E3
:10E6C0003502B093360286EA91E3A5E3BEE3809378
:10E6D0003B0290933C02A0933D02B0933E0280E443
:10E6E00093EFADE2B4E48093370290933802A093A5
:10E6F0003902B0933A021092360A80E090E0A0E42A
:10E70000B0E480934B0290934C02A0934D02B093DF
:10E710004E0280934F0290935002A0935102B09307
:10E72000520210927F0210929A040E940A820EED09
:10E730001DE3F80184910F5F1F4F81110BC002E3AD
:10E7400014E0F80184910F5F1F4F882331F00E947D
:10E75000CA94F7CF0E94CA94ECCFC85BDF4F0FB6C4
:10E76000F894DEBF0FBECDBFDF91CF911F910F9107
:10E77000FF90EF90DF90CF90BF90AF909F908F90E1
:10E7800008952F923F924F925F926F927F928F9255
:10E790009F92AF92BF92CF92DF92EF92FF920F9330
:10E7A0001F93CF93DF93CDB7DEB7C655D1090FB610
:10E7B000F894DEBF0FBECDBF2DB73EB765963FAF15
:10E7C0002EAF659784E690E029969FAF8EAF29978C
:10E7D0001092990444E050E0BE016F5B7F4FCE0180
:10E7E000895B9F4F0E94D98142E050E0BE01675B88
:10E7F0007F4FCE01895B9F4F0E94D98143E050E05B
:10E80000BE016F5B7F4F8FE093E00F949702892BDF
:10E8100009F460C022968FAD2297863539F08FE3D8
:10E8200022968FAF229723961FAE23970EED1DE3FE
:10E83000F80184910F5F1F4F81110BC009E114E0B3
:10E84000F80184910F5F1F4F882331F00E94CA9412
:10E85000F7CF0E94CA94ECCFBE016F5B7F4F80E17F
:10E8600094E00E949D5F02E014E0F80184910F5F44
:10E870001F4F882319F00E94CA94F7CF0E94377265
:10E8800080E00E94F46D9091990481E0892765965B
:10E890002EAD3FAD65970FB6F8943EBF0FBE2DBFAE
:10E8A000CA5ADF4F0FB6F894DEBF0FBECDBFDF915F
:10E8B000CF911F910F91FF90EF90DF90CF90BF907D
:10E8C000AF909F908F907F906F905F904F903F9010
:10E8D0002F9008956DB67EB621961CAE1DAE1EAE6D
:10E8E0001FAE2197109298041092970441E050E0D7
:10E8F000BE016E5A7F4FCE01895B9F4F0E94D98126
:10E9000080E1EFEDF2E0DE01919601900D928A95A3
:10E91000E1F780E1EFEEF2E0DE01519601900D9219
:10E920008A95E1F780E1EFEFF2E08E010F5F1F4F74
:10E93000D80101900D928A95E1F76396CFAC639769
:10E94000D12CF3E0CF0ED11CCC0CDD1CCC0CDD1C8B
:10E950002DB73EB72C193D090FB6F8943EBF0FBE38
:10E960002DBF8DB79EB701964C01EDB7FEB7EC19E0
:10E97000FD090FB6F894FEBF0FBEEDBF2DB73EB731
:10E980002F5F3F4F59018DB79EB78C199D090FB668
:10E99000F8949EBF0FBE8DBFEDB7FEB731967F01D5
:10E9A000A601B401CE01895B9F4F0E94D981A601C7
:10E9B000B501CE01895B9F4F0E94D981A601B701A5
:10E9C000CE01895B9F4F0E94D98163962FAD6397DB
:10E9D00030E02E5F3F4F8AEF99E067969FAF8EAF92
:10E9E000679762E17AE0A2EEB9E090E080E050E063
:10E9F00040E06401241735072CF4F1E2CF2ED12C2E
:10EA0000CC0EDD1EC80ED91EF6012080318042805A
:10EA100053802D923D924D925D92650124173507EA
:10EA20002CF4E1E1CE2ED12CCC0EDD1EC80ED91E69
:10EA3000F6012080318042805380FB012192319287
:10EA400041925192BF016701241735070CF4680108
:10EA5000C80ED91EF601208031804280538067960F
:10EA6000EEADFFAD67972192319241925192679638
:10EA7000FFAFEEAF67974F5F5F4F0496443051058D
:10EA800009F0B7CF44E050E062E37AE0CE01895B61
:10EA90009F4F0E94D98144E050E066EF79E0CE01BB
:10EAA000895B9F4F0E94D98144E050E062EF79E09A
:10EAB000CE01895B9F4F0E94D98144E050E06EE017
:10EAC0007AE0CE01895B9F4F0E94D98144E050E0FB
:10EAD0006AE07AE0CE01895B9F4F0E94D98144E0D1
:10EAE00050E063EB74E0CE01895B9F4F0E94D981B7
:10EAF00040E150E062E27AE0CE01895B9F4F0E94E4
:10EB0000D9814CE050E06BE07DE0CE01895B9F4F06
:10EB10000E94D98144E050E06FE974E0CE01895B46
:10EB20009F4F0E94D98144E050E067EA74E0CE0133
:10EB3000895B9F4F0E94D98144E050E06FEA74E006
:10EB4000CE01895B9F4F0E94D98144E050E0BE0115
:10EB5000635C7F4FCE01895B9F4F0E94D98141E06A
:10EB600050E0BE016F5A7F4FCE01895B9F4F0E94DC
:10EB7000D98144E050E0BE01635C7F4FCE01895BE8
:10EB80009F4F0E94D98141E050E0BE01605B7F4F02
:10EB9000CE01895B9F4F0E94D98141E050E0BE01C8
:10EBA000615B7F4FCE01895B9F4F0E94D981619647
:10EBB0000FAD619760968FAD6097089F800111241B
:10EBC0000150110944E050E0BE010F3F100741F031
:10EBD000635C7F4FCE01895B9F4F0E94D981F0CF4C
:10EBE000675C7F4FCE01895B9F4F0E94D9811AE0FD
:10EBF000115059F044E050E0BE01635C7F4FCE01FC
:10EC0000895B9F4F0E94D981F3CF41E050E0BE0164
:10EC1000625B7F4FCE01895B9F4F0E94D98141E0AB
:10EC200050E0BE01635B7F4FCE01895B9F4F0E9426
:10EC3000D98144E050E0BE016B5C7F4FCE01895B1F
:10EC40009F4F0E94D98144E050E0BE016F5C7F4F2E
:10EC5000CE01895B9F4F0E94D9812F960FAD2F97D0
:10EC60002E968FAD2E97089F800111240150110917
:10EC700058F044E050E0BE01635C7F4FCE01895BF9
:10EC80009F4F0E94D981F2CF41E050E0BE01645B0A
:10EC90007F4FCE01895B9F4F0E94D98144E050E0B5
:10ECA000BE01635C7F4FCE01895B9F4F0E94D9817B
:10ECB00041E050E0BE01655B7F4FCE01895B9F4F15
:10ECC0000E94D98121961CAE1DAE1EAE1FAE2197AB
:10ECD0001DE0115044E050E049F0BE01635C7F4FFD
:10ECE000CE01895B9F4F0E94D981F3CF6AED79E015
:10ECF000CE01895B9F4F0E94D98144E050E066EDD0
:10ED000079E0CE01895B9F4F0E94D98144E050E0B9
:10ED10006EED79E0CE01895B9F4F0E94D98110E0B2
:10ED200044E050E0BE01635C7F4FCE01895B9F4FA2
:10ED30000E94D981123008F4B9C044E050E0BE010D
:10ED4000635C7F4FCE01895B9F4F0E94D98144E075
:10ED500050E0BE01635C7F4FCE01895B9F4F0E94F4
:10ED6000D98144E050E0BE01635C7F4FCE01895BF6
:10ED70009F4F0E94D9811F5F153091F642E050E00D
:10ED8000BE016B5B7F4FCE01895B9F4F0E94D98193
:10ED900044E050E0BE01635C7F4FCE01895B9F4F32
:10EDA0000E94D98144E050E0BE01635C7F4FCE01F8
:10EDB000895B9F4F0E94D98144E050E0BE01635CB3
:10EDC0007F4FCE01895B9F4F0E94D98142E050E086
:10EDD000BE016B5C7F4FCE01895B9F4F0E94D98142
:10EDE00041E050E066E37AE0CE01895B9F4F0E94EC
:10EDF000D9818BE4E82E82E0F82E10E044E050E068
:10EE0000BE01635C7F4FCE01895B9F4F0E94D98119
:10EE1000123058F421968CAD9DADAEADBFAD2197AB
:10EE2000F70180839183A283B3831F5FF4E0EF0E29
:10EE3000F11C153019F71BE042E050E0BE016F5C99
:10EE40007F4FCE01895B9F4F0E94D9811150A1F75E
:10EE500044E050E0BE01635C7F4FCE01895B9F4F71
:10EE60000E94D98144E050E0BE01635C7F4FCE0137
:10EE7000895B9F4F0E94D98120919704309198041B
:10EE80002B968EAD9FAD2B9708EA1DE32817390707
:10EE900009F062C080919904882379F10E94377249
:10EEA0000FB6F8947EBE0FBE6DBEEACC2196CCACF8
:10EEB000DDACEEACFFAC219720E030E84BE355E44D
:10EEC000C701B6010E946CFA882309F436CFC092BC
:10EED0003302D0923402E0923502F092360244E0DE
:10EEE00050E06BE372E0CE01895B9F4F0E94D981B5
:10EEF00044E050E067E372E02FCF0E940A820EEDFB
:10EF00001DE3F80184910F5F1F4F81110AC00FE0CC
:10EF100013E0F80181918F01882331F00E94CA9497
:10EF2000F8CF0E94CA94EDCF29966EAD7FAD299798
:10EF30006456710985EE93E00E94845F0CED13E046
:10EF4000F80184910F5F1F4F882309F4A9CF0E9415
:10EF5000CA94F6CF0E94CA94F80184910F5F1F4FA4
:10EF60008111F8CF02EC13E0F80184910F5F1F4F7D
:10EF7000882309F493CF0E94CA94F6CF8F929F9270
:10EF8000AF92BF92CF92DF92EF92FF920F931F93B7
:10EF9000CF93DF93CDB7DEB7AA970FB6F894DEBF55
:10EFA0000FBECDBF19821A821B821C828091010480
:10EFB00090910204A0910304B09104048D839E8378
:10EFC000AF83B88784E690E09C8F8B8F1092960475
:10EFD00044E050E0BE016B5F7F4FCE014B960E9434
:10EFE000D1948B8D9C8D02969C8F8B8F1092980460
:10EFF0001092970481E08BA341E050E0BE016D5D6B
:10F000007F4FCE014B960E94D19440E150E062EEDA
:10F0100079E0CE014B960E94D19440E150E062E14C
:10F020007AE0CE014B960E94D19440E150E06AEF25
:10F0300079E0CE014B960E94D19444E050E062E327
:10F040007AE0CE014B960E94D19444E050E066EF06
:10F0500079E0CE014B960E94D19444E050E062EFFB
:10F0600079E0CE014B960E94D19444E050E06EE0EE
:10F070007AE0CE014B960E94D19444E050E06AE0E1
:10F080007AE0CE014B960E94D19444E050E063EBCD
:10F0900074E0CE014B960E94D19440E150E062E2D0
:10F0A0007AE0CE014B960E94D1944CE050E06BE0A8
:10F0B0007DE0CE014B960E94D19444E050E06FE990
:10F0C00074E0CE014B960E94D19444E050E067EA90
:10F0D00074E0CE014B960E94D19444E050E06FEA78
:10F0E00074E0CE014B960E94D19480E090E0A0E2C3
:10F0F000B1E489879A87AB87BC8744E050E0BE01C2
:10F10000675F7F4FCE014B960E94D1941CA219825B
:10F110001A821B821C8283E08DA38EA341E050E003
:10F12000BE016C5D7F4FCE014B960E94D19444E0AE
:10F1300050E0BE016F5F7F4FCE014B960E94D1948D
:10F1400041E050E0BE016B5D7F4FCE014B960E94C7
:10F15000D19441E050E0BE016A5D7F4FCE014B96F5
:10F160000E94D1941AE0115051F044E050E0BE01E9
:10F170006F5F7F4FCE014B960E94D194F4CF1D86D6
:10F180001E861F86188A44E050E0BE01635F7F4FF1
:10F19000CE014B960E94D19419821A821B821C8246
:10F1A0001AE0115051F044E050E0BE016F5F7F4F14
:10F1B000CE014B960E94D194F4CF83E08FA388A711
:10F1C000198A1A8A1B8A1C8A1D8A1E8A1F8A188E0F
:10F1D00019821A821B821C8241E050E0BE01695DE7
:10F1E0007F4FCE014B960E94D19441E050E0BE018A
:10F1F000685D7F4FCE014B960E94D19444E050E071
:10F20000BE016B5E7F4FCE014B960E94D19444E0CD
:10F2100050E0BE016F5E7F4FCE014B960E94D194AD
:10F220000AE010E00150110951F044E050E0BE0145
:10F230006F5F7F4FCE014B960E94D194F3CF19A6FA
:10F2400019821A821B821C828FEF8AA741E050E04C
:10F25000BE01675D7F4FCE014B960E94D19444E082
:10F2600050E0BE016F5F7F4FCE014B960E94D1945C
:10F2700041E050E0BE01665D7F4FCE014B960E949B
:10F28000D19419821A821B821C821DE0115044E025
:10F2900050E041F0BE016F5F7F4FCE014B960E9460
:10F2A000D194F4CF6AED79E0CE014B960E94D194CF
:10F2B00044E050E066ED79E0CE014B960E94D19497
:10F2C00044E050E06EED79E0CE014B960E94D1947F
:10F2D00010E0C12C20E8D22E2BE3E22E25E4F22E02
:10F2E000812C912C30E8A32E3FE3B32E123008F08E
:10F2F000DFC044E050E063E372E0CE014B960E9431
:10F30000D19444E050E06BE372E0CE014B960E9452
:10F31000D19444E050E067E372E0CE014B960E9446
:10F32000D19489829A82AB82BC8244E050E0BE01D3
:10F330006F5F7F4FCE014B960E94D1941F5F1530B7
:10F34000A9F684E190E09E8F8D8F42E050E0BE01EF
:10F35000635E7F4FCE014B960E94D19480E090E88F
:10F36000ABE3B5E489839A83AB83BC8344E050E08C
:10F37000BE016F5F7F4FCE014B960E94D19444E057
:10F3800050E0BE016F5F7F4FCE014B960E94D1943B
:10F3900044E050E0BE016F5F7F4FCE014B960E946C
:10F3A000D19480E290E098A38F8F42E050E0BE01BC
:10F3B000615E7F4FCE014B960E94D19441E050E0B8
:10F3C00066E37AE0CE014B960E94D1949BE4E92E4D
:10F3D00092E0F92E10E0123048F4F701808191811B
:10F3E000A281B38189839A83AB83BC8344E050E0DC
:10F3F000BE016F5F7F4FCE014B960E94D1941F5F7D
:10F40000F4E0EF0EF11C153031F71AA219A21BE03F
:10F4100042E050E0BE016F5D7F4FCE014B960E94EF
:10F42000D1941150A9F719821A821B821C8244E0E0
:10F4300050E0BE016F5F7F4FCE014B960E94D1948A
:10F4400044E050E0BE016F5F7F4FCE014B960E94BB
:10F45000D19480919604811161C08091970490911C
:10F4600098049A8F898F0B8D1C8D84E690E09C8F79
:10F470008B8F44E050E06FE073E0CE014B960E942A
:10F48000D19442E050E0BE01675E7F4FCE014B96C3
:10F490000E94D1948EEDE82E8DE3F82EF701849131
:10F4A000FFEFEF1AFF0A882339F10E94CA94F6CFC2
:10F4B000C982DA82EB82FC8244E050E0BE016F5FD9
:10F4C0007F4FCE014B960E94D19419821A821B82E3
:10F4D0001C8244E050E0BE016F5F7F4FCE014B962F
:10F4E0000E94D19444E050E0BE016F5F7F4FCE0197
:10F4F0004B960E94D19419CFB8016456710980EBE4
:10F5000093E00E94845F07EA13E0F80184910F5FA3
:10F510001F4F882319F00E94CA94F7CF9091960448
:10F5200081E08927AA960FB6F894DEBF0FBECDBF43
:10F53000DF91CF911F910F91FF90EF90DF90CF90CF
:10F54000BF90AF909F908F900895FF920F931F935D
:10F55000CF93DF931092F20C8091490D90914A0D58
:10F56000A0914B0DB0914C0D81309048A105B10593
:10F5700040F01092490D10924A0D10924B0D1092CE
:10F580004C0D6091490D70914A0D80914B0D9091F9
:10F590004C0D25E030E040E050E00E9491FEC22F8B
:10F5A0008091290B1816F4F4482F082E000C550BE7
:10F5B00041505109022E000C330B2417350794F0EB
:10F5C000CFEFC80F25E0C29FC0011124092E000C07
:10F5D000AA0BBB0B8093490D90934A0DA0934B0D42
:10F5E000B0934C0D1092E30C8091E20CC81714F408
:10F5F000C093E20C8091E20C082E000C990B04964B
:10F600002C2F0C2E000C330B8217930724F48CEF55
:10F610008C0F8093E20CD091E20C1D2F05E00D0FB2
:10F62000FD2EF194D1111FC080918802882349F0EA
:10F6300081E0C11180E024E041E55CE16F2D0E9492
:10F64000AFE38091F40C882339F1C11125C00E94E9
:10F65000372C8091E30C8823F9F0DF91CF911F9133
:10F660000F91FF900895D130F1F4809188028823A2
:10F6700059F06D2F611B81E0C13009F080E023E07B
:10F6800045E45CE10E94AFE38091F40C882321F013
:10F6900082E997E3C13009F1DF5F0D13C3CF87E043
:10F6A0008093290BDACFD23009F068C080918802AC
:10F6B000882359F06D2F611B81E0C23009F080E092
:10F6C00023E04AE35CE10E94AFE38091F40C8823DD
:10F6D00019F3C23009F784E692E30E9444E7B9CFF8
:10F6E00080918802882359F06D2F611B81E0C3301F
:10F6F00009F080E023E040E35CE10E94AFE3809109
:10F70000F40C882349F287E890E3C33029F6E5CF6B
:10F7100080918802882359F06D2F611B81E0C430ED
:10F7200009F080E020E240E25CE10E94AFE38091DA
:10F73000F40C882309F4B0CFC43009F0ADCF0E9497
:10F74000BE770E94DD2685CF80918802882359F0FC
:10F750006D2F611B81E0C53009F080E020E241E1BE
:10F760005CE10E94AFE38091F40C882309F494CF0C
:10F77000C53009F091CF0E94C173E3CFD33009F4B3
:10F78000AFCFD43029F2D530F9F2D63009F084CF9A
:10F7900080918802882359F06D2F611B81E0C6306B
:10F7A00009F080E020E24FEF5BE10E94AFE380913F
:10F7B000F40C882309F470CFC63009F06DCF0E9495
:10F7C00037720E9480E345CF8F929F92AF92BF9293
:10F7D000CF92DF92EF92FF920F931F93CF93DF931D
:10F7E000F82E1092F20C8091490D90914A0DA09143
:10F7F0004B0DB0914C0D81309048A105B10540F002
:10F800001092490D10924A0D10924B0D10924C0D12
:10F810006091490D70914A0D80914B0D90914C0D66
:10F8200025E030E040E050E00E9491FEC22F809140
:10F83000330B1816F4F4482F082E000C550B4150CA
:10F840005109022E000C330B2417350794F0CFEF2B
:10F85000C80F35E0C39FC0011124092E000CAA0B6C
:10F86000BB0B8093490D90934A0DA0934B0DB09321
:10F870004C0D1092E30C8091E20CC81714F4C09365
:10F88000E20C8091E20C082E000C990B04962C2FB0
:10F890000C2E000C330B8217930724F48CEF8C0F83
:10F8A0008093E20CD091E20C8F2D90E0880F991F8D
:10F8B0009C012652364F59019C012252364F690154
:10F8C0009C012A52364F79011D2F35E0932E9D0E53
:10F8D0008D2E8194D11128C080918802882349F00F
:10F8E00081E0C11180E024E04CEA5DE1682D0E94D6
:10F8F000AFE38091F40C882309F4A2C0C111A0C029
:10F900000E94372C8091E30C882309F499C0DF9181
:10F91000CF911F910F91FF90EF90DF90CF90BF900C
:10F92000AF909F908F900895D13029F580918802F3
:10F93000882379F0C6010E94F1E19C016D2F611BC3
:10F9400081E0C13009F080E000E041EA5DE10E9421
:10F950001A308091F40C882309F472C0C13009F088
:10F960006FC02FEF30E050E040E0B60186E99DE146
:10F970000E9433E9C7CFD23009F05EC0809188027F
:10F98000882379F0C5010E94F1E19C016D2F611B74
:10F9900081E0C23009F080E000E04DE85DE10E94C6
:10F9A0001A308091F40C882309F44AC0C23009F05F
:10F9B00047C02BEE30E045E050E0B50184E89DE122
:10F9C000D7CF80918802882379F0C7010E94F1E1A6
:10F9D0009C016D2F611B81E0C33009F080E000E0E5
:10F9E00049E75DE10E941A308091F40C882341F1CF
:10F9F000C33031F529E630E045E050E0B7018EE64E
:10FA00009DE1B6CF80918802882359F06D2F611B4C
:10FA100081E0C43009F080E020E24EE55DE10E9423
:10FA2000AFE38091F40C882359F0C43049F40E946C
:10FA3000BE770E94DD2666CFD33019F2D43011F3A1
:10FA4000DF5FD91147CF85E08093330B60CF81E032
:10FA50000C94E47B80E00C94E47BCF92DF92EF92F5
:10FA6000FF92CF93DF93EC01C0902602D090270243
:10FA7000E0902802F0902902A7019601688179811F
:10FA80008A819B810E946CFA87FF04C0C882D98258
:10FA9000EA82FB82C0902A02D0902B02E0902C02D6
:10FAA000F0902D02A70196016C817D818E819F814E
:10FAB0000E946CFA87FF04C0CC82DD82EE82FF8256
:10FAC000C0902E02D0902F02E0903002F0903102D0
:10FAD000A7019601688579858A859B850E946CFAC5
:10FAE00087FF04C0C886D986EA86FB86C0901A02C2
:10FAF000D0901B02E0901C02F0901D02A70196011D
:10FB0000688179818A819B810F942E01181624F4D3
:10FB1000C882D982EA82FB82C0901E02D0901F0266
:10FB2000E0902002F0902102A70196016C817D8176
:10FB30008E819F810F942E01181624F4CC82DD82D1
:10FB4000EE82FF82C0902202D0902302E090240235
:10FB5000F0902502A7019601688579858A859B85A5
:10FB60000F942E01181624F4C886D986EA86FB86DF
:10FB7000DF91CF91FF90EF90DF90CF900895129A90
:10FB8000159A08959FB7F894EBE0F1E080818260C8
:10FB900080839FBFA29AE8E0FDE01082899A1182DB
:10FBA0009FB7F894A8E0B1E08C9181608C939FBFDF
:10FBB00012820C94BF7DCF92DF92EF92FF92CF938F
:10FBC000C091360AC0904B02D0904C02E0904D029A
:10FBD000F0904E02CC2309F467C020E030E0A90188
:10FBE000C701B6010E946CFA882309F45DC020E0C9
:10FBF00030E040E05FE3C701B6010E94D2FA9B010A
:10FC0000AC010E94D2FA2BED3FE049E450E40E949F
:10FC1000D2FA9B01AC0160E070E080E89FE30E94B3
:10FC2000C8FF6093000270930102809302029093D8
:10FC30000302C0904F02D0905002E0905102F09029
:10FC40005202CC23B1F120E030E0A901C701B60196
:10FC50000E946CFA882369F120E030E040E05FE325
:10FC6000C701B6010E94D2FA9B01AC010E94D2FAF0
:10FC70002BED3FE049E450E40E94D2FA9B01AC0135
:10FC800060E070E080E89FE30E94C8FF6093040298
:10FC9000709305028093060290930702CF91FF9024
:10FCA000EF90DF90CF90089560E070E080E89FE3F0
:10FCB000B8CF60E070E080E89FE3E8CF80E1E7E163
:10FCC000FDE0A2EDBCE001900D928A95E1F7089568
:10FCD00080E1E2EDFCE0A7E1BDE001900D928A95A4
:10FCE000E1F70895FC0165917591859194910895CE
:10FCF00083E395E30E94727E2091C60C3091C70C7D
:10FD00004091C80C5091C90C0E94CEFE0895CF922C
:10FD1000DF92EF92FF92892B31F4FF90EF90DF900A
:10FD2000CF900C94787EC0909F04D090A004E09077
:10FD3000A104F090A20420E030E0A901C701B601BF
:10FD40000F942E0118163CF0C12C80E8D82E83EBBE
:10FD5000E82E83E4F82E2091C60C3091C70C409118
:10FD6000C80C5091C90CC701B6010E94CEFEFF908D
:10FD7000EF90DF90CF9008954F925F926F927F92B5
:10FD80008F929F92AF92BF92CF92DF92EF92FF92AB
:10FD9000CF93DF935C01EC01CC0FDD1FCC0FDD1F97
:10FDA000FE01E55FF24F20E030E0A9016081718142
:10FDB000828193810E94CEFEFE01E653F44F2081A2
:10FDC0003181428153810E94CEFE6B017C01CA5376
:10FDD000D34FC882D982EA82FB82AB28D9F58090C2
:10FDE0009F049090A004A090A104B090A20420E0F1
:10FDF00030E843EB53E4C501B4010F942E0118160B
:10FE00003CF0812C80E8982E83EBA82E83E4B82E5A
:10FE10008091CC09882369F120E030E048EC51E47E
:10FE2000C701B6010E94CEFE60932602709327029E
:10FE30008093280290932902A7019601C501B4017D
:10FE40000E94CEFE60931A0270931B0280931C02E4
:10FE500090931D02DF91CF91FF90EF90DF90CF90B4
:10FE6000BF90AF909F908F907F906F905F904F90DA
:10FE7000089580915F02909160020297A1F580E55C
:10FE80009DE20E94727E9B01AC01C701B6010E94F7
:10FE9000CEFE6093260270932702809328029093EF
:10FEA000290284E49DE20E94727E2B013C01209194
:10FEB0005702309158024091590250915A02C5019F
:10FEC000B4010E94CDFE4B015C01A30192010F948D
:10FED0002E0118160CF0B0CF84E49DE20E94727ED1
:10FEE0004B015C01A9CF80E59DE20E94727E9B01DF
:10FEF000AC01C701B6010E94CEFE6093260270934A
:10FF00002702809328029093290284E49DE20E94B4
:10FF1000727E9B01AC01C701B60192CF0F931F9374
:10FF2000CF93DF938C01FC01EF53F64F81E0808388
:10FF3000F801E85FF24F8083E801CC0FDD1FCC0FA2
:10FF4000DD1FFE01E653F44F1082118212821382EC
:10FF5000C8010E94BC7E012BD9F48091CC0981306C
:10FF600039F020915F02309160022230310581F436
:10FF700090E00E94877E6093170D7093180D809318
:10FF8000190D90931A0DDF91CF911F910F91089544
:10FF9000CE018D5C9A4C0E94727E9B01AC018E0159
:10FFA000095E124FCA53D34F688179818A819B8140
:10FFB0000E94CEFEF8016083718382839383E3CF36
:10FFC0008F929F92AF92BF92EF92FF920F931F93E7
:10FFD000CF93DF938C014A015B01EC01CC0FDD1F55
:10FFE000CC0FDD1FCE01895E924F7C01C55FD24FE1
:10FFF000288139814A815B81CB01B4010E94CDFE09
:020000021000EC
:10000000F70120813181428153810E94CEFEF701A8
:10001000608371838283938388829982AA82BB8260
:10002000C801DF91CF911F910F91FF90EF90BF908A
:10003000AF909F908F900C94BC7E089590E080E0EC
:1000400008958FB7F8949091640C2091630C291750
:1000500069F0E92FF0E0ED51F44F208130E09F5F2F
:100060009F779093640C8FBFC90108952FEF3FEFE6
:10007000FACFCF92EF92FF920F931F93E09061021D
:10008000F09062020091630210916402C090CC096A
:1000900023E23DE04FE15DE06BE17DE087E19DE043
:1000A0000E9449611F910F91FF90EF90CF900895AA
:1000B0002F923F924F925F926F927F928F929F9278
:1000C000AF92BF92CF92DF92EF92FF920F931F9366
:1000D000CF93DF9300D01F92CDB7DEB71C017A8398
:1000E00069838A013C832B834090610250906202B5
:1000F0006090630270906402FA0180809180A28017
:10010000B380A501940160911F0D7091200D809125
:10011000210D9091220D0E946CFA87FF27C0EB8180
:10012000FC81C080D180E280F38020E030E0A90132
:10013000C701B6010E946CFA811106C0C12CD12CF6
:1001400020E2E22E21E4F22EC0926102D0926202FD
:10015000E0926302F092640280921F0D9092200D53
:10016000A092210DB092220D0E943980EB81FC817A
:10017000C080D180E280F38020E030E0A901C70197
:10018000B6010E946CFA811107C095E5C92EDC2CDE
:1001900095E0E92E93E4F92EC0926102D0926202BA
:1001A000E0926302F0926402F10180819181A28168
:1001B000B3818093170D9093180DA093190DB093F0
:1001C0001A0DE981FA8180819181A281B3818093A6
:1001D0001B0D90931C0DA0931D0DB0931E0D0E943E
:1001E0003980F80180809180A280B380A5019401BC
:1001F00060911F0D7091200D8091210D9091220D25
:100200000F942E0118163CF5EB81FC81C080D18043
:10021000E280F38020E030E0A901C701B6010E942E
:100220006CFA811106C0C12CD12C80E2E82E81E449
:10023000F82EC0926102D0926202E0926302F092C4
:10024000640280921F0D9092200DA092210DB09219
:10025000220D0E9439800E947F5740926102509285
:10026000620260926302709264020F900F900F908E
:100270000F90DF91CF911F910F91FF90EF90DF9042
:10028000CF90BF90AF909F908F907F906F905F9036
:100290004F903F902F9008958091D60B9091D70B5F
:1002A0004AE050E070E060E001960E9488F797FD18
:1002B0001EC08091D60B9091D70B4AE050E070E0C1
:1002C00060E001960E9488F76F3F710581059105F6
:1002D00009F07CF48091D60B9091D70B4AE050E066
:1002E00070E060E001960E9488F7862F089580E014
:1002F00008958FEF0895E091D60BF091D70B81818F
:10030000DF01129621E030E0803221F42F5F3F4F71
:100310008D91FACF8D3211F08B3231F42F5F3F4F38
:10032000DF01A20FB31F8C918E3219F4E20FF31F7D
:100330008181805391E08A3030F40E944C8191E0B9
:10034000811101C090E0892F08958091D60B909182
:10035000D70B4AE050E070E060E001960C94B6F8EC
:100360000F931F93CF93DF93C091D60BD091D70BF0
:1003700065E470E0CE010F947C028C01CE01019601
:100380000115110541F470E060E0DF91CF911F91FC
:100390000F910C942AF6F801108270E060E00E9440
:1003A0002AF625E4F8012083DF91CF911F910F9168
:1003B0000895EF92FF920F931F93CF93DF937C01E9
:1003C000EB018B01040F151FF701808191810E94C1
:1003D00049FE90919904911101C08883209197045E
:1003E00030919804820F932F911D909398048093DD
:1003F0009704F701808191810196918380832196F2
:10040000C017D10709F7DF91CF911F910F91FF908E
:10041000EF9008950E94FB5F0E941B610E94DB7DAC
:1004200090E080E00E94BC7E81E090E00E94BC7E73
:1004300082E090E00C94BC7EFC0120E03EE2DB0117
:100440004D91BD01403249F0283011F4308331968E
:10045000DB0111974C91408331962F5F2B3079F758
:100460001082089561E0FC0180810C94F5D28EBD6C
:100470000DB407FEFDCF08958FEF8EBD0DB407FEBE
:10048000FDCF8EB508958F929F92AF92BF92EF925B
:10049000FF920F931F93CF937C01C62F49015A01FE
:1004A000FC019281892F806A86958CBD90FD03C0E6
:1004B00081E0963009F480E08DBD60E0F701808135
:1004C0000E94F5D28CE291E00E9437D48C2F806498
:1004D0000E94378208E110E0D501C401002E04C05B
:1004E000B695A795979587950A94D2F70E9437827B
:1004F00008501109083FFFEF1F0771F785E9CC236A
:1005000021F087E8C83009F08FEF0E943782CC30A5
:1005100011F40E943C82C0E00E943C82F701838378
:1005200087FF04C0CF3F11F0CF5FF6CFCF911F916F
:100530000F91FF90EF90BF90AF909F908F90089594
:100540000F931F93CF93DF93EC0189018C8183304C
:1005500039F089E0440F551F661F771F8A95D1F740
:100560009A01AB0168E1CE010E944382882319F011
:1005700086E089833AC08EEF8EBDF801C8019E5F88
:100580000DB407FEFDCF20812EBD0DB407FEFDCFBB
:1005900021812EBD3296E817F90791F70DB407FEB9
:1005A000FDCF8FEF0E9437828FEF0E9437820E942B
:1005B0003C828B838F71853099F488E592E00E94AC
:1005C00037D4182F87E11123A1F220E030E0A901F0
:1005D0006DE0CE010E944382882361F086E1C9CF9D
:1005E00083E18983CE010E943282CE010E94328251
:1005F00010E007C00E943C828111F0CFCE010E9422
:100600003282812FDF91CF911F910F910895CF9367
:1006100080916E0FC1E08823A1F04091660F509148
:10062000670F6091680F7091690F26E63DE0809139
:100630006F0F9091700F0E94A082C82F811104C08B
:10064000C0E08C2FCF91089540916A0F50916B0FAD
:1006500060916C0F70916D0F411551056105710529
:1006600091F026E63DE080916F0F9091700F0E940F
:10067000A082882329F310926A0F10926B0F1092B8
:100680006C0F10926D0F10926E0FDBCF2F923F9276
:100690004F925F926F927F928F929F92AF92BF9292
:1006A000CF92DF92EF92FF920F931F93CF93DF933E
:1006B000EC012A013B0169018C81833039F069E04A
:1006C000440C551C661C771C6A95D1F743E0342E08
:1006D000560181E0A81A8EEFB80A4601EEEF9E1A85
:1006E0005FE0252EA301920161E1CE010E944382C9
:1006F00081117AC00E942BD48B010E943C828B8393
:100700008F3FF9F40E942BD4601B710B6D32714046
:10071000A0F381E18983CE010E9432828FEF0E9493
:1007200037823A94CE01332009F461C00E943282AC
:1007300020E030E0A9016CE0CE010E9443821982E2
:10074000D1CF8E3F11F02982E6CF8FEF8EBDD6013B
:10075000F6010DB407FEFDCF9EB591938EBDEA154F
:10076000FB05B9F70DB407FEFDCF8EB5F50180830B
:10077000F12CE12C8D91EF2DFF27E827EE0FFF1FC5
:10078000E458FA4C85919491FE2CEE24E826F92643
:10079000A815B90579F70E943C82082F10E0102FA8
:1007A00000270E943C82082B0E151F0519F0F0E26D
:1007B000F983B1CFCE010E9432828FEF0E9437823F
:1007C00081E0DF91CF911F910F91FF90EF90DF902B
:1007D000CF90BF90AF909F908F907F906F905F90E1
:1007E0004F903F902F90089584E089839ACF0E9484
:1007F000328280E0E6CFCF92DF92EF92FF92CF93EA
:100800006B017C01C42F8091660F9091670FA091BE
:10081000680FB091690F8C159D05AE05BF0501F1FC
:100820000E940783811108C0C0E08C2FCF91FF90F8
:10083000EF90DF90CF90089526E63DE0B701A60146
:1008400080916F0F9091700F0E944683882361F30F
:10085000C092660FD092670FE092680FF092690F16
:10086000CC2321F081E080936E0FDFCFC1E0DDCF9C
:100870004F925F926F927F928F929F92AF92BF92B0
:10088000CF92DF92EF92FF920F931F93CF93DF935C
:10089000EC01423051056105710590F480E0DF9173
:1008A000CF911F910F91FF90EF90DF90CF90BF906D
:1008B000AF909F908F907F906F905F904F90089532
:1008C00089859A85AB85BC850196A11DB11D8417CC
:1008D0009507A607B70710F38F898031C9F5852ED4
:1008E000962EA72EBB248B899C89AD89BE89880E44
:1008F000991EAA1EBB1E280139016A017B0141E035
:10090000C501B4010E94FB83882341F29F89903185
:1009100081F5DD24EE24FF24F601EE0FFF1FEA59D6
:10092000F24F118300839A89923008F4B8CF4D8139
:100930005E816F817885840E951EA61EB71E8092FB
:100940006A0F90926B0FA0926C0FB0926D0FA7CFB1
:10095000803209F0A3CF8B899C89AD89BE894A0179
:100960005B01E7E0B694A79497948794EA95D1F752
:10097000BECFE894C7F8DD24EE24FF24F601EE0F85
:10098000FF1FEE0FFF1FEA59F24F40825182628231
:100990007382C9CFCF92DF92EF92FF920F931F9392
:1009A000CF93DF93FC0181859285A385B485019661
:1009B000A11DB11D84179507A607B70750F480E065
:1009C000DF91CF911F910F91FF90EF90DF90CF902B
:1009D000089587898031A9F5BB27A72F962F852FEA
:1009E000C388D488E588F6888C0D9D1DAE1DBF1D7B
:1009F000E9016A017B018F014091660F5091670FF9
:100A00006091680F7091690F84179507A607B70763
:100A100049F5F8018789803169F5B701A6015527A5
:100A200066277727440F551F4A59524FFA01808194
:100A30009181B0E0A0E088839983AA83BB8381E0A1
:100A4000BFCF803209F0BBCFC388D488E588F68851
:100A5000DB01CA01C7E0B695A79597958795CA951A
:100A6000D1F7C2CF40E0BC01CD010E94FB838111D0
:100A7000D0CFA5CFB701A6014F7755276627772797
:100A8000440F551F440F551F4A59524FFA01808198
:100A90009181A281B381BF70CECF4F925F926F924E
:100AA0007F92AF92BF92CF92DF92EF92FF920F931D
:100AB0001F93CF93DF9300D01F92CDB7DEB78C0189
:100AC00049835A836B837C835901C12CD12C7601D5
:100AD000412C82E0582E612C712C49815A816B8106
:100AE0007C819E012F5F3F4FC8010E94CA848823EA
:100AF00019F1F8018585A301920104C0220F331F6B
:100B0000441F551F8A95D2F7DA01C901C80ED91EB4
:100B1000EA1EFB1E49815A816B817C818789803165
:100B2000F1F481E0483F5F4F61057105B0F2F501D6
:100B3000C082D182E282F3820F900F900F900F90CB
:100B4000DF91CF911F910F91FF90EF90DF90CF90A9
:100B5000BF90AF907F906F905F904F90089581E02D
:100B6000483F5F4F6F4F7F4008F4B7CFE0CF0F9300
:100B70001F93CF93DF93FC012381222331F080E088
:100B8000DF91CF911F910F9108958B01EC01FB0133
:100B90008789803139F582E08B831D8A1E8A1F8AFE
:100BA000188E808D918DB0E0A0E025E0880F991F10
:100BB000AA1FBB1F2A95D1F7898B9A8BAB8BBC8B55
:100BC0001A8F098F81E089831C821D821E821F82F9
:100BD000188619861A861B861C861D861E861F8609
:100BE000188ACECF803259F683E08B83428D538DA5
:100BF000648D758D4D8B5E8B6F8B788F9E012F5E14
:100C00003F4FC8010E944D858111DACFB8CF8F9236
:100C10009F92AF92BF92CF92DF92EF92FF920F938B
:100C20001F93CF93DF93EC018B8181110EC080E085
:100C3000DF91CF911F910F91FF90EF90DF90CF90B8
:100C4000BF90AF909F908F90089509891A892B8942
:100C50003C89041715072607370748F34A015B014B
:100C6000823031F488869986AA86BB8681E0E0CFFF
:100C700081149104A104B10449F41C821D821E82D6
:100C80001F82188619861A861B86F0CF088519855B
:100C90002A853B85E98DFA8D858590E00996B90115
:100CA000A8014150510961097109082E04C07695C7
:100CB0006795579547950A94D2F775016401E1E06D
:100CC000CE1AD108E108F10804C0F694E794D7944D
:100CD000C7948A95D2F7C416D506E606F70620F023
:100CE000012B022B032B11F58D899E89AF89B88DBD
:100CF0008C839D83AE83BF838E010C5F1F4FC11415
:100D0000D104E104F10409F4ADCF4C815D816E8121
:100D10007F819801898D9A8D0E94CA8491E0C91AB9
:100D2000D108E108F1088111EACF81CFC41AD50AB0
:100D3000E60AF70AE1CF40E050E0BA010C940786DA
:100D40003F924F925F926F927F928F929F92AF925B
:100D5000BF92CF92DF92EF92FF920F931F93CF93A8
:100D6000DF93CDB7DEB72C970FB6F894DEBF0FBE7A
:100D7000CDBF5C01DC0159968D909C90F40181857A
:100D80009285A385B4859C01AD012F5F3F4F4F4FE6
:100D90005F4F29873A874B875C87D50114964D9022
:100DA0005D906D907C90179741145104610471041B
:100DB00009F459C0BFEF4B1A5B0A6B0A7B0A312C4E
:100DC000730162011D821E821F821886F4018185D3
:100DD0009285A385B4852D813E814F815885281742
:100DE00039074A075B0708F056C089859A85AB85A5
:100DF000BC858C159D05AE05BF0550F482E0C82E5C
:100E0000D12CE12CF12C92E0492E512C612C712C2B
:100E10009E012F5F3F4FB701A601C4010E94CA8403
:100E20008823C9F189819A81AB81BC81892B8A2B66
:100E30008B2B01F1260137019FEF491A590A690AE4
:100E4000790A2D813E814F8158852F5F3F4F4F4F4B
:100E50005F4F2D833E834F8358873FEFC31AD30ADA
:100E6000E30AF30AB3CF4080518062807380332459
:100E70003394A6CFC414D504E604F70411F70FEF9A
:100E80001FEF2FEF3FE0B701A601C4010E94388495
:100E9000782E81111AC0712C872D2C960FB6F894DC
:100EA000DEBF0FBECDBFDF91CF911F910F91FF909D
:100EB000EF90DF90CF90BF90AF909F908F907F90FA
:100EC0006F905F904F903F900895F5014481558158
:100ED00066817781411551056105710539F09701EA
:100EE0008601C4010E9438848823A9F2D501149692
:100EF000CD92DD92ED92FC921797332051F0D701FD
:100F0000C6010196A11DB11DF40180839183A283C6
:100F1000B383F50185899689A789B08D892B8A2BA2
:100F20008B2B09F0B9CFC58AD68AE78AF08E8181EA
:100F300080688183B1CFCF93DF93EC01462F41705E
:100F40006C857D858E859F850E94FB83882351F06B
:100F5000888920E2829FC00111248A59924FDF9133
:100F6000CF91089590E080E0FACFCF93DF93EC012A
:100F70008B81882349F1898187FF22C061E0CE01FE
:100F80000E949B87FC01892BF9F08081853EE1F06E
:100F90008B81823040F489899A89AB89BC89848F9E
:100FA000958FA68FB78F8D899E89938F828F8D891C
:100FB0009E89AF89B88DB58BA48B89818F77898302
:100FC000DF91CF910C94078381E0888380E0DF91EB
:100FD000CF9108952F923F924F925F926F927F929E
:100FE0008F929F92AF92BF92CF92DF92EF92FF9239
:100FF0000F931F93CF93DF9300D01F92CDB7DEB72F
:101000008C014B011A01DC0113968C9113978130EE
:1010100009F0CAC011968C9181FFC6C082FDB0C094
:101020006101D80118964D915D916D917C911B974E
:10103000C114D10409F41AC159968D919C915A9703
:10104000FC0174802FEF270D2A013B0139E07694D3
:101050006794579447943A95D1F7722E74207A0189
:10106000F1E0FF22711020C0E114F104E9F41496BC
:101070004D915D916D917C911797411551056105D9
:10108000710509F097C055968D919D910D90BC9179
:10109000A02D0097A105B10509F0A5C0C8010E94C7
:1010A000A086882309F480C080E092E08E199F0911
:1010B00056018C159D0508F45C01D80159964D9197
:1010C0005C915A9714968D919D910D90BC91A02D95
:1010D0000297A109B109FA01258504C0880F991F5B
:1010E000AA1FBB1F2A95D2F746855785608971894B
:1010F000840F951FA61FB71F9C01AD01270D311D41
:10110000411D511D29013A01A11432E0B30609F035
:1011100078C08091660F9091670FA091680FB09191
:10112000690F481659066A067B0669F410926E0F1D
:101130008FEF9FEFDC018093660F9093670FA09372
:10114000680FB093690F9401B301A20180916F0FF2
:101150009091700F0E94A082882331F1F801808560
:101160009185A285B3858A0D9B1DA11DB11D808728
:101170009187A287B3878A0C9B1CCA18DB0851CFC2
:10118000F801418952896389748980859185A28596
:10119000B385481759076A077B0709F441CFC8018F
:1011A0000E94078681113CCF81E0D8018C938FEF9C
:1011B0009FEF72C09E012F5F3F4F0E94CA84882319
:1011C00099F389819A81AB81BC81F801218D328D9F
:1011D000F9012789203169F4883FFFEF9F07A105B6
:1011E000B10508F05BCFF80184839583A683B783AC
:1011F0005BCF883F2FEF9207A2072FE0B20798F34B
:101200004DCFE114F10451F5D80118964D915D913F
:101210006D917C911B9751968D919D910D90BC91F4
:10122000A02D481759076A077B07C0F00E94078363
:10123000882309F4B9CF81E080936E0F4092660F46
:101240005092670F6092680F7092690FA501B40108
:10125000C7018A59924F0F944E0280CF41E0C301DB
:10126000B2010E94FB838111F1CF9ECFF8018189E9
:101270009289A389B48984179507A607B70738F41C
:101280008181418B528B638B748B80688183F801E1
:10129000818183FD18C0C1010F900F900F900F90B6
:1012A000DF91CF911F910F91FF90EF90DF90CF9042
:1012B000BF90AF909F908F907F906F905F904F9076
:1012C0003F902F900895C8010E94B5878111E3CF08
:1012D0006BCFCF93DF931F92CDB7DEB7698341E029
:1012E00050E0BE016F5F7F4F04960E94EA870F9027
:1012F000DF91CF910895CF93DF93EC010E94B587E2
:101300001B82DF91CF910895FC01238121110C9460
:101310007B890895CF93DF93EB01FC012381211199
:1013200004C080E0DF91CF9108952250223028F44C
:101330008FE28883198281E0F5CF60E00E949B876D
:10134000009779F3DC0160E080E09EE22D9120328D
:1013500099F0883031F49E01260F311DF9019083F8
:101360006F5F9E01260F311DAD0141505109FA01F9
:101370004081F90140836F5F8F5F8B3039F7FE0149
:10138000E60FF11D1082D7CF2F923F924F925F92BE
:101390006F927F928F929F92AF92BF92CF92DF9285
:1013A000EF92FF920F931F93CF93DF9300D01F9282
:1013B000CDB7DEB79C838B834B017A01DC0113969A
:1013C0008C91811119C08FEF9FEF0F900F900F90AC
:1013D0000F90DF91CF911F910F91FF90EF90DF90D1
:1013E000CF90BF90AF909F908F907F906F905F90C5
:1013F0004F903F902F900895EB81FC81818180FF79
:10140000E2CF01891289238934894085518562851B
:101410007385C701B0E0A0E028013901441A550ADC
:10142000660A770A481659066A067B0618F4780198
:10143000E41AF50A67018B819C8104969A8389835B
:10144000612C32E0732EC114D10409F4B7C0AB8112
:10145000BC8118964D915D916D917C911B975A01BD
:10146000B1E0BB22EB81FC81818D928D1A012B01B1
:1014700029E056944794379427942A95D1F72381ED
:10148000223091F5DC015A966D917D918D919C9160
:101490005D97620D731D841D951D83010A191B093B
:1014A000C016D10608F486010115B2E01B0771F4DD
:1014B0002091660F3091670F4091680F5091690F2E
:1014C000621773078407950709F059C040E00E942E
:1014D000FB83882309F477CFB5016A59724FA801BD
:1014E000C4010F944E0257C0FC0114811150122107
:1014F000A114B10481F411110EC0452B462B472BCA
:1015000079F5EB81FC8185899689A789B08D8483E3
:101510009583A683B783AB81BC815996ED91FC91ED
:101520005A9714966D917D918D919C911797625069
:10153000710981099109258504C0660F771F881FED
:10154000991F2A95D2F72685378540895189620FE0
:10155000731F841F951F610F711D811D911D9DCFEC
:10156000AB81BC8114964D915D916D917C911797E3
:1015700029813A810E94CA848111CDCF24CF940160
:10158000AB01BC0180916F0F9091700F0E94468358
:10159000882309F418CF800E911EEB81FC81808591
:1015A0009185A285B385800F911FA11DB11D8087F4
:1015B0009187A287B387C01AD10A45CFC70105CF4B
:1015C000DF92EF92FF920F931F93CF93DF938C01E3
:1015D000EB017A018DE0D82E40E250E0BE01C80157
:1015E0000E94C4898032910571F021E0892B09F4B1
:1015F00020E0822F8195DF91CF911F910F91FF9075
:10160000EF90DF90089528812223C1F1253E21F338
:101610002E3211F3E114F10439F13B853F733F3071
:1016200019F54A8D5B8D452BF9F42F713FEF320F81
:101630003230D0F42150330BD29EC001D39E900D96
:101640001124D701A80FB91FFE0120E0AD012530FC
:1016500078F431813D932F5F32962D30C1F7288188
:1016600026FF02C0FA0115862B8523FDB5CFC3CF17
:101670002B3010F43481EECF3681ECCF80E0BBCF3D
:101680004F925F926F927F92AF92BF92CF92DF9212
:10169000EF92FF920F931F93CF93DF931F92CDB7DB
:1016A000DEB78C017B015A01C22EDB0159968D9168
:1016B0009C91F801928F818FCB010E949B86712CA7
:1016C000F70180859185A285B38541895289638917
:1016D000748984179507A607B70708F052C055E02C
:1016E000B695A795979587955A95D1F7F82FFF70DE
:1016F000DF2ED70113968C91823010F480E0DBC08E
:1017000041E050E0BE016F5F7F4FC7010E94C48976
:101710000197A1F7F70180859185A285B3854F9642
:10172000A11DB11D80879187A287B387F0E2DF9E5C
:10173000B00111246A59724F61157105F9F2DB018C
:101740008C91882341F0853E09F04CC0772029F028
:1017500077247394B5CF71100EC08091660F90916D
:10176000670FA091680FB091690FF8018487958782
:10177000A687B787D08ADB018C918111E9CF7724C6
:1017800073948C2D8274823409F0B8CF772009F4D9
:10179000A2C0F801D08861E0C8010E949B87009731
:1017A00009F4ACCF20E2DC011D922A95E9F72BE089
:1017B000F501DC0101900D922A95E1F721E238E272
:1017C000FC01318B208B40E058E057874687338BF4
:1017D000228B318F208F578B468B0E94078381117C
:1017E00009C08CCF4BE050E0C5010F944102892B1A
:1017F00009F066CFF0E2DF9ED00111249D012A5945
:10180000324FF9018385817121F08C2D827109F0AD
:10181000FCC0F801818D928D4091660F5091670F49
:101820006091680F7091690F448755876687778745
:10183000D08AFD01EA59F24F44885588712C612CF9
:10184000320155244424D80155964D925D926D92F3
:101850007C925897428D538D70E060E04429552961
:101860006629772955964D935D936D937C93589790
:10187000D9011B962C91287109F0B9C0848D958DE2
:10188000A68DB78DF801818B928BA38BB48B81E0F1
:1018900083838C2D8F70F8018183148215821682C8
:1018A0001782108611861286138681E0C4FE03C05B
:1018B000C8010E9485CE0F90DF91CF911F910F91AB
:1018C000FF90EF90DF90CF90BF90AF907F906F90A0
:1018D0005F904F900895D70113968C9113978230A3
:1018E00009F40CCF51968D919D910D90BC91A02D36
:1018F000803E9F4FAF41B10508F000CFC7010E9465
:10190000A086882309F4FACE0E940783882309F46D
:10191000F5CED7015996ED91FC915A9714964D90BA
:101920005D906D907C901797B2E04B1A510861085A
:101930007108858504C0440C551C661C771C8A956B
:10194000D2F786859785A089B189480E591E6A1EEF
:101950007B1E81E080936E0F4092660F5092670F5E
:101960006092680F7092690FE6E6FDE080E092E019
:10197000DF019C011D9221503040E1F7DD24D3941A
:10198000D7015996ED91FC918481D81698F426E6FA
:101990003DE0B301A2014D0D511D611D711D8091EE
:1019A0006F0F9091700F0E94A082882309F4A6CE39
:1019B000D394E6CF258580E092E0A0E0B0E004C0BB
:1019C000880F991FAA1FBB1F2A95D2F7F7014189DB
:1019D000528963897489840F951FA61FB71F818B55
:1019E000928BA38BB48B86E69DE0D12CDBCE20318D
:1019F00061F498012F5E3F4F0E944D85882329F0A6
:101A000084E0D80113968C9344CFD80113961C928E
:101A100075CE2F923F924F925F926F927F928F92EC
:101A20009F92AF92BF92CF92DF92EF92FF920F936D
:101A30001F93CF93DF93CDB7DEB7C254D1090FB652
:101A4000F894DEBF0FBECDBF4C015B016A01322EA0
:101A500019821C821C8E1F8E672B21F510E0CE018F
:101A60004C960E948489CE0101960E948489812F20
:101A7000CE5BDF4F0FB6F894DEBF0FBECDBFDF9158
:101A8000CF911F910F91FF90EF90DF90CF90BF907B
:101A9000AF909F908F907F906F905F904F903F900E
:101AA0002F900895FC0183818111D8CFFA018081A4
:101AB0008F32C1F4CA016C010196F60120812F32E8
:101AC000D1F3F50183818250823060F0618D728D97
:101AD000CE014C960E94B7858E01045E1F4F811186
:101AE00002C0BCCF8501CE0101967C013C012E01D4
:101AF0009CE1490E511C2396EFAE23972F2CFE013B
:101B0000F796CF010B96AF0120E22193E817F90772
:101B1000D9F7960190E067E0D9018D91882351F1C2
:101B20008F3241F1282F8E3239F46A3009F496CF82
:101B300098E06AE09D01F0CFECE7F7E334913323BE
:101B400021F031968313FACF89CF691708F486CF35
:101B5000813208F483CF8F3709F480CF3FE9380F03
:101B60003A3110F420EE280FFA01E90FF11D20831D
:101B70009F5FE0CF8FA9803209F470CF6901F9012E
:101B800080812F5F3F4F8F32C9F38823D9F021E046
:101B9000B801C7010E94408B882309F45FCF0A1562
:101BA0001B0519F0C8010E947B89942D852D6E14A8
:101BB0007F0421F023969FAD2397822D8701E92E84
:101BC000F82E9DCF232DB801C4010E94408B182F01
:101BD00046CF9FB7F894EBE0F1E080818F7D808362
:101BE0009FBF08952F923F924F925F926F927F9284
:101BF0008F929F92AF92BF92CF92DF92EF92FF921D
:101C00000F931F93CF93DF9300D000D0CDB7DEB7F3
:101C10009A8389830E942BD4A981BA811696CD908C
:101C2000DD90ED90FC901997C114D104E104F1040A
:101C300009F010C31C962C911C97222309F44DC067
:101C40001A96EC911A9721501C962C931C9721E020
:101C50002E0F1A962C931A971D963C911D972313BD
:101C600002C01A961C92F0E03196EE0FFF1FEE0FA5
:101C7000FF1F29813A81E20FF31FC284D384E484D9
:101C8000F584D9011296CD92DD92ED92FC921597D2
:101C90006C0D7D1D811D911DF90166837783808701
:101CA000918784819581892BC1F0FFB7FD83F894DA
:101CB000A981BA8112962D903C9013972101712C25
:101CC000612C14960D911C91809174028C32F1F06C
:101CD0008F3F09F497C0FD81FFBF26960FB6F89499
:101CE000DEBF0FBECDBFDF91CF911F910F91FF904F
:101CF000EF90DF90CF90BF90AF909F908F907F90AC
:101D00006F905F904F903F902F900895E4EFF9E32C
:101D1000B491BE83B7FDDFCF61E08CE20E9423D394
:101D20009E81992321F0AE81A23009F0BEC1480105
:101D3000B12CA12C60E072E18AE790E0A501980146
:101D40000F94030229833A834B835C8369017A01F0
:101D5000B1E0CB1AD108E108F108EFEFCE16D104BB
:101D6000E104F10409F00CF470C160E472E48FE066
:101D700090E0A50198010F94030269017A01F1E056
:101D8000CF1AD108E108F1082E81223009F011C1E3
:101D900082E03FEFC316D104E104F10409F00CF432
:101DA000B9C260E970ED83E090E0A50198010F945D
:101DB000030269017A0181E0C81AD108E108F1083B
:101DC00083E09FEFC916D104E104F10409F00CF49B
:101DD000A1C268E478EE81E090E0A50198010F943B
:101DE000030269017A0181E0C81AD108E108F1080B
:101DF0009FEFC916D104E104F10411F00CF0FDC00D
:101E000084E088C28CE280937402E4EFF9E32491C9
:101E10002E83822F2F3F09F45ECF223009F469C050
:101E200060F4222381F1213009F445C087FD53CFAE
:101E300061E08CE20E9423D376CF3E81343009F4F6
:101E40009AC008F478C0353089F7109220011092BA
:101E500021018091210188608093210180912101DD
:101E6000816080932101EBEBFBE3E491F0E0EE0F66
:101E7000FF1FE55AF44C85919491E1E0FCE3E49175
:101E8000E093360B49CF14BC15BC84B5826084BD89
:101E900085B5816085BDEBEBFBE3E491F0E0EE0FEF
:101EA000FF1FE55AF44C85919491E1E0FCE3E49145
:101EB000E0933A0B31CF1092800010928100809114
:101EC000810088608093810080918100816080938F
:101ED0008100EBEBFBE3E491F0E0EE0FFF1FE55A2E
:101EE000F44C85919491E1E0FCE3E491E093390BAB
:101EF00013CF1092B0001092B1008091B0008260B8
:101F00008093B0008091B10081608093B100EBEBD1
:101F1000FBE3E491F0E0EE0FFF1FE55AF44C8591EE
:101F200094919093F80C8093F70CE1E0FCE3E4913A
:101F3000E093F90CF1CE10929000109291008091F4
:101F400091008860809391008091910081608093DE
:101F50009100EBEBFBE3E491F0E0EE0FFF1FE55A9D
:101F6000F44C85919491E1E0FCE3E491E093380B2B
:101F700083E08E83D1CE1092A0001092A1008091B8
:101F8000A10088608093A1008091A100816080936E
:101F9000A100EBEBFBE3E491F0E0EE0FFF1FE55A4D
:101FA000F44C85919491E1E0FCE3E491E093370BEC
:101FB000B3CEAFEFCA16D104E104F10409F00CF47A
:101FC00072C068E478EE81E090E0A50198010F947A
:101FD000030269017A01B1E0CB1AD108E108F108E6
:101FE000EE81EE2309F462C1EFEFCE16D104E104D5
:101FF000F10411F00CF063C103CF64E274EF80E0F0
:1020000090E0A50194010F94030269017A01F1E0C7
:10201000CF1AD108E108F10885E02FEFC216D104EC
:10202000E104F10409F008F475C162E17AE780E0A7
:1020300090E0A50194010F94030269017A01A1E0E7
:10204000CA1AD108E108F1084CC181E0AE81A111A2
:1020500061C195B5987F892B85BD2FEF3FEFA90111
:1020600045284628472809F059C0BE81B23009F4F6
:10207000E1C00CF0C8C0BB2309F4CDC0B13009F0F9
:102080002ACED0928900C09288002093470B3093CB
:10209000480B4093490B50934A0B80916F0082602C
:1020A00080936F0018CE82E0D1CFB12CA12C60E0DC
:1020B00072E18AE790E0A50198010F94030269019B
:1020C0007A01B1E0CB1AD108E108F10891E0C1141E
:1020D000D104E1E0EE06F10484F068E478EE81E0FA
:1020E00090E0A50198010F94030269017A01F1E0E3
:1020F000CF1AD108E108F10893E02E812130D9F4FC
:1021000080918100887F892B809381002FEF3FEFA2
:10211000A90145284628472809F4B3CF9801220F82
:10212000331FD1010E94BEFE28EE33E040E050E0B4
:102130000E9491FE9ACF3E813330F9F48091910054
:10214000887F892B809391002FEF3FEFA9014528CD
:102150004628472819F7D0929900C09298002093FA
:10216000430B3093440B4093450B5093460B8091A7
:102170007100826080937100AECD8E818430F9F45D
:102180008091A100887F892B8093A1002FEF3FEFE2
:10219000A90145284628472809F6D092A900C092EF
:1021A000A80020933F0B3093400B4093410B50937A
:1021B000420B809172008260809372008CCDAE8160
:1021C000A53009F04ACF80912101887F892B809327
:1021D00021012FEF3FEFA90145284628472809F0A4
:1021E0009DCFD0922901C092280120933B0B3093C0
:1021F0003C0B40933D0B50933E0B809173008260EB
:102200008093730068CDEE81E43039F20CF4A3CFF3
:10221000E53039F360CDC7BC20934B0B30934C0BAA
:1022200040934D0B50934E0B80916E0082608093D3
:102230006E0051CDC092B3002093FA0C3093FB0C8A
:102240004093FC0C5093FD0C809170008260809351
:10225000700041CD6C197D098E099F0997FD3DCD18
:102260000E94E98DA981BA8116961D921D921D9238
:102270001C92199732CD84E0EFEFCE16D104E10421
:10228000F10409F008F4E5CEC980DA80EB80FC8027
:102290009AE0F594E794D794C7949A95D1F7B1E072
:1022A000CB1AD108E108F10885E0D3CE83E0BFEF77
:1022B000CB16D104E104F10409F00CF4CACE62E1BA
:1022C0007AE780E090E0A50194010F940302690190
:1022D0007A0181E0C81AD108E108F1089E819923AA
:1022E00051F286E02FEFC216D104E104F10491F01F
:1022F00088F0C980DA80EB80FC808AE0F594E7946E
:10230000D794C7948A95D1F7F1E0CF1AD108E108A4
:10231000F10887E09091B100987F892B8093B100FC
:102320009CCE2BEC33E0FC013183208304960C948B
:102330008489682F880F770B8091E10B9091E20BD5
:102340000F947C029C019093D70B8093D60B81E075
:10235000232B09F480E00895CF92DF92EF92FF9251
:102360000F931F93CF93DF938BE2C82E83E0D82E79
:1023700092EDE92E9CE0F92E07E11DE0D0E0C0E0EF
:10238000F60181916F010E949991882309F479C027
:102390000E94B081FE01E452F44F2081211105C05A
:1023A0002091E00B222309F468C0F80120813181DB
:1023B000428153810E94CEFEF70160837183828344
:1023C00093832196F4E0EF0EF11C0C5F1F4FC43095
:1023D000D105B1F686E40E9499918823C9F00E9444
:1023E000B08120E030E0A9010F942E01181684F48A
:1023F0000E94B08120E030E040E752E40E94C8FF34
:10240000609361027093620280936302909364020E
:102410008091B70483FD28C08091A111882321F108
:102420002091230D3091240D4091250D5091260DC2
:102430006091DE0C7091DF0C8091E00C9091E10CCA
:102440000E94CDFE209193113091941140919511ED
:10245000509196110E94CEFE609393117093941147
:102460008093951190939611DF91CF911F910F91C9
:10247000FF90EF90DF90CF90089520E030E0A90129
:1024800099CFF80180819181A281B381F701808386
:102490009183A283B38395CF8091D60B9091D70B74
:1024A0004AE050E070E060E001960E9488F7CB01BE
:1024B00008959091F310E92FF0E0E95DF24F8083E9
:1024C0009F5F943040F49093F3108091F4108F5FED
:1024D0008093F41008951092F310F7CFDF92EF92EB
:1024E000FF920F931F93CF93DF93CDB7DEB76E9715
:1024F0000FB6F894DEBF0FBECDBF6091710F709123
:10250000720F6115710569F14DE150E08E010F5FA9
:102510001F4FC8010E94DAF91E8EF8017F01E01AF0
:10252000F10AD190DD2019F08AE0D812F7CFF80136
:10253000EE0DFF1D1082C8010E9440CD882389F056
:1025400090E080E0DD2049F08FEFE81AF80A8091F2
:10255000710F9091720F8E0D9F1D9093720F80934B
:10256000710F81E02091710F3091720F232B09F4CC
:1025700080E06E960FB6F894DEBF0FBECDBFDF9140
:10258000CF911F910F91FF90EF90DF90089523E27C
:102590003DE04FE15DE06BE17DE087E19DE00C9483
:1025A000586088E893E190939A0980939909809103
:1025B0006F008D7F80936F009091591180915A1117
:1025C000981719F00E941458F7CF10929C09109296
:1025D0009B0980916F00826080936F008FB7F894A1
:1025E0001092E90C1092EA0C1092EB0C1092EC0C89
:1025F0008FBF0E947F5790E080E00E9460576093F9
:10260000B80B7093B90B8093BA0B9093BB0B81E01E
:1026100090E00E9460576093BC0B7093BD0B809359
:10262000BE0B9093BF0B82E090E00E9460576093D6
:10263000C00B7093C10B8093C20B9093C30B8CE0C3
:10264000E8EBFBE0A7E1BDE001900D928A95E1F790
:102650000C94C7928F929F92AF92BF92CF92DF92CB
:10266000EF92FF920F931F93CF93DF936A017B0149
:1026700048015901EC01CC0FDD1FCC0FDD1F8E018D
:10268000095E124FF80110821182128213820E9499
:10269000C792F801C082D182E282F382C090CC0955
:1026A00020E030E0A901C501B4010E946CFA81115B
:1026B00006C0CB56DC4F88809980AA80BB808501FC
:1026C000740123E23DE04FE15DE06BE17DE087E1F5
:1026D0009DE00E9449610E947F571092470DDF9153
:1026E000CF911F910F91FF90EF90DF90CF90BF900F
:1026F000AF909F908F9008952F923F924F925F924C
:102700006F927F928F929F92AF92BF92CF92DF9201
:10271000EF92FF920F931F93CF93DF93EB01FC0196
:1027200080809180A280B380C501B40120E831E5AA
:1027300041E050E00E9491FEC9016DE671E00F9406
:10274000DB016B017C01C501B40120E13EE040E00A
:1027500050E00E9491FECA01B90128E130E040E05A
:1027600050E00E9491FE362E272E062F172F8CE365
:10277000482E512C612C712CC501B401A30192018A
:102780000E9491FEB62EA72ECA01B901A3019201A3
:102790000E9491FECB01C114D10469F1AF92BF92A6
:1027A0007F936F932F923F92FF92EF92DF92CF929F
:1027B00086EB9BE29F938F93DF93CF930E9403FA64
:1027C0008DB79EB70E960FB6F8949EBF0FBE8DBF05
:1027D000DF91CF911F910F91FF90EF90DF90CF90FD
:1027E000BF90AF909F908F907F906F905F904F9031
:1027F0003F902F900895E114F104C9F0AF92BF9279
:102800007F936F932F923F92FF92EF9286EA9BE223
:102810009F938F93DF93CF930E9403FAEDB7FEB798
:102820003C960FB6F894FEBF0FBEEDBFD1CF012B83
:10283000B9F0AF92BF927F936F932F923F928AE944
:102840009BE29F938F93DF93CF930E9403FA8DB700
:102850009EB70A960FB6F8949EBF0FBE8DBFB8CF35
:10286000892BA9F0AF92BF927F936F9382E99BE28D
:102870009F938F93DF93CF930E9403FAEDB7FEB738
:1028800038960FB6F894FEBF0FBEEDBFA1CFAF9242
:10289000BF928EE89BE29F938F93DF93CF930E942A
:1028A00003FA0F900F900F900F900F900F9090CF12
:1028B000DF92EF92FF920F931F93CF93DF937C01F0
:1028C000D62EC62FD0E08E01000F111F892BC9F420
:1028D000CC0FDD1FCC0FDD1FCF54D64F18821982CD
:1028E0001A821B82F801EE52F64FF182E0828D2DA2
:1028F000DF91CF911F910F91FF90EF90DF900C949B
:10290000124DF801EE52F64F80819181892B51F7DB
:102910000E942BD4CC0FDD1FCC0FDD1FCF54D64F20
:10292000605F784D8F4F9F4F688379838A839B8345
:10293000D9CF9091D90B911120C094E0899FF001DB
:102940001124EC53F64F60817181828193810F9441
:102950003A00072E000C880B990B0E9473FA209105
:1029600053023091540240915502509156020E94F8
:102970006CFA881F8827881F089580E008950E94B8
:102980002BD46093900C7093910C8093920C909345
:10299000930C08959091C00095FFFCCF8093C600E2
:1029A0000895AF92BF92CF92DF92EF92FF920F9372
:1029B0001F93CF9320919604211135C06A017C01A9
:1029C0008B01C60ED71E0C151D0569F1F701A080FD
:1029D000B180F801C1918F01C5010E9449FE8C1799
:1029E00061F16C2FC5010E9473FEC5010E9449FE72
:1029F0008C1719F10EED1DE3F80184910F5F1F4F45
:102A000081110BC00CE817E3F80184910F5F1F4F91
:102A1000882331F00E94CA94F7CF0E94CA94ECCF69
:102A200081E080939604CF911F910F91FF90EF90DA
:102A3000DF90CF90BF90AF90089560919704709110
:102A400098046C0F711D7093980460939704F701BC
:102A500080819181019691838083B5CF4F925F925F
:102A60006F927F928F929F92AF92BF92CF92DF929E
:102A7000EF92FF920F931F93CF93DF9300D000D07C
:102A8000CDB7DEB77C01009749F48091CC0901E015
:102A900010E081110AC00FEF1FEF07C0FC01E758DB
:102AA000FA4C6491062F660F110B6701CC0CDD1CEC
:102AB000CC0CDD1CC60183599A4C0E94727E4B01DE
:102AC0005C01B801110F880B990B0E9473FA2B015E
:102AD0003C0120E030E040EC5FE3C501B4010E941E
:102AE000D2FAA30192010E94D2FAAB01BC0100E02C
:102AF00010E09801C7010E942A93C6018F599A4C91
:102B00000E94727E9B01AC01C301B2010E94D2FA05
:102B10004B015C0120E030E0A9010E946CFA88239F
:102B200009F458C000E010E09801B501A401705804
:102B3000C7010E942A9386E0E5E2F3E0DE011196E8
:102B400001900D928A95E1F7F701EE0FFF1F81E0EA
:102B500090E08C0F9D1FE80FF91F608171811616A0
:102B60001706C4F00EED1DE3F80184910F5F1F4FAF
:102B700081110BC00FE315E3F80184910F5F1F4F24
:102B8000882331F00E94CA94F7CF0E94CA94ECCFF8
:102B90006AE070E0072E000C880B990B0E9473FA14
:102BA0009B01AC01F601EB56FC4F60817181828183
:102BB00093810E94C8FF2B013C01A5019401C5012E
:102BC000B4010E94CEFEAB01BC0193018201C7019A
:102BD0000E942A93C7010E948E7F0E94C792D6014D
:102BE000AE52B34FF601E95EF24F408151816281EE
:102BF00073814D935D936D937C93139726960FB6D7
:102C0000F894DEBF0FBECDBFDF91CF911F910F9122
:102C1000FF90EF90DF90CF90BF90AF909F908F90FC
:102C20007F906F905F904F9008958C01C8EADDE32C
:102C3000FE018491219681110AC0C3E1D5E3FE0112
:102C400084912196882331F00E94CA94F8CF0E9483
:102C5000CA94EECF0E9429450E94C27D0E9420E7BF
:102C600061E0C8010E9456E40E94302C0E943CD8CA
:102C700084E00E948C3D8091FC1086958695109290
:102C800032118093331189E892E00E9407308091DD
:102C9000FC1086958695880F10923211809333111F
:102CA00082E095E30E94F92F8091FC10869586952D
:102CB000982F990F890F10923211809333118EEE55
:102CC00094E30E94F92F0E949CD78111D1CFFFEF8E
:102CD0002BE48DE1F15020408040E1F700C000007E
:102CE000F8949FEFE4E3FCE09150E040F040E1F71E
:102CF00000C000000E942945A895FECF8F929F92A8
:102D0000AF92BF92CF92DF92EF92FF920F931F93F9
:102D1000CF93DF9300D01F92CDB7DEB78091320200
:102D2000882321F082ED9CE00E942D7D0E94BF94BB
:102D30008091B70483FD7DC0C090DE0CD090DF0C85
:102D4000E090E00CF090E10C2091230D3091240DE7
:102D50004091250D5091260DC701B6010E946CFAD5
:102D6000882309F466C08091CC090E949994882335
:102D7000F1F0C092230DD092240DE092250DF09237
:102D8000260D0EED1DE3F80184910F5F1F4F811199
:102D90000BC00EE014E3F80184910F5F1F4F8823EE
:102DA00031F00E94CA94F7CF0E94CA94ECCFC09031
:102DB000DE0CD090DF0CE090E00CF090E10C209164
:102DC000230D3091240D4091250D5091260DC70102
:102DD000B6010E94CDFE0F943A0097FF07C0909570
:102DE0008095709561957F4F8F4F9F4F693C71051E
:102DF00081059105F4F0C092230DD092240DE0924C
:102E0000250DF092260D0EED1DE3F80184910F5F64
:102E10001F4F81110BC00FEE13E3F80184910F5F78
:102E20001F4F882331F00E94CA94F7CF0E94CA94A2
:102E3000ECCF8091790C882359F080915F029091BA
:102E400060028130910509F45AC0029709F40BC160
:102E50008090610290906202A0906302B090640240
:102E6000C090CC092091D20C3091D30C4091D40C5D
:102E70005091D50C6091170D7091180D8091190D1E
:102E800090911A0D0E946CFA811116C02091D60CF7
:102E90003091D70C4091D80C5091D90C60911B0DFA
:102EA00070911C0D80911D0D90911E0D0E946CFA69
:102EB000850174018823B1F06091180270911902A4
:102EC000072E000C880B990B0E9473FAA501940140
:102ED0000E94D2FA2AE037ED43E25CE30E94D2FA84
:102EE0007B018C012EED3CE04AED5CE066ED7CE080
:102EF00082ED9CE00E9449610E94687E4BC0209157
:102F0000DE0C3091DF0C4091E00C5091E10C6091AF
:102F1000230D7091240D8091250D9091260D0E9416
:102F20006CFA811148C08091880C9091890CA09115
:102F30008A0CB0918B0C8F3F9F4FAF4FBF4FD9F191
:102F40000E94687EC090DA0CD090DB0CE090DC0C24
:102F5000F090DD0CA70196016091710C7091720CDC
:102F60008091730C9091740C0E946CFA87FF08C0DA
:102F7000C092710CD092720CE092730CF092740CAF
:102F80000E942BD46093880C7093890C80938A0CD8
:102F900090938B0C0F900F900F900F90DF91CF912B
:102FA0001F910F91FF90EF90DF90CF90BF90AF9067
:102FB0009F908F900895D12CC090CC0921E0D2161B
:102FC00071F0B0901A0AA0901B0A90901C0A809091
:102FD0001D0A82E0D81224C04FE15DE029C0B09004
:102FE000120AA090130A9090140A8090150AE0909B
:102FF000160AF090170A0091180A1091190A970101
:10300000A8016B2D7A2D892D982D0E946CFA87FDD1
:1030100004C0BE2CAF2C902E812E41E75CE008C08E
:1030200041E75CE06DE67CE089E69CE0DD2021F094
:103030006BE17DE087E19DE0EB2CFA2C092D182D4A
:1030400023E23DE00E944961D394E3E0DE12B4CF75
:103050001092880C1092890C10928A0C10928B0C92
:103060001092790CF5CE8091CC098111F1CE20918E
:103070005B0230915C0240915D0250915E02609172
:10308000C60C7091C70C8091C80C9091C90C0E941D
:10309000CEFE69837A838B839C8323E23DE04FE1FC
:1030A0005DE06BE17DE0CE0101960E9458602091C9
:1030B0005702309158024091590250915A02609142
:1030C000170D7091180D8091190D90911A0D0E9495
:1030D000CEFE69837A838B839C83E090120AF09002
:1030E000130A0091140A1091150ACC24C39423E208
:1030F0003DE04FE15DE06BE17DE0CE0101960E9495
:1031000049610E94C7920E947F5781E0809398098D
:10311000A7CFCF93DF930E94BF94E091480DF0E0DA
:10312000E95DF24F8081882379F0CCEED3E3FE0194
:1031300084912196882319F00E94CA94F8CF8AE0DE
:10314000DF91CF910C94CA94DF91CF9108958F9223
:103150009F92AF92BF92CF92DF92EF92FF920F9326
:103160001F93CF93DF93CDB7DEB7EA970FB6F894EE
:10317000DEBF0FBECDBF8091A511882309F48FC09B
:103180008FE693E10E94B5878FE693E10E947B89E9
:103190001092A3111092A2118091A511882309F415
:1031A0007EC0E090E10BF090E20B1092A4118091B0
:1031B0007213882321F08FE693E10E947B891D82A0
:1031C00018861C821B828BEC93E09A83898381EDA5
:1031D00091E19093F1118093F011F70180818F328A
:1031E00009F07BC06FE270E0C7010F947C028C0194
:1031F0000F5F1F4FCE0101965C010115110509F407
:1032000072C06FE270E0C8010F947C026C010097FD
:1032100009F46AC00817190708F066C04C01801A43
:10322000910AA401B801CE0180960F94A502E0E2B4
:10323000F0E0EC0FFD1FE80DF91D10828E01005E1D
:103240001F4FF80181918F01882319F00E94CA94C1
:10325000F8CF8AE00E94CA946091F0117091F11148
:103260006115710579F16C5F7F4F21E0AE01405E21
:103270005F4FCE0105960E94098D811126C0BE01C7
:10328000605E7F4F82E89DE20E949D5F8EE20E9419
:10329000CA948AE00E94CA94C5010E949191EA965C
:1032A0000FB6F894DEBF0FBECDBFDF91CF911F9157
:1032B0000F91FF90EF90DF90CF90BF90AF909F90D5
:1032C0008F90089570E060E0D0CFB092F111A0929D
:1032D000F01186010F5F1F4F90CF82EF91E1909325
:1032E000F1118093F01187016091F0117091F1114B
:1032F0006115710511F16C5F7F4F18A21BA222E0CE
:10330000A801CE0180960E94098D811119C0F12C6F
:10331000CE0180960E948489F11027C09CE5E92E99
:103320009DE2F92EF7018491FFEFEF1AFF0A88233F
:1033300009F43FC00E94CA94F5CF70E060E0DDCF91
:10334000CE0180960E9485CE882309F361E0CE01EC
:1033500080960E949B870097D1F225EEFC01208386
:103360001BA20E940783F82ED3CF84E7E82E8DE2BC
:10337000F82EF7018491FFEFEF1AFF0A882319F066
:103380000E94CA94F6CFF80181918F01882319F029
:103390000E94CA94F8CF8AE00E94CA941092201426
:1033A000109221141092221410922314CE0101962F
:1033B00074CFF80181918F01882319F00E94CA947B
:1033C000F8CF8EE20E94CA94F1CFCF92DF92EF92B3
:1033D000FF920F931F93CF93DF93CDB7DEB7A097E4
:1033E0000FB6F894DEBF0FBECDBF61157105810524
:1033F000910579F100E0C42ED12CF12CE12CA7012C
:1034000096010E9491FE11E0100FE1E0F0E0EC0F58
:10341000FD1FE00FF11D07FDFA956083B901CA0198
:10342000012F611571058105910549F7115010F1C2
:10343000E1E0F0E0EC0FFD1FE10FF11D17FDFA9543
:10344000908187E39A3008F480E3890F0E94CA9440
:10345000EDCF80E3A0960FB6F894DEBF0FBECDBFD0
:10346000DF91CF911F910F91FF90EF90DF90CF9060
:103470000C94CA94A0960FB6F894DEBF0FBECDBFD1
:10348000DF91CF911F910F91FF90EF90DF90CF9040
:1034900008952F923F924F925F926F927F928F92F8
:1034A0009F92AF92BF92CF92DF92EF92FF920F93D3
:1034B0001F93CF93DF9300D000D01F921F92CDB700
:1034C000DEB7D82E7A018B01B22E81E08D1500F582
:1034D0000EED1DE3F80184910F5F1F4F882319F053
:1034E0000E94CA94F7CF84E50E94CA946D2D70E0C3
:1034F00090E080E04AE00E94E5990BE014E0F801DA
:1035000081918F01882309F472C20E94CA94F7CF77
:1035100020E030E0A901B701C8010F942E01181670
:103520000CF445C06090610290906202809063024A
:103530007090640295E5E92E25E5F22E05E013E48E
:10354000C701D8018093610290936202A093630245
:10355000B09364028091CC098D1509F463C1B11058
:10356000EBC11091C10981E018270091C209082719
:10357000F090C309F8261123F9F08EEDA82E8DE303
:10358000B82EF5018491FFEFAF1ABF0A811164C113
:10359000B3ECAB2EBFE2BB2EF5018491FFEFAF1A67
:1035A000BF0A882309F45BC10E94CA94F5CF6E2C30
:1035B0009F2C802E712EC4CF0111DFCFF110DDCFF3
:1035C0000E945E7E8091CC0990E00E94877E6D8390
:1035D0007E838F83988720915F0230916002213033
:1035E000310509F06FC020910D02222309F46AC051
:1035F0000091880C1091890C20918A0C30918B0CD1
:10360000012B022B032B69F42091170D3091180D1B
:103610004091190D50911A0D0E946CFA882309F4FB
:1036200051C020E030E040E85FE360911F0D7091F1
:10363000200D8091210D9091220D0E94CEFE698374
:103640007A838B839C8320902202309023024090C7
:10365000240250902502A20191010F942E01181608
:1036600024F429823A824B825C82A12CC090CC093E
:10367000F1E0AF1609F463C182E0A81609F465C150
:10368000AE014F5F5F4F22E030E087E19DE0AA206E
:1036900011F0CE010596220F331F220F331FF901BF
:1036A000EE5EF54FE080F1800281138123E23DE080
:1036B0006BE17DE00E944961A39493E0A912D6CF0B
:1036C0000E947F570091CC0910E0ED2CF12CF801FD
:1036D000EE0FFF1FEE0FFF1FED55FB4FD701AA0F97
:1036E000BB1FAA0FBB1FAD55BB4F2D913D914D91F7
:1036F0005C9160817181828193810E94CDFE9B01EA
:10370000AC0160911B0D70911C0D80911D0D90916D
:103710001E0D0E94CDFE60931B0D70931C0D8093B7
:103720001D0D90931E0D000F111F000F111FF801AA
:10373000E555FB4FD701AA0FBB1FAA0FBB1FA5550D
:10374000BB4F2D913D914D915C9160817181828142
:1037500093810E94CDFE9B01AC0160911F0D709181
:10376000200D8091210D9091220D0E94CDFE60933D
:103770001F0D7093200D8093210D9093220DD092F8
:10378000CC0990E080E00E948E7F80915F02909152
:1037900060028130910509F046C180E1E7E1FDE07A
:1037A000A9E6BCE001900D928A95E1F720E030E0B7
:1037B00040E050E46091710C7091720C8091730C38
:1037C0009091740C0E94CEFE6093710C7093720CF9
:1037D0008093730C9093740CC0902202D0902302BB
:1037E000E0902402F0902502A70196010F942E018B
:1037F000181644F4C092710CD092720CE092730CC3
:10380000F092740C81E08093790C1092880C1092E5
:10381000890C10928A0C10928B0C0E94C792BB20CC
:1038200009F4D6C00E947F57862D992DA82DB72D5B
:103830008093610290936202A0936302B09364024A
:103840000EED1DE3F80184910F5F1F4F882309F4EB
:10385000C7C00E94CA94F6CF0E94CA9492CE112388
:1038600071F0A1ECAA2EAFE2BA2EF5018491FFEF20
:10387000AF1ABF0A882319F00E94CA94F6CF00231A
:1038800071F0FFEBAF2EFFE2BF2EF5018491FFEF49
:10389000AF1ABF0A882319F00E94CA94F6CFFF20FE
:1038A00071F0EDEBAE2EEFE2BE2EF5018491FFEF4D
:1038B000AF1ABF0A882319F00E94CA94F6CF75EB9D
:1038C000A72E7FE2B72EF5018491FFEFAF1ABF0A52
:1038D000882319F00E94CA94F6CF45E054E0F11015
:1038E00002C040E054E027E034E0011102C020E0D3
:1038F00034E089E094E0111102C080E094E05F932D
:103900004F933F932F939F938F9383EA9FE29F93CD
:103910008F931F920E944BCF0BED1FE20FB6F894CE
:10392000DEBF0FBECDBFF80184910F5F1F4F88230C
:1039300019F00E94CA94F7CFBB24B39441CEAE01D4
:103940004F5F5F4F30E020E0A4CE4FE15DE022E02A
:1039500030E09FCEC090C60CD090C70CE090C80C51
:10396000F090C90CA701960160915B0270915C0216
:1039700080915D0290915E020E94CEFE6093170DD1
:103980007093180D8093190D90931A0DA70196014D
:103990006091D20C7091D30C8091D40C9091D50C85
:1039A0000E94CDFE60935B0270935C0280935D0287
:1039B00090935E020E94C79235CFA7019601609155
:1039C0005702709158028091590290915A0253C047
:1039D00080910D02882309F425CF0E947E9622CF84
:1039E0006091CC0970E089EC9FE20E94845F8AE0DC
:1039F0000E94CA9428960FB6F894DEBF0FBECDBFC2
:103A0000DF91CF911F910F91FF90EF90DF90CF90BA
:103A1000BF90AF909F908F907F906F905F904F90EE
:103A20003F902F900895009709F494CF029711F6D4
:103A30008091CC0991E0811190E09093790C2090D5
:103A4000C60C3090C70C4090C80C5090C90CC09068
:103A5000D20CD090D30CE090D40CF090D50C811106
:103A6000ACCFA201910160915B0270915C028091E8
:103A70005D0290915E020E94CEFE6093170D7093DE
:103A8000180D8093190D90931A0DA2019101C70191
:103A9000B6010E94CDFE60935B0270935C0280933E
:103AA0005D0290935E021092980984CFCF92DF92CC
:103AB000EF92FF926B017C01F7FE0BC08DE20E943A
:103AC000CA94F094E094D094C094C11CD11CE11C21
:103AD000F11C4AE0C701B601FF90EF90DF90CF9054
:103AE0000C94E599CF93DF938FB7F8949091640C81
:103AF0009093630C8FBFC3EED3E3FE0184912196B4
:103B0000882319F00E94CA94F8CF6091650C7091D7
:103B1000660C8091670C9091680C6F5F7F4F8F4FA0
:103B20009F4F0E94569D8AE00E94CA94DF91CF91D8
:103B30000C948998CF92DF92EF92FF920F931F938C
:103B4000CF93DF93CAE1DEE2FE01849121968823C0
:103B500019F00E94CA94F8CFC091D80BD0E0FE01B2
:103B6000EE0FFF1FEE0FFF1FEC53F64F60817181C8
:103B7000828193810F943A00072E000C880B990BD9
:103B80000E94569D07E11EE2F80184910F5F1F4FCE
:103B9000882319F00E94CA94F7CFCC0FDD1FCE52B4
:103BA000D64F68817981072E000C880B990B0E94F3
:103BB000569DC3E1DEE2FE0184912196882319F02F
:103BC0000E94CA94F8CF6091BD097091BE0980919E
:103BD000BF099091C0090F943A00072E000C880B82
:103BE000990B0E94569DC0E1DEE2FE018491219670
:103BF000882319F00E94CA94F8CF6091D00970917F
:103C0000D109072E000C880B990B0E94569D94EC4D
:103C1000E92E99E0F92E02ED19E0D0E0C0E0BE01F6
:103C20008DE09EE20E94845F8AE30E94CA94F701BD
:103C300061917191819191917F010F943A00072ECA
:103C4000000C880B990B0E94569D8AE0C82E8EE2CC
:103C5000D82EF6018491FFEFCF1ADF0A882331F0C6
:103C60000E94CA94F6CFC1E0D0E0D9CFF8016191AB
:103C700071918F01072E000C880B990B0E94569DA5
:103C8000219789F7C6E0DEE2FE0184912196882320
:103C900019F00E94CA94F8CFE091D80BF0E0E554F7
:103CA000F64F608170E090E080E00E94569DC1E098
:103CB000DEE2FE0184912196882319F00E94CA94C5
:103CC000F8CF6091BA0970E090E080E00E94569DC4
:103CD00070E060E08EEF9DE20E94845F8AE30E94C4
:103CE000CA946091BB0970E090E080E00E94569D0C
:103CF00061E070E08EEF9DE20E94845F8AE30E94A3
:103D0000CA946091BC0970E090E080E0DF91CF91AF
:103D10001F910F91FF90EF90DF90CF900C94569DE4
:103D2000EF92FF920F931F93CF938C0184E50E9433
:103D30009991C82F882399F10E944C81823048F1D3
:103D40008EEDE82E8DE3F82EF7018491FFEFEF1A48
:103D5000FF0A882319F00E94CA94F6CF8DE40E94CE
:103D6000CA94B801110F880B990B0E94569D0E94AE
:103D70004C81682F70E081E39DE20E94845F8AE0BD
:103D80000E94CA948C2FCF911F910F91FF90EF90BA
:103D900008950E944C818093D80BC0E0F3CF8091AE
:103DA000CC098093D80BEECFFF920F931F93CF9344
:103DB000DF93082FF92E162FC8EADDE3FE01849168
:103DC000219681110AC0C02FDF2DFE01849121961A
:103DD000882331F00E94CA94F8CF0E94CA94EECF93
:103DE0006091650C7091660C8091670C9091680CE5
:103DF0000E94569D8AE00E94CA9411110E94729DF1
:103E00001092B40B1092B30BDF91CF911F910F91D1
:103E1000FF9008952F923F924F925F926F927F9200
:103E20008F929F92AF92BF92CF92DF92EF92FF92CA
:103E30000F931F93CF93DF931F92CDB7DEB70E94EE
:103E40006E92811192C270E6F72E8091F410843048
:103E500008F077C02FB7F8948091630C9091640CB0
:103E60002FBF891B8F7709F46CC00E94218020919D
:103E7000B30B3091B40B8A3019F08D3009F096C134
:103E80001092B50B2115310501F32D5A344FF9016C
:103E900010821092B40B1092B30B23E53BE0890122
:103EA000F90180812F5F3F4F8032C9F368018E3462
:103EB00011F0D12CC12C6AE270E0C8010F947C0291
:103EC0005C01C114D10409F42EC165E07DE2C80192
:103ED0000E94E9F94C01892B49F06EE470E0C801B9
:103EE00004960F947C02009709F06C014AE050E0C0
:103EF00070E060E0C60101960E9488F7AB01BC014A
:103F000040934F0B5093500B6093510B7093520B97
:103F10008091650C9091660CA091670CB091680C33
:103F20000196A11DB11D481759076A077B0709F4BF
:103F3000A0C0892809F09DC061E082ED9CE20E944A
:103F4000D49E8091A411882309F40FC28091F410AB
:103F5000811102C01092B70BFF24F39440912014FA
:103F600050912114609122147091231480911C149B
:103F700090911D14A0911E14B0911F144817590759
:103F80006A077B0708F4F12C10E000E0BB24B3942F
:103F900030E6732E4AE0C42E4DE2D42E5DE8652E45
:103FA0008091F410843008F0E0C1F110DEC1F0908F
:103FB000B70BF110DAC18091771390917813A0912B
:103FC0007913B0917A138093201490932114A093C5
:103FD0002214B093231441E050E0BE016F5F7F4F85
:103FE0008FE693E10E94C489019709F010C189818D
:103FF00090E0E82E2090201430902114409022145C
:104000005090231440911C1450911D1460911E1463
:1040100070911F14AA24A394241635064606570649
:1040200008F4A12C2DE1822E2DE2922E24163506C5
:104030004606570608F01AC1019609F0EBC098EA47
:10404000E92E9DE3F92EF7018491FFEFEF1AFF0AA5
:1040500081116DC18EE0E82E8DE2F82EF70184917A
:10406000FFEFEF1AFF0A882309F4E9C00E94CA94FF
:10407000F5CFA114B10401F180E0E12CF801E80FC3
:10408000F11D90819A3219F08F5FE926F7CF4AE04F
:1040900050E070E060E0C50101960E9488F78E2C28
:1040A000912CB12CA12C681579058A059B0541F04E
:1040B00061E083EB9CE243CF61E089E89CE23FCF83
:1040C00080914F0B9091500BA091510BB091520BDE
:1040D0008093650C9093660CA093670CB093680C6A
:1040E00080910D0281112AC067E470E0C8010F942D
:1040F0007C02009719F14AE050E070E060E0019620
:104100000E9488F764307105C8F468EEC62E6BE231
:10411000D62EF6018491FFEFCF1ADF0A882349F0EB
:104120000E94CA94F6CF892BD9F260E08FE59CE219
:1041300006CF60E08FED9BE20E9456E46CE174E0F4
:10414000C8010F948702892B21F410921302109258
:10415000F50C61E274E0C8010F948702892B21F409
:104160008AEC9BE20E94159666E274E0C8010F9407
:104170008702892B11F40E94D1928091530B8B33CB
:1041800009F463CE8091F410843008F05ECE809103
:10419000F3108F9DC001112463E57BE08D58904F93
:1041A0000F94900281E00E9459924FCE2F35310535
:1041B0000CF04BCE8C3509F52FB7F8948091630C39
:1041C0009091640C2FBF891B8F7709F43ECE0E941B
:1041D00021809091B50B2091B30B3091B40B9111CC
:1041E00034CEA9014F5F5F4F5093B40B4093B30B94
:1041F0002D5A344FF901808328CE8B3319F491E086
:104200009093B50B9091B50B91111FCEEACF8FEF24
:104210009FEFEFCE2AE0E21691F08DE0E81679F0FC
:1042200093E2E91619F0EAE3EE1284C08091B60B2E
:10423000811180C023E2E21202C0B092B70B10924B
:10424000B60BFA2C0115110509F4AACE8091F310D2
:10425000789E000D111D1124F801ED58F04F1082C9
:1042600080E00E94599210E000E09ACEF40184911F
:10427000FFEF8F1A9F0A882319F00E94CA94F6CF85
:104280000E947F578FE693E10E947B8980918A1379
:10429000882391F1815080938A13869DC001112457
:1042A00041E061E081579C4E0E94A5EBE0918A13AA
:1042B00024E0E29FF0011124E557FC4E408151813A
:1042C00062817381409320145093211460932214CF
:1042D000709323148FE693E10E9407868091A511C5
:1042E0008111B092A411109228148091A5118823F5
:1042F000B9F00E94D6CD9ECF1092A4110E9452D444
:1043000089E791E10E9416526D337105810591058F
:1043100050F3D092720FC092710F0E946E92E3CF51
:104320000E94CAD48091A5118111E3CF83CF0E944E
:10433000CA9489CE0F35110508F032CE8BE3E8120E
:1043400002C0B092B60B8091B60B811129CE80913C
:10435000F310F801789EE00DF11D1124ED58F04F97
:10436000E082F12C0F5F1F4F1BCE0F90DF91CF919A
:104370001F910F91FF90EF90DF90CF90BF90AF9083
:104380009F908F907F906F905F904F903F902F9075
:1043900008954F925F926F927F928F929F92AF9209
:1043A000BF92CF92DF92EF92FF920F931F93CF9322
:1043B000DF930E947CE40E942BD46B017C01C091AE
:1043C0006502CC2319F180917E0C90917F0C0097AF
:1043D000E9F040917A0C50917B0C60917C0C7091CB
:1043E0007D0C97018601041B150B260B370BB901B9
:1043F000A80177FD1DC08330910509F468C008F05D
:104400004FC00EED1DE3019708F077C02C2F30E070
:10441000A8EEB3E00E94BEFEC60ED71EE81EF91E2F
:10442000C0927A0CD0927B0CE0927C0CF0927D0CC6
:104430008091F410843010F40E940A9F0E942BD4C3
:104440006B017C018091940C9091950CA091960C3D
:10445000B091970C0097A105B10509F475C0409182
:10446000900C5091910C6091920C7091930C840F70
:10447000951FA61FB71F97018601081B190B2A0B52
:104480003B0BD901C801B7FD5FC0C8EADDE3FE01FF
:1044900084912196882309F448C00E94CA94F7CFDA
:1044A0000EED1DE3049709F0B1CFF80184910F5F81
:1044B0001F4F811137C009E214E3F80184910F5FA7
:1044C0001F4F882309F4A2CF0E94CA94F6CF0EEDA5
:1044D0001DE3F80184910F5F1F4F811120C001E49B
:1044E00014E3F80184910F5F1F4F882309F48ECFE6
:1044F0000E94CA94F6CF0E94CA94F80184910F5F7B
:104500001F4F8111F8CF08E514E3F80184910F5F84
:104510001F4F882309F47ACF0E94CA94F6CF0E94D5
:10452000CA94D7CF0E94CA94C0CF60918E0C70916C
:104530008F0C84EB94E30E949D5F8AE00E94CA94F2
:104540008FE994E30E94159680916602909167022C
:10455000A0916802B09169020097A105B105B1F17F
:104560004091900C5091910C6091920C7091930C31
:10457000840F951FA61FB71F97018601081B190BF3
:104580002A0B3B0BD901C801B7FD20C090915911EE
:1045900080915A1198131AC09FB7F89480910B011B
:1045A000826080930B019FBFA29A1092080D899A96
:1045B0001092090D9FB7F894809108018160809353
:1045C00008019FBF10920A0D0E94BF7D2091090132
:1045D00080918C0C90918D0C23FD1DC001969093C1
:1045E0008D0C80938C0C80918C0C90918D0C8E3E58
:1045F0009240E4F0C8EADDE3FE0184912196811146
:104600000FC0CFE7D4E3FE0184912196882359F0AF
:104610000E94CA94F8CF181619062CF70197DFCF1D
:104620000E94CA94E9CF8AE694E38CCF8091880CEB
:104630009091890CA0918A0CB0918B0C0097A105E8
:10464000B105F9F0C81AD90AEA0AFB0AF8EECF1A3E
:10465000F3E0DF0AE108F108F7FC13C080910D02D6
:10466000882379F08FEF9FEFDC018093880C909383
:10467000890CA0938A0CB0938B0C0E945E7E0E94E2
:104680007E96C091CE099091591180915A11981738
:1046900091F0E0915A110DE4E09FF0011124E15FE7
:1046A000FA4FC08180915A1190915911981719F0C1
:1046B0008F5F8F70F9CFCC2309F4AFC00E942BD449
:1046C0000091840C1091850C2091860C3091870C00
:1046D000011511052105310571F46C597F4F8F4F7C
:1046E0009F4F6093840C7093850C8093860C9093FD
:1046F000870CCFEF06C0601B710B820B930B97FDED
:10470000F8CF6C2F70E087E00E9454D38091CD09E0
:10471000882309F4FEC00091470210914802D0910D
:104720004902C0914A026091D2097091D3096E5F2B
:104730007F4F072E000C880B990B0E9473FA98018B
:104740004D2F5C2F0E946CFA87FDE3C0F0905A1148
:10475000912CA12CB12CE12C8DE4882E8091591143
:104760008F1509F463C08F2D90E0889EF001899E1B
:10477000F00D1124E853FB4F428153816481758110
:10478000452B462B472B81F44681578160857185E7
:10479000452B462B472B41F442855385648575850F
:1047A000452B462B472BA1F1889E9001899E300D09
:1047B0001124A90148535B4F6A01FA016685778588
:1047C000808991890E9473FA2B013C01F60162896C
:1047D0007389848995890E9471FA9B01AC01C30198
:1047E000B2010E94C8FFF60123A134A145A156A140
:1047F0000E94D2FA3B016C01292D3A2D4B2D5E2DE2
:104800000F942E01181624F4962CA72CBC2CED2CFA
:10481000F394FF2DFF70FF2EA1CF1092840C109205
:10482000850C1092860C1092870C6BCF20913F0262
:10483000309140024091410250914202692D7A2DFF
:104840008B2D9E2D0E94D2FA98014D2F5C2F0E9435
:10485000CEFE6B017C019B01AC01B8018D2F9C2F1A
:104860000F942E011816A4F00091430210914402F7
:10487000D0914502C091460298014D2F5C2FB601A0
:10488000C7010F942E0118161CF08601DE2DCF2DC6
:10489000C090800CD090810CE090820CF090830C42
:1048A00098014D2F5C2FC701B6010F942E011816E9
:1048B000E4F420E037ED43EA5CE3B8018D2F9C2F50
:1048C0000E94D2FA4B015C0128E431EE4AE75FE333
:1048D000C701B6010E94D2FA9B01AC01C501B40127
:1048E0000E94CEFE8B01D82FC92FC801AD2FBC2F3F
:1048F0008093800C9093810CA093820CB093830CD6
:10490000B8018D2F9C2F0F943A00CB0160E00E94DC
:1049100058940E94C54E8091791190917A11019717
:1049200009F0D0C08091BE0C81110DC00E942BD423
:104930006093BA0C7093BB0C8093BC0C9093BD0C2D
:1049400081E08093BE0C8091B20C81110DC00E9459
:104950002BD46093AE0C7093AF0C8093B00C9093FB
:10496000B10C81E08093B20C0E942BD46B017C01CE
:104970008091A60C811114C04091991150919A1107
:1049800028EE33E0429FC001439F900D529F900D4F
:1049900011249093A50C8093A40C81E08093A60C25
:1049A0008091BA0C9091BB0CA091BC0CB091BD0C45
:1049B000B701A601481B590B6A0B7B0B8091A40C15
:1049C0009091A50CB0E0A0E0481759076A077B0753
:1049D000B0F180909D1190909E11A0909F11B09089
:1049E000A01189E791E10E941652AB01BC014093EE
:1049F0009D1150939E1160939F117093A01180910F
:104A00008B1190918C11A0918D11B0918E118819FC
:104A10009909AA09BB09840F951FA61FB71F809388
:104A20008B1190938C11A0938D11B0938E11C09225
:104A3000BA0CD092BB0CE092BC0CF092BD0C8091F1
:104A40009C0C81111AC040919B1150919C1128EE31
:104A500033E0429FC001439F900D529F900D11245F
:104A6000B0E0A0E08093980C9093990CA0939A0CDE
:104A7000B0939B0C81E080939C0C8091AE0C909144
:104A8000AF0CA091B00CB091B10CB701A601481BBE
:104A9000590B6A0B7B0B8091980C9091990CA0910B
:104AA0009A0CB0919B0C481759076A077B0750F086
:104AB000C092AE0CD092AF0CE092B00CF092B10C60
:104AC0000E94A9CC8BE591E1DF91CF911F910F91CD
:104AD000FF90EF90DF90CF90BF90AF909F908F901E
:104AE0007F906F905F904F900C94F28D2F923F9239
:104AF0004F925F926F927F928F929F92AF92BF92EE
:104B0000CF92DF92EF92FF920F931F93CF93DF9399
:104B1000CDB7DEB72F970FB6F894DEBF0FBECDBF6F
:104B20008DE690E00E94909E8111FBC08091B704B9
:104B300083FDF7C083E50E9499918887882309F453
:104B4000EBC00E944C929D838C831091D80B612FF7
:104B50000E94589480915F0290916002029791F4B4
:104B6000111110C02C813D8190E080E021153105AC
:104B700031F08091DA0B9091DB0B820F931F61E093
:104B80000E9458940E944C928C3491050CF0E2C023
:104B90000E9452D460E080E49EE20E9456E430918C
:104BA000D80B432F50E05D834C83FA01EE0FFF1FBB
:104BB000EE52F64F60817181072E000C880B990B25
:104BC0000E9473FAEC81FD81EE0FFF1FEE0FFF1FB5
:104BD000EC53F64F20813181428153810F942E0195
:104BE0001816ACF48BE294E09F938F938C819D8197
:104BF00001969F938F9389E39EE29F938F931F92D9
:104C00000E944BCF0FB6F894DEBF0FBECDBF0E94FF
:104C1000B95F81E08093130210927F0C10927E0C9A
:104C20001B82412C512C32011C821D821E821F824C
:104C30001986BCE3BA87ECE1EB87F6E4FC8710E069
:104C400000E020E829833FEB3A83812C912C54012A
:104C5000E090D80BF12CF701EE0FFF1FEE52F64F4C
:104C600060817181072E000C880B990B0E9473FAEA
:104C70006B018F879D87212F302F49815A810E9498
:104C80006CFA8823E9F0F701EE0FFF1FEE0FFF1F0C
:104C9000EC53F64F20813181428153818885B601E2
:104CA00081115BC08F859D850E946CFA881F8827C3
:104CB000881F8B831C2D0D2D9F859983AD85AA831D
:104CC0000E942BD46B017C01DC01CB012C813D8146
:104CD0004E815F81821B930BA40BB50BB7FD86C081
:104CE000D701C60188519C4FAF4FBF4F8C839D8326
:104CF000AE83BF830E949A9DA5E3BEE2BE87AD87C7
:104D0000ED85FE8584913196FE87ED87882309F431
:104D100042C00E94CA94F4CF82E50E949991811109
:104D200010CF2F960FB6F894DEBF0FBECDBFDF9128
:104D3000CF911F910F91FF90EF90DF90CF90BF9098
:104D4000AF909F908F907F906F905F904F903F902B
:104D50002F9008950E9409D622CF8F859D850E94AD
:104D60006CFA87FF10C080911302882329F060E05D
:104D70008EE19EE20E9456E481E090E090937F0CE9
:104D800080937E0CCECF1B821C2D0D2DBF85B98349
:104D9000ED85EA8395CF81149104A104B10479F4DF
:104DA00022E33EE23E872D87ED85FE858491319694
:104DB000FE87ED878823D1F00E94CA94F5CFC50104
:104DC000B4016059784E8F4F9F4F6C197D098E0941
:104DD0009F0928EE33E040E050E00E9491FECA01B6
:104DE000B9010E94569D8AE00E94CA940E94C9A1FE
:104DF0000E94BF94E091D80B24E0E29FF0011124BF
:104E0000EC53F64F60817181828193810F943A0057
:104E1000072E000C880B990B0E9473FA1B018F87D9
:104E20009D879B01AC01612F702F89819A810E941F
:104E3000CDFE9F7781149104A104B10459F420E0C0
:104E400030E040E85FE30E946CFA87FF0BC0460148
:104E5000570108C020E030E040E450E40F942E01F8
:104E60001816ACF33B81332361F141145104610402
:104E7000710441F0D701C60184199509A609B70943
:104E8000B7FD1FC091014F855D8569857A858B854A
:104E90009C850E94CDFE20E030E040EC5FE30E9464
:104EA0006CFA87FD60CF2601370140E6440E4AEEDA
:104EB000541E611C711C29863A865F855B878D852F
:104EC0008C8780911302882309F44DCF81149104BB
:104ED000A104B10409F4BCCE90E7C91A97E1D90A3C
:104EE000E108F108C818D908EA08FB08F7FCB0CEB9
:104EF0003ACF8F929F92AF92BF92CF92DF92EF9272
:104F0000FF92CF936B017C01B42E20E030E0A90129
:104F10000E946CFA87FF07C08DE20E94CA94F7FADC
:104F2000F094F7F8F094C0E060E070E080E09FE378
:104F3000CB1541F02DEC3CEC4CEC5DE30E94D2FA39
:104F4000CF5FF6CF9B01AC01C701B6010E94CEFE38
:104F50006B017C010F9441004B015C014AE00E940F
:104F6000E599CC2391F1C501B4010E9471FA9B012E
:104F7000AC01C701B6010E94CDFE6B017C018EE23F
:104F80000E94CA94C15008F120E030E040E251E4B0
:104F9000C701B6010E94D2FA4B015C010F943A009E
:104FA0006B01770FEE08FF08C701B6010E94569DFE
:104FB000C701B6010E9473FA9B01AC01C501B4019F
:104FC0000E94CDFE6B017C01DDCFCF91FF90EF9071
:104FD000DF90CF90BF90AF909F908F9008954F92A9
:104FE0005F926F927F928F929F92AF92BF92CF9279
:104FF000DF92EF92FF92CF93DF93C2E7DEE2FE01F2
:1050000084912196882319F00E94CA94F8CF609168
:10501000170D7091180D8091190D90911A0D42E0A5
:105020000E9479A7CEE6DEE2FE01849121968823D4
:1050300019F00E94CA94F8CF60911B0D70911C0D5D
:1050400080911D0D90911E0D42E00E9479A7CAE645
:10505000DEE2FE0184912196882319F00E94CA9411
:10506000F8CF60911F0D7091200D8091210D9091CE
:10507000220D42E00E9479A7C6E6DEE2FE0184919D
:105080002196882319F00E94CA94F8CF6091230DCD
:105090007091240D8091250D9091260D42E00E9483
:1050A00079A78FB7F89440909D0950909E09609021
:1050B0009F097090A0098090A1099090A209A090EA
:1050C000A309B090A409C090A509D090A609E090CA
:1050D000A709F090A8098FBFCCE5DEE2FE0184911C
:1050E0002196882319F00E94CA94F8CFC301B20117
:1050F0000E94569DC8E5DEE2FE0184912196882338
:1051000019F00E94CA94F8CFC501B4010E94569DBF
:10511000C4E5DEE2FE0184912196882319F00E9405
:10512000CA94F8CFC701B6010E94569D8AE0DF916C
:10513000CF91FF90EF90DF90CF90BF90AF909F9076
:105140008F907F906F905F904F900C94CA94EF92E5
:10515000FF920F931F93CF93DF93CDB7DEB769977D
:105160000FB6F894DEBF0FBECDBF83E50E949991C4
:105170008823A1F00E944C928E34910579F40E940C
:1051800066CF69960FB6F894DEBF0FBECDBFDF9134
:10519000CF911F910F91FF90EF9008951E8A1F8A63
:1051A000188E198E06EF1DE2F80184910F5F1F4FD4
:1051B00081110BC00DEE1DE2F80184910F5F1F4FAE
:1051C000882331F00E94CA94F7CF0E94CA94ECCF92
:1051D000609187117091881190E080E04AE00E9410
:1051E000E59900EE1DE2F80184910F5F1F4F8823BF
:1051F00019F00E94CA94F7CF6091891170918A11B9
:1052000090E080E04AE00E94E59905ED1DE2F8019A
:1052100084910F5F1F4F882319F00E94CA94F7CF23
:1052200060918711709188118091891190918A11F4
:10523000681B790B8091791190917A11019721E087
:1052400030E0029710F030E020E0621B730B90E03A
:1052500080E04AE00E94E5998AE00E94CA940DEC41
:105260001DE2F80184910F5F1F4F882319F00E94FF
:10527000CA94F7CF80918B1190918C11A0918D11D0
:10528000B0918E118E8B9F8BA88FB98FBE016F5FEF
:105290007F4FCE0146960E947C9300EC1DE2F80100
:1052A00084910F5F1F4F81110CC0CE0101967C01CC
:1052B0008C01F80181918F01882331F00E94CA94FA
:1052C000F8CF0E94CA94EBCF80918F1190919011EA
:1052D000A0919111B09192118E8B9F8BA88FB98F55
:1052E000BE016F5F7F4FCE0146960E947C9300EB1C
:1052F0001DE2F80184910F5F1F4F882319F00E946F
:10530000CA94F7CFF70181917F01882319F00E9499
:10531000CA94F8CF8AE00E94CA9408EA1DE2F80114
:1053200084910F5F1F4F81110BC008E91DE2F80146
:1053300084910F5F1F4F882331F00E94CA94F7CFEA
:105340000E94CA94ECCF20E030E04AE754E4609138
:1053500093117091941180919511909196110E94E2
:10536000C8FF42E00E9479A706E91DE2F801849196
:105370000F5F1F4F882319F00E94CA94F7CF8AE06D
:105380000E94CA94FECE1F920F920FB60F92112464
:105390000BB60F922F933F938F939F93EF93FF93AF
:1053A0002091C6009FB7F894E091630C81E08E0FC6
:1053B0008F773091640C831731F0F0E0ED51F44FAA
:1053C00020838093630C9FBFFF91EF919F918F91FA
:1053D0003F912F910F900BBE0F900FBE0F901F901B
:1053E00018952F923F924F925F926F927F928F9279
:1053F0009F92AF92BF92CF92DF92EF92FF920F9364
:105400001F93CF93DF93CDB7DEB7E9970FB6F8942C
:10541000DEBF0FBECDBF85E40E949991882309F4B9
:1054200057C00E944C929FA38EA383E40E9499913F
:10543000882309F450C00E944C929AAB89AB85E551
:105440000E94999188A7882319F00E947B8188A7E0
:1054500083E50E949991882309F442C00E944C92EE
:105460008C012EA13FA12230310510F42093D80BDE
:1054700010927F0C10927E0C0E942BD469877A8741
:105480008B879C87DC01CB018C53964FAF4FBF4F6E
:105490008093AD099093AE09A093AF09B093B00982
:1054A0004EA15FA199E3E92E94E0F92E4230510517
:1054B00008F441C08CE494E09A838983A981BA817D
:1054C0008D91BA83A9838823A1F00E94CA94F6CF54
:1054D0001FA21EA2AACF25E030E03AAB29ABAFCF86
:1054E0004EA05FA006E910E057FEBBCF06E410E037
:1054F000B8CF8AE00E94CA9481E090E090937F0C3C
:1055000080937E0CE9960FB6F894DEBF0FBECDBF38
:10551000DF91CF911F910F91FF90EF90DF90CF908F
:10552000BF90AF909F908F907F906F905F904F90C3
:105530003F902F900895F70181917F01882319F002
:105540000E94CA94F8CFB801110F880B990B0E94E2
:1055500073FA6B8B7C8B8D8B9E8B8AE00E94CA9436
:105560000E942945EEA1FFA1E554F64F8FE7808305
:1055700081E08093130249845A846B847C8449A619
:105580005AA66BA67CA64CAA5DAA6EAA7FAA19820F
:1055900020E42F8B3CE1388F46E4498F1A8E1B8E16
:1055A0001C8E1D8E1AA21BA21CA21DA21E8E1F8E57
:1055B00018A219A2812C912C5401AFE7CA2ED12C2C
:1055C000E12CF12CBFE74B2E512C612C712C4D821C
:1055D0005E826F8278861DA61EA61FA618AA21E0ED
:1055E0002D871A8A198A212C312C00E010E04EA058
:1055F0005FA0440C551C440C551C92012C53364F93
:105600003FA32EA3F9AFE8AF80911302882309F4DA
:105610006CC20E942BD42B013C013091B9093BABE9
:10562000332309F48CC00E94EC4DAEA1BFA12C9095
:1056300011963C90119712960C91129713961C910B
:105640002A8D3B8D4C8D5D8DB101C8010F942E01CB
:10565000181624F42A8E3B8E0C8F1D8F29813F89CA
:10566000488D598DB101C8010E946CFA87FF04C0B2
:1056700029823F8A088F198F8091AD099091AE09D8
:10568000A091AF09B091B009A3019201281B390B79
:105690004A0B5B0BDA01C901B7FD10C00E94214E15
:1056A000D301C2018C53964FAF4FBF4F8093AD09CA
:1056B0009093AE09A093AF09B093B0093D85222D18
:1056C000332309F419C2332DA8016B897C898D8994
:1056D0009E890E946CFA87FF32C0B301A20189A59E
:1056E0009AA5ABA5BCA5481B590B6A0B7B0BDB012C
:1056F000CA0188589341A109B109B7FD20C08D8125
:105700009E81AF81B8858C199D09AE09BF09B595F9
:10571000A79597958795E8ADF9AD80834DA75EA7CE
:105720006FA778ABFB89FA8F2C892B8F3D893C8F33
:105730004E894D8F49865A866B867C861D8620E071
:1057400030E040EA51E46B897C898D899E890E9412
:10575000CEFE9101A8010E946CFA87FF16C1AFE24C
:10576000BFE2BA83A983E981FA8184913196FA83F1
:10577000E983882309F4C0CE0E94CA94F4CF5BEE7B
:10578000C52ED12CE12CF12C15C224E130E040E0F3
:1057900050E02D833E834F83588744E1C42ED12CA3
:1057A000E12CF12C15C2CD82DE82EF82F88610C288
:1057B0006D817E818F8198850E94569D26E93FE20A
:1057C0003AA729A7E9A5FAA584913196FAA7E9A7EE
:1057D000882319F00E94CA94F5CFC701B6010E9430
:1057E000569D49815F89688D798D8FE89FE20E947F
:1057F000685F4A8D5B8D6C8D7D8D88E89FE20E948D
:10580000685F29893A89233031050CF49AC0C701B1
:10581000B6010E9473FA20E030E040E850E40E94B4
:10582000D2FA4B015C0129813F89488D598D6A8DDF
:105830007B8D8C8D9D8D0E94CDFE2BED3FE049E44C
:1058400050E40E94D2FA20E030E040E05FE30E94A2
:10585000D2FA9B01AC01C501B4010E94C8FF4B0103
:105860005C016D857E858F8598890E9473FA2FE68D
:1058700032E143E85AE30E94D2FA69837A838B8348
:105880009C83B501A40182E89FE20E94685F498180
:105890005A816B817C818CE79FE20E94685F2AE9D4
:1058A00039E949E15FE3C501B4010E94D2FA4B0135
:1058B0005C01AC019B010E94CEFE29813A814B81A3
:1058C0005C810E94C8FF6E8F7F8F88A399A3A5017A
:1058D000940169817A818B819C810E94D2FA20E0B7
:1058E00030E040E05EE30E94D2FA6AA37BA38CA37F
:1058F0009DA34CE65FE25A834983E981FA81849152
:105900003196FA83E983882319F00E94CA94F5CF6F
:10591000B501A40186E69FE20E94685F4E8D5F8D0F
:1059200068A179A180E69FE20E94685F4AA15BA11D
:105930006CA17DA18AE59FE20E94685F8AE00E94D7
:10594000CA948D819E81AF81B8858C0D9D1DAE1D41
:10595000BF1DB595A79597958795E8ADF9AD80835F
:1059600029893A892F5F3F4F3A8B298B3B893983AD
:105970004C894F8B5D89588F8E89898F49A65AA68D
:105980006BA67CA69BA99D87DACE80E398EFAFEF4C
:10599000BFEF2CA93DA94EA95FA9821B930BA40BB5
:1059A000B50B840D951DA61DB71DB7FD09C00E943E
:1059B0009A9D8AE00E94CA944CAA5DAA6EAA7FAA08
:1059C000D301C201880F991FAA1FBB1F49855A85A1
:1059D0006B857C8549A45AA46BA47CA4440D551DF9
:1059E000661D771D841B950BA60BB70B81389F4452
:1059F000A241B10580F041E15FE25A834983E98128
:105A0000FA8184913196FA83E983882309F474CD6D
:105A10000E94CA94F4CF49A85AA869887A88461483
:105A200057040CF05FC024EB3EE23A832983E981FE
:105A3000FA8184913196FA83E983882319F00E94D0
:105A4000CA94F5CFB501A4018FE99EE20E94685F78
:105A50008AE00E94CA944E8D5F8D68A179A18AE880
:105A60009EE20E94685F8AE00E94CA944AA15BA1FC
:105A70006CA17DA185E79EE20E94685F8AE00E949A
:105A8000CA9448A4442009F437CD809233029092FE
:105A90003402A0923502B09236022CEA35EC47E28D
:105AA0005EE36E8D7F8D88A199A10E94D2FA6093EA
:105AB0003B0270933C0280933D0290933E022CEA9D
:105AC00035EC47E25EE36AA17BA18CA19DA10E9417
:105AD000C8FF609337027093380280933902909325
:105AE0003A020ACD0E947CE48FCD8091130281118D
:105AF00003CD0E94294500CD332DA8016B897C89F7
:105B00008D899E890F942E0118160CF018CED301A2
:105B1000C20129853A854B855C85821B930BA40BBA
:105B2000B50BAC01BD01485853416109710977FDBE
:105B300006CE49895A89141615060CF002CF2DA5F8
:105B40003EA54FA558A9280F391F4A1F5B1F2D8757
:105B50003E874F87588B2DA53EA54FA558A9281BDA
:105B6000390B4A0B5B0BC701B6010E9481FE2D85E4
:105B70003E854F8558890F940302CD80DE80EF80EB
:105B8000F884C20ED31EE41EF51E34E1C316D10400
:105B9000E104F1040CF4F9CD4CEEC416D104E10497
:105BA000F1040CF0ECCD50E8C516D104E104F10489
:105BB0000CF4F9CDCD82DE82EF82F8868EEF90E094
:105BC000A0E0B0E08C199D09AE09BF096C017D0110
:105BD0004BE95FE25AA749A7E9A5FAA58491319656
:105BE000FAA7E9A7882309F4E3CD0E94CA94F4CF69
:105BF0002F923F924F925F926F927F928F929F92DD
:105C0000AF92BF92CF92DF92EF92FF920F931F93CA
:105C1000CF93DF93CDB7DEB7CC55D1090FB6F8944B
:105C2000DEBF0FBECDBF0091480D20E6029F800170
:105C300011240D58104F10938F0C00938E0C8091EF
:105C4000B70480FF1AC03EEDE32E3DE3F32EF701CB
:105C50008491FFEFEF1AFF0A811109C07801D70183
:105C60008D917D01882331F00E94CA94F8CF0E9463
:105C7000CA94EDCF8AE00E94CA94F80180810F5F38
:105C80001F4F8032D1F3F0938F0CE0938E0C8E3443
:105C9000C9F4818190ED980F9A3010F08D3291F413
:105CA00032969F012F5F3F4F808180538A30F0F002
:105CB0009F012F5F3F4F80818032D1F0F0938F0C96
:105CC000E0938E0CC0908E0CD0908F0C6AE270E046
:105CD000C6010F947C02009769F0FC013196829115
:105CE000803211F08A3231F41082F9CFF901D9CF24
:105CF000F901DECF96012F5F3F4FF90180812F5FC1
:105D00003F4F8032D1F38053B1E06196BFAF6197CE
:105D10008A3018F061961FAE61978A3008F050C043
:105D200010E000E02AE0209FC001219F900D112487
:105D30008C01005311098191080F111D87FD1A95DF
:105D4000808180538A3078F37F013196D7018C911E
:105D50008032D1F3F6018081F092E20BE092E10B08
:105D600021E030E030937F0C20937E0C8D3409F4D9
:105D7000B0C4843511F40C94A5C2873411F00C948E
:105D8000CBC20430110509F473C268F480910D028E
:105D90000230110508F086C0882371F00E94AC9192
:105DA0000E947E9609C00A35110509F452C4D8F440
:105DB0000C31110509F49DC210927F0C10927E0CDB
:105DC0006196FFAD6197F1110C94DEC20EED1DE3FB
:105DD000F80184910F5F1F4F882311F40C94D0C2F7
:105DE0000E94CA94F5CF0B35110509F435C40C3562
:105DF000110511F785E40E949991982E811102C036
:105E00000E947F57BBE2AB2EB3E0BB2E17E1C12E41
:105E10001DE0D12E0AECE02E0BE0F02E10E000E0A9
:105E2000812CD5018D915D010E949991382E882396
:105E300031F1F60140805180628073800E94B08110
:105E4000D6016D937D938D939C9313970330B9F096
:105E5000A30192010E94CDFE9B01AC01F70160817C
:105E60007181828193810E94CEFED7016D937D93D3
:105E70008D939C931397C8010E94BC7E832C0F5F67
:105E80001F4FB4E0CB0ED11CE4E0EE0EF11C043049
:105E9000110539F6882009F4E3C30E94C7920E94D5
:105EA000EFA78ACF882309F487CF0E94AC9182E5BF
:105EB0000E949991882309F45DC10E94B0814B0131
:105EC0005C0120E030E0A9010E946CFA882309F40B
:105ED00032C12091170D3091180D4091190D50913C
:105EE0001A0D28A739A74AA75BA780911B0D90918F
:105EF0001C0DA0911D0DB0911E0D8CA79DA7AEA7E6
:105F0000BFA72091D20C3091D30C4091D40C50916A
:105F1000D50C2CAB3DAB4EAB5FAB8091D60C9091CA
:105F2000D70CA091D80CB091D90C88AB99ABAAAB87
:105F3000BBAB68A579A58AA59BA50E946CFA8111C7
:105F40000DC028A939A94AA95BA96CA57DA58EA574
:105F50009FA50E946CFA882309F4EDC0FF24F394F6
:105F60000230110509F0F12C20E030E0A901C50153
:105F7000B4010E946CFA881F8827881FF812EFC0AE
:105F800020E030E040E85FE324962CAF3DAF4EAF19
:105F90005FAF249728A539A54AA55BA56CA97DA963
:105FA0008EA99FA90E94CDFE6CAF7DAF8EAF9FAF33
:105FB0002CA53DA54EA55FA568A979A98AA99BA98D
:105FC0000E94CDFE6B017C012CAD3DAD4EAD5FADB1
:105FD000CA01B9010E94D2FA2B013C01A701960126
:105FE000C701B6010E94D2FA9B01AC01C301B20104
:105FF0000E94CEFE0F947C0168AF79AF8AAF9BAF51
:1060000020E030E040E05FE30E94D2FA2B013C0147
:10601000A5019401C501B4010E94D2FA4B015C01B3
:10602000A3019201C301B2010E94D2FA9B01AC010B
:10603000C501B4010E94CDFE0F947C0124962CADC5
:106040003DAD4EAD5FAD24970E94D2FA4B015C018D
:10605000C701B601905828AD39AD4AAD5BAD0E947D
:10606000C8FFA50194010E94D2FA6B017C012CA902
:106070003DA94EA95FA968A579A58AA59BA50E94FF
:10608000CEFE20E030E040E05FE30E94D2FA9B01C8
:10609000AC01C701B6010E94CEFE28A539A54AA5CC
:1060A0005BA50E94CDFE6B017C0128A939A94AA9F4
:1060B0005BA96CA57DA58EA59FA50E94CEFE20E0C4
:1060C00030E040E05FE30E94D2FA2B013C0128ADB2
:1060D00039AD4AAD5BAD6CAD7DAD8EAD9FAD0E946F
:1060E000C8FFA50194010E94D2FA9B01AC01C30133
:1060F000B2010E94CEFE2CA53DA54EA55FA50E9433
:10610000CDFE68A779A78AA79BA720E030E0A90168
:10611000C701B6010E946CFA81110C94FCC220E008
:1061200030E0A90168A579A58AA59BA50E946CFA13
:1061300081110C94FCC208EA1DE3F80184910F5F01
:106140001F4F811192C002EF1FE2F80184910F5F8F
:106150001F4F882309F430CE0E94CA94F6CF80E006
:1061600090E0A0E8BFEB24968CAF9DAFAEAFBFAF81
:10617000249710CF89E40E949991C12CD12C7601EB
:10618000882321F00E94B0816B017C018AE40E9487
:106190009991882311F40C94EDC20E94B081B1CF83
:1061A000B10190E080E00E9471FA28A939A94AA9BA
:1061B0005BA90E94D2FA4B015C010E94C3FF6B01F4
:1061C0007C01C501B4010F946E014B015C01A70174
:1061D00096016CA57DA58EA59FA50E94D2FA2B01E4
:1061E0003C01A501940168A579A58AA59BA50E94FB
:1061F000D2FAA30192010E94CEFE2B013C01A5011F
:1062000094016CA57DA58EA59FA50E94D2FA4B0195
:106210005C01A701960168A579A58AA59BA50E94A6
:10622000D2FA9B01AC01C501B4010E94CDFE6CAB5A
:106230007DAB8EAB9FABD12C0C9479C5C090CC09B3
:106240002C96ECACFDAC0EAD1FAD2C972EED3CE0CA
:106250004AED5CE066ED7CE082ED9CE00E944961E5
:106260000E94687E0E94BF94A7CD0E94CA9465CF09
:1062700080E50E949991C12CD12C7601882321F0D0
:106280000E94A5816B017C0183E50E94999188237E
:1062900061F00E94B08120E030E04AE754E40E94BF
:1062A000D2FA0F9441006B017C010E947F570E943B
:1062B000BF948091900C9091910CA091920CB09110
:1062C000930CC80ED91EEA1EFB1E80918902811113
:1062D00005C060E088E090E30E9456E40E942BD461
:1062E0006C197D098E099F0997FF66CD0E94C9A18F
:1062F000F5CF0E947F573090CC0921E040E050E07C
:10630000BA0180E00E94499A109298098091610236
:1063100090916202A0916302B09164028093C60BD7
:106320009093C70BA093C80BB093C90B8091180230
:10633000909119029093C50B8093C40B84E690E072
:1063400090931902809318020E94BF9481E0809379
:106350007F0288E50E949991F82E89E50E94999123
:10636000082F8AE50E949991E82EF1108AC0011148
:106370008CC081118AC00E945E7E11E020E030E076
:1063800040EA50E46091CE0C7091CF0C8091D00C1B
:106390009091D10C0E94CEFE6093DA0C7093DB0CCE
:1063A0008093DC0C9093DD0C20911F0D3091200D1B
:1063B0004091210D5091220D0F942E0118167CF45E
:1063C00019821A821B821C829E012F5F3F4F4AED69
:1063D0005CE06BE17DE087E19DE00E945880111157
:1063E0005DC0FF2009F401C1011158C010E0FF2475
:1063F000F394F092CC0990E080E00E942E952091D9
:10640000C60C3091C70C4091C80C5091C90C6091DA
:10641000170D7091180D8091190D90911A0D0E9411
:10642000CDFE60935B0270935C0280935D0290935B
:106430005E021092CC0990E080E00E942E9580E1EF
:10644000E7E1FDE0A9E6BCE001900D928A95E1F755
:106450001092880C1092890C10928A0C10928B0C5E
:10646000F092790C112309F4C0C081E090E00E9401
:106470002E95112309F4BCC082E090E00E942E9575
:10648000B9C0002311F0811176CF0E945E7EF11019
:1064900003C0002309F4ACC010E070CF10921B0DB4
:1064A00010921C0D10921D0D10921E0D1092170DC2
:1064B0001092180D1092190D10921A0D0E94C79289
:1064C0008091CC09CC24C394D12C811103C0CC245D
:1064D000CA94DC2C8DE695E30E94727E4B015C0130
:1064E00081E795E30E94727E2B013C01AC019B0188
:1064F000C501B4010F942E0118160CF0A5C0A5011A
:106500009401C301B2010E94C8FF9B01AC010E942B
:10651000D2FA20E030E040E85FE30E94CEFE0F9424
:106520007C0120E030E046E952E40E94D2FA6CA3FC
:106530007DA38EA39FA3EAE7F5E3249020E030E05B
:1065400040EC5FE3C301B2010E94D2FA2B013C018F
:10655000622D220C770B880B990B0E9473FA9B011A
:10656000AC01C301B2010E94D2FA69837A838B83A2
:106570009C8320E030E040EC5FE3C501B4010E9461
:10658000D2FA4B015C01B601DD0C880B990B0E941D
:1065900073FA9B01AC01C501B4010E94D2FA68A351
:1065A00079A38AA39BA39E012C5D3F4F4FE15DE041
:1065B000BE016F5F7F4FCE0180960E94588010927F
:1065C000470D10921B0D10921C0D10921D0D109274
:1065D0001E0D1092170D1092180D1092190D109299
:1065E0001A0D111104CFF11001CF10E001113DCFB0
:1065F000E11042CF0E94C79280919A0480937F025B
:106600008091C60B9091C70BA091C80BB091C90B9C
:106610008093610290936202A0936302B09364023C
:106620008091C40B9091C50B90931902809318022E
:106630000E94BF9421E040E050E0BA01832D0E9407
:10664000499A0E94EFA7B8CBA3019201C501B401FA
:106650005ACF1092E00BB0CB81E08093E00BACCB33
:10666000992009F41CCCC090230DD090240DE0900B
:10667000250DF090260D2091EE093091EF09409103
:10668000F0095091F109C701B6010E94D2FA0F94A6
:106690003B0160935511709356118093571190935D
:1066A0005811C701B6010F943A002FB7F8946093C0
:1066B000A9097093AA098093AB099093AC092FBFE5
:1066C00010924511109246111092471110924811E4
:1066D000E6CB0037110509F4A8C508F0A4C10B34B6
:1066E000110509F43AC508F0BDC00831110509F4D7
:1066F00029C408F04AC00231110509F423C710F576
:106700000230110508F460C30131110509F054CBC2
:1067100060E08AE490E30E9456E49FB7F894809189
:106720000B018D7F80930B019FBFA29889989FB723
:10673000F894809108018E7F809308019FBF129882
:1067400015983ACB0531110509F4F2C380F40431F0
:10675000110509F031CB08E610E3F80184910F5FD1
:106760001F4F882309F4AFC30E94CA94F6CF0631A5
:10677000110509F4E1C30731110509F01DCB40E013
:1067800061E0C7010E94A5EB17CB0C31110509F49C
:1067900032C4C8F40A31110509F4E5C308F4DDC3B5
:1067A0008091A5110BE810E3882309F419C409E7C7
:1067B00010E3F80184910F5F1F4F882309F4F2C39F
:1067C0000E94CA94F6CF0F31110509F47DC438F444
:1067D0000E31110509F0F0CA0E94A798EDCA0032E7
:1067E000110509F40FC40A32110509F0E5CA83E561
:1067F0000E949991882309F4DFCA0E944C926C018F
:106800008F3F910511F008F0D7CA80E50E94999159
:106810000DE010E0882329F00E944C928C0197FD36
:10682000CBCAF02EEFE2F3E085E993E0980133273D
:10683000419151914217530709F071C408EA1DE3D1
:10684000F80184910F5F1F4F811184C409EA10E39E
:10685000F80184910F5F1F4F882309F4ADCA0E948D
:10686000CA94F6CF0C35110509F4D3C6C8F5013525
:10687000110509F447C668F40D34110509F475C40F
:1068800008F46FC40E34110509F096CA0E94A7A837
:1068900093CA0335110509F450C608F44AC60435F5
:1068A000110509F44FC60535110509F085CA83E5C0
:1068B0000E949991882309F47FCA0E94B08120E048
:1068C00030E04AE754E40E94D2FA0F94410060930A
:1068D000940C7093950C8093960C9093970C6CCAC3
:1068E0000B36110509F4FDC508F071C00936110514
:1068F00009F4CAC408F0D0C50836110509F05CCA0D
:1069000088E690E00E94909E811156CA8091B7045B
:1069100083FD52CA83E50E949991882309F454C0EB
:106920000E944C928C01F090D80B6F2D0E945894CD
:1069300080915F0290916002029781F4F1100EC085
:1069400090E080E00115110531F08091DA0B909113
:10695000DB0B800F911F61E00E9458940E944C92C3
:106960008C3491053CF40E9452D460E08FEB90E3AC
:106970000E9456E40E944C927C010091D80B10E0DA
:10698000F801EE0FFF1FEE0FFF1FEC53F64F608173
:106990007181828193810F943A006E157F05A4F472
:1069A0008BE294E09F938F930F5F1F4F1F930F9382
:1069B00088EB90E39F938F931F920E944BCF0FB66B
:1069C000F894DEBF0FBECDBF0E94B95FF5C90D368A
:1069D000110509F48DC408F424C40E36110509F418
:1069E000C8C30F36110509F0E7C983E50E949991E4
:1069F000882309F4D1C30E944C818093B7040EED23
:106A00001DE3F80184910F5F1F4F8111C7C301EE91
:106A100010E3F80184910F5F1F4F882309F4C1C36D
:106A20000E94CA94F6CF0A3D110511F40C94BFBE22
:106A300008F020C10139110509F4FBC608F053C064
:106A40000537110509F474C6B0F40237110509F4CD
:106A500069C608F4EEC30337110509F0ADC90AE4AD
:106A600011E3F80184910F5F1F4F882309F4A4C933
:106A70000E94CA94F6CF0837110509F4CDC6C0F4B8
:106A80000737110509F098C902E312E3F801849170
:106A90000F5F1F4F811152C60AE212E3F801849181
:106AA0000F5F1F4F882309F44CC60E94CA94F6CF8B
:106AB0000937110509F4B7C60C38110509F07CC96E
:106AC0008091B70483FD78C983E50E94999188235A
:106AD00009F472C90E944C929093D1098093D00915
:106AE0000E94D44169C90B3C110509F4A8C708F0FC
:106AF000A5C0083C110509F40EC7093C110509F4AD
:106B00007AC70E3B110509F057C98091B70483FD80
:106B100053C960E082E291E30E9456E483E50E945B
:106B200099918CAB882309F4E7C30E944C9290930F
:106B3000D1098093D0090E94D4410E944C920697BB
:106B400014F00E9409D681E08093130210927F0C0A
:106B500010927E0C8091CC098093D80B1CA61DA6A8
:106B60001EA61FA618AA19AA1AAA1BAA18A618AE0A
:106B7000FCE3FCAF2CE121962FAF219736E425965C
:106B80003FAF2597712C612C50E8552E6FEB462EA8
:106B9000812C912C54016091D0097091D109072E5C
:106BA000000C880B990B0E9473FA7B018C01272D36
:106BB000362D452D542D0E946CFA8823B9F0209172
:106BC000BD093091BE094091BF095091C0098CA9FF
:106BD000B701811198C3C8010E946CFA881F8827E9
:106BE000881F88A77E2C6F2C502E412E0E942BD4FC
:106BF0006B017C01DC01CB0128A939A94AA95BA959
:106C0000821B930BA40BB50BB7FDB4C3D701C60110
:106C100088519C4FAF4FBF4F88AB99ABAAABBBAB72
:106C20000E949A9D0EE111E3F80184910F5F1F4FBE
:106C3000882309F480C30E94CA94F6CF0D3C110545
:106C400009F489C708F41BC70E3C110511F40C9414
:106C500018BE033D110509F0AFC80EED1DE3F801A4
:106C600084910F5F1F4F882311F40C9437BE0E944C
:106C7000CA94F5CF0039F1E01F0711F40C9400C15C
:106C800008F04AC00C3231E0130711F40C94BEBF77
:106C9000D8F40D3D110511F40C944FBF023E1105BF
:106CA00011F40C946BBF0C3D110509F085C883E508
:106CB0000E949991882309F47FC80E944C92909376
:106CC00019028093180278C80E3251E0150711F4AA
:106CD0000C9485C010F40C94E5BF0F3291E01907B5
:106CE00011F40C94FCC00336114009F065C808EAA1
:106CF0001DE3F80184910F5F1F4F81110C9499C21D
:106D000001EC13E3F80184910F5F1F4F882309F40E
:106D100053C80E94CA94F6CF063FB1E01B0711F496
:106D20000C94DBC1F8F40C3AF1E01F0711F40C9459
:106D300004C148F40A39114011F00C94DCAE0E94F1
:106D4000D1920C94DCAE043F41E0140711F40C9492
:106D5000D7C1053F114011F00C94DCAE0E94C17305
:106D60000C94DCAE0D3582E0180711F40C94DFC1F1
:106D700090F4073F114011F00C94DCAE83E50E94C3
:106D80009991882321F00E947B8191E089270E94BC
:106D9000F46D0C94DCAE003AB3E01B0709F48AC131
:106DA000073E134011F00C94DCAE81E080930D029D
:106DB0001092650D83E50E94999181110C949DC2FA
:106DC0000E94729D0C94DCAE80E50E949991182F70
:106DD000812C912C5401882359F00E94A5814B01EC
:106DE0005C0111E081149104A104B10409F410E0E4
:106DF00083E50E949991882311F40C94E2C20E94C9
:106E0000B08120E030E04AE754E40E94D2FA0F94C7
:106E100041004B015C0111110C94E6C281149104F4
:106E2000A104B10411F00C94E6C2D7018C9188231F
:106E300011F40C94E6C261E0C7010E946BE483E0A8
:106E400090E090937F0C80937E0C81E08093F50C12
:106E50000E947F570E94BF9481149104A104B10441
:106E6000D9F08091900C9091910CA091920CB091DE
:106E7000930C880E991EAA1EBB1E0E942BD4681963
:106E800079098A099B0997FF17C08091F50C88231F
:106E900099F00E94C9A1F1CF8091F50C882319F0D7
:106EA0000E94C9A1F9CF8091A41160E0882341F02C
:106EB00086E290E30E9456E41092F50C0C94DCAE4E
:106EC00082E190E3F7CF10922A141092291485EDF5
:106ED00091E10E949B868BE1E5EDF1E1DE011596E3
:106EE00001900D928A95E1F78091D3119091D41180
:106EF0009C838B838BEC93E09A83898350E040E002
:106F0000BE016F5F7F4F80E094E00E948AE9CE016E
:106F100001960E94919109E510E3F80184910F5FB9
:106F20001F4F882311F40C94DCAE0E94CA94F5CF55
:106F30000E94CAD40C94DCAE1092A4111092A51138
:106F40000C94DCAE8091A511882319F081E0809328
:106F5000A4110E9409D60C94DCAE1092A4110E94D8
:106F600062D60C94DCAE8091A511882311F40C94A8
:106F7000DCAE83E50E949991882311F40C94DCAE79
:106F80000E94DFEFAB01BC01409320145093211409
:106F900060932214709323148FE693E10E94078676
:106FA0000C94DCAE60912014709121148091221415
:106FB000909123144AE00E94E5998FE20E94CA94BE
:106FC00060911C1470911D1480911E1490911F14D7
:106FD0004AE00E94E5998AE00E94CA940C94DCAED3
:106FE000F80184910F5F1F4F882311F40C94DCAEDD
:106FF0000E94CA94F5CF40E060E0C7010E94A5EB73
:107000000C94DCAE8091A41181110E947F57E09016
:10701000E10BF090E20B61E270E0C7010F947C029B
:10702000009721F07C01FFEFEF1AFF0A80E50E9434
:107030009991182F882349F011E08091D60B9091F7
:10704000D70B8E159F0508F010E08091A5118823BD
:1070500011F40C94DCAE412F61E0C7010E94A5EB56
:1070600083E50E9499918823B9F08091D60B909185
:10707000D70B8E159F0580F40E94DFEFAB01BC019A
:10708000409320145093211460932214709323147E
:107090008FE693E10E9407868091A511882319F05D
:1070A00081E08093A41111110C94DCAE0E9409D6EA
:1070B0000C94DCAE81E08093A31140E060E0C70156
:1070C0000E94A5EB0C94DCAE89E791E10E94165278
:1070D00068A379A38AA39BA3BE016F5F7F4FCE01F4
:1070E00080960E947C9360E0CE0101960E946BE442
:1070F0000EED1DE3F80184910F5F1F4F882319F0F7
:107100000E94CA94F7CFBE016F5F7F4F8CE990E376
:107110000E949D5F8AE00E94CA940C94DCAE8E1798
:107120009F0709F085CB61E08F2D0E9423D36C2D42
:107130008F2D0E94F5D2B6018F2D0E9454D30730B7
:10714000110511F00C94DCAED092CF09C092CE099B
:107150000C94DCAE0E94CA9473CB0E9409D60C94A6
:10716000DCAE0E9462D60C94DCAE0E9452D40C9429
:10717000DCAE8EE40E949991882311F40C94DCAE6D
:107180000E94DFEF6093650C7093660C8093670C30
:107190009093680C0C94DCAE80E02FCC0E94CA94D3
:1071A00030CC9091B70403ED10E3992389F110E0FE
:1071B00000E02091B70430E0002E02C035952795FD
:1071C0000A94E2F720FF1AC0DD24D394D80E882356
:1071D00019F08CE20E94CA94F801EE0FFF1FE952E9
:1071E000FF4CE590F490F7018491FFEFEF1AFF0A4E
:1071F000882319F00E94CA94F6CF8D2D0F5F1F4F80
:1072000005301105B1F68AE00E94CA940C94DCAEF8
:10721000F80184910F5F1F4F8823A9F30E94CA943D
:10722000F7CF109213020C94DCAE88EE90E30E942C
:10723000159683E50E949991811119C00EED1DE309
:10724000F80184910F5F1F4F882319F00E94CA94A0
:10725000F7CF4091650250E070E060E08DEF90E381
:107260000E944C5F8AE00E94CA940C94DCAE0E949B
:107270004C81809365028D3310F40C94DCAE8CE36A
:10728000809365020C94DCAE89E690E00E94909EAB
:10729000811110C004E011E3F80184910F5F1F4FCA
:1072A000882319F00E94CA94F7CF0E949A9D8AE021
:1072B0000E94CA9410927F0C10927E0CC45ADF4F29
:1072C0000FB6F894DEBF0FBECDBFDF91CF911F91F7
:1072D0000F91FF90EF90DF90CF90BF90AF909F9075
:1072E0008F907F906F905F904F903F902F90089578
:1072F0000E9476A50C94DCAE82E50E9499918111E2
:1073000014CC0C94DCAEC8010E946CFA87FF0DC04F
:1073100080911302882311F40C94DCAE60E087E0C6
:1073200091E30E9456E40C94DCAE7E2C6F2C502E20
:10733000412E18A65BCC0BE111E381149104A1044A
:10734000B10409F446C0C501B4016059784E8F4FAD
:107350009F4F6C197D098E099F0928EE33E040E0AC
:1073600050E00E9491FECA01B9010E94569D8AE038
:107370000E94CA940E94C9A10E94BF946091BD0955
:107380007091BE098091BF099091C0090F943A0095
:10739000072E000C880B990B0E9473FA1B018C01BD
:1073A0009B01AC01672D762D852D942D0E94CDFE7D
:1073B0009F7781149104A104B104A1F420E030E08E
:1073C00040E85FE30E946CFA87FF14C04601570152
:1073D00011C0F80184910F5F1F4F882359F20E945A
:1073E000CA94F7CF20E030E040E450E40F942E013F
:1073F000181664F3F8A5FF23B9F12CA53DA54EA5F9
:107400005FA5211531054105510541F0D701C601A0
:10741000821B930BA40BB50BB7FD26C09101A801ED
:1074200068AD7CAD21968FAD219725969FAD2597B0
:107430000E94CDFE20E030E040EC5FE30E946CFA59
:1074400087FD66CFD701C601805A9541AF4FBF4F28
:107450008CA79DA7AEA7BFA728AE3CAE21960FAFC5
:10746000219725961FAF259780911302882309F451
:107470004FCF81149104A104B10409F48CCB90E79F
:10748000C91A97E1D90AE108F108C818D908EA0829
:10749000FB08F7FC80CB3CCF83E50E9499911FEF5E
:1074A00000E0882321F00E94EAEF182F092F80E5E1
:1074B0000E94999181110EC0812F902F8F3F9105CD
:1074C00019F010F08FEF90E09093CF098093CE09E0
:1074D0000C94DCAE0E94EAEF892B11F00C94DCAE28
:1074E000EBCF80E50E949991811106C01092CF09DF
:1074F0001092CE090C94DCAE0E94EAEF892BB1F316
:107500000C94DCAE0E9429450E947F570E94C27DE8
:107510001092CF091092CE0968EE73E080E090E0FF
:107520000E945DE360E085E391E30E9456E40C94E1
:10753000DCAE1092DF0B0C94DCAE81E08093DF0BAD
:107540000C94DCAE83E50E9499918823A1F00E94FF
:10755000B08120E030E04AE754E40E94D2FA0F9470
:107560004100609366027093670280936802909373
:1075700069020C94DCAE88E50E949991811115C0D6
:1075800089E50E949991811110C08AE50E94999124
:1075900081110BC085E40E949991811106C00E945F
:1075A0007F570E94C27D0C94DCAE0E947F5788E515
:1075B0000E949991882359F09FB7F89480910B010C
:1075C000826080930B019FBFA29A1092080D89E5FB
:1075D0000E949991882319F0899A1092090D8AE5E1
:1075E0000E949991882351F09FB7F89480910801E7
:1075F0008160809308019FBF10920A0D85E40E946C
:107600009991882311F40C94DCAE0E94BF7D0C94F8
:10761000DCAE3BE2C32E33E0D32E42EEE42E49E053
:10762000F42E10E0D6018D916D010E94999188236E
:1076300009F465C0133009F06DC00E94B0814B01A0
:107640005C0120E030E040EA51E40E946CFA87FFE0
:107650004EC0A50194016091EE097091EF098091EF
:10766000F0099091F1090E94C8FF2B013C01AC0187
:107670009B0160912E0A70912F0A8091300A90919F
:10768000310A0E94D2FA60932E0A70932F0A8093D7
:10769000300A9093310AA301920160911E0A709101
:1076A0001F0A8091200A9091210A0E94D2FA6093C9
:1076B0001E0A70931F0A8093200A9093210A6091FA
:1076C000C4047091C5048091C6049091C7040E94BF
:1076D00071FAA30192010E94D2FA0F9441006093C3
:1076E000C4047093C5048093C6049093C704809229
:1076F000EE099092EF09A092F009B092F1091F5F94
:10770000F4E0EF0EF11C143009F08CCF0E941B61E5
:107710000C94DCAE0E94B081F70160837183828398
:107720009383EDCF0E947F570E94EFA70C94DCAEAD
:1077300060E0C7010E946BE40C94DCAE0E94CA9426
:10774000A5C9309B0AC005E714E0D8018D918D01D1
:10775000882331F00E94CA94F8CF0FE714E0F5CFE8
:107760008AE00E94CA9402E212E3F80184910F5F5A
:107770001F4F882319F00E94CA94F7CF319B0AC08B
:1077800005E714E0D8018D918D01882331F00E9426
:10779000CA94F8CF0FE714E0F5CF8AE00E94CA94AC
:1077A0000AE112E3F80184910F5F1F4F882319F05B
:1077B0000E94CA94F7CF32990AC00FE714E0D801AB
:1077C0008D918D01882331F00E94CA94F8CF05E78E
:1077D00014E0F5CF8AE00E94CA9402E112E3F801B6
:1077E00084910F5F1F4F882319F00E94CA94F7CF2E
:1077F00034990AC00FE714E0D8018D918D018823D8
:1078000031F00E94CA94F8CF05E714E0F5CF8AE082
:107810000E94CA940C94DCAE81E080937F02809336
:107820009A040C94DCAE10927F0210929A040C948D
:10783000DCAE83E50E9499918823E9F00E944C9286
:10784000182F8230C8F008EA1DE3F80184910F5F19
:107850001F4F81110DC00CE412E3F80184910F5FFA
:107860001F4F882311F40C94DCAE0E94CA94F5CF0C
:107870000E94CA94EACF10E088E40E94999188237C
:10788000A1F00E944C92E12FF0E0EE0FFF1FE652B4
:10789000F64F8C3E910514F08BEE90E08639910501
:1078A00014F486E990E09183808386E40E949991A4
:1078B0008823A1F00E944C92E12FF0E0EE0FFF1F11
:1078C000E252F64F8F3F910519F014F08FEF90E0E0
:1078D00097FF02C090E080E09183808382E40E9461
:1078E0009991882311F40C94DCAE0E944C92E12F04
:1078F000F0E0EE0FFF1FEA52F64F8A36910514F0C2
:1079000089E690E08530910514F485E090E091835C
:1079100080830C94DCAE88EC90E00E94909E8111F4
:107920000C94DCAE84E40E949991882309F45FC032
:107930000E94B0816B017C0111E020E030E0A901E0
:107940000E946CFA811101C010E01093360A20E009
:1079500030E0A901C701B6010E946CFA882309F43E
:1079600046C00091D80B10E00E94B081000F111F9B
:10797000000F111FF801E55BFD4F60837183828367
:10798000938320E030E0A90160914B0270914C029A
:1079900080914D0290914E020E946CFA81110CC0B0
:1079A00080E090E0A0E4B0E480934B0290934C021E
:1079B000A0934D02B0934E0220E030E0A901609107
:1079C0004F027091500280915102909152020E9498
:1079D0006CFA81110CC080E090E0A0E4B0E48093E8
:1079E0004F0290935002A0935102B09352020E9412
:1079F000DB7D0C94DCAE0BE213E0FAEFEF2EF9E046
:107A0000FF2EAFE2CA2EA3E0DA2ED8018D918D01B0
:107A10000E949991882349F00E94B0810F944100FF
:107A2000F7016083718382839383F4E0EF0EF11C8E
:107A3000C016D10651F70E94FB5F0C94DCAE0BE23E
:107A400013E072E1E72E7AE0F72EEFE2CE2EE3E0CC
:107A5000DE2ED8018D918D010E949991882339F0F5
:107A60000E94B081F7016083718382839383F4E085
:107A7000EF0EF11CC016D10661F70C94DCAE83E565
:107A80000E9499918823D9F00E94B081AB01BC017A
:107A90004093320A5093330A6093340A7093350A44
:107AA0004093F2095093F3096093F4097093F50938
:107AB00088EC92E30E94685F8AE00E94CA9480E5A5
:107AC0000E949991882399F00E94B081AB01BC017A
:107AD0004093320A5093330A6093340A7093350A04
:107AE0008BEA92E30E94685F8AE00E94CA9482E572
:107AF0000E949991882399F00E94B081AB01BC014A
:107B00004093F6095093F7096093F8097093F909C7
:107B10008CE892E30E94685F8AE00E94CA9484E540
:107B20000E949991882311F40C94DCAE0E94B081DC
:107B3000AB01BC014093F2095093F3096093F4093F
:107B40007093F5098EE692E30E94685F8AE00E94D6
:107B5000CA940C94DCAE83E50E949991882351F07D
:107B60000E94B08160930E0A70930F0A8093100AEE
:107B70009093110A84E50E949991882351F00E9404
:107B8000B08160930A0A70930B0A80930C0A909359
:107B90000D0A82E40E949991882351F00E94A581E8
:107BA0006093B3047093B4048093B5049093B604C7
:107BB00088E50E949991882351F00E94B0816093DA
:107BC000220A7093230A8093240A9093250A89E558
:107BD0000E949991882351F00E94B0816093260AF7
:107BE0007093270A8093280A9093290A8AE50E94B5
:107BF0009991882351F00E94B08160932A0A709372
:107C00002B0A80932C0A90932D0A85E40E94999167
:107C1000882311F40C94DCAE0E94B08160932E0A8C
:107C200070932F0A8093300A9093310A0C94DCAE43
:107C30006BE2E62E63E0F62E10E000E0D7018D91B6
:107C40007D010E949991882339F00E94B081AB0197
:107C5000BC01C8010E94E07F0F5F1F4F0330110578
:107C600069F70E94C7920E94EFA70C94DCAE83E5EF
:107C70000E949991882321F00E947B818093320297
:107C800000E213E3F80184910F5F1F4F882319F07E
:107C90000E94CA94F7CF8091320200E113E3811170
:107CA00002C009E113E3F80184910F5F1F4F8111B6
:107CB0000BC008E013E3F80184910F5F1F4F882386
:107CC00031F00E94CA94F7CF0E94CA94ECCF409141
:107CD000260250912702609128027091290286E0C5
:107CE00093E30E94685F40912A0250912B026091B9
:107CF0002C0270912D0283E093E30E94685F409113
:107D00002E0250912F02609130027091310280E07A
:107D100093E30E94685F08EF12E3F80184910F5F1C
:107D20001F4F882319F00E94CA94F7CF40911A027E
:107D300050911B0260911C0270911D0286EF92E32C
:107D40000E94685F40911E0250911F0260912002C4
:107D50007091210283EF92E30E94685F40912202BA
:107D600050912302609124027091250280EF92E3EA
:107D70000E94685F8AE00E94CA940C94DCAE8AED8F
:107D800090E00E94909E81110C94DCAE1091D80B73
:107D9000112311F40C94DCAE88E50E94999188239C
:107DA00061F00E94B08124E0129FF0011124E55699
:107DB000FB4F608371838283938389E50E9499914D
:107DC000882381F00091D80B10E00E94B081000F51
:107DD000111F000F111FF801ED55FB4F60837183D8
:107DE000828393838AE50E949991882381F0009190
:107DF000D80B10E00E94B081000F111F000F111F5F
:107E0000F801E555FB4F60837183828393830EED08
:107E10001DE3F80184910F5F1F4F81113DC000E306
:107E200013E3F8018491882329F00F5F1F4F0E940C
:107E3000CA94F7CF0BE914E033EAE32E34E0F32ED3
:107E400080E20E94CA94D8016D917D918D919D919F
:107E50008D0142E00E9479A78CE20E94CA94F80149
:107E6000648175818681978142E00E9479A78CE2C6
:107E70000E94CA94D8011C966D917D918D919C9120
:107E80001F9742E00E9479A7E016F106C9F68AE042
:107E90000E94CA940C94DCAE0E94CA94BACF8DEDB5
:107EA00090E00E94909E81110C94DCAE83E50E94CC
:107EB0009991882311F40C94DCAE0091D80B10E05A
:107EC0000E944C92000F111FF801EC5EFD4F918350
:107ED00080830C94DCAE80E50E949991882311F494
:107EE0000C94DCAE0E944C927C0183E50E94999137
:107EF0000FEF1FEF882319F00E944C928C01C801EC
:107F00000196039710F00C94DCAEF7FE02C00C94BF
:107F1000DCAEDE2CEFE2F3E085E993E09701332756
:107F2000419151914217530711F40C94DCAE8E1716
:107F30009F07B1F70E947F5760E08E2D0E9423D3E8
:107F40000F3F100731F00130110569F010E000E03B
:107F50000AC08E2D0E9401F631E020E0892B09F045
:107F600030E0032F122F8D2D0E9401F6801791070C
:107F700011F40C94DCAE0E94C9A1F5CF83E50E94F8
:107F800099918823B1F00E94EAEF99A388A380E534
:107F90000E949991811110C088EE93E09A838983A1
:107FA000BE01605E7F4FCE0101960E9417CF0C94F8
:107FB000DCAE84E091E0E9CF0E94EAEF8938B3E1DA
:107FC0009B0760F388E893E1E9CF85E40E949991EB
:107FD0008823F1F00E944C920297D4F008EA1DE346
:107FE000F80184910F5F1F4F81110AC00BE014E06C
:107FF000D8018D918D01882331F00E94CA94F8CF69
:108000000E94CA94EDCF8AE00E94CA940C94DCAE20
:1080100080E50E949991882351F00E94B08160937D
:10802000330270933402809335029093360289E4D0
:108030000E949991882381F00E94B0812CEA35EC4E
:1080400047E25EE30E94D2FA60933B0270933C02E7
:1080500080933D0290933E0284E40E94999188238C
:1080600081F00E94B0812CEA35EC47E25EE30E9489
:10807000C8FF60933702709338028093390290935F
:108080003A020EED1DE3F80184910F5F1F4F882324
:1080900019F00E94CA94F7CF4091330250913402F4
:1080A000609135027091360288E493E30E94685F24
:1080B0002CEA35EC47E25EE360913B0270913C02B2
:1080C00080913D0290913E020E94C8FFAB01BC012D
:1080D00084E493E30E94685F2CEA35EC47E25EE3B8
:1080E00060913702709138028091390290913A0282
:1080F0000E94D2FAAB01BC0180E493E30E94685F66
:108100008AE00E94CA940C94DCAE83E50E949991A7
:10811000082F8823D1F00E944C92BC01990F880B44
:10812000990B0E9473FA60935302709354028093E8
:1081300055029093560211E020E030E0A9010E9420
:108140006CFA811110E01093D90B80E50E9499918F
:10815000182F8823B1F020E030E0A901609153028C
:108160007091540280915502909156020E946CFACF
:10817000882319F00E947B81182F1093D90B0C943F
:10818000DCAE01110C94DCAE0EED1DE3F801849120
:108190000F5F1F4F882319F00E94CA94F7CF809178
:1081A000D90B61E874E0811102C064E874E081E6F3
:1081B00093E30E949D5F20E030E040E05FE3609148
:1081C00053027091540280915502909156020E9480
:1081D000CEFE0F943A0080E593E30E94845F0CE4A6
:1081E00013E3F80184910F5F1F4F882311F40C945F
:1081F000DCAE0E94CA94F5CF0E94F1A90C94DCAECB
:108200000E947F570C94DCAE87E1E82E8DE0F82EBB
:1082100091ECC92E99E0D92E10E000E09601215C86
:1082200039405901D6018D916D01882309F474C03C
:10823000F801E65EFD4F2081318142815381F801D2
:10824000EA5DFD4F60817181828193810E94CEFE43
:1082500020E030E040E05FE30E94D2FA9B01AC01F5
:10826000F70160817181828193810F942E0118162C
:10827000ACF5C8018D5C9A4C0E94727EF801EA53FD
:10828000F34F20813181428153810E94CEFE9B01B8
:10829000AC01D7016D917D918D919C910E94CDFE95
:1082A0002B013C0120E030E040EA51EC0F942E011C
:1082B00087FF18C008EA1DE3F80184910F5F1F4F84
:1082C00081115AC002E813E3F80184910F5F1F4F38
:1082D000882309F454C00E94CA94F6CF60E070E08D
:1082E000CB01CCCF20E030E040EA51E4C301B20141
:1082F0000E946CFA1816F4F2A3019201F801E55FEE
:10830000F24F60817181828193810E94CDFEAB0129
:10831000BC01C5010E94E07FF4E0EF0EF11C0C5F90
:108320001F4F0C30110509F079CF0E94C7920E94AF
:10833000EFA760E080EA93E30E9456E483E992E0CD
:108340009A83898304E610E019A308A3BE016F5F36
:108350007F4FCE0180960E9417CF8AEB92E09A83DE
:10836000898319A308A3BE016F5F7F4FCE0180965A
:108370000E9417CF0C94DCAE0E94CA949DCF61E09E
:1083800084E793E30E9456E40E94302C88E290E058
:1083900099A388A388EC90E09A838983BE01605EEC
:1083A0007F4FCE0101960E9417CF0C94DCAE0E9445
:1083B000BE770C94DCAE0E9437720C94DCAE0E9447
:1083C0007F5783E50E949991882339F00E944C8160
:1083D00090E09093600280935F0280915F029091A1
:1083E00060028230910508F48FC0029709F09AC0AC
:1083F00088E50E949991882301F10E94B0816B0168
:108400007C010E94787E9B01AC0160E070E088EC0A
:1084100091E40E94CDFE9B01AC01C701B6010F940F
:108420002E01181644F50E94B08160935702709394
:1084300058028093590290935A0282E50E949991C2
:10844000882331F00E944C929093DB0B8093DA0BDF
:108450000EED1DE3F80184910F5F1F4F811116C0CF
:1084600001EB13E3F80184910F5F1F4F882389F01C
:108470000E94CA94F7CF0E94787E9B01AC0160E015
:1084800070E088EC91E40E94CDFECFCF0E94CA94A8
:10849000E1CF80E20E94CA9460919B0470919C0499
:1084A00080919D0490919E0442E00E9479A78CE205
:1084B0000E94CA946091A3047091A4048091A504C1
:1084C0009091A60442E00E9479A780E20E94CA949B
:1084D00060915702709158028091590290915A020E
:1084E00042E00E9479A78CE20E94CA946091A7049E
:1084F0007091A8048091A9049091AA0442E00E947E
:1085000079A78AE00E94CA941092790C1092980977
:108510001092880C1092890C10928A0C10928B0C7D
:108520000C94DCAE81E090E09093600280935F0257
:10853000EBCF0E94CA940C9479B60E947B81882369
:1085400011F40C94E0B60C94DCAE8091CC0911E0EF
:10855000081749F083E50E949991182F882319F094
:108560000E947B81182F86E40E94999140E050E0A0
:10857000BA01882351F00E94B08120E030E040E74A
:1085800052E40E94C8FFAB01BC01212F802F0E9442
:10859000499A0C94DCAE61961FAE61970C94DCAEE8
:1085A00060918E0C70918F0C80ED93E30E949D5F23
:1085B00082E20E94CA948AE00E94CA940E9489982A
:1085C0000C945EB9112311F40C9415B760E088E3A4
:1085D00090E30E9456E40C941FB720E030E0A9011C
:1085E000C701B6010E946CFA882311F40C949BB069
:1085F00018A619A61AA61BA6A701960150582CA7C3
:108600003DA74EA75FA788A599A5AAA5BBA5B05869
:108610008CAB9DABAEABBFABA7019601C701B6015A
:108620000E94D2FA4B015C0128A539A54AA55BA599
:10863000CA01B9010E94D2FA9B01AC01C501B40183
:108640000E94CEFE0F947C0165966CAF7DAF8EAF1D
:108650009FAF65972091170D3091180D4091190D1E
:1086600050911A0D28AB39AB4AAB5BABA701960111
:1086700068A979A98AA99BA90E94CEFE24966CAF0D
:108680007DAF8EAF9FAF249780911B0D90911C0DF5
:10869000A0911D0DB0911E0D88AF99AFAAAFBBAFD1
:1086A0009C01AD0168A579A58AA59BA50E94CEFE77
:1086B00028966CAF7DAF8EAF9FAF28972091D20CDC
:1086C0003091D30C4091D40C5091D50C2C962CAFFA
:1086D0003DAF4EAF5FAF2C9724962CAD3DAD4EAD68
:1086E0005FAD24972C966CAD7DAD8EAD9FAD2C9774
:1086F0000E94CDFE6B017C018091D60C9091D70C2D
:10870000A091D80CB091D90C60968CAF9DAFAEAF54
:10871000BFAF609728962CAD3DAD4EAD5FAD2897AD
:10872000BC01CD010E94CDFE4B015C0120911F0DCB
:108730003091200D4091210D5091220D69962CAF62
:108740003DAF4EAF5FAF69976091DA0C7091DB0C73
:108750008091DC0C9091DD0C0E94CDFE6CAF7DAF62
:108760008EAF9FAFA70196016CA57DA58EA59FA595
:108770000E94D2FA2B013C01A50194016CA97DA9AC
:108780008EA99FA90E94D2FA9B01AC01C301B2013C
:108790000E94CEFE2B013C01A50194016CA57DA594
:1087A0008EA59FA50E94D2FA4B015C01A7019601FC
:1087B0006CA97DA98EA99FA90E94D2FA9B01AC0148
:1087C000C501B4010E94CDFEA30192010E944DFF9C
:1087D0006B017C0120E030E0A9010E946CFA87FF68
:1087E0000AC02BED3FE049EC50E4C701B6010E94FE
:1087F000CEFE6B017C010230110551F42BED3FE000
:1088000049EC50E4C701B6010E94CDFE6B017C012A
:1088100020E030E0A901C701B6010E946CFA811185
:1088200026C02C962CAD3DAD4EAD5FAD2C9768A902
:1088300079A98AA99BA90E946CFA811118C0609637
:108840002CAD3DAD4EAD5FAD609768AD79AD8AADF5
:108850009BAD0E946CFA81110AC02BED3FE049EC00
:1088600050E4C701B6010E94CEFE6B017C01A70156
:10887000960165966CAD7DAD8EAD9FAD65970E94FE
:10888000D2FA9B01AC010E94D2FA4B015C012CADE3
:108890003DAD4EAD5FADCA01B9010E94D2FA9B0158
:1088A000AC01C501B4010E94CEFE0F947C014B01C6
:1088B0005C012FE632E143E85AE30E946CFA87FF3D
:1088C00002C00C9432B1C501B4010F9470000F9432
:1088D000410079AF68AF672B21F481E090E099AF58
:1088E00088AF4090230D5090240D6090250D70901E
:1088F000260DA8ADB9ADBD0190E080E00E9471FAEF
:108900004B015C01AC019B01C701B6010E94C8FF8D
:1089100068AB79AB8AAB9BABA50194016CAD7DAD27
:108920008EAD9FAD0E94C8FF65966CAF7DAF8EAFD8
:108930009FAF6597A30192016091DE0C7091DF0CEF
:108940008091E00C9091E10C0E94CDFEA501940174
:108950000E94C8FF6D966CAF7DAF8EAF9FAF6D97D5
:1089600028A939A94AA95BA9CA01B9010E94D2FA6A
:1089700020E030E040E05FE30E94D2FA9B01AC01CE
:1089800060E070E080E89FE30E94CDFE6CAF7DAFB9
:108990008EAF9FAF69962CAD3DAD4EAD5FAD699783
:1089A00029873A874B875C874D865E866F86788AF3
:1089B0006091180270911902072E000C880B990B18
:1089C0000E9473FA20916102309162024091630229
:1089D000509164020E94D2FA2AE037ED43E25CE350
:1089E0000E94D2FA2C966CAF7DAF8EAF9FAF2C97C2
:1089F0000E942BD49B01AC0128533F4F4F4F5F4F38
:108A000060962CAF3DAF4EAF5FAF60974CA45DA4B6
:108A10006EA47FA422242394312CD12C48AD59ADCF
:108A20004215530511F40C941EB10E94C54E0E94CC
:108A30002BD460962CAD3DAD4EAD5FAD6097621B03
:108A4000730B840B950B97FD10C00E942BD49B01D8
:108A5000AC0128533F4F4F4F5F4F60962CAF3DAF57
:108A60004EAF5FAF60970E94C9A1D39438E13D1526
:108A700010F40C94D0B09201A30168A979A98AA935
:108A80009BA90E94D2FA4B015C012CA93DA94EA9D9
:108A90005FA96CAD7DAD8EAD9FAD0E94D2FA9B01FA
:108AA000AC01C501B4010E94CEFE7B018C01920194
:108AB000A3016CAD7DAD8EAD9FAD0E94D2FA4B018E
:108AC0005C012CA93DA94EA95FA968A979A98AA929
:108AD0009BA90E94D2FA9B01AC01C501B4010E947E
:108AE000CDFE2B013C01C701D8018CAB9DABAEABD9
:108AF000BFAB9201A30124966CAD7DAD8EAD9FAD51
:108B000024970E94CEFE69837A838B839C832CA951
:108B10003DA94EA95FA928966CAD7DAD8EAD9FADE8
:108B200028970E94CEFE6D837E838F8398876596FB
:108B30002CAD3DAD4EAD5FAD659769857A858B8572
:108B40009C850E94CEFE69877A878B879C876D966D
:108B50002CAD3DAD4EAD5FAD6D976D857E858F853E
:108B600098890E94CEFE6D877E878F87988B809133
:108B70003202882321F0CE0101960E942D7DC09003
:108B8000CC092C96ECACFDAC0EAD1FAD2C979E0124
:108B9000235F3F4FAE01475F5F4FBE016B5F7F4F6B
:108BA000CE0101960E9449614FEF241A340A36CF54
:108BB00080E00895E9E8F2E080E0919191110AC027
:108BC000E82FF0E0E757FD4F90E28F5F873131F0FB
:108BD0009193FBCF863111F08F5FEFCF10929F0200
:108BE000089508958150823108F05AC0E82FF0E0CE
:108BF0008827E250FA438F4F0D9422021EC622C6E8
:108C000010C616C61AC650C625C62BC62FC635C6F0
:108C100039C63DC643C647C650C64BC651C655C6E3
:108C2000809180008F7780938000089580918000EC
:108C30008F7DF9CF80918000877FF5CF84B58F77C6
:108C400084BD089584B58F7DFBCF8091B0008F7770
:108C50008093B00008958091B0008F7DF9CF80910E
:108C600090008F77809390000895809190008F7D81
:108C7000F9CF80919000877FF5CF8091A0008F770A
:108C80008093A00008958091A0008F7DF9CF8091FE
:108C9000A000877FF5CF809120018F7780932001FE
:108CA0000895809120018F7DF9CF80912001877FE9
:108CB000F5CF3FB7F89480914D1590914E15A09146
:108CC0004F15B091501526B5A89B05C02F3F19F040
:108CD0000196A11DB11D3FBFBA2FA92F982F88273C
:108CE000BC01CD01620F711D811D911D42E0660F17
:108CF000771F881F991F4A95D1F708958F929F92E9
:108D0000AF92BF92CF92DF92EF92FF926B017C0104
:108D10000E9459C64B015C01C114D104E104F10465
:108D2000B9F00E9459C6681979098A099B09683EF9
:108D300073408105910580F321E0C21AD108E10852
:108D4000F10888EE880E83E0981EA11CB11CE4CFC8
:108D5000FF90EF90DF90CF90BF90AF909F908F905B
:108D60000895AF92BF92CF92DF92EF92FF920F934E
:108D70001F93CF93DF936C017B018B01040F151FB1
:108D8000EB015E01AE18BF08C017D10759F0699119
:108D9000D601ED91FC910190F081E02DC60119956D
:108DA000892B79F7C501DF91CF911F910F91FF902A
:108DB000EF90DF90CF90BF90AF900895DC011696B2
:108DC000ED91FC91179712968C911297481B15966E
:108DD0008C91483018F0E80FF11D4770382F369508
:108DE00036953695562F577080E890E002C09595DD
:108DF00087955A95E2F7439F402D11246695669515
:108E00006695460F5527551FE40FF51F3081222325
:108E100019F0832B8083089580958323FBCF0B96D5
:108E2000FC01849108950A96FC0184910895FC0147
:108E3000849108950E9417C7882321F0823011F091
:108E400083E0089586E00895FC01E60FF11D84910A
:108E500090E0982F88273196E4918E0F911D089508
:108E600068E00C9424C766E00C9424C781E0089560
:108E70000F93FC010150040F84A996A9941788F060
:108E8000081710F4041778F42150260F83A995A928
:108E9000961758F0281760F481E0261720F40F91F8
:108EA0000895081778F780E0FACF2817A8F7FBCFC6
:108EB00081E0F5CFFC01808191812AE030E0B901A9
:108EC0000F94EF01805D8093610D808191818A30E4
:108ED0009105ECF0B9010F94EF01CB01B9010F94AA
:108EE000EF01805D8093600D8081918184369105D2
:108EF0008CF064E670E00F94EF01CB01B9010F94A0
:108F0000EF01805D80935F0D8FE59DE0089581E620
:108F10009DE0089580E69DE008958F929F92AF9224
:108F2000BF92CF92DF92EF92FF92CF93DF9328E42C
:108F300033E13093700F20936F0F1092641342E06F
:108F400050E060E070E040934D1350934E136093F7
:108F50004F137093501310926E0F10926A0F10926D
:108F60006B0F10926C0F10926D0F4FEF5FEFBA0105
:108F70004093660F5093670F6093680F7093690F6B
:108F8000882309F470C040E060E070E0CB010E94EB
:108F9000FB8381110DC0C0E08C2FDF91CF91FF903A
:108FA000EF90DF90CF90BF90AF909F908F900895FB
:108FB0008091240F8F7779F78091300F9091310F46
:108FC000A091320FB091330F84369105A105B10500
:108FD00010F3C0902C0FD0902D0FE0902E0FF0903A
:108FE0002F0FC114D104E104F104A9F240E0C7013C
:108FF000B6010E94FB83C82F882369F28091710D0E
:109000009091720D8115924031F6A091760DAA23B0
:1090100011F26091740D7091750D6115710509F46F
:10902000BACF2091730D222309F4B5CFA0935F131B
:109030002093511390E080E030E0E1E0F0E0D82FA1
:10904000AF01082E02C0440F551F0A94E2F72417FF
:10905000350769F041E0480F01968930910579F7AD
:1090600040935A1398CFC12CD12C7601BFCF809357
:109070005A1320917C0D30917D0D50E040E0211578
:10908000310541F420918A0D30918B0D40918C0D6A
:1090900050918D0D209352133093531340935413DA
:1090A0005093551346015701860E971EA11CB11C03
:1090B0008092601390926113A0926213B092631336
:1090C000E091770DF091780DF0936613E0936513BE
:1090D000B0E00E94B3FEDC01CB01880D991DAA1DF2
:1090E000BB1D8093671390936813A0936913B0938B
:1090F0006A1325E0EE0FFF1F2A95E1F7E150FE4FBE
:10910000EF2FFF27E6958E0F9F1FA11DB11D8093A6
:109110005B1390935C13A0935D13B0935E138090E8
:10912000790D90907A0DB12CA12C8114910441F409
:109130008090860D9090870DA090880DB090890D3D
:10914000C81AD90AEA0AFB0AC80CD91CEA1CFB1C7B
:1091500004C0F694E794D794C794DA95D2F7C092F6
:109160005613D0925713E0925813F092591385EF8B
:10917000C8168FE0D806E104F10420F48CE0809357
:10918000641309CF80E125EFC2162FEFD206E10468
:10919000F10488F08091920D9091930DA091940D1F
:1091A000B091950D8093671390936813A093691302
:1091B000B0936A1380E280936413EECE0F931F93F3
:1091C000CF93DF938091F40C882331F0DF91CF911E
:1091D0001F910F910C94372C1092F20C8091490D35
:1091E00090914A0DA0914B0DB0914C0D813090485B
:1091F000A105B10540F01092490D10924A0D109250
:109200004B0D10924C0D6091490D70914A0D80915B
:109210004B0D90914C0D25E030E040E050E00E9475
:1092200091FEC22F8091331518160CF5022E000CFA
:10923000330B482F082E000C550B455051092417AD
:109240003507ACF0CBEFC80F85300CF4C0E025E05B
:10925000C202C0011124092E000CAA0BBB0B809383
:10926000490D90934A0DA0934B0DB0934C0DC093B4
:10927000E20CD0E0C11119C080918802882349F026
:1092800010E000E021E041E06EE779E38D2F0E94DD
:10929000BE2DCF5FDF5FD53069F786E08093331551
:1092A000DF91CF911F910F910895C13059F48091B2
:1092B0008802882371F310E000E020E041E068E7D5
:1092C00079E3E4CFC23009F580918802882309F35D
:1092D00010E000E020E041E067E679E3D7CF80913D
:1092E00088028823B1F210E000E020E041E06AE566
:1092F00079E3CCCF80918802882359F210E000E016
:1093000020E041E066E479E3C1CFC33041F3C430EB
:1093100089F3C53009F0BDCF80918802882309F414
:10932000B8CF10E000E020E041E068E379E3AECFA1
:109330000F931F93CF93DF938091F40C882331F028
:10934000DF91CF911F910F910C94372C1092F20C5A
:109350008091490D90914A0DA0914B0DB0914C0D0B
:1093600081309048A105B10540F01092490D10924E
:109370004A0D10924B0D10924C0D6091490D709159
:109380004A0D80914B0D90914C0D25E030E040E06E
:1093900050E00E9491FEC22F8091321518160CF5F4
:1093A000022E000C330B482F082E000C550B455095
:1093B000510924173507ACF0CBEFC80F85300CF4FA
:1093C000C0E025E0C202C0011124092E000CAA0B46
:1093D000BB0B8093490D90934A0DA0934B0DB09316
:1093E0004C0DC093E20CD0E0C11119C080918802ED
:1093F000882349F010E000E021E041E062E379E3F6
:109400008D2F0E94BE2DCF5FDF5FD53069F784E0DE
:1094100080933215DF91CF911F910F910895C13044
:1094200059F480918802882371F310E000E020E075
:1094300041E062E279E3E4CFC23059F480918802DE
:10944000882309F310E000E020E041E063E179E3E4
:10945000D7CFC330C1F6809188028823A1F210E0F3
:1094600000E020E041E06AEF78E3CACF0F931F935A
:10947000CF93DF938091F40C882331F0DF91CF916B
:109480001F910F910C94372C1092F20C8091490D82
:1094900090914A0DA0914B0DB0914C0D81309048A8
:1094A000A105B10540F01092490D10924A0D10929D
:1094B0004B0D10924C0D6091490D70914A0D8091A9
:1094C0004B0D90914C0D25E030E040E050E00E94C3
:1094D00091FEC22F8091311518160CF5022E000C4A
:1094E000330B482F082E000C550B455051092417FB
:1094F0003507ACF0CBEFC80F85300CF4C0E025E0A9
:10950000C202C0011124092E000CAA0BBB0B8093D0
:10951000490D90934A0DA0934B0DB0934C0DC09301
:10952000E20CD0E0C11119C080918802882349F073
:1095300010E000E021E040E06AEE78E38D2F0E9429
:10954000BE2DCF5FDF5FD53069F789E0809331159D
:10955000DF91CF911F910F910895C13059F48091FF
:109560008802882371F310E000E020E040E064ED21
:1095700078E3E4CFC23009F045C0809188028823A7
:1095800001F310E000E020E040E06CEB78E3D6CFA0
:10959000809188028823A9F210E000E021E040E0F9
:1095A0006CEA78E3CBCF80918802882351F210E0F7
:1095B00000E020E040E066E978E3C0CF80918802D7
:1095C000882309F4BECF10E000E020E040E06EE721
:1095D00078E3B4CF80918802882309F4B2CF10E0F9
:1095E00000E021E040E06EE678E3A8CF80918802B9
:1095F000882309F4A6CF10E000E020E040E068E511
:1096000078E39CCFC33021F2C43069F2C530B1F2A7
:10961000C63001F3C73051F3C83009F092CF8091C2
:109620008802882309F48DCF10E000E020E040E0BC
:1096300060E478E383CF2F923F924F925F926F92D4
:109640007F928F929F92AF92BF92CF92DF92EF92D2
:10965000FF920F931F93CF93DF93CDB7DEB76F9732
:109660000FB6F894DEBF0FBECDBF8091F40C8823F7
:10967000D9F00E94372C6F960FB6F894DEBF0FBE5C
:10968000CDBFDF91CF911F910F91FF90EF90DF90B1
:10969000CF90BF90AF909F908F907F906F905F9092
:1096A0004F903F902F90089520918711309188110D
:1096B0003B8F2A8F2090891130908A1140908B1116
:1096C00050908C1160908D1170908E1180918F113F
:1096D00090919011A0919111B09192118C8F9D8FCA
:1096E000AE8FBF8F8090931190909411A0909511A0
:1096F000B09096111092F20C8091490D90914A0D04
:10970000A0914B0DB0914C0D81309048A105B10551
:1097100040F01092490D10924A0D10924B0D10928C
:109720004C0D6091490D70914A0D80914B0D9091B7
:109730004C0D25E030E040E050E00E9491FEF22E1A
:109740008091301518161CF5022E000C330B482F93
:10975000082E000C550B4550510924173507BCF055
:109760009BEFF92EF80E85300CF4F12C3F2DA5E07F
:109770003A02C0011124092E000CAA0BBB0B8093E6
:10978000490D90934A0DA0934B0DB0934C0DF09260
:10979000E20CE12C9E012F5F3F4F6901F1108FC059
:1097A00080918802882381F08A8D9B8D9F8B8E8B80
:1097B000CE0146960E945AC78C0120E040E06AE242
:1097C00078E38E2D0E94BE2D4E8A5F8A688E798E38
:1097D000B601CE0146960E947C93A2E0FA1283C0A5
:1097E00080918802882349F010E000E020E040E00A
:1097F00065E078E38E2D0E94BE2D8C8D9D8DAE8D03
:10980000BF8D8E8B9F8BA88FB98FB601CE014696E8
:109810000E947C9394E0F91274C08091880288239E
:1098200049F010E000E020E040E06EEE77E38E2D9E
:109830000E94BE2D20E030E048EC52E4C501B401A6
:109840000E94C8FF0F943A00CB016AE070E00F94C9
:10985000EF019F938F9320E030E04AE754E4C50185
:10986000B4010E94C8FF0F943A009F938F937F9397
:109870006F9325EE37E33F932F93DF92CF920E94B1
:1098800003FA0FB6F894DEBF0FBECDBFB6E0FB12F1
:1098900046C080918802882349F010E000E020E073
:1098A00040E060ED77E38E2D0E94BE2DF394E394AB
:1098B00035E0E31273CF88E080933015DCCE91E081
:1098C000F91282CF80918802882309F47DCF3F8AE4
:1098D0002E8ACE0146960E945AC78C0120E040E0B5
:1098E0006CE178E36ECFB3E0FB1287CF8091880202
:1098F000882309F482CF860120E040E064E078E329
:1099000079CFA5E0FA1296CF80918802882309F4D6
:1099100091CF860120E040E06DEE77E388CF27E02D
:10992000F212C4CF80918802882309F4BFCF860148
:1099300020E040E06FEC77E3B6CFBC0190E080E040
:109940004AE00E94E5998DE00E94CA948AE00C9456
:10995000CA948091A111882361F060919711709150
:1099600098116F5F7F4F40E150E087E891E10C94E0
:1099700051FE0895682F87EF90E10C94CA280F9349
:109980001F93CF93982F862FC42F692F0E94892D64
:1099900090912F118091640D891728F190913111C8
:1099A0008091630D9817F8F08091B41107EA11E1E6
:1099B000882321F01092C91104EB11E1CC2319F096
:1099C00082E00E94F12FC5E1F80181918F01882387
:1099D00021F00E94B32DC81BF7CFC15020F080E2C8
:1099E0000E94BACCFACFCF911F910F910895209188
:1099F000FF10309100112817390799F19093001149
:109A00008093FF10009739F120911211FC01211170
:109A100029C03596E491E09313110C96FC018491D2
:109A20008093141180911311082E000C990B209132
:109A30001411821B910927FD939520911511203453
:109A400041F0829FC001112426E0969587952A95C2
:109A5000E1F78093161188ED95EC909311118093A6
:109A600010110895213031F43F96E491E0931311E1
:109A70004096D4CF3D96E491E09313110E96CECF4D
:109A80000F931F93CF93DF93FC0120812B3379F148
:109A90002091F410243058F5EC018091F310F0E699
:109AA0008F9FC0011124BE018D58904F0F949002DA
:109AB00080E00E9459920EED1DE3F80184910F5F42
:109AC0001F4F882319F00E94CA94F7CFBE0181ED81
:109AD0009DE30E949D5F82E20E94CA948AE00E94F8
:109AE000CA9481E0DF91CF911F910F91089580E09A
:109AF000F9CFCF92DF92EF92FF920F931F93CF9304
:109B0000DF93CDB7DEB7EDB6FEB6DC010D900020D9
:109B1000E9F79D01281B390B2C5F3F4FEDB7FEB7CE
:109B2000E21BF30B0FB6F894FEBF0FBEEDBF0DB7EF
:109B30001EB70F5F1F4F9F938F938AEC9DE39F93F8
:109B40008F931F930F930E9403FA6801F4E0CF0EE6
:109B5000D11C0F900F900F900F900F900F90D60187
:109B60008D916D01882349F0082E000C990B0F94FC
:109B70003902F60131978083F2CFC8010E9440CDAF
:109B800086EC9DE39093720F8093710F0E946E920A
:109B90000FB6F894FEBE0FBEEDBEDF91CF911F91C0
:109BA0000F91FF90EF90DF90CF900895AF92BF920A
:109BB000CF92DF92EF92FF920F931F93CF93DF9399
:109BC000CDB7DEB7AA970FB6F894DEBF0FBECDBFF4
:109BD0008091D0118F938091CF118F938DEB9DE366
:109BE0009F938F937E0181E2E80EF11CFF92EF922A
:109BF0000E9403FA0F900F900F900F900F900F900C
:109C000010E0F70101900020E9F73197EE19FF0904
:109C10001E1784F46701C10ED11C17FDDA94F601FA
:109C20008081082E000C990B0F943902F601808375
:109C30001F5FE7CF85ED91E10E949B8600E0CE019A
:109C400001966C018091D811823008F440C0809157
:109C5000DD119091DE11A091DF11B091E0118F71B3
:109C60009927AA27BB27892B8A2B8B2B81F550E0BC
:109C700040E0B60185ED91E10E94E08A18163CF5BE
:109C8000F60101900020E9F731971E2F1C191150A1
:109C900068F05601A10EB11C17FDBA94F501808140
:109CA00090E00F943902F5018083F1CF8A858E37D9
:109CB00049F245E050E0B701C6010F949702892BA5
:109CC00009F0C0CFC7010E9479CD01E0BBCF8FEF73
:109CD0009FEF002329F08091CF119091D011019630
:109CE0009093D0118093CF11AA960FB6F894DEBF4F
:109CF0000FBECDBFDF91CF911F910F91FF90EF90DD
:109D0000DF90CF90BF90AF9008958F929F92AF92C7
:109D1000BF92CF92DF92EF92FF920F931F93CF9358
:109D2000DF9300D01F92CDB7DEB7FC018381813075
:109D300011F080E060C0818181FFFBCF8189928931
:109D4000A389B489892B8A2B8B2B09F46EC07F01E0
:109D500040E050E0BA01CF010E940786882349F312
:109D6000F701C18CD28C85889688A788B08C82E058
:109D700090E0A0E0B0E0F60180839183A283B383FA
:109D80009E012F5F3F4FB501A401C6010E94CA8406
:109D9000882379F200E010E09801B501A401C60122
:109DA0000E943884882329F289809A80AB80BC8005
:109DB000F6018789803181F5F8EF8F16FFEF9F0656
:109DC000A104B104E8F2F701158A168A178A108EE9
:109DD000118A128A138A148A818180688183C7015B
:109DE0000E94B587882309F4A4CF40E050E0BA016F
:109DF000C7010E9407860F900F900F900F90DF9180
:109E0000CF911F910F91FF90EF90DF90CF90BF9077
:109E1000AF909F908F90089588EF88168FEF9806E7
:109E2000A8068FE0B80678F6ABCF81E0E4CF0F93B9
:109E30001F93CF93DF938C01EB01909167112091D9
:109E40006811921307C08BE591E10E94F28D0E9488
:109E5000C54EF3CFF80160817181488159818091AD
:109E6000661134E0839FF0011124E759FE4E71839F
:109E70006083538342839F5F909367118F5F28179E
:109E800039F080936611DF91CF911F910F91089562
:109E900010926611F8CFCF93DF93CDB7DEB78091E4
:109EA000650D811110C09E01275F3F4F4F8158857E
:109EB00062E470E089E892E00E9433FA0E94DAC519
:109EC00083E080938802DF91CF910895CF93DF9351
:109ED000C9E7D1E181E088A7E7E8F1E180E1DF01AE
:109EE0001D928A95E9F70E94A9CC66E18E8D9F8D1F
:109EF000DF91CF910C9473FE5B989FB7F894EBE0E1
:109F0000F1E08081806880839FBF5B9A00005B984E
:109F10009FB7F8948081806880839FBF5B9A000020
:109F20005B989FB7F8948081806880839FBF5B9A1D
:109F300000005B989FB7F8948081806880839FBF02
:109F40005B9A00005B989FB7F8948081806880835B
:109F50009FBF5B9A00005B989FB7F89480818F77D2
:109F600080839FBF5B9A00005B989FB7F8948081C5
:109F7000806880839FBF5B9A00005B989FB7F894CE
:109F800080818F7780839FBF5B9A000008955B98E4
:109F90009FB7F894EBE0F1E08081806880839FBFF9
:109FA0005B9A00005B989FB7F89480818F778083DD
:109FB0009FBF5B9A00005B989FB7F89480818F7772
:109FC00080839FBF5B9A00005B989FB7F894808165
:109FD0008F7780839FBF5B9A00005B989FB7F89450
:109FE00080818F7780839FBF5B9A00005B989FB7CB
:109FF000F89480818F7780839FBF5B9A00005B9885
:10A000009FB7F89480818F7780839FBF5B9A000011
:10A010005B989FB7F89480818F7780839FBF5B9A0E
:10A02000000008955B989FB7F894EBE0F1E0808121
:10A030008F7780839FBF5B9A00005B989FB7F894EF
:10A0400080818F7780839FBF5B9A00005B989FB76A
:10A05000F89480818F7780839FBF5B9A00005B9824
:10A060009FB7F89480818F7780839FBF5B9A0000B1
:10A070005B989FB7F89480818F7780839FBF5B9AAE
:10A0800000005B989FB7F89480818F7780839FBF93
:10A090005B9A00005B989FB7F89480818F778083EC
:10A0A0009FBF5B9A00005B989FB7F89480818F7781
:10A0B00080839FBF5B9A000008955B989FB7F894D8
:10A0C000EBE0F1E08081806880839FBF5B9A0000B5
:10A0D0005B989FB7F8948081806880839FBF5B9A6C
:10A0E00000005B989FB7F8948081806880839FBF51
:10A0F0005B9A00005B989FB7F894808180688083AA
:10A100009FBF5B9A00005B989FB7F894808180683E
:10A1100080839FBF5B9A00005B989FB7F894808113
:10A120008F7780839FBF5B9A00005B989FB7F894FE
:10A1300080818F7780839FBF5B9A00005B989FB779
:10A14000F89480818F7780839FBF5B9A0000089589
:10A150008F929F92AF92BF92CF92DF92EF92FF9237
:10A16000CF9320E030E04AE754E4FC016081718144
:10A17000828193810E94D2FA0F943A006B017C0194
:10A18000C114D104E104F10409F456C0F7FE54C02F
:10A19000F094E094D094C094C11CD11CE11CF11C3B
:10A1A0008DE280935C0DC701B60128EE33E040E0FC
:10A1B00050E00F9403028AE0882E912CA12CB12C40
:10A1C000CA01B901A50194010F940302605D609377
:10A1D0005D0D8EE280935E0DC701B60124E630E08E
:10A1E00040E050E00F940302CA01B901A5019401B7
:10A1F0000F940302605D60935F0DC701B601A50176
:10A2000094010F940302C62FCA01B901A50194015C
:10A210000F940302605D6093600DC05DC093610D9B
:10A220008CE59DE0CF91FF90EF90DF90CF90BF90B5
:10A23000AF909F908F90089580E2B3CFCF92DF923E
:10A24000EF92FF920F931F93CF93DF9300D01F9253
:10A25000CDB7DEB78091490D90914A0DA0914B0D7D
:10A26000B0914C0DB7FF08C01092490D10924A0DE5
:10A2700010924B0D10924C0D80914D0D90914E0D02
:10A28000A0914F0DB091500D4091490D50914A0D44
:10A2900060914B0D70914C0D84179507A607B70779
:10A2A00044F48093490D90934A0DA0934B0DB093C5
:10A2B0004C0D80918802882359F16091490D70916D
:10A2C0004A0D80914B0D90914C0D0091510D1091C4
:10A2D000520D2091530D3091540D600F711F821F4C
:10A2E000931F0E9473FA2FE632E143E85AE30E947B
:10A2F000D2FA69837A838B839C83CE0101960E9474
:10A30000A8D0BC018091570D9091580D0E94A93D95
:10A310008091F40C882351F10091550D1091560D48
:10A320000115110509F16091490D70914A0D809157
:10A330004B0D90914C0DC090510DD090520DE0906E
:10A34000530DF090540D6C0D7D1D8E1D9F1D0E94B0
:10A3500073FA2FE632E143E85AE30E94D2FAF80199
:10A3600060837183828393830E94372C8091F40CE5
:10A37000882329F0E091590DF0915A0D19950F900D
:10A380000F900F900F90DF91CF911F910F91FF9041
:10A39000EF90DF90CF900895CF92DF92EF92FF92EF
:10A3A0000F931F93CF93DF936C017B018A01E90127
:10A3B0000E94302B83E080938802D092580DC09287
:10A3C000570DF092560DE092550D1092510D1092CE
:10A3D000520D1092530D1092540D012E000C220BB1
:10A3E000330B00934D0D10934E0D20934F0D309372
:10A3F000500DF70180819181092E000CAA0BBB0B37
:10A400008093490D90934A0DA0934B0DB0934C0D42
:10A4100081E593EE9093810280938002D0935A0D50
:10A42000C093590DDF91CF911F910F91FF90EF9045
:10A43000DF90CF900895CF92DF92EF92FF920F932B
:10A440001F93CF93DF938C01EB0169017A010E9486
:10A45000302B83E0809388021093580D0093570DA2
:10A46000D093560DC093550D2AE037ED43E25CE3DF
:10A47000C701B6010E94D2FA0F943A006093510DC1
:10A480007093520D8093530D9093540D0E9473FA64
:10A490006B017C01AC019B0160E070E887E794E40C
:10A4A0000E94CDFE0F943A0060934D0D70934E0DB7
:10A4B00080934F0D9093500D2AE037ED43E25CE31B
:10A4C000688179818A819B810E94D2FAA7019601D5
:10A4D0000E94CDFE0F9441006093490D70934A0D88
:10A4E00080934B0D90934C0D85E19FED90938102ED
:10A4F00080938002DF91CF911F910F91FF90EF9099
:10A50000DF90CF900895CF92DF92EF92FF920F935A
:10A510001F93CF93DF938C01EB0169017A010E94B5
:10A52000302B83E0809388021093580D0093570DD1
:10A53000D093560DC093550DC701B6010E9471FA14
:10A540002AE037ED43E25CE30E94D2FA0F943A002E
:10A550006093510D7093520D8093530D9093540D51
:10A560000E9473FA6B017C01AC019B0160E070E812
:10A5700087E794E40E94CDFE0F943A0060934D0D5E
:10A5800070934E0D80934F0D9093500D688179819B
:10A590008A819B810E9471FA2AE037ED43E25CE3F5
:10A5A0000E94D2FAA70196010E94CDFE0F944100AD
:10A5B0006093490D70934A0D80934B0D90934C0D11
:10A5C00085E69EED909381028093800286E590E679
:10A5D00090935A0D8093590DDF91CF911F910F9158
:10A5E000FF90EF90DF90CF9008951F93CF93DF936C
:10A5F000282F30E0F901E55EF34C8491F901EB522C
:10A60000F44CD491F901E157F44CC491CC23A9F056
:10A61000162F81110E94F2C5EC2FF0E0EE0FFF1F04
:10A62000E55AF44CA591B4918FB7F894EC911111BF
:10A6300008C0D095DE23DC938FBFDF91CF911F91AF
:10A640000895DE2BF8CFCF93DF9390E0FC01EB521F
:10A65000F44C24918157944CFC0184918823D1F0CF
:10A6600090E0880F991FFC01EF5BF44CA591B49129
:10A67000FC01E55AF44CC591D49161110EC09FB70D
:10A68000F8948C91E22FE0958E238C932881E2231D
:10A69000E8839FBFDF91CF9108958FB7F894EC9135
:10A6A000E22BEC938FBFF6CF1F93CF93DF93182F3E
:10A6B000EB0161E00E9423D3209739F460E0812F01
:10A6C000DF91CF911F910C94F5D2CF3FD10511F4BA
:10A6D00061E0F5CFE12FF0E0E55EF34CE491E1506D
:10A6E000E23108F0B3C0F0E08827E658FC428F4F13
:10A6F0000D9422028CD394D399D3A3D3ADD326D473
:10A70000B7D3BFD3C7D3D1D3DBD3E5D3F4D3FED3F1
:10A7100026D408D412D41CD484B5806884BDC7BDA7
:10A72000DF91CF911F91089584B5806284BDC8BD2B
:10A73000F7CF80918000806880938000D09389005B
:10A74000C0938800EDCF809180008062809380006C
:10A75000D0938B00C0938A00E3CF80918000886003
:10A7600080938000D0938D00C0938C00D9CF8091CE
:10A77000B00080688093B000C093B300D1CF8091C7
:10A78000B00080628093B000C093B400C9CF8091C4
:10A790009000806880939000D0939900C0939800B7
:10A7A000BFCF80919000806280939000D0939B00F7
:10A7B000C0939A00B5CF80919000886080939000FC
:10A7C000D0939D00C0939C00ABCF8091A000806887
:10A7D0008093A0008091A0008F7B8093A000D093F5
:10A7E000A900C093A8009CCF8091A00080628093B4
:10A7F000A000D093AB00C093AA0092CF8091A0009C
:10A8000088608093A000D093AD00C093AC0088CF47
:10A8100080912001806880932001D0932901C0930A
:10A8200028017ECF80912001806280932001D09307
:10A830002B01C0932A0174CF8091200188608093FE
:10A840002001D0932D01C0932C016ACFC038D105CF
:10A850000CF03ECF33CF2FB7F8946091491570912B
:10A860004A1580914B1590914C152FBF08950F9369
:10A870001F93CF93DF93EC010E942BD48B010E9496
:10A880003C828F3F69F00E942BD4601B710B6C17C8
:10A890007D07A8F380E0DF91CF911F910F9108957C
:10A8A00081E0F9CFCF92DF92EF92FF928091791100
:10A8B00090917A110197029708F06AC010927A116C
:10A8C000109279110E942BD460938311709384119C
:10A8D00080938511909386118091891190918A11AE
:10A8E000019690938A1180938911C0909D11D09008
:10A8F0009E11E0909F11F090A01189E791E10E94D4
:10A900001652AB01BC0140939D1150939E11609370
:10A910009F117093A01180918B1190918C11A09137
:10A920008D11B0918E118C199D09AE09BF09840F4C
:10A93000951FA61FB71F80938B1190938C11A09326
:10A940008D11B0938E1189E791E10E941652C0904B
:10A950008F11D0909011E0909111F0909211C61645
:10A96000D706E806F90660F489E791E10E941652DD
:10A9700060938F1170939011809391119093921125
:10A980000E94A9CC81E0FF90EF90DF90CF900895D6
:10A9900080E0F9CFCF92DF92EF92FF921F93CF9397
:10A9A000DF931092A5118091D811882321F085EDB5
:10A9B00091E10E947B8910924C131092491385E318
:10A9C000809348130E942BD4EB01A89561E08091FD
:10A9D00048130E9423D388E493E10E943282239893
:10A9E000229A219A209A289A85E080934A1382E538
:10A9F0008CBD1DBC1AE08FEF0E9437821150D9F731
:10AA000020E030E0A90160E088E493E10E94438205
:10AA1000182F80934B13813001F10E942BD46C1BB3
:10AA20007D0B613D774060F381E08093491388E4BA
:10AA300093E10E943282CEEDDDE3FE018491219606
:10AA400081118FC0CFEADDE3FE0184912196882336
:10AA500009F4C0C00E94CA94F7CF2AEA31E040E06E
:10AA600050E068E088E493E10E94438282FF2AC0BC
:10AA700010934C1380914C13C12CD12C7601823051
:10AA800029F4C12CD12CE12C80E4F82E20E030E018
:10AA9000A90167E388E493E10E944382A70196013C
:10AAA00069E288E493E10E94438280934B138823F8
:10AAB000C1F00E942BD46C1B7D0B613D774030F3BD
:10AAC0008AE0B3CF14E00E943C8280934B13115074
:10AAD000D1F78A3A11F082E0A8CF82E080934C133C
:10AAE000C9CF80914C138230D1F420E030E0A9012D
:10AAF0006AE388E493E10E944382882311F088E0AE
:10AB000094CF0E943C82807C803C19F483E0809347
:10AB10004C130E943C820E943C820E943C8288E44A
:10AB200093E10E94328210924A1381E00E948DC705
:10AB300081111DC080E00E948DC7811118C0C8EA34
:10AB4000DDE3FE018491219681110EC0C4E9DDE3AD
:10AB5000FE0184912196882309F43CC00E94CA9486
:10AB6000F7CF0E94CA9469CF0E94CA94EACF6DE4DD
:10AB700073E185ED91E10E94B785811114C0C8EAA7
:10AB8000DDE3FE018491219681110AC0C3E8DDE373
:10AB9000FE01849121968823E9F00E94CA94F8CF9F
:10ABA0000E94CA94EECF81E08093A511CEEDDDE343
:10ABB000FE018491219681110AC0C7E7DDE3FE0101
:10ABC00084912196882331F00E94CA94F8CF0E9484
:10ABD000CA94EECF8BE1E5EDF1E1A6EFB1E1019092
:10ABE0000D928A95E1F78091D3119091D4119093B1
:10ABF000F5118093F41181ED91E19093F11180931F
:10AC0000F011DF91CF911F91FF90EF90DF90CF90E7
:10AC10000895CF93DF93C0917911D0917A1180E09C
:10AC2000C130D10599F1C230D10599F589E791E19B
:10AC30000E94165260937B1170937C1180937D115A
:10AC400090937E1181E090E090937A118093791136
:10AC50000E942BD460937F11709380118093811197
:10AC600090938211229789F0809187119091881199
:10AC70000196909388118093871110929D111092E4
:10AC80009E1110929F111092A01181E0DF91CF913F
:10AC9000089510927F1110928011109281111092DC
:10ACA00082111092831110928411109285111092CA
:10ACB000861110927B1110927C1110927D111092CE
:10ACC0007E11C0CF8091791190917A11019791F402
:10ACD00082E090E090937A11809379110E942BD4B6
:10ACE00060938311709384118093851190938611E2
:10ACF00081E0089580E008951F920F920FB60F92A1
:10AD000011242F933F938F939F93AF93BF93809181
:10AD1000491590914A15A0914B15B0914C15309161
:10AD2000481523E0230F2D3758F50196A11DB11DBD
:10AD3000209348158093491590934A15A0934B157D
:10AD4000B0934C1580914D1590914E15A0914F15D3
:10AD5000B09150150196A11DB11D80934D15909392
:10AD60004E15A0934F15B0935015BF91AF919F9181
:10AD70008F913F912F910F900FBE0F901F901895BC
:10AD800026E8230F0296A11DB11DD2CF1F920F926C
:10AD90000FB60F9211240BB60F922F933F934F9340
:10ADA0005F936F937F938F939F93AF93BF93EF9333
:10ADB000FF938091FA0C9091FB0CA091FC0CB09148
:10ADC000FD0C892B8A2B8B2BE1F19091F90CE091F2
:10ADD000F70CF091F80C8081892780838091FA0C20
:10ADE0009091FB0CA091FC0CB091FD0C181619066B
:10ADF0001A061B069CF48091FA0C9091FB0CA09112
:10AE0000FC0CB091FD0C0197A109B1098093FA0CDB
:10AE10009093FB0CA093FC0CB093FD0CFF91EF9171
:10AE2000BF91AF919F918F917F916F915F914F9162
:10AE30003F912F910F900BBE0F900FBE0F901F9060
:10AE4000189580917402E4EFF9E3E4919FEF9093F9
:10AE50007402E230E9F040F4EE2389F0E13091F041
:10AE600060E00E94F5D2DACFE43049F110F1E5302C
:10AE7000B9F7909173009D7F90937300F1CF10927A
:10AE80006E00EECF90916F009D7F90936F00E8CFA2
:10AE9000909170009D7F9093700091E09093B0002E
:10AEA0009091B100987F94609093B1001092B3009C
:10AEB000D7CF909171009D7F90937100D1CF9091E9
:10AEC00072009D7F90937200CBCFFB014181DC012A
:10AED00012962C911297421768F013962C911397A3
:10AEE000241740F0608115962C91621718F4248184
:10AEF0000C94DEC60895FC0180819281980F9283A4
:10AF00002181921760F494819F5F94839381890FCC
:10AF1000821710F08FEF820F838381E0089580E025
:10AF20000895FC01128280818150838314820895E8
:10AF3000DB01ED91FC9119940F931F93CF93E09156
:10AF40000911F0910A11309719F08BEF90E11995E2
:10AF50000091FD101091FE10E0912C11F0912D1137
:10AF600082E01995E0912C11F0912D1181E0199555
:10AF700030E020E045E1B8018BEF90E10E9498D7E6
:10AF8000C82F882341F02EE231E147E1B8018BEF71
:10AF900090E10E9498D7E0912C11F0912D1180E062
:10AFA00019958C2FCF911F910F9108950F931F9397
:10AFB000CF93DF931F92CDB7DEB70091FD101091B4
:10AFC000FE10E0912C11F0912D1182E0199530E0E6
:10AFD00020E04AE0B8018BEF90E10E9498D7182F4B
:10AFE000E0912C11F0912D1183E01995E0912C1135
:10AFF000F0912D1180E019951123B9F16091FD10A8
:10B000007091FE109E012F5F3F4F46E48BEF90E161
:10B010000E9498D789818093FB106091FD107091F8
:10B02000FE109E012F5F3F4F47E48BEF90E10E949F
:10B0300098D789818093FC106091FD107091FE106B
:10B0400030E020E048E48BEF90E10E9498D78093B5
:10B0500006116091FD107091FE102EE231E147E182
:10B060008BEF90E10E9498D711E0812F0F90DF9134
:10B07000CF911F910F910895CF93DF938091341159
:10B08000811105C081E0809334110E94D6D7C09110
:10B09000FD10D091FE10E0912C11F0912D1182E065
:10B0A0001995E0912C11F0912D1181E0199530E066
:10B0B00020E044E1BE018BEF90E10E9498D72EE2A0
:10B0C00031E147E1BE018BEF90E10E9498D7E0911A
:10B0D0002C11F0912D1180E0DF91CF9119948F9276
:10B0E0009F92AF92BF92CF92DF92EF92FF920F9317
:10B0F0001F93CF93DF93A82EC62FB42ED22F7801A3
:10B10000242F220F220F220F0D2F462F682F8BEF97
:10B1100090E10E9438C7DC0F8B2C912C81112EC03E
:10B12000DF91CF911F910F91FF90EF90DF90CF9023
:10B13000BF90AF909F908F900895F8018491609197
:10B14000FD107091FE10D0921711C093181110923B
:10B150001A118093191127E131E14BE38BEF90E154
:10B160000E9498D70F5F1F4FCA94F8E0DF0EC110FE
:10B17000E4CFE80CF91CCF5FDC1791F2CB2CDA2C72
:10B180008701DBCFEF92FF920F931F93CF93DF9353
:10B19000082F162FC42FD42FF82EF40EEE24EA9485
:10B1A0008F2D8D1BD83080F58C2F887F800F9C2FA2
:10B1B00096959695969528EF929FC00D1124CC23D5
:10B1C000C1F197E0C9276091FD107091FE10809346
:10B1D00017111093181110921A11CF5FC7708FEFCB
:10B1E00090E001C0880FCA95EAF78093191127E112
:10B1F00031E14BE38BEF90E1DF91CF911F910F9104
:10B20000FF90EF900C9498D76091FD107091FE1014
:10B21000809317111093181110921A11E0921911BE
:10B2200027E131E14BE38BEF90E10E9498D7D850B2
:10B23000B7CFDF91CF911F910F91FF90EF900895BD
:10B240000F93CF93C82F01E020E8482F60E08BEFE9
:10B2500090E10E9438C7882339F040E86C2F80E0E5
:10B26000CF910F910C94C2D8CF910F9108950F9365
:10B270001F93CF93DF93182FC62F042FD62FD20FF3
:10B28000402F6C2F812F0E94C2D8CF5FCD13F8CFF3
:10B29000DF91CF911F910F910895FF920F931F930C
:10B2A000CF93DF93C82FD62F142FF22E022F242FE7
:10B2B000462F682F8BEF90E10E9438C7882359F002
:10B2C0002F2D412F6D2F8C2FDF91CF911F910F913B
:10B2D000FF900C9437D9DF91CF911F910F91FF9080
:10B2E0000895DF92EF92FF920F931F93CF93DF9316
:10B2F000182F062FC42FD42FF62EF40EEE24E3942D
:10B30000DD24DA948F2D8D1BD83090F58C2F887F1B
:10B31000800F9C2F96959695969528EF929FC00D3D
:10B320001124CC23D1F197E0C9276091FD107091D1
:10B33000FE10109317118093181181E080931A1159
:10B34000CF5FC7708FEF90E001C0880FCA95EAF712
:10B350008093191127E131E14BE38BEF90E1DF910D
:10B36000CF911F910F91FF90EF90DF900C9498D7A1
:10B370006091FD107091FE101093171180931811B9
:10B38000E0921A11D092191127E131E14BE38BEFD2
:10B3900090E10E9498D7D850B5CFDF91CF911F91FF
:10B3A0000F91FF90EF90DF900895FF920F931F93FE
:10B3B000CF93DF93D82F162FF42EC22F022F242FD6
:10B3C000462F682F8BEF90E10E9438C78823E9F061
:10B3D0004F2D612F8D2F0E94C2D84C2F612F8D2FA2
:10B3E0000E9471D98FEF8F0D4C2F612F8D0F0E940E
:10B3F00071D96FEF6C0F610F4F2D8D2FDF91CF91B2
:10B400001F910F91FF900C94C2D8DF91CF911F91A3
:10B410000F91FF9008955F926F927F928F929F920B
:10B42000AF92BF92CF92DF92EF92FF920F931F9352
:10B43000CF93DF93EC01C62E142FD22EEC80FD802B
:10B44000C7010E9417C7082F8C819D810E941AC7CF
:10B45000982EAA24AA94013011F48FE0A82E8C8192
:10B460009D810E9413C7082F8C819D810E940FC768
:10B47000B82E8C819D810E9430C720E62D1570F476
:10B48000009761F0E80EF91E01E6BD14C0F4188AB9
:10B490001B8A1C8A198A1A8A80E05AC08C819D8175
:10B4A0000E9433C7E0E4ED1530F4009721F0E80E78
:10B4B000F91E01E4EACFF1E1EF0EF11CE6CFB01680
:10B4C00030F3892D90E0F70124912F3F39F4FFEFFD
:10B4D000EF1AFF0AB016D9F20F5FF5CFD0125FC096
:10B4E0008C819D810E9417C797012F5F3F4FF70105
:10B4F000882319F0823009F03BC084918B8BF901CD
:10B5000024912C8BF7013396E491E88BF701349664
:10B51000E491E98BF7013596E491EA8BE114F104AB
:10B5200009F4BACF8C819D810E941AC7A82EDB88AE
:10B53000BC888989C80E1B198A89181B0B2D2D2DD3
:10B54000412F6C2DCE010E9438C7811131C08889EE
:10B55000DF91CF911F910F91FF90EF90DF90CF90EF
:10B56000BF90AF909F908F907F906F905F90089565
:10B570008491982F9F7092509A8B82958F70898BAF
:10B58000F9012491822F8F708C8B22952F702B8B39
:10B59000F7013296E491E295EF70E88BBFCF3296D7
:10B5A000E491EA21E80FF92FF11DEE0EFF1E92CF74
:10B5B000EA0CF11CF7E0DF0ED694D694D694012F56
:10B5C0000B0D4E012CE1820E911C6D2C712C10176D
:10B5D00009F4BDCF5C2C570112C0F50184916A813A
:10B5E0007B815C8E1D8F1F8E8E8F94014BE3CE016D
:10B5F0000E9498D7FFEFAF1ABF0A28E0520E8A2D9B
:10B600008E198D1550F3E60CF71C1F5FE0CFEF92FB
:10B61000FF920F931F93CF93DF93F82E062FE42E04
:10B62000152FE0911011F09111118BEF90E1199508
:10B63000080FCE2DD12F10E02991211108C0812FA4
:10B64000DF91CF911F910F91FF90EF900895402FC0
:10B650006F2D8BEF90E10E940BDAF80E180FECCFF4
:10B660008F929F92AF92BF92CF92DF92EF92FF9212
:10B67000CF93FC01C080D180E280F38020E030E0F5
:10B68000A901C701B6010E946CFA87FF96C0C701E5
:10B69000B601905820E030E048EC52E40E94D2FA23
:10B6A0000F943A006B017C0160E2F0EACF16F6E8F5
:10B6B000DF06F1E0EF06F10484F0B60120EA36E897
:10B6C00041E050E00F940302CA01B9012AE030E0E2
:10B6D00040E050E00F940302605D60935B0D60E218
:10B6E00080E1C81687E2D806E104F1048CF0C701B6
:10B6F000B60120E137E240E050E00F940302CA01B6
:10B70000B9012AE030E040E050E00F940302605DB0
:10B7100060935C0D60E2E8EECE16E3E0DE06E10445
:10B72000F1048CF0C701B60128EE33E040E050E0B0
:10B730000F940302CA01B9012AE030E040E050E072
:10B740000F940302605D60935D0DC701B60124E6AE
:10B7500030E040E050E00F9403028AE0882E912C04
:10B76000A12CB12CCA01B901A50194010F940302C7
:10B77000605D60935E0D8EE280935F0DC701B60140
:10B78000A50194010F940302C62FCA01B901A501B6
:10B7900094010F940302605D6093600DC05DC093DF
:10B7A000610D8BE59DE0CF91FF90EF90DF90CF9002
:10B7B000BF90AF909F908F90089520E030E048ECCC
:10B7C00052E4C701B6016ACFCF92DF92EF92FF92A7
:10B7D0000F931F93CF93DF9300D01F92CDB7DEB7A7
:10B7E0008091490D90914A0DA0914B0DB0914C0D57
:10B7F000B7FF08C01092490D10924A0D10924B0DE0
:10B8000010924C0D80914D0D90914E0DA0914F0DC9
:10B81000B091500D4091490D50914A0D60914B0DE2
:10B8200070914C0D84179507A607B70744F48093D1
:10B83000490D90934A0DA0934B0DB0934C0D809100
:10B840008802882359F16091490D70914A0D8091C9
:10B850004B0D90914C0D0091510D1091520D209176
:10B86000530D3091540D600F711F821F931F0E9462
:10B8700073FA2AE037ED43E25CE30E94D2FA69836F
:10B880007A838B839C83CE0101960E9430DBBC01BE
:10B890008091570D9091580D0E94A93D8091F40C14
:10B8A000882351F10091550D1091560D0115110588
:10B8B00009F16091490D70914A0D80914B0D909165
:10B8C0004C0DC090510DD090520DE090530DF09062
:10B8D000540D6C0D7D1D8E1D9F1D0E9473FA2AE074
:10B8E00037ED43E25CE30E94D2FAF8016083718392
:10B8F000828393830E94372C8091F40C882329F053
:10B90000E091590DF0915A0D19950F900F900F90ED
:10B910000F90DF91CF911F910F91FF90EF90DF90EB
:10B92000CF9008958F929F92AF92BF92CF92DF9265
:10B93000EF92FF92CF9320E030E048EC52E4FC011C
:10B9400060817181828193810E94D2FA0F943A00C2
:10B950006B017C018BE2F7FE09C0F094E094D09477
:10B96000C094C11CD11CE11CF11C8DE280935B0DC5
:10B97000C701B60120E137E240E050E00F94030236
:10B980008AE0882E912CA12CB12CCA01B901A50105
:10B9900094010F940302605D60935C0DC701B601D2
:10B9A00028EE33E040E050E00F940302CA01B901F1
:10B9B000A50194010F940302605D60935D0DC701C2
:10B9C000B60124E630E040E050E00F940302CA01E3
:10B9D000B901A50194010F940302605D60935E0DAF
:10B9E0008EE280935F0DC701B601A50194010F940B
:10B9F0000302C62FCA01B901A50194010F940302E5
:10BA0000605D6093600DC05DC093610D8BE59DE04E
:10BA1000CF91FF90EF90DF90CF90BF90AF909F902D
:10BA20008F900895CF92DF92EF92FF920F931F9322
:10BA3000CF93DF9300D01F92CDB7DEB78091490D31
:10BA400090914A0DA0914B0DB0914C0DB7FF08C0DD
:10BA50001092490D10924A0D10924B0D10924C0D00
:10BA600080914D0D90914E0DA0914F0DB091500DC4
:10BA70004091490D50914A0D60914B0D70914C0DC4
:10BA800084179507A607B70744F48093490D909350
:10BA90004A0DA0934B0DB0934C0D809188028823E2
:10BAA00059F16091490D70914A0D80914B0D909123
:10BAB0004C0D0091510D1091520D2091530D30916C
:10BAC000540D600F711F821F931F0E9473FA2AE0AA
:10BAD00037ED43E25CE30E94D2FA69837A838B8379
:10BAE0009C83CE0101960E9492DCBC018091570D8F
:10BAF0009091580D0E94A93D8091F40C882351F13A
:10BB00000091550D1091560D0115110509F1609127
:10BB1000490D70914A0D80914B0D90914C0DC09044
:10BB2000510DD090520DE090530DF090540D6C0DCE
:10BB30007D1D8E1D9F1D0E9473FA2AE037ED43E2A2
:10BB40005CE30E94D2FAF80160837183828393835D
:10BB50000E94372C8091F40C0F900F900F900F9053
:10BB6000DF91CF911F910F91FF90EF90DF90CF90D9
:10BB700008950E9412DD882329F0E091590DF0917B
:10BB80005A0D199408950C9412DD8F929F92AF92E2
:10BB9000BF92CF92DF92EF92FF92FC01C080D180E2
:10BBA000E280F38020E030E0A901C701B6010E94E5
:10BBB0006CFA87FF87C0C701B60190580F943A000E
:10BBC0006B017C0160E2F0E1CF16F7E2DF06E104F1
:10BBD000F10484F0B60120E137E240E050E00F9438
:10BBE0000302CA01B9012AE030E040E050E00F94BE
:10BBF0000302605D60935D0D60E288EEC81683E02D
:10BC0000D806E104F1048CF0C701B60128EE33E058
:10BC100040E050E00F940302CA01B9012AE030E08D
:10BC200040E050E00F940302605D60935E0D60E2BF
:10BC3000E4E6CE16D104E104F1048CF0C701B601AC
:10BC400024E630E040E050E00F940302CA01B9015D
:10BC50002AE030E040E050E00F940302605D609322
:10BC60005F0D60E2FAE0CF16D104E104F10494F034
:10BC70008AE0882E912CA12CB12CC701B601A50118
:10BC800094010F940302CA01B901A50194010F9414
:10BC90000302605D6093600DC701B6012AE030E0E9
:10BCA00040E050E00F940302605D6093610D8DE50C
:10BCB0009DE0FF90EF90DF90CF90BF90AF909F906E
:10BCC0008F900895C701B60179CFCF92DF92EF929E
:10BCD000FF920F931F93CF93DF9300D01F92CDB7A6
:10BCE000DEB78091490D90914A0DA0914B0DB09116
:10BCF0004C0DB7FF08C01092490D10924A0D1092DA
:10BD00004B0D10924C0D80914D0D90914E0DA091C8
:10BD10004F0DB091500D4091490D50914A0D6091D9
:10BD20004B0D70914C0D84179507A607B70744F487
:10BD30008093490D90934A0DA0934B0DB0934C0DF9
:10BD400080918802882359F16091490D70914A0DC4
:10BD500080914B0D90914C0D0091510D1091520D11
:10BD60002091530D3091540D600F711F821F931F4E
:10BD70000E9471FA20E030E048EC52E40E94D2FACE
:10BD800069837A838B839C83CE0101960E94C5DDF3
:10BD9000BC018091570D9091580D0E94A93D809152
:10BDA000F40C882361F10091550D1091560D011589
:10BDB000110519F16091490D70914A0D80914B0D5B
:10BDC00090914C0DC090510DD090520DE090530DBC
:10BDD000F090540D6C0D7D1D8E1D9F1D0E9471FAFB
:10BDE00020E030E048EC52E40E94D2FA0F94410087
:10BDF000F80160837183828393830E94372C809142
:10BE0000F40C882329F0E091590DF0915A0D199501
:10BE10000F900F900F900F90DF91CF911F910F9186
:10BE2000FF90EF90DF90CF900895CF92DF92EF9246
:10BE3000FF920F931F93CF93DF9300D01F92CDB744
:10BE4000DEB78091490D90914A0DA0914B0DB091B4
:10BE50004C0DB7FF08C01092490D10924A0D109278
:10BE60004B0D10924C0D80914D0D90914E0DA09167
:10BE70004F0DB091500D4091490D50914A0D609178
:10BE80004B0D70914C0D84179507A607B70744F426
:10BE90008093490D90934A0DA0934B0DB0934C0D98
:10BEA00080918802882359F16091490D70914A0D63
:10BEB00080914B0D90914C0D0091510D1091520DB0
:10BEC0002091530D3091540D600F711F821F931FED
:10BED0000E9473FA20E030E048EC52E40E94D2FA6B
:10BEE00069837A838B839C83CE0101960E94C5DD92
:10BEF000BC018091570D9091580D0E94A93D8091F1
:10BF0000F40C882351F10091550D1091560D011537
:10BF1000110509F16091490D70914A0D80914B0D09
:10BF200090914C0DC090510DD090520DE090530D5A
:10BF3000F090540D6C0D7D1D8E1D9F1D0E9473FA97
:10BF400020E030E048EC52E40E94D2FAF80160832D
:10BF50007183828393830E94372C0F900F900F90F0
:10BF60000F90DF91CF911F910F91FF90EF90DF9095
:10BF7000CF90089520E030E040E251E4FC01608180
:10BF80007181828193810E94D2FA0F943A009B01C1
:10BF90008BE237FF05C022273327261B370B8DE2A4
:10BFA00080935C0DC90168EE73E00F94EF01CB0143
:10BFB000EAE0F0E0BF010F94EF01805D80935D0D3A
:10BFC000C90164E670E00F94EF01CB01BF010F944B
:10BFD000EF01805D80935E0DC901BF010F94EF01F9
:10BFE000282FCB01BF010F94EF01805D80935F0D7F
:10BFF0008EE28093600D205D2093610D8CE59DE0C5
:10C000000895CF92DF92EF92FF920F931F93CF93F9
:10C01000DF93FC01C080D180E280F38020E030E03B
:10C0200040E251E4C701B6010E94D2FA0F943A00EF
:10C030009B01AB014D595F4F4B34544008F458C03D
:10C04000C701B6010F943A008B01FB0177FF20C0B6
:10C05000119501951109ED398FEFF8070CF076C0B5
:10C060008DE280935E0DC80164E670E00F94EF01ED
:10C07000CB012AE030E0B9010F94EF01805D80939D
:10C080005F0DC801B9010F94EF01CB01B90125C0C3
:10C09000083E83E018070CF454C0C80168EE73E052
:10C0A0000F94EF01CB01CAE0D0E0BE010F94EF0185
:10C0B000805D80935E0DC80164E670E00F94EF012F
:10C0C000CB01BE010F94EF01805D80935F0DC8012D
:10C0D000BE010F94EF01CB01BE010F94EF01805D13
:10C0E0008093600D48C08DE2F7FDFACF80E2F8CF73
:10C0F00077FF1CC022273327261B370B6DE2609386
:10C100005E0DEAE0F0E0C901BF010F94EF01282FB6
:10C11000CB01BF010F94EF01805D80935F0D8EE234
:10C120008093600D205D2093610D2DC060E2243668
:10C1300031052CF3C90164E670E00F94EF01605DF6
:10C14000DECF80E2043611050CF08BCF80E28093C5
:10C150005E0D80935F0D0A3011052CF28DE2F7FF22
:10C1600080E280935F0DC8016AE070E00F94EF01F8
:10C17000605D6093600DC8016AE070E00F94EF01AC
:10C18000805D8093610D8EE59DE0DF91CF911F91E1
:10C190000F91FF90EF90DF90CF9008958F929F9234
:10C1A000AF92BF92CF92DF92EF92FF92CF9320E0B7
:10C1B00030E048EC52E4FC0160817181828193811E
:10C1C0000E94D2FA0F943A006B017C01F7FC5AC02E
:10C1D00020E137E240E050E00F940302CA01B901C8
:10C1E0002AE030E040E050E00F940302605D60938D
:10C1F0005C0DC701B60128EE33E040E050E00F943B
:10C2000003028AE0882E912CA12CB12CCA01B9011D
:10C21000A50194010F940302605D60935D0DC70159
:10C22000B60124E630E040E050E00F940302CA017A
:10C23000B901A50194010F940302605D60935E0D46
:10C240008EE280935F0DC701B601A50194010F94A2
:10C250000302C62FCA01B901A50194010F9403027C
:10C26000605D6093600DC05DC093610D8CE59DE0E5
:10C27000CF91FF90EF90DF90CF90BF90AF909F90C5
:10C280008F900895F094E094D094C094C11CD11C78
:10C29000E11CF11C6DE2ABCFCF92DF92EF92FF92E7
:10C2A0000F931F93CF93DF9300D01F92CDB7DEB7CC
:10C2B0008091490D90914A0DA0914B0DB0914C0D7C
:10C2C000B7FF08C01092490D10924A0D10924B0D05
:10C2D00010924C0D80914D0D90914E0DA0914F0DEF
:10C2E000B091500D4091490D50914A0D60914B0D08
:10C2F00070914C0D84179507A607B70744F48093F7
:10C30000490D90934A0DA0934B0DB0934C0D809125
:10C310008802882359F16091490D70914A0D8091EE
:10C320004B0D90914C0D0091510D1091520D20919B
:10C33000530D3091540D600F711F821F931F0E9487
:10C3400073FA2AE037ED43E25CE30E94D2FA698394
:10C350007A838B839C83CE0101960E94CEE0BC0140
:10C360008091570D9091580D0E94A93D8091F40C39
:10C37000882351F10091550D1091560D01151105AD
:10C3800009F16091490D70914A0D80914B0D90918A
:10C390004C0DC090510DD090520DE090530DF09087
:10C3A000540D6C0D7D1D8E1D9F1D0E9473FA2AE099
:10C3B00037ED43E25CE30E94D2FAF80160837183B7
:10C3C000828393830E94372C0F900F900F900F90D1
:10C3D000DF91CF911F910F91FF90EF90DF90CF9061
:10C3E0000895FC012081318137FD2DC080E2243683
:10C3F00031055CF0C90164E670E00F94EF01CB01F8
:10C400006AE070E00F94EF01805D80935F0D80E241
:10C410002A3031055CF0EAE0F0E0C901BF010F9479
:10C42000EF01CB01BF010F94EF01805D8093600DA0
:10C43000C9016AE070E00F94EF01805D8093610DA7
:10C440008FE59DE008953195219531098DE2DDCF8D
:10C450000F93CF93DF931F921F92CDB7DEB7ED8579
:10C46000FE8560817181828193810F943A007A8385
:10C470006983CE0101960E94F1E100E09C014B85A9
:10C480005C856A8589850E941A300F900F90DF9134
:10C49000CF910F910895CF92DF92EF92FF920F9379
:10C4A0001F93CF93DF931F921F92CDB7DEB780917A
:10C4B000490D90914A0DA0914B0DB0914C0DB7FFD5
:10C4C00008C01092490D10924A0D10924B0D109217
:10C4D0004C0D80914D0D90914E0DA0914F0DB0914E
:10C4E000500D4091490D50914A0D60914B0D709146
:10C4F0004C0D84179507A607B70744F48093490DA0
:10C5000090934A0DA0934B0DB0934C0D80918802EF
:10C51000882329F16091490D70914A0D80914B0D4E
:10C5200090914C0D0091510D1091520D2091530D91
:10C530003091540D600F711F821F931F0E9473FA78
:10C540000F943A007A836983CE0101960E94F1E14B
:10C55000BC018091570D9091580D0E94A93D80918A
:10C56000F40C882321F10091550D1091560D011501
:10C570001105D9F06091490D70914A0D80914B0DD4
:10C5800090914C0DC090510DD090520DE090530DF4
:10C59000F090540D6C0D7D1D8E1D9F1D0E9473FA31
:10C5A000F80160837183828393830E94372C0F90FC
:10C5B0000F90DF91CF911F910F91FF90EF90DF903F
:10C5C000CF900895CF93DF931F921F92CDB7DEB720
:10C5D0008091490D90914A0DA0914B0DB0914C0D59
:10C5E000B7FF08C01092490D10924A0D10924B0DE2
:10C5F00010924C0D80914D0D90914E0DA0914F0DCC
:10C60000B091500D4091490D50914A0D60914B0DE4
:10C6100070914C0D84179507A607B70744F48093D3
:10C62000490D90934A0DA0934B0DB0934C0D809102
:10C6300088028823B9F08091490D90914A0D20918C
:10C64000510D3091520D820F931F9A838983CE0131
:10C6500001960E94F1E1BC018091570D9091580D17
:10C660000E94A93D8091F40C8823A1F0E091550D22
:10C67000F091560D309761F08091490D90914A0DDF
:10C680002091510D3091520D820F931F9183808321
:10C690000E94372C8091F40C0F900F90DF91CF9176
:10C6A00008950E94E2E2882329F0E091590DF0916B
:10C6B0005A0D199408950C94E2E2CF92DF92EF9212
:10C6C000FF926B017C0182E3C81AD108E108F108EE
:10C6D00062E370E080E090E00E947EC60E94C54E5A
:10C6E00083E3C816D104E104F10468F7C701B60179
:10C6F0000E947EC6FF90EF90DF90CF900C94C54EC5
:10C700000F931F93CF93DF9300D000D0CDB7DEB748
:10C7100083E992E09C838B8304E610E01A8309830B
:10C72000BE016D5F7F4FCE0101960E9417CF8AEB4D
:10C7300092E09E838D831A830983BE016B5F7F4FD6
:10C74000CE0101960E9417CF26960FB6F894DEBF51
:10C750000FBECDBFDF91CF911F910F9108950F9321
:10C760001F93CF93DF93982F862F8A01D22F692FA3
:10C770000E94892D90912F118091640D891740F1AD
:10C78000909131118091630D981710F1C4E1F80177
:10C790008491882331F00E94B32DC81B0F5F1F4F77
:10C7A000F6CFC15020F080E20E94BACCFACF80913F
:10C7B000640D9AE790933211809333118D2F0E946C
:10C7C000F12F80E2DF91CF911F910F910C94BACCA1
:10C7D000DF91CF911F910F910895CF93C82F84E0DF
:10C7E00098E40E94F7CC8C2F0E94BACC8091F60C72
:10C7F000CF910C948C3D84EE9DE30E94F7CC81E0B8
:10C800008093F60C08950F931F930E942BD40091F0
:10C810004415109145152091461530914715601B20
:10C82000710B820B930B97FD0EC083B185FB88279C
:10C8300080F991E089271E9B82609091090196FF03
:10C8400084608093431580914315817090914315C6
:10C8500091FD826090914215981749F0813009F15D
:10C8600048F0823079F0833091F0809342151F9127
:10C870000F910895913079F09230B9F79091411568
:10C8800091500CC0992339F09330C1F3EECF913021
:10C89000A9F3923051F7909141159F5F9093411504
:10C8A000E4CF992359F3933001F7F5CF9C018091A0
:10C8B000650D681778F0962FB9019093650D42E4E5
:10C8C00050E089E892E00E94DAF90E94DAC583E03C
:10C8D0008093880208952091650D21110CC0BC0140
:10C8E00042E450E089E892E00F94A5020E94DAC584
:10C8F00083E08093880208954F925F926F927F92B7
:10C900008F929F92AF92BF92CF92DF92EF92FF925F
:10C910000F931F93CF93DF9300D01F92CDB7DEB755
:10C92000109172021F3FE1F10E942BD4C090E50CE0
:10C93000D090E60CE090E70CF090E80C6C197D09C3
:10C940008E099F0997FD2CC020915A118091591191
:10C9500090E001968F7099272817190609F124E0B5
:10C960001202F0011124EB55FC4F20E030E040E7CB
:10C9700052E460817181828193810E94C8FFC090DE
:10C98000E40C7B018C0123E23DE04FE15DE06BE1D3
:10C990007DE087E19DE00E9449618FEF8093720204
:10C9A0000E9403E48091431582FF3EC080914015B0
:10C9B00081113CC091E0909340158091F50C89273E
:10C9C0008093F40C1092F50C83E08093880210920F
:10C9D00043150E942BD46C507E4F8F4F9F4F609316
:10C9E000441570934515809346159093471588E834
:10C9F00093E19C838B8382E090E09A838983BE01DC
:10CA00006D5F7F4FCE0101960E9417CF16E0115047
:10CA100069F08BE591E10E94F28D62E070E080E0C8
:10CA200090E00E947EC6F3CF1092401590910901CC
:10CA3000192F1095117080913F158117A1F090FD6D
:10CA4000A9C00E94CAD480913F15823029F060E0CD
:10CA500083EE99E30E9456E410933F1583E08093A0
:10CA600088020E9489400E942BD46B017C01809136
:10CA70003B1590913C15A0913D15B0913E15A70135
:10CA80009601281B390B4A0B5B0BDA01C901B7FF72
:10CA900005C08091F30C882309F4A5C1D701C60114
:10CAA0008C599F4FAF4FBF4F80933B1590933C15D0
:10CAB000A0933D15B0933E158091411518160CF0CA
:10CAC00074C08091411518160CF473C08091F40C59
:10CAD0008111F0C080918002909181028154924531
:10CAE00041F480917302882309F4FFC08150809340
:10CAF00073022FB7F8948091E90C9091EA0CA09101
:10CB0000EB0CB091EC0C2FBF3AE0B695A79597953A
:10CB100087953A95D1F7009741E0A407B10520F039
:10CB20008FEF9FEFA0E0B0E0969587952091880267
:10CB30002111EBC03091F30C31117EC18091800244
:10CB4000909181028154924529F08091ED0C8823C7
:10CB500009F45EC188E9C80E8AE3D81EE11CF11C05
:10CB6000C0923715D0923815E0923915F0923A15E7
:10CB70008091F30C811137C180918802813009F4D2
:10CB800058C108F430C1843008F02DC181E0809391
:10CB9000880229C11092A4111092A511823009F4C3
:10CBA0005BCF60E082ED99E355CF8091411587FF1F
:10CBB0008DCF8091F20C21E030E040E050E08823FE
:10CBC00009F459C0809141156091411518160CF077
:10CBD00083C0062E000C770B880B990B8090EE0C0F
:10CBE0009090EF0CA090F00CB090F10C8114910497
:10CBF000A104B104A1F10E9473FA2B013C01C70109
:10CC0000B601681979098A099B090E9471FA9B018A
:10CC1000AC01C301B2010E94C8FF20E030E04AE746
:10CC200054E40E94D2FA4B015C0120E030E040E283
:10CC300053E40F942E0124E630E040E050E087FFFB
:10CC400012C020E030E046E952E4C501B4010F947F
:10CC50002E012AE030E040E050E087FF04C021E0F0
:10CC600030E040E050E0C092EE0CD092EF0CE09249
:10CC7000F00CF092F10CA09141150A2E000CBB0BA8
:10CC80000F9431028090490D90904A0DA0904B0D69
:10CC9000B0904C0DDC01CB01880D991DAA1DBB1D68
:10CCA0008093490D90934A0DA0934B0DB0934C0D7A
:10CCB00010924115D701C6018856954CAF4FBF4F12
:10CCC0008093371590933815A0933915B0933A1582
:10CCD00082E080938802FECE772761950CF47095F0
:10CCE000072E000C880B990B79CF8CE08093730290
:10CCF0008091351590913615019790933615809354
:10CD0000351581E080938802F4CE009741F0409180
:10CD10003515509136154817590708F00FCF8091F7
:10CD2000F30C81110DC0223030F02430A8F12430F2
:10CD300011F4109288020E943CD881E08093F30C99
:10CD400084E00E948C3D81E080931B11E091800281
:10CD5000F091810219951092F40C8091F30C8111DD
:10CD60001FC08090351590903615B12CA12C0E94D3
:10CD70002BD46C197D098E099F0986169706A80683
:10CD8000B90608F0DBCE0E942BD46C197D09709394
:10CD9000361560933515D2CE81E080938802CBCFD3
:10CDA0000E949CD791E0811101C090E09093F30C18
:10CDB0008823B9F28090351590903615B12CA12CAE
:10CDC0000E942BD46C197D098E099F09861697063F
:10CDD000A806B90640F40E942BD46C197D09709303
:10CDE0003615609335150F900F900F900F90DF91CF
:10CDF000CF911F910F91FF90EF90DF90CF90BF9058
:10CE0000AF909F908F907F906F905F904F9008951C
:10CE10008091371590913815A0913915B0913A1538
:10CE2000C81AD90AEA0AFB0AF7FCA2CE0E94302CE3
:10CE30009FCE10928802D7CF009709F481CF67CF99
:10CE40000E94894025982D9A26982E9AAAE0B1E052
:10CE50008C918F7B8C939FB7F894EBE0F1E080810D
:10CE6000806480839FBF8C918E7F8C939FB7F89452
:10CE70008081816080839FBF82E080933F150E9404
:10CE800003E4109241150895CF93DF93EC010E94C3
:10CE9000302B40E050E0BA01CE01DF91CF910C94ED
:10CEA000502BFF920F931F93CF93DF931092F20CAE
:10CEB0008091490D90914A0DA0914B0DB0914C0D70
:10CEC00081309048A105B10540F01092490D1092B3
:10CED0004A0D10924B0D10924C0D6091490D7091BE
:10CEE0004A0D80914B0D90914C0D25E030E040E0D3
:10CEF00050E00E9491FEC22F809134151816F4F470
:10CF0000482F082E000C550B41505109022E000CE1
:10CF1000330B2417350794F0CFEFC80F25E0C29FDD
:10CF2000C0011124092E000CAA0BBB0B8093490DE4
:10CF300090934A0DA0934B0DB0934C0D1092E30CBF
:10CF40008091E20CC81714F4C093E20C8091E20CBB
:10CF5000082E000C990B04962C2F0C2E000C330B72
:10CF60008217930724F48CEF8C0F8093E20CD091FE
:10CF7000E20C1D2F05E00D0FFD2EF194D1111FC005
:10CF800080918802882349F081E0C11180E024E08B
:10CF900043EC59E36F2D0E94AFE38091F40C88239A
:10CFA00039F1C11125C00E94372C8091E30C8823F0
:10CFB000F9F0DF91CF911F910F91FF900895D1303B
:10CFC000F1F480918802882359F06D2F611B81E074
:10CFD000C13009F080E023E044EB59E30E94AFE365
:10CFE0008091F40C882321F08EED98ECC13001F192
:10CFF000DF5FD013C3CF85E080933415DACFD23012
:10D0000091F580918802882359F06D2F611B81E092
:10D01000C23009F080E023E043EA59E30E94AFE325
:10D020008091F40C882321F388E999ECC23001F750
:10D030000E9444E7BACF80918802882359F06D2F6F
:10D04000611B81E0C33009F080E023E047E959E348
:10D050000E94AFE38091F40C882351F286E39AECAE
:10D06000C33031F6E5CFD33031F3D43009F68091B7
:10D070008802882359F06D2F611B81E0C43009F0CC
:10D0800080E023E045E859E30E94AFE38091F40C8F
:10D09000882309F4ADCFC43009F0AACF8BE19BEC13
:10D0A000C7CF4F925F926F927F928F929F92AF9273
:10D0B000BF92CF92DF92EF92FF920F931F93CF9385
:10D0C000DF936C01EB0129013A0147010E94302BEB
:10D0D00083E080938802D092580DC092570DD09370
:10D0E000560DC093550D20E030E048EC52E4C301EA
:10D0F000B2010E94D2FA0F943A006093510D7093DE
:10D10000520D8093530D9093540D0E9473FA6B014E
:10D110007C0120E030E048EC52E4C801B4010E94F8
:10D12000D2FAA70196010E94CDFE0F943A006093B7
:10D130004D0D70934E0D80934F0D9093500D20E048
:10D1400030E048EC52E4688179818A819B810E94B9
:10D15000D2FAA70196010E94CDFE0F944100609380
:10D16000490D70934A0D80934B0D90934C0DDF91B8
:10D17000CF911F910F91FF90EF90DF90CF90BF90D4
:10D18000AF909F908F907F906F905F904F90089599
:10D190004F925F926F927F928F929F92AF92BF92C7
:10D1A000CF92DF92EF92FF920F931F93CF93DF9373
:10D1B0006C01EB0129013A0147010E94302B83E009
:10D1C00080938802D092580DC092570DD093560D7F
:10D1D000C093550DC301B2010F943A006093510DF5
:10D1E0007093520D8093530D9093540D0E9473FAD7
:10D1F0006B017C01AC019B01C801B4010E94CDFE12
:10D200000F943A0060934D0D70934E0D80934F0D27
:10D210009093500DA7019601688179818A819B8145
:10D220000E94CDFE0F9441006093490D70934A0D0A
:10D2300080934B0D90934C0D8BE492EE9093810272
:10D2400080938002DF91CF911F910F91FF90EF901B
:10D25000DF90CF90BF90AF909F908F907F906F9016
:10D260005F904F900895CF92DF92EF92FF920F93CD
:10D270001F93CF93DF936C018B01EA0179010E9428
:10D28000302B83E080938802D092580DC092570DC6
:10D290001093560D0093550DAE01DD0F660B770B05
:10D2A0004093510D5093520D6093530D7093540D54
:10D2B000C701FF0CAA0BBB0B841B950BA60BB70B6E
:10D2C00080934D0D90934E0DA0934F0DB093500D44
:10D2D000F80180819181092E000CAA0BBB0B841BE5
:10D2E000950BA60BB70B8093490D90934A0DA09315
:10D2F0004B0DB0934C0D8BE593EE90938102809390
:10D300008002DF91CF911F910F91FF90EF90DF90FE
:10D31000CF9008952F923F924F925F926F927F929B
:10D320008F929F92AF92BF92CF92DF92EF92FF9235
:10D330000F931F93CF93DF93CDB7DEB7C257D109B9
:10D340000FB6F894DEBF0FBECDBF7C013B014A0192
:10D350002DB73EB7E1963FAF2EAFE197AD961FAE2A
:10D36000AD971B0134E0230E311C8E01015A1F4F73
:10D370003BEC432E33E0532E80E490E08C0F9D1F56
:10D380000496E3969FAF8EAFE397F30187818230D7
:10D3900008F4ACC084859585A685B7858F719927DB
:10D3A000AA27BB27892B8A2B8B2B09F09FC01092B1
:10D3B000B41144EB51E1BE016F5F7F4FC1010E9488
:10D3C000E08A18160CF092C08C85982F98719031D5
:10D3D00009F089C02091291430912A142150310973
:10D3E0002230310508F47FC02DB73EB7AF963FAF6E
:10D3F0002EAFAF97BE016F5F7F4FC8010E941C82A6
:10D40000F7018081E1E0F0E0882339F0F701019035
:10D410000020E9F73197EE19FF09D8010D9000209F
:10D42000E9F7E01BF10BEA0FFB1F31962DB73EB772
:10D430002E1B3F0B0FB6F8943EBF0FBE2DBFEDB7AE
:10D44000FEB731966F01B701811102C068E874E040
:10D45000C6010F949002B801C6010F94710268E8EA
:10D4600074E0C6010F94710225961FAE2597289689
:10D470001FAE289724961FAE1EAE249722965FAE4D
:10D480004EAE229721E0A801B101E3968EAD9FAD8B
:10D49000E3970E94098D811155C0809129149091C4
:10D4A0002A14892B09F04EC02EEDA22E2DE3B22EA8
:10D4B000F5018491FFEFAF1ABF0A81113AC093E6DC
:10D4C000A92E9DE3B92EF5018491FFEFAF1ABF0A93
:10D4D000811132C05801F50181915F01882379F1F2
:10D4E0000E94CA94F8CF2981211159C0E1968EADCE
:10D4F0009FADE1970FB6F8949EBF0FBE8DBFCE587B
:10D50000DF4F0FB6F894DEBF0FBECDBFDF91CF91D6
:10D510001F910F91FF90EF90DF90CF90BF90AF9051
:10D520009F908F907F906F905F904F903F902F9043
:10D5300008950E94CA94BCCF0E94CA94C4CF8AE0C6
:10D540000E94CA948BE1FE01EC5BFF4FDE019596D1
:10D5500001900D928A95E1F724968EAD9FAD2497A8
:10D560009CA38BA35AA249A250E040E0BE016F5D8C
:10D570007F4FC6010E948AE9CE0181960E94919157
:10D58000CE01805C9F4F0E949191AF962EAD3FAD32
:10D59000AF970FB6F8943EBF0FBE2DBFF6CE253E17
:10D5A00009F4F3CE2E3209F4F0CE2091B4112E32CC
:10D5B00009F4EBCE8A7009F0E8CE81E0903109F0F1
:10D5C00080E08093A611903141F08985873409F07D
:10D5D000DCCE8A858E3709F4D8CE809129149091BB
:10D5E0002A1481309105F9F040F1029709F0CDCE6F
:10D5F000BE016F5F7F4F87EA91E10E941C82811418
:10D60000910409F444C067EA71E1C4010F945E0219
:10D61000892B09F46BCFAD962FADAD972F5FAD96EB
:10D620002FAFAD97B2CE80912B1490912C14019610
:10D6300090932C1480932B14A8CEBE016F5F7F4F64
:10D6400087EA91E10E941C826701F60181916F01D6
:10D6500081110CC087EAC82E81E1D82EF601819194
:10D660006F01882331F00E94CA94F8CF0E94CA94B7
:10D67000ECCF80E20E94CA946D8D7E8D8F8D98A133
:10D680004AE00E94E5998AE00E94CA947ECE809189
:10D690002B1490912C14AD96FFADAD97F817190689
:10D6A00009F0B9CF23CFEF92FF920F931F93CF933F
:10D6B000DF93CDB7DEB76F970FB6F894DEBF0FBE1E
:10D6C000CDBF7B0100EF11E122EF31E1F8013183A1
:10D6D000208322E030E030932A1420932914909381
:10D6E0002C1480932B1486EF91E10E949B86F80105
:10D6F000808191812BE1FC013496DE011596019029
:10D700000D922A95E1F7FC01828193819C838B83A2
:10D710008BEC93E09A838983A701BE016F5F7F4FF3
:10D7200080E094E00E948AE9CE0101960E949191E6
:10D730006F960FB6F894DEBF0FBECDBFDF91CF91CD
:10D740001F910F91FF90EF9008956F927F928F92AB
:10D750009F92AF92BF92DF92EF92FF920F931F932F
:10D76000CF93DF93CDB7DEB7AC970FB6F894DEBF9B
:10D770000FBECDBF2091A511222309F458C1D62E8A
:10D780007C0180917213882309F4E9C0442309F4D1
:10D79000FDC0B0908A13BB2019F108EA1DE3F8011F
:10D7A00084910F5F1F4F81110BC000E21DE3F80150
:10D7B00084910F5F1F4F882331F00E94CA94F7CFE6
:10D7C0000E94CA94ECCF61E070E080E090E00E949B
:10D7D000569D8AE00E94CA948BE09DE30E941596B4
:10D7E0008FE280938F13AA24A39400E913E12FE121
:10D7F000922E80914713B816B0F4B99CC001112441
:10D80000B8018B5E9D4E0E948A89C8018C010196E9
:10D81000F8012081222329F0FCE8FA1510F0A394E6
:10D82000F5CFB394E6CFA7FC10C0B8018FE693E123
:10D830000E948A890EED1DE3F80184910F5F1F4F4E
:10D84000882331F00E94CA94F7CFF8011082F2CFFA
:10D85000B70182EF9CE30E949D5F60918A13FDE80F
:10D860006F9FB001112461577C4E87EE9CE30E94AC
:10D870009D5F409120145091211460912214709169
:10D88000231481EE9CE30E944C5F8AE00E94CA94BC
:10D8900080918A1324E0829FF0011124E557FC4E09
:10D8A00040912014509121146091221470912314FE
:10D8B00040835183628373838F5F80938A131092B6
:10D8C000A41180917213882321F08FE693E10E94C6
:10D8D0007B891D8218861C821B828BEC93E09A83C5
:10D8E000898381ED91E19093F1118093F011F7011B
:10D8F00080818F3209F0B7C087010F5F1F4FCE01C3
:10D9000001964C010115110509F4CCC06FE270E0DD
:10D91000C8010F947C025C01009709F4C4C0081789
:10D92000190708F0C0C03C01601A710AA301B801D0
:10D93000CE0180960F94A502E0E2F0E0EC0FFD1F0F
:10D94000E60DF71D1082FE01B0963F018F01F80130
:10D9500081918F018823C1F10E94CA94F8CF10925F
:10D960008A1392E0B92E0EED1DE3F80184910F5F4A
:10D970001F4F81110EC00CED1CE3F80184910F5F65
:10D980001F4F882349F00E94CA94F7CFBB24B39459
:10D99000EACF0E94CA94E9CFF1E00AE814E0BF168A
:10D9A00011F000E914E0F80181918F01882319F04A
:10D9B0000E94CA94F8CFB70184ED9CE30E949D5F5A
:10D9C0008AE00E94CA947BCF8AE00E94CA94609148
:10D9D000F0117091F11161157105B9F06C5F7F4F15
:10D9E00021E0AE01405E5F4FCE0105960E94098D99
:10D9F000811131C000EC1CE3F80184910F5F1F4FCF
:10DA0000882331F00E94CA94F7CF70E060E0E8CF3D
:10DA1000F30181913F01882319F00E94CA94F8CF45
:10DA20008EE20E94CA94CE0101960E949191AC961A
:10DA30000FB6F894DEBF0FBECDBFDF91CF911F911F
:10DA40000F91FF90EF90DF90BF90AF909F908F90DD
:10DA50007F906F9008959092F1118092F01185015E
:10DA60000F5F1F4F4FCF82EF91E19093F1118093A1
:10DA7000F0118701D11066C06091F0117091F11121
:10DA80006115710509F47EC06C5F7F4F26E5A80122
:10DA90008FE693E10E94098D811177C0B80183E779
:10DAA0009CE369C08701DD2039F36091F01170912A
:10DAB000F1116115710509F448C06C5F7F4F21E0D9
:10DAC000A8018FE693E10E94098D882309F450C0D4
:10DAD0008091801390918113A0918213B091831350
:10DAE00080931C1490931D14A0931E14B0931F14C4
:10DAF000B80182EB9CE30E949D5F40911C14509101
:10DB00001D1460911E1470911F148AEA9CE30E94F8
:10DB10004C5F8AE00E94CA94109220141092211443
:10DB200010922214109223148BE9E82E8CE3F82E25
:10DB3000F7018491FFEFEF1AFF0A882349F00E9452
:10DB4000CA94F6CF62EF71E1B8CF70E060E0B7CF72
:10DB5000B80190E080E00E9453EB8091B4118823DB
:10DB600011F004EB11E160E0C8010E946BE45BCFAF
:10DB7000B80187E89CE30E949D5F8EE20E94CA94F0
:10DB80008AE04FCF70E060E081CF81E08093A21106
:10DB9000B70181E69CE30E949D5F8AE00E94CA94DF
:10DBA000E2CF6F927F928F929F92AF92BF92CF926D
:10DBB000DF92EF92FF920F931F93CF93DF93CDB736
:10DBC000DEB76F970FB6F894DEBF0FBECDBF809162
:10DBD0008802811105C08091F40C882309F4CFC01C
:10DBE00082EF91E19093F1118093F01181E090E048
:10DBF00090932A148093291410922C1410922B14B1
:10DC000086EF91E10E949B868091F0119091F11135
:10DC10002BE1FC013496DE01159601900D922A95B8
:10DC2000E1F7FC01828193819C838B838BEC93E0F1
:10DC30009A83898350E040E0BE016F5F7F4F80E0B0
:10DC400094E00E948AE9CE0101960E949191C090D1
:10DC50002B14D0902C141092F20C8091490D9091BD
:10DC60004A0DA0914B0DB0914C0D81309048A1050B
:10DC7000B10540F01092490D10924A0D10924B0DD3
:10DC800010924C0D6091490D70914A0D80914B0D91
:10DC900090914C0D25E030E040E050E00E9491FE74
:10DCA000122F80912F151816F4F4482F082E000C0F
:10DCB000550B41505109022E000C330B2417350728
:10DCC00094F01FEF180F25E0129FC0011124092EB8
:10DCD000000CAA0BBB0B8093490D90934A0DA093A7
:10DCE0004B0DB0934C0D1092E30C8091E20C181781
:10DCF00014F41093E20C8091E20C082E000C990BA6
:10DD00000496212F012E000C330B8217930724F465
:10DD10008CEF810F8093E20C0091E20CE02E85E005
:10DD2000782E700E602E6194460181E0881A910869
:10DD3000002361F067EA71E186EF91E10E948A8930
:10DD40008091A7118F3281F581E032C080918802E5
:10DD5000882349F081E0111180E024E040EC57E392
:10DD6000662D0E94AFE38091F40C882319F3111102
:10DD7000E1CF0E94372C8091E30C8823D9F26F9673
:10DD80000FB6F894DEBF0FBECDBFDF91CF911F91CC
:10DD90000F91FF90EF90DF90CF90BF90AF909F904A
:10DDA0008F907F906F900895013009F462C082E0F7
:10DDB000F82EB12CA12CAC14BD0409F4FAC0F01259
:10DDC000F3C070E060E0C4018A199B090E9453EB24
:10DDD0009091A61180918802992309F4CBC08823E1
:10DDE00041F06F2D6E1981E01F1180E041E00E942B
:10DDF000BFCC8091F40C882309F4D6C01013D4C092
:10DE00001D8218861C821B828BEC93E09A83898387
:10DE10008091F91101ED11E1882311F002EF11E178
:10DE20006801F4E0CF0ED11C21E047EA51E1B601D0
:10DE3000CE0105960E94098D81116FC00EED1DE384
:10DE4000F80184910F5F1F4F811151C006EA17E35B
:10DE5000F80184910F5F1F4F81114CC007EA11E157
:10DE6000F80181918F01882309F447C00E94CA9468
:10DE7000F7CF80918802882359F0602F6E1981E0D6
:10DE8000113009F080E020E24CEB57E30E94AFE351
:10DE90008091F40C882309F48ACF113009F087CFE0
:10DEA000809147138823D1F0815080934713EFE18D
:10DEB0008E9FC0011124FC01EB5EFD4E2BE1A6EF0D
:10DEC000B1E101900D922A95E1F78F5E9D4EFC0124
:10DED000828193819093F5118093F4111092E20C5A
:10DEE00081E08093E30C83E08093880248CF0E9416
:10DEF000CA94A6CF0E94CA94ABCF8AE00E94CA946B
:10DF0000CE0101960E9491911092490D10924A0DF6
:10DF100010924B0D10924C0DE3CF809147138A3035
:10DF2000C8F491E0980F90934713FFE18F9FC001D1
:10DF30001124DC01AB5EBD4E2BE1F60101900D9288
:10DF40002A95E1F7F801228133818F5E9D4EFC0115
:10DF5000338322838BE1FE013596A6EFB1E1019078
:10DF60000D928A95E1F78B819C819093F5118093B6
:10DF7000F411C6CF882341F06F2D6E1981E01F1177
:10DF800080E040E00E94BFCC8091F40C882361F0D7
:10DF900010130AC087EA91E10E9479CD0E94302CCB
:10DFA0008091E30C8111EBCEFFEFAF1ABF0AF3941F
:10DFB00002CF0F5F7012BCCEF0922F15E0CE809191
:10DFC000D60B9091D70B4AE050E070E060E00196EC
:10DFD0000C9488F78091D60B9091D70B4AE050E0D3
:10DFE00070E060E001960E94B6F8CB010895CF93EF
:10DFF000DF938BE693E10E94919181E192E1892B7D
:10E0000051F0C7E4D3E16F97CE010E94919182E174
:10E01000C131D807C1F782EF91E10E94919181ED62
:10E0200091E1DF91CF910C9491910E9414F1E091D4
:10E03000FD10F091FE10828193819093F6108093F1
:10E04000F51010925A111092591180E1E9E4F1E1B2
:10E05000DF01282F1D922A95E9F7E9E3F1E1DF01BD
:10E060001D928A95E9F7109235111092361110928F
:10E070003711109238111092D5111092D8111092B8
:10E08000D4111092D3118BEC93E09093D211809322
:10E09000D1111092F6111092F9111092F5111092FF
:10E0A000F4119093F3118093F211E1E1F2E127E48E
:10E0B00033E11482178213821282918380837F96C8
:10E0C0002E173F07B1F729E12093491310924C1303
:10E0D0001092641310926F131092721310926E13B9
:10E0E00010926D1390936C1380936B131092A31185
:10E0F0001092A2111092A5111092A41110921C144A
:10E1000010921D1410921E1410921F1410922014BD
:10E11000109221141092221410922314109247137B
:10E1200010928A13E1E1F2E186E391E0DF019C01C4
:10E130001D9221503040E1F781E080932814109225
:10E14000D0111092CF110E942BD468577C4E8F4F64
:10E150009F4F6093241470932514809326149093FA
:10E16000271410927A111092791110927F11109247
:10E1700080111092811110928211109283111092CD
:10E180008411109285111092861110927B111092B9
:10E190007C1110927D1110927E1182E390E0909399
:10E1A0009811809397118AE090E090939A11809350
:10E1B000991180E19EE090939C1180939B111092A5
:10E1C000A11182E390E00E9449FE863121F10E9474
:10E1D00066CF81E08093A11185EC93E090935C1170
:10E1E00080935B1184E08093681110926611109205
:10E1F00065111092671180910A01806280930A0173
:10E200000E94E98D109261111092621110926311B7
:10E2100010926411089540E150E063E370E087E8F4
:10E2200091E10E9439FED5CF1F93CF93DF93C7EFC3
:10E23000D0E11B821A8289EB93E0998388831BAE1D
:10E240001CAE1DAE198618861B861A861D8611E027
:10E250001C8782E28E871B8A1A8A4EE050E06FEF9D
:10E2600070E08EE191E10F9457021CA388ED95ECCC
:10E270009A8F898F1B8F1C8E1D8E80E48E8F1F8E30
:10E2800081EF95EC9EAB8DAB82E892E09F838E830D
:10E290000E94D6D789EB93E099838883DF91CF9151
:10E2A0001F910895CF93DF931F92CDB7DEB7789477
:10E2B00084B5826084BD84B5816084BD85B582608B
:10E2C00085BD85B5816085BD80916E00816080933C
:10E2D0006E001092810080918100826080938100A5
:10E2E00080918100816080938100809180008160B5
:10E2F000809380008091B10084608093B100809110
:10E30000B00081608093B000809191008260809322
:10E3100091008091910081608093910080919000A4
:10E320008160809390008091A10082608093A10021
:10E330008091A10081608093A1008091A000816004
:10E340008093A000809121018260809321018091BF
:10E35000210181608093210180912001816080935F
:10E36000200180917A00846080937A0080917A0005
:10E37000826080937A0080917A00816080937A0035
:10E3800080917A00806880937A001092C100809119
:10E390000A01877F80930A019FB7F89480910B014F
:10E3A000886080930B019FBF82E08093C000109231
:10E3B000C50080E18093C4008091C100806180939A
:10E3C000C1008091C10088608093C1008091C1002C
:10E3D00080688093C1000CED1AE3F80184910F5F0F
:10E3E0001F4F81110BC00EED1DE3F80184910F5FEB
:10E3F0001F4F882331F00E94CA94F7CF0E94CA941D
:10E40000ECCF14B710FF0EC0B3EDEB2EBAE3FB2E2A
:10E41000F7018491FFEFEF1AFF0A882319F00E9499
:10E42000CA94F6CF11FF0EC0A2ECEA2EAAE3FA2E90
:10E43000F7018491FFEFEF1AFF0A882319F00E9479
:10E44000CA94F6CF12FF0EC0F0EBEF2EFAE3FF2EC8
:10E45000F7018491FFEFEF1AFF0A882319F00E9459
:10E46000CA94F6CF13FF0EC0EFE9EE2EEAE3FE2EBC
:10E47000F7018491FFEFEF1AFF0A882319F00E9439
:10E48000CA94F6CF15FF0BC00EE81AE3F801849189
:10E490000F5F1F4F882319F00E94CA94F7CF14BE54
:10E4A00007E81AE3F80184910F5F1F4F882319F0E2
:10E4B0000E94CA94F7CF80E20E94CA9400E81AE34F
:10E4C000F80184910F5F1F4F882319F00E94CA94AE
:10E4D000F7CF8AE00E94CA940EED1DE3F801849103
:10E4E0000F5F1F4F811123C000E71AE3F8018491E9
:10E4F0000F5F1F4F81111EC00FE51AE3F8018491D1
:10E500000F5F1F4F811119C002E31AE3F8018491D4
:10E510000F5F1F4F811114C00BE11AE3F8018491C2
:10E520000F5F1F4F882379F00E94CA94F7CF0E9493
:10E53000CA94D4CF0E94CA94D9CF0E94CA94DECF85
:10E540000E94CA94E3CF0EED1DE3F80184910F5FA2
:10E550001F4F882319F00E94CA94F7CF809151155C
:10E5600090915215BE016F5F7F4F009709F48FC0E5
:10E57000681B790B8CE09AE30E94845F60ED74E085
:10E5800085EF99E30E94845F8AE00E94CA9481E04B
:10E590008093270D8093280D8093290D80932A0D59
:10E5A0000E94C1738CE0EBE0FDE0A7E1BDE00190CB
:10E5B0000D928A95E1F70E94C79280917B0290911B
:10E5C0007C0290937E0280937D026C9A6D9A80917A
:10E5D0000101886080930101809101018062809334
:10E5E000010180910101806480930101809101010A
:10E5F00080618093010187ED80937A0010927E0004
:10E6000010927D0080917D00806880937D008091D4
:10E610007D00806480937D0080917D008860809380
:10E620007D0080910101886080930101809101014A
:10E6300080628093010180E888BD80916E008460D3
:10E6400080936E006AEF70E080E090E00E947EC6EA
:10E6500085E090E09093050D8093040D60E080913B
:10E660007702909178020E94054120E030E040EA74
:10E6700050E40E946CFA87FF0DC080917702909160
:10E68000780240979093780280937702E7CF67559E
:10E69000754170CF8AEF90E090937C0280937B026B
:10E6A00060E08091000D9091010D0E94054120E0F5
:10E6B00030E04AE753E40F942E01181654F4809189
:10E6C000000D9091010D40969093010D8093000DE7
:10E6D000E7CF85E090E09093070D8093060D61E011
:10E6E0008091790290917A020E94054120E030E009
:10E6F00040EA50E40E946CFA87FF0AC080917902D8
:10E7000090917A02409790937A0280937902E7CFB2
:10E710008AEF90E090937E0280937D0261E0809189
:10E72000020D9091030D0E94054120E030E04AE780
:10E7300053E40F942E01181654F48091020D909119
:10E74000030D40969093030D8093020DE7CF8091C7
:10E750007502909176020E94564D20E030E040EA2A
:10E7600050E40E946CFA87FF0AC080917502909174
:10E77000760240979093760280937502E8CF80915D
:10E78000FE0C9091FF0C0E94564D20E030E040EFCF
:10E7900052E40F942E01181654F48091FE0C9091BF
:10E7A000FF0C40969093FF0C8093FE0CE8CF88E11D
:10E7B00098E20FB6F894A895809360000FBE9093EE
:10E7C0006000809101018260809301010E9A809126
:10E7D0000A01846080930A01829A089A0B9A0E9A21
:10E7E00080910A01826080930A019FB7F89480911A
:10E7F0000B01826080930B019FBF9A9AA29A819A23
:10E80000899A809107018160809307019FB7F894EE
:10E81000809108018160809308019FBF0A9A129A33
:10E820000D9A159A9A9AA29A3898409A3A98429ACA
:10E830003C98449A3998419A0F9A1798809101010F
:10E840008160809301019FB7F894809102018E7FCF
:10E85000809302019FBF9FB7F89480910B01826063
:10E8600080930B019FBFA29A1092080D809A8898FE
:10E87000899A1092090D839A8B989FB7F89480918A
:10E8800008018160809308019FBF10920A0D099AC8
:10E890001198129A0C9A1498159A0F9A17988091B9
:10E8A00080008C7F8093800080918100877E8860CB
:10E8B00080938100809180008F738093800080918D
:10E8C0008100887F82608093810080E090E4909353
:10E8D00089008093880010928500109284008091B6
:10E8E0006F00826080936F0081E080937F02789454
:10E8F0000E9489570E9420E764EC79E080E090E074
:10E900000E945DE320E6722E3DE0632E4AE0542E25
:10E9100050E2452E6AEFC62E6AE3D62E70E0A72E8F
:10E9200070E0B72E8091F410843010F40E940A9F9A
:10E93000809128148823C1F00E942BD400912414C4
:10E94000109125142091261430912714601B710B0F
:10E95000820B930B97FF08C0109228148091A51189
:10E96000882391F10E94D6CD8091F410882309F478
:10E9700043C08091A211882309F4ABC00091480DD7
:10E98000079D800111240D58104F6DE37BE3C801F2
:10E990000E94E9F9892B09F448C08FE693E10E94AF
:10E9A000B5878FE693E10E947B891092A3111092A4
:10E9B000A2110AE21BE3F80184910F5F1F4F882325
:10E9C00051F00E94CA94F7CF0E94CAD48091A51139
:10E9D0008111C8CFC9CF0E9489988091F4108823F3
:10E9E00059F081508093F4108091480D8F5F8430EE
:10E9F00008F072C08093480D8091470D882309F478
:10EA0000F4C00EED1DE3F80184910F5F1F4F8111DB
:10EA100066C00BE11BE3F80184910F5F1F4F882351
:10EA200009F460C00E94CA94F6CFF801019000205A
:10EA3000E9F731977F01E01AF10A10926F136EE443
:10EA400070E0C8010F947C024C01009759F5F70162
:10EA50003197E00FF11F618252821382F801019019
:10EA60000020E9F73197AF01401B510BB8018FE649
:10EA700093E10E94EA8780916F13882329F108EAC5
:10EA80001DE3F80184910F5F1F4F81111AC003EE3F
:10EA90001AE3F80184910F5F1F4F8823A9F00E94A9
:10EAA000CA94F7CF60E270E00F947C028C010F5F94
:10EAB0001F4F6AE270E0C4010F947C02FC013197A1
:10EAC000CACF0E94CA94DDCF8091A311882309F494
:10EAD00082CF0E94F8AD81CF1092480D8DCF0E9459
:10EAE000CA9491CF8091470D80FD05C08091470D5C
:10EAF00010E284FF1BC060913B0D70913C0D809132
:10EB00003D0D90913E0D0E9473FA20912B0D309196
:10EB10002C0D40912D0D50912E0D0E94D2FAAB017B
:10EB2000BC0187E19BE30E94685F18E58091470D77
:10EB300081FD05C08091470D00E285FF1BC06091FB
:10EB40003F0D7091400D8091410D9091420D0E94BA
:10EB500073FA20912F0D3091300D4091310D50916D
:10EB6000320D0E94D2FAAB01BC0183E19BE30E940B
:10EB7000685F09E58091470D82FD04C08091470DD3
:10EB800086FF3CC06091430D7091440D8091450D0E
:10EB90009091460D0E9473FA2091330D3091340DFF
:10EBA0004091350D5091360D0E94D2FAAB01BC0157
:10EBB0008FE09BE30E94685F9AE5F92E8AE00E944D
:10EBC000CA941F924F921F92FF921F920F931F920F
:10EBD0001F93DF92CF921F920E944BCF1092470D4E
:10EBE0000FB6F894DEBF0FBECDBF0E94C9A1A1141D
:10EBF000B10409F497CE0E94000094CE80E2F82E72
:10EC0000DDCFCF93DF93282F30E0F901E55EF34CA1
:10EC10008491F901EB52F44CD491F901E157F44C91
:10EC2000C491CC23A1F081110E94F2C5EC2FF0E039
:10EC3000EE0FFF1FEB58F44CA591B491EC91ED232E
:10EC400081E090E009F480E0DF91CF91089580E0C9
:10EC500090E0FACF8F929F92AF92BF92CF92DF92C5
:10EC6000EF92FF920F931F93CF93DF935C017B0191
:10EC70006115710519F0DB018D939C9385010F5F80
:10EC80001F4FF501D0818D2F90E00E94B9F96C01E2
:10EC9000892BB9F5DD32B9F50F5F1F4FD5011196FC
:10ECA000DC91C1E05801F1E0AF1AB10843E050E057
:10ECB00064EF72E0C5010E94C2F9892B69F5680111
:10ECC00082E0C80ED11C45E050E06FEE72E0C60154
:10ECD0000E94C2F9892B21F4680197E0C90ED11C6A
:10ECE000E114F10419F0D701CD92DC9260E070E0FC
:10ECF00080E89FEFC111FFC060E070E080E89FE70F
:10ED0000FAC05801BBCFDB3229F485010E5F1F4FDB
:10ED1000F501D181C0E0C6CF43E050E06CEE72E077
:10ED2000C5010E94C2F9892BE9F0F80110E000E06A
:10ED300020E030E0A9015F01B0ED8B2E8D0E89E05F
:10ED40008815C8F19C2E689491F88C2F8870C2FFAA
:10ED500016C0811102C00F5F1F4F3196D501DC91A3
:10ED6000C92DE9CFE114F10429F00E5F1F4FF7011F
:10ED70001183008360E070E080EC9FE7BCC08823D3
:10ED800011F001501109A5E0B0E00E94B3FE9B0113
:10ED9000AC01220F331F441F551F280D311D411D8B
:10EDA000511D283999E93907490799E15907A8F20E
:10EDB000C6609C2ED2CFAEEF8A1206C0C3FD3CC007
:10EDC0009C2E689493F8C9CFDF7DD534A9F5808156
:10EDD0008D3239F4C061DF011296818162E070E00A
:10EDE00006C0DF018B32C1F3119661E070E0805301
:10EDF0005D01A61AB70A8A30F8F4E0E8CE16ECE016
:10EE0000DE065CF4B601660F771F660F771FC60E2D
:10EE1000D71ECC0CDD1CC80ED11C5D01FFEFAF1A54
:10EE2000BF0A8C9180538A30A8F1C4FF03C0D194EB
:10EE3000C194D1080C0D1D1DC1FF09C0E114F104DE
:10EE400031F081E0A81AB108D701AD92BC92CA0195
:10EE5000B9010E9471FAC370C33009F490584B0194
:10EE60005C0120E030E0A9010E946CFA882309F4DB
:10EE700040C0C3E2D3E017FF05C011950195110909
:10EE8000CBE0D3E06E01B8E1CB1AD10880E2E82EE6
:10EE9000F12C0FC0D501B1CFFE01259135914591DF
:10EEA00054910E191F09C501B4010E94D2FA4B01F9
:10EEB0005C01D501C4010E151F0574F72497F59464
:10EEC000E794CC16DD06A9F78A2F880F8B2F881FB1
:10EED0008F3F49F020E030E0A901C501B4010E9454
:10EEE0006CFA811106C082E290E0909356158093EF
:10EEF0005515C501B401DF91CF911F910F91FF907E
:10EF0000EF90DF90CF90BF90AF909F908F9008953B
:10EF10003F924F925F926F927F928F929F92AF92A9
:10EF2000BF92CF92DF92EF92FF920F931F93CF93F6
:10EF3000DF935C016B017A016115710519F0FB012A
:10EF400091838083E114F10451F0C7010297839704
:10EF500030F040E030E020E090E06BC05E01E50181
:10EF60002196F5011081812F90E00E94B9F9892B3B
:10EF7000A9F71D3201F52196F501118101E0E11497
:10EF8000F10409F4E6C0F0E1EF16F10409F088C0DD
:10EF9000103359F488818F7D883509F07CC0198140
:10EFA00022960260F0E1EF2EF12C812C912CA12C05
:10EFB00088E0B82E92C01B3221F4E5012296F501BB
:10EFC000118100E0DCCFEAE0EE16F10409F4C7C0DD
:10EFD000F0E1EF16F10409F073C0E7CF78E0E72E17
:10EFE000F12C812C912CA12C60E1B62E76C021E071
:10EFF000ADC0302F3170C114D10431F0222371F132
:10F000002197F601D183C08327FF2EC060E070E016
:10F0100080E090E8311104C06FEF7FEF8FEF9FE742
:10F0200022E230E03093561520935515462F372FA6
:10F03000282F642F732F822FDF91CF911F910F9173
:10F04000FF90EF90DF90CF90BF90AF909F908F9008
:10F050007F906F905F904F903F90089501FF04C0A4
:10F060002297F601D183C083332341F09095809598
:10F07000709561957F4F8F4F9F4FD8CF97FFD6CF19
:10F0800082E290E090935615809355156FEF7FEFD5
:10F090008FEF9FE7CBCF10E3E114F10409F49ECF8B
:10F0A00028E0E216F10409F49CCF0CF08CCF812CFF
:10F0B000912CA12CE0E4BE2E82E0E816F10469F068
:10F0C00060E070E080E090E897010F2C000C440BAA
:10F0D000550B0E9491FE49015A0120E060E070E06A
:10F0E000CB0127010F2C000C66087708FE0150EDBC
:10F0F000352E310E39E0331570F43FEB310F49EC0A
:10F10000342E3A3138F03FE9310F3A3108F071CFFF
:10F1100039EA332E310E3E141F040CF06ACF27FD5E
:10F1200015C086169706A806B90678F0A3019201C5
:10F130000E9481FE630D711D811D911D613071055D
:10F14000810520E8920708F452CF2FEF2196108115
:10F15000CDCF103309F41ECF2AE0E22EF12C9CEC27
:10F16000892E982CA82C9CE0B92EB7CF3F924F92B5
:10F170005F926F927F928F929F92AF92BF92CF9247
:10F18000DF92EF92FF920F931F93CF93DF935C0177
:10F190006B017A016115710519F0FB019183808380
:10F1A000E114F10449F0C7010297839728F060E069
:10F1B00070E0CB019BC05E01E5012196F501108155
:10F1C000812F90E00E94B9F9892BA9F71D3209F02F
:10F1D0005CC02196F501118101E0E114F10409F40C
:10F1E000BBC0F0E1EF16F10409F09BC0103341F40D
:10F1F00088818F7D883509F08FC019812296026041
:10F20000E0E1EE2EF12C88248A94982CA82CFFE0C3
:10F21000BF2E20E060E070E0CB0127010F2C000C36
:10F2200066087708FE0150ED352E310E39E03315B2
:10F2300068F43FEB310F49EC342E3A3130F03FE9BE
:10F24000310F3A31B0F539EA332E310E3E141F0436
:10F2500084F52F3FB9F086169706A806B90638F14F
:10F26000A30192010E9481FE232D30E050E040E096
:10F27000620F731F841F951F62177307840795071A
:10F28000B0F021E021961081CDCF1B3221F4E501B1
:10F290002296F501118100E0A0CF78E0E72EF12C55
:10F2A00088248A94982CA82C6FE1B62EB2CF2FEF29
:10F2B000E9CFC114D10431F0222351F12197F60195
:10F2C000D183C08300FF07C09095809570956195AC
:10F2D0007F4F8F4F9F4F2F3F49F482E290E09093F2
:10F2E0005615809355156FEF7FEFCB01DF91CF91CE
:10F2F0001F910F91FF90EF90DF90CF90BF90AF9054
:10F300009F908F907F906F905F904F903F90089567
:10F3100001FFD8CF2297D3CF10E3E114F10409F411
:10F32000BCCF3AE0E316F104E9F080E1E816F1041D
:10F3300009F466CFE8E0EE16F10409F4B1CF6FEFFF
:10F340007FEFCB0197010F2C000C440B550B0E9453
:10F3500091FE49015A015DCF103309F449CF9AE07B
:10F36000E92EF12C89E9882E982CA82C89E1B82E59
:10F3700050CF91110C9441FD803219F08950855085
:10F38000C8F70895FB01DC014150504088F08D9191
:10F3900081341CF08B350CF4805E659161341CF077
:10F3A0006B350CF4605E861B611171F3990B089547
:10F3B000881BFCCFFB01DC014150504048F0059018
:10F3C0000D920020C9F701C01D9241505040E0F756
:10F3D0000895FB0155915523A9F0BF01DC014D9122
:10F3E00045174111E1F759F4CD010590002049F08E
:10F3F0004D9140154111C9F3FB014111EFCF81E05F
:10F4000090E0019708950F931F93CF93DF93CDB7AB
:10F41000DEB72E970FB6F894DEBF0FBECDBF0E89B4
:10F420001F898EE08C831A8309838FEF9FE79E8369
:10F430008D83AE01465E5F4F688D798DCE0101965A
:10F440000E943FFB2F813885020F131FF8011082A5
:10F450002E960FB6F894DEBF0FBECDBFDF91CF91D1
:10F460001F910F9108950F931F93CF93DF93CDB703
:10F47000DEB72E970FB6F894DEBF0FBECDBF8C015E
:10F48000FA018EE08C831A83098377FF02C060E063
:10F4900070E8615071097E836D83A901BF01CE01BF
:10F4A00001960E943FFB4D815E8157FD0AC02F816E
:10F4B0003885421753070CF49A01020F131FF80105
:10F4C00010822E960FB6F894DEBF0FBECDBFDF912F
:10F4D000CF911F910F9108950E94AEFA08F481E038
:10F4E0000895E89409C097FB3EF490958095709537
:10F4F00061957F4F8F4F9F4F9923A9F0F92F96E980
:10F50000BB279395F695879577956795B795F111F4
:10F51000F8CFFAF4BB0F11F460FF1BC06F5F7F4F91
:10F520008F4F9F4F16C0882311F096E911C07723A3
:10F5300021F09EE8872F762F05C0662371F096E8AC
:10F54000862F70E060E02AF09A95660F771F881F7B
:10F55000DAF7880F9695879597F90895990F00081F
:10F56000550FAA0BE0E8FEEF16161706E807F90795
:10F57000C0F012161306E407F50798F0621B730B30
:10F58000840B950B39F40A2661F0232B242B252BB1
:10F5900021F408950A2609F4A140A6958FEF811D54
:10F5A000811D08950E94E5FA0C94FFFD0E94F1FD73
:10F5B00038F00E94F8FD20F0952311F00C94E8FD3E
:10F5C0000C94EEFD11240C9433FE0E9410FE70F397
:10F5D000959FC1F3950F50E0551F629FF001729FF8
:10F5E000BB27F00DB11D639FAA27F00DB11DAA1F07
:10F5F000649F6627B00DA11D661F829F2227B00D54
:10F60000A11D621F739FB00DA11D621F839FA00DDE
:10F61000611D221F749F3327A00D611D231F849F2E
:10F62000600D211D822F762F6A2F11249F57504085
:10F630009AF0F1F088234AF0EE0FFF1FBB1F661F00
:10F64000771F881F91505040A9F79E3F510580F0C9
:10F650000C94E8FD0C9433FE5F3FE4F3983ED4F342
:10F66000869577956795B795F795E7959F5FC1F76D
:10F67000FE2B880F911D9695879597F908952F92E7
:10F680003F924F925F926F927F928F929F92AF9232
:10F69000BF92CF92DF92EF92FF920F931F93CF937F
:10F6A000DF9300D000D000D01F921F92CDB7DEB7FD
:10F6B0007C013B018A01FC0117821682838181FF54
:10F6C000DDC1CE0101965C01F7019381F30193FD49
:10F6D000859193FF81913F01882309F453C18532BD
:10F6E00039F493FD859193FF81913F01853229F48F
:10F6F000B70190E00E945AFDE7CF912C212C312CCC
:10F70000FFE1F31538F08B3211F190F4803209F1FA
:10F71000833229F137FC3CC020ED280F2A3050F508
:10F7200036FE20C08AE0989E200D1124922E06C03D
:10F730008D3291F0803371F7689430F8F30193FDC6
:10F74000859193FF81913F018111DACF21C06894A7
:10F7500031F8689432F8F2CF689433F8EFCF6894B8
:10F7600034F8ECCFEAE02E9E200D1124222E68946E
:10F7700035F8E4CF8E3229F436FC04C1689436F8AB
:10F78000DDCF8C3619F4689437F8D8CF8836B1F2CB
:10F79000982F9F7D95549330E0F08336A1F1833705
:10F7A000C1F1833509F063C02801F2E04F0E511C0E
:10F7B000F801C080D180692D70E036FC02C06FEF87
:10F7C0007FEFC6010E9444FD4C01689437F8820126
:10F7D0000AC00C5F1F4FFFE3F98388248394912CA8
:10F7E0006501E89437F833FE2DC0522C8114910442
:10F7F00071F5552009F468CFB70180E290E00E94CE
:10F800005AFD5A94F6CFF801808189830E5F1F4F0D
:10F81000E4CF2801F2E04F0E511CF801C080D180E6
:10F82000692D70E036FC02C06FEF7FEFC6010E94C9
:10F830004FFD4C018201D5CFB70180E290E00E94DC
:10F840005AFD2A942814190409F0B0F7CECFF60116
:10F8500037FC859137FE81916F01B70190E00E94DE
:10F860005AFD51105A94F1E08F1A9108BFCF843697
:10F8700019F0893609F077C0F80137FE6BC0608156
:10F880007181828193810C5F1F4FF32DFF763F2E94
:10F8900097FF09C090958095709561957F4F8F4F28
:10F8A0009F4F689437F82AE030E0A5010E948AFD56
:10F8B000C82ECA188C2C432C36FE0CC0E89440F895
:10F8C000C91440F434FE05C032FC03C0F32DFE7EA3
:10F8D0004F2E892C44FEAAC0FE01EC0DF11D808143
:10F8E000803309F09CC0242D297E422E842D8870FF
:10F8F000582E43FCAAC040FEA4C09C2C821418F4CD
:10F900002C0C922C981844FEA6C0B70180E390E01E
:10F910000E945AFD42FE09C088E790E041FE02C005
:10F9200088E590E0B7010E945AFDC91408F49FC011
:10F93000CA94D12C9FEFC91AD90ACA0CDB1CF60154
:10F9400082916F01B70190E00E945AFDAC14BD0492
:10F95000B1F74FCF60817181072E000C880B990B96
:10F960000E5F1F4F92CFD32CE894D4F82AE030E0FA
:10F970008537E1F1232D297FD22E8F36A9F1F0F4BE
:10F98000883551F1F701868197812B960FB6F8944F
:10F99000DEBF0FBECDBFDF91CF911F910F91FF90C2
:10F9A000EF90DF90CF90BF90AF909F908F907F901F
:10F9B0006F905F904F903F902F900895803749F05F
:10F9C000883701F7D4FE02C06894D2F820E130E015
:10F9D0000DC06894D4F8F6CF34FE03C0822F866041
:10F9E000D82E20E132E002C028E030E0F801D7FE56
:10F9F0000FC060817181828193810C5F1F4FA501CF
:10FA00000E948AFDC82ECA183D2CE89437F852CFC0
:10FA10006081718190E080E00E5F1F4FF0CF42FC6B
:10FA200002C0839463CF8394839460CF842D8678BF
:10FA300009F45CCFF6CFB70180E290E00E945AFD56
:10FA400083948214C0F3512C5ECF522C5818821428
:10FA500008F459CFF8CF842D867809F466CF8BE26D
:10FA600041FE80E247FC8DE2B70190E05CCFB70138
:10FA700080E390E00E945AFD9A9457CF8FEF9FEF5A
:10FA800084CF992788270895FC0105906150704024
:10FA90000110D8F7809590958E0F9F1F0895FC0157
:10FAA0006150704001900110D8F7809590958E0FAD
:10FAB0009F1F08950F931F93CF93DF93182F092F44
:10FAC000EB018B8181FD09C01FEF0FEF812F902F7C
:10FAD000DF91CF911F910F91089582FF14C02E8165
:10FAE0003F818C819D81281739073CF4E881F98199
:10FAF000CF0101969983888310838E819F8101961F
:10FB00009F838E83E3CFE885F985812F1995892B13
:10FB1000A1F3DACFFA01AA27283051F1203181F17F
:10FB2000E8946F936E7F6E5F7F4F8F4F9F4FAF4F05
:10FB3000B1E03ED0B4E03CD0670F781F891F9A1F18
:10FB4000A11D680F791F8A1F911DA11D6A0F711DCC
:10FB5000811D911DA11D20D009F468943F912AE0D8
:10FB6000269F11243019305D3193DEF6CF010895C0
:10FB7000462F4770405D4193B3E00FD0C9F7F6CFF1
:10FB8000462F4F70405D4A3318F0495D31FD4052B9
:10FB9000419302D0A9F7EACFB4E0A695979587954F
:10FBA00077956795BA95C9F700976105710508952E
:10FBB0009B01AC010A2E06945795479537952795DA
:10FBC000BA95C9F7620F731F841F951FA01D089572
:10FBD00097F99F6780E870E060E008959FEF80EC00
:10FBE000089500240A9416161706180609060895A3
:10FBF00000240A9412161306140605060895092E09
:10FC00000394000C11F4882352F0BB0F40F4BF2B77
:10FC100011F460FF04C06F5F7F4F8F4F9F4F0895B7
:10FC200057FD9058440F551F59F05F3F71F04795AD
:10FC3000880F97FB991F61F09F3F79F08795089592
:10FC4000121613061406551FF2CF4695F1DF08C0B1
:10FC5000161617061806991FF1CF869571056105CE
:10FC600008940895E894BB2766277727CB0197F976
:10FC70000895DC01CB01FC01F999FECF06C0F2BD6D
:10FC8000E1BDF89A319600B40D9241505040B8F75A
:10FC90000895F999FECF92BD81BDF89A992780B554
:10FCA0000895DC01A40FB51F4150504048F0CB012E
:10FCB000840F951F2E910E9462FE41505040D0F754
:10FCC0000895262FF999FECF92BD81BDF89A01972C
:10FCD00000B4021639F01FBA20BD0FB6F894FA9A94
:10FCE000F99A0FBE0895262FF999FECF1FBA92BD3B
:10FCF00081BD20BD0FB6F894FA9AF99A0FBE01960D
:10FD00000895DB018F939F930E94B3FEBF91AF9143
:10FD1000A29F800D911DA39F900DB29F900D112465
:10FD20000895A1E21A2EAA1BBB1BFD010DC0AA1F3C
:10FD3000BB1FEE1FFF1FA217B307E407F50720F054
:10FD4000A21BB30BE40BF50B661F771F881F991FCF
:10FD50001A9469F760957095809590959B01AC0118
:10FD6000BD01CF0108950E94BEFEA59F900DB49FD6
:10FD7000900DA49F800D911D11240895A29FB001A4
:10FD8000B39FC001A39F700D811D1124911DB29FCF
:10FD9000700D811D1124911D08955058BB27AA276D
:10FDA0000E94E5FE0C94FFFD0E94F1FD38F00E94D8
:10FDB000F8FD20F039F49F3F19F426F40C94EEFD81
:10FDC0000EF4E095E7FB0C94E8FDE92F0E9410FE8D
:10FDD00058F3BA17620773078407950720F079F480
:10FDE000A6F50C9432FE0EF4E0950B2EBA2FA02D42
:10FDF0000B01B90190010C01CA01A0011124FF27D8
:10FE0000591B99F0593F50F4503E68F11A16F040D2
:10FE1000A22F232F342F4427585FF3CF46953795D1
:10FE20002795A795F0405395C9F77EF41F16BA0B96
:10FE3000620B730B840BBAF09150A1F0FF0FBB1F44
:10FE4000661F771F881FC2F70EC0BA0F621F731F8D
:10FE5000841F48F4879577956795B795F7959E3FEA
:10FE600008F0B0CF9395880F08F09927EE0F97957B
:10FE7000879508950E94F1FD60F080E891E009F413
:10FE80009EEF0E94F8FD28F040E851E071F45EEF2B
:10FE90000CC00C94EEFD0C9432FEE92FE0780E9429
:10FEA00010FE40F3092E052AB1F32617370748073D
:10FEB000590738F00E2E07F8E02569F0E025E064D8
:10FEC0000AC0EF6307F8009407FADB01B9019D014E
:10FED000DC01CA01AD01EF930E94DFFF0E94FFFD2C
:10FEE0000E947DFF5F91552339F02BED3FE049E4FF
:10FEF00050FD49EC0C94CEFE0895DF93DD27B92F19
:10FF0000BF7740E85FE31616170648075B0718F44B
:10FF1000D92F0F9433019F938F937F936F930F94F7
:10FF2000BC01E4EEF0E00F94B0000E94FFFD2F91C1
:10FF30003F914F915F910E94E5FADD2351F0905877
:10FF4000A2EA2AED3FE049EC5FE3D0785D270E940A
:10FF5000E5FEDF910C94FFFD0F94160190F09F37A2
:10FF600048F4911116F40C9433FE60E070E080E8E0
:10FF70009FE3089526F01B16611D711D811D0D94D0
:10FF800087000D94A2000F94D900E3950D9402010F
:10FF90000E94DCFF0C94FFFD0E94F8FD58F00E94C7
:10FFA000F1FD40F029F45F3F29F00C94E8FD511178
:10FFB0000C9433FE0C94EEFD0E9410FE68F399231E
:10FFC000B1F3552391F3951B550BBB27AA27621755
:10FFD0007307840738F09F5F5F4F220F331F441F62
:10FFE000AA1FA9F335D00E2E3AF0E0E832D0915096
:10FFF0005040E695001CCAF72BD0FE2F29D0660F83
:020000022000DC
:10000000771F881FBB1F261737074807AB07B0E8C5
:1000100009F0BB0B802DBF01FF2793585F4F3AF0CB
:100020009E3F510578F00C94E8FD0C9433FE5F3F41
:10003000E4F3983ED4F3869577956795B795F79551
:100040009F5FC9F7880F911D9695879597F9089539
:10005000E1E0660F771F881FBB1F621773078407D5
:10006000BA0720F0621B730B840BBA0BEE1F88F7E4
:10007000E09508950F9441006894B1110C9433FEFB
:1000800008950E9418FE88F09F5798F0B92F99277D
:10009000B751B0F0E1F0660F771F881F991F1AF073
:1000A000BA95C9F714C0B13091F00E9432FEB1E0A8
:1000B00008950C9432FE672F782F8827B85F39F0A7
:1000C000B93FCCF3869577956795B395D9F73EF40C
:1000D00090958095709561957F4F8F4F9F4F0895B4
:1000E0000F94160190F09F3748F4911116F00C947C
:1000F00033FE60E070E080E89FEB089526F41B1665
:10010000611D711D811D0D9487000D94A20088232F
:1001100071F4772321F09850872B762F07C0662340
:1001200011F499270DC09051862B70E060E02AF001
:100130009A95660F771F881FDAF7880F969587952F
:1001400097F908959F3F31F0915020F48795779566
:100150006795B795880F911D9695879597F908959E
:10016000DF93CF931F930F93FF92EF92DF927B0168
:100170008C01689406C0DA2EEF010E94E5FAFE01B8
:10018000E894A5912591359145915591A6F3EF01FC
:100190000E94E5FEFE019701A801DA9469F7DF905D
:1001A000EF90FF900F911F91CF91DF9108950C94E4
:1001B000EEFD0E9418FED8F3E894E0E0BB279F57BD
:1001C000F0F02AED3FE049EC06C0EE0FBB0F661FD2
:1001D000771F881F28F0B23A62077307840728F058
:1001E000B25A620B730B840BE3959A9572F78038C1
:1001F00030F49A95BB0F661F771F881FD2F790487F
:100200000D94A400EF93E0FF07C0A2EA2AED3FE0BF
:1002100049EC5FEB0E94E5FE0E94FFFD0F90039406
:1002200001FC9058E1E1F1E00D94C7010E9418FE35
:10023000A0F0BEE7B91788F4BB279F3860F4161604
:10024000B11D672F782F8827985FF7CF8695779510
:100250006795B11D93959639C8F308950E94AEFA3B
:1002600008F48FEF08959B01AC0160E070E080E836
:100270009FE30C94C8FF0E9418FE58F19E5760F14E
:100280009851A0F0E9F0983020F5092E9927660FD3
:10029000771F881F991F0A94D1F712C0062E672F67
:1002A000782F8827985F11F4000C07C0993FB4F3AA
:1002B0008695779567959395D9F7611D711D811D79
:1002C0003EF490958095709561957F4F8F4F9F4F2D
:1002D000089568940C9433FE0C9432FE9F930F940F
:1002E000D9000F9007FCEE5F0D94020119F416F48B
:1002F0000C94EEFD0D94A2000E9418FEB8F3992311
:10030000C9F3B6F39F57550B87FF0F94C001002424
:10031000A0E640EA900180585695979528F4805CB5
:10032000660F771F881F20F026173707480730F41D
:10033000621B730B840B202931294A2BA695179435
:100340000794202531254A2758F7660F771F881F05
:1003500020F026173707480730F4620B730B840B25
:10036000200D311D411DA09581F7B901842F9158B1
:10037000880F9695879508959B01AC010C94D2FA4D
:1003800091505040660F771F881FD2F708959F93B2
:100390008F937F936F93FF93EF939B01AC010E9428
:1003A000D2FAEF91FF910F94B0002F913F914F91AE
:1003B0005F910C94D2FAAA1BBB1B51E107C0AA1F84
:1003C000BB1FA617B70710F0A61BB70B881F991FF6
:1003D0005A95A9F780959095BC01CD01089597FB9A
:1003E000072E16F4009407D077FD09D00F94DB0197
:1003F00007FC05D03EF4909581959F4F0895709528
:1004000061957F4F0895052E97FB1EF400940F947D
:100410001A0257FD07D00E9491FE07FC03D04EF44C
:100420000D941A0250954095309521953F4F4F4FAE
:100430005F4F089590958095709561957F4F8F4F90
:100440009F4F0895EE0FFF1F881F8BBF0790F691F7
:10045000E02D19940E94BEFEB7FF0895821B930BF6
:100460000895B7FF0C94B3FE0E94B3FE821B930B5A
:1004700008959111089581548A5108F4805E855A37
:100480000895FB01DC0104C08D910190801921F4D5
:1004900041505040C8F7881B990B0895FB01DC01BF
:1004A00002C001900D9241505040D8F70895DC01F0
:1004B00001C06D9341505040E0F70895FB01DC010D
:1004C0008D9181341CF08B350CF4805E6191613428
:1004D0001CF06B350CF4605E861B611189F3990B7F
:1004E0000895FB01DC010D900020E9F711970190C0
:1004F0000D920020E1F70895FC018191861721F00B
:100500008823D9F7992708953197CF010895FB01E2
:10051000DC018D91019080190110D9F3990B089598
:10052000FB01DC0101900D920020E1F70895FB0131
:10053000DC014150504030F08D910190801919F448
:100540000020B9F7881B990B0895FB01DC0141508D
:10055000504048F001900D920020C9F701C01D9253
:1005600041505040E0F7089514E2C9E4D4E200E0BD
:1005700006C0802FFE010F9422022196011DCA346D
:0C058000D10780E00807A9F7F894FFCF2E
:10058C000000803F0000803F01010101FF01FF07D7
:10059C00000101016400640064000080934300804A
:1005AC00934300808943000040C2000040C100001A
:1005BC000000019A99B14140F32D44A631353ECD4E
:1005CC00CCCC3D00007A4300005243000040400078
:1005DC0000404000001643000016430080B3430166
:1005EC00000000C84102C0D401001040000000808F
:1005FC002F14FF01FFFF3FFF3FFF3FFF3FFF3F0176
:10060C004152FE266A0236C7035B53495249555381
:10061C00203330305D206C697374612E0000000053
:10062C0000000000000000000000000000000000BE
:10063C0000000000000000000000000000000000AE
:10064C00000000000000000000000000FFFFFFFFA2
:10065C000608FFFFFF000001000200020002004834
:10066C0061A0424861A0420000C8430000C04200A3
:10067C00007A4300001643000070410000A042D0F5
:10068C0007000084030000640000001027000056DF
:10069C00333700202027032703000100FF0100FF50
:1006AC0000FA00FA0004000400020058595A4500F0
:1006BC000001001100100030002500240036002F2E
:1006CC000037002300FFFF390038003E002100FFF7
:1006DC00FFFFFF2D00090007000800FFFFFFFF17B9
:1006EC000016001800FFFFFFFF1A0019001B00FF87
:1006FC00FFFFFF090041000200060045000300084F
:10070C000044001D001C002700FFFFFFFFFFFFFF40
:10071C00FFFFFFFFFF000096420000964200002002
:10072C0041000000000000964500009645000016B0
:10073C00440000B44300000000CA28B1C61E801D4E
:10074C008000000000F28D000000006989B1C61E17
:10075C00801D80312E312E3100687474703A2F2F29
:10076C006D61726C696E66772E6F7267005374657B
:10077C00707261746520746F6F20686967683A20C5
:10078C0000303030005A0059005800496E76616CC8
:10079C006964206578747275646572004D31303807
:1007AC00004D313132004D3431300043616C656E97
:1007BC0074616E646F2E2E2E005049442041757466
:1007CC006F74756E652073746172740050494420A7
:1007DC004175746F74756E65206661696C65642112
:1007EC0020426164206578747275646572206E7540
:1007FC006D62657200545249474745524544006F3B
:10080C0070656E00646973002F00646F696E670019
:06081C00667265736800BE
:00000001FF
