:100000000C942D220C946D220C946D220C946D2274
:100010000C946D220C946D220C946D220C946D2224
:100020000C946D220C946D220C946D220C946D2214
:100030000C946D220C9404EC0C946D220C946D22A3
:100040000C946D220C94A99B0C946D220C946D223F
:100050000C946D220C94EC940C946D220C94BAEBDD
:100060000C946D220C94CC6B0C94B86B0C946D2298
:100070000C946D220C946D220C946D220C946D22C4
:100080000C946D220C946D220C946D220C946D22B4
:100090000C946D220C946D220C946D220C946D22A4
:1000A0000C946D220C946D220C946D220C946D2294
:1000B0000C946D220C946D220C946D220C946D2284
:1000C0000C946D220C946D220C946D220C946D2274
:1000D0000C946D220C946D220C948E6B0C94C26B5C
:1000E0000C946D22084AD73B3BCE016E84BCBFFD09
:1000F000C12F3D6C74319ABD56833DDA3D00C77FF8
:1001000011BED9E4BB4C3E916BAAAABE0000008090
:100110003F05A84CCDB2D44EB93836A9020C50B91F
:10012000918688083CA6AAAA2ABE000000803F0744
:10013000634236B79BD8A71A39685618AEBAAB5582
:100140008C1D3CB7CC5763BD6DEDFD753EF6177247
:1001500031BF000000803F08000000BE9224491219
:100160003EABAAAA2ABECDCCCC4C3E00000080BE3D
:10017000ABAAAAAA3E00000000BF000000803F001A
:1001800000000000084178D3BB4387D1133D190E0E
:100190003CC3BD4282AD2B3E68EC8276BED98FE176
:1001A000A93E4C80EFFFBE01C4FF7F3F000000006E
:1001B00000000D94DB060D9407114E414E494E4947
:1001C0005459494E46CDCCCC3D0AD7233C17B7D124
:1001D0003877CC2B329595E6241FB14F0A000020CA
:1001E000410000C84200401C4620BCBE4CCA1B0E49
:1001F0005AAEC59D74434F4D4D554E4943415449E8
:100200004F4E0044525952554E004552524F525390
:1002100000494E464F004543484F001FE020102341
:1002200010249010A011202210241037B008400490
:100230008003001FE0201021102310152011202121
:1002400010211031300840048003001FE03FF03CD3
:10025000F03B701F601EE03DF03BF038700FC007B0
:100260008003001FE03FF03EF03CF01AE01EE03E4D
:10027000F03EF03EF00FC0078003004572726F72CF
:100280002077726974696E6720746F2045455052FB
:100290004F4D210A00506F72206661766F722C20DC
:1002A0007265696E6963696500494D505245534FE7
:1002B000524120444554454E4944410025533A207B
:1002C0002553004D5545525441005072696E746576
:1002D000722068616C7465642E206B696C6C2829CF
:1002E0002063616C6C6564210A00006563686F3A85
:1002F000004572726F723A0020440020204D323067
:100300003020540020204D3230302053002028442B
:10031000697361626C6564293A0046696C616D6558
:100320006E742073657474696E67730020204D329B
:1003300030312058004D617820416363656C6572EF
:100340006174696F6E2028756E6974732F7332291A
:100350000020204D3230332058004D6178206665F2
:10036000656472617465732028756E6974732F7388
:10037000290020520020204D3230342050004163AB
:1003800063656C65726174696F6E2028756E69743F
:10039000732F7332292028503C7072696E742D615E
:1003A0006363656C3E20523C726574726163742DA8
:1003B000616363656C3E20543C74726176656C2D9C
:1003C000616363656C3E29002054002053002020A7
:1003D0004D323035204200416476616E63656420A1
:1003E00028423C6D696E5F7365676D656E745F74FE
:1003F000696D655F75733E20533C6D696E5F666520
:100400006564726174653E20543C6D696E5F747200
:100410006176656C5F66656564726174653E2058DF
:100420003C6D61785F6A65726B3E20593C6D617806
:100430005F6A65726B3E205A3C6D61785F6A6572D7
:100440006B3E20453C6D61785F6A65726B3E2900AA
:1004500020204D32313700546F6F6C2D6368616E10
:1004600067696E670020204D323138205400486F94
:1004700074656E64206F6666736574730020440053
:1004800020490020204D333031205000486F7465E2
:100490006E6420504944002058004F4646004F4E9D
:1004A0000020204D61783A2000200020204D696E08
:1004B0003A2000203B200020204D323131205300D3
:1004C000536F667420656E6473746F7073003B20A5
:1004D0000020496E76616C69642065787472756479
:1004E0006572200047322F473320626164207061BB
:1004F00072616D65746572730A005265706F736F17
:100500002E2E2E0050756C73617220706172612006
:100510005265616E756461720053696E206D6F760D
:10052000696D69656E746F00456E642066696C65FF
:10053000206C6973740A00426567696E2066696C95
:1005400065206C6973740A004E6F206D6564696183
:100550000A00286E6F2066696C6529004375727207
:10056000656E742066696C653A20004E6F74205386
:1005700044207072696E74696E670A00534420707B
:1005800072696E74696E67206279746520002E0A44
:100590000044656C6574696F6E206661696C6564A2
:1005A0002C2046696C653A200046696C65206465BC
:1005B0006C657465643A005072696E742074696D7C
:1005C000653A20000A53746174733A2046696C617D
:1005D0006D656E7420757365643A20002C204C6F35
:1005E0006E67657374206A6F623A2000546F74619D
:1005F0006C2074696D653A200053746174733A20FD
:10060000002C204661696C65643A20002C20466904
:100610006E69736865643A20005072696E74733A4B
:10062000200053746174733A20006F6B006F66662C
:1006300000160211020A020302F501444542554721
:100640003A004D313133205300534952495553201C
:100650003330302049444558204F46462E002F2F36
:10066000004D31343520533C696E6465783E206F0F
:100670007574206F662072616E67652028302D3199
:10068000290A00250A0046523A0020466C6F773A44
:100690002000496E76616C696420657874727564B7
:1006A00065720A0064697300656E0043290A00617F
:1006B000626C656420286D696E2074656D70200021
:1006C000436F6C6420657874727564657320617221
:1006D0006520004F726967656E202573205072692E
:1006E0006D2E00486F6D6520257320466972737406
:1006F00000446573666173652061706C6963616451
:1007000061004D494E2F4D415820546F6F20466176
:100710007200546F6F206661722066726F6D204D9B
:10072000494E2F4D41580A00454550524F4D204FDC
:100730004B0A0073706563696679696E6720445877
:10074000435F4D4952524F5245445F4D4F44452EF1
:100750000A005072696E746572206D757374206240
:100760006520696E204458435F4455504C494341CD
:1007700054494F4E5F4D4F4445207072696F72204F
:10078000746F200A00446F6E65207072696E746920
:100790006E672066696C650A004D3737004D33314E
:1007A000004163746976652045787472756465727A
:1007B0003A200020204D323036205800486F6D65B9
:1007C000206F6666736574004361703A00434F4E54
:1007D0004649475F4558504F5254004D454154508B
:1007E00041434B00434F4F4C45525F54454D50459C
:1007F000524154555245004348414D4245525F5481
:10080000454D50455241545552450042414259537D
:1008100054455050494E470041524353004D4F54A8
:10082000494F4E5F4D4F44455300544845524D414A
:100830004C5F50524F54454354494F4E0045585415
:10084000454E4445445F4D323000435553544F4D5F
:100850005F4649524D574152455F55504C4F4144B8
:10086000004C464E5F5752495445004C4F4E475F2F
:1008700046494C454E414D45004155544F52455017
:100880004F52545F53445F535441545553005344A3
:100890005F575249544500524550454154004D550B
:1008A0004C54495F564F4C554D45005344434152BB
:1008B000440050524F4D50545F535550504F525476
:1008C00000484F53545F414354494F4E5F434F4D8F
:1008D0004D414E445300454D455247454E43595FA7
:1008E00050415253455200434153455F4C4947489C
:1008F000545F4252494748544E45535300544F4762
:10090000474C455F4C494748545300534F46545752
:100910004152455F504F574552004255494C445F44
:1009200050455243454E54004C4556454C494E4760
:100930005F44415441005A5F50524F424500525566
:100940004E4F5554004155544F4C4556454C005060
:1009500052494E545F4A4F420050524F47524553FE
:1009600053004155544F5245504F52545F54454DDA
:1009700050004155544F5245504F52545F504F53C1
:1009800000564F4C554D4554524943004545505231
:100990004F4D0042494E4152595F46494C455F54C4
:1009A00052414E534645520053455249414C5F58BF
:1009B0004F4E5F584F4646004649524D57415245AB
:1009C0005F4E414D453A4D61726C696E20322E3159
:1009D0002E322E38202853657020203320323032BA
:1009E000362032333A35373A33382920534F55526F
:1009F00043455F434F44455F55524C3A67697468BD
:100A000075622E636F6D2F4D61726C696E466972EF
:100A10006D776172652F4D61726C696E2050524F17
:100A2000544F434F4C5F56455253494F4E3A312E27
:100A300030204D414348494E455F545950453A5343
:100A400049524955532033303020494445582045B8
:100A5000585452554445525F434F554E543A3220F4
:100A6000555549443A63656465326132662D3431C7
:100A700061322D343734382D396231322D633535BA
:100A8000633632663336376666006F6B0A0052652E
:100A900073656E643A20002569730025696D202511
:100AA0006973002569682025696D20256973002513
:100AB0006964202569682025696D202569730025F2
:100AC000697920256964202569682025696D2025BC
:100AD00069730020573A00456E667269616E646FF3
:100AE0002E2E2E004525632025530020573A004521
:100AF0006E667269616E646F2043616D612E2E2E89
:100B00000043616C656E74616E646F2043616D615A
:100B10002E2E2E0023646566696E6520444546418D
:100B2000554C545F004B4420004B4920004B502053
:100B3000002066696E6973686564212050757420B1
:100B4000746865206C617374204B702C204B692095
:100B5000616E64204B6420636F6E7374616E747396
:100B60002066726F6D2062656C6F7720696E746F9E
:100B700020436F6E66696775726174696F6E2E6867
:100B80000A00504944204175746F74756E650020E9
:100B90006661696C6564212074696D656F75740A9E
:100BA00000504944204175746F74756E650020666D
:100BB00061696C6564212054656D7065726174753E
:100BC000726520746F6F20686967680A0050494435
:100BD000204175746F74756E6500504944204379E7
:100BE000636C65730025532025692F256900204B10
:100BF000643A2000204B693A2000204B703A2000D4
:100C000020436C617373696320504944200A0020BB
:100C100054753A2000204B753A2000206D61783AD7
:100C20002000206D696E3A200020643A2000206286
:100C30006961733A200043616C656E74616E646F24
:100C40002E2E2E002073746172740A0050494420C5
:100C50004175746F74756E6500206661696C6564BA
:100C6000212054656D706572617475726520746FB2
:100C70006F20686967680A00504944204175746FA5
:100C800074756E6500504944204175746F2D616A1A
:100C900075737465003F28432979636C6573206E12
:100CA0006F7420706C61757369626C6520283E3DBD
:100CB00033292E0A00206661696C65642120426137
:100CC00064206865617465722069640A0050494453
:100CD000204175746F74756E65004572723A2075A7
:100CE00074663820666F6E74206E6F7420696E694A
:100CF0007469616C697A65642E004572723A207578
:100D000074663820666F6E74206E6F7420696E6929
:100D10007469616C697A65642E004572723A207557
:100D200074663820666F6E74206E6F7420696E6909
:100D30007469616C697A65642E00200020002000CF
:100D40003A003A002568753A25303268750025303A
:100D50003268753A2530326875002530326875275B
:100D60002530326875002568756420253032687535
:100D70003A25303268750043616D610052656369E0
:100D80006E746F00450020002500202020202020C8
:100D9000200020202020006572720033021B0263B5
:100DA000024B023FFFF038007030FC3020FC102076
:100DB00078102030102C00D02E31D02F7BD02F7BFC
:100DC000D02E31D02C00D020301020781020FC10F4
:100DD00030FC303800703FFFF03FFFF038007031DA
:100DE00086302387102787902F87D02F03D020307D
:100DF000102078102078102030102F03D02F87D0AB
:100E00002787902387103186303800703FFFF01F0E
:100E1000FFF81FFFF8041040020820020820041009
:100E2000400820801041001041000820800410403C
:100E30000000001FFFF81FFFF8496D7072657369AD
:100E4000C3B36E2063616E63656C616461004D3293
:100E5000350050617573696E672E2E2E004D323449
:100E6000003F0049676E6F7265005265696E696385
:100E700069617200496E696369616C697A617220A7
:100E8000454550524F4D004469C3A16D6574726F62
:100E90002046696C2E202A004469C3A16D657472D6
:100EA0006F2046696C2E004520656E206D6DC2B3C3
:100EB00000200820466163746F72002008204D6195
:100EC00078002008204D696E0041706700456E6310
:100ED0000054656D702E204175746F6D2E0056653F
:100EE0006C2E207669616A65206D696E00566D69A9
:100EF0006E004D6178204020537065656400416349
:100F0000656C2E206D617845004163656C2E206D07
:100F1000617840004163656C2E205669616A650006
:100F20004163656C2E207265747261632E004163AB
:100F3000656C6572616369C3B36E004D6178204072
:100F4000204A65726B0040207061736F732F6D6D66
:100F500000416A7573746573206176616E7A6164AD
:100F60006F73003F0043616E63656C617200496E90
:100F70006963696172004D34323800496E69636992
:100F8000616C697A617220454550524F4D00466947
:100F90006C616D656E746F0054656D70657261741F
:100FA000757261005061736F732F6D6D004A6572C9
:100FB0006B00416363656C6572616369C3B36E0006
:100FC0004D61782056656C6F636964616400416AA5
:100FD0007573746172206465736661736573004331
:100FE0006F6E6669677572616369C3B36E00417540
:100FF0006D656E746172205A0032C2AA2046757304
:101000006F722040004475706C696361746520588C
:101010002D47617000436F6E74726F6C20546F7453
:10102000616C004D36303553300A47323858004332
:101030006F706961205265666C656A616461004D1C
:1010400036303553310A54300A4D36303553320A72
:1010500047323820580A473158300A4D3630355318
:1010600033004D36303553310A54300A4732380A8E
:101070004D36303553320A473238580A47315830E6
:101080000A4D3630355333004475706C69636172B4
:10109000004D36303553310A54300A4D3630355311
:1010A000320A473238580A47315830004D36303509
:1010B00053310A54300A4732380A4D3630355332EC
:1010C0000A473238580A47315830004175746F2D3D
:1010D000417061726361646F004D36303553310A7F
:1010E000473238580A473158300043616D61004239
:1010F0006F7175696C6C610056656E74696C6164C2
:101100006F7200436F6E6669677572616369C3B31E
:101110006E00526573742E2066C3A16272696361AA
:101120000043617267617220454550524F4D004740
:1011300075617264617220454550524F4D00507286
:101140006563616C2E202420416A757374650043C9
:10115000616D626961722048657272616D69656E68
:101160007461004D6F646F204944455800446573B5
:10117000666173652048657272616D69656E746140
:1011800000416A7573746573206176616E7A61647B
:101190006F73004D656EC3BA207072696E636970BB
:1011A000616C003E2000256C642E25696D00546F33
:1011B00074616C20457874727569646F003E20001C
:1011C000496D7072657369C3B36E206DC3A17320DE
:1011D0006C61726761003E20005469656D706F201C
:1011E000746F74616C20646520696D702E00436FAC
:1011F0006D706C657461646173003A2000436F6EBA
:10120000742E20646520696D7072657369C3B36E56
:10121000003A20003132300035004245443A204542
:1012200050434F53203130304B00323530003500C1
:1012300045323A204154432031303447542D320056
:101240005669672E20467567612054C3A9726D2EBA
:101250003A204F4E0054656D702E204DC3A1786921
:101260006D61003235300054656D702E204DC3AD78
:101270006E696D6100350045313A2041544320319B
:10128000303447542D320000091200FC0A01E803F3
:10129000D720FFFD0EFD0BFD00000009000E010B25
:1012A0000B090400808080808080800000808004A2
:1012B000040409030790909090080A0A090000248A
:1012C0002424FF2424FF242424070B0B0901FF10EE
:1012D0007C929050381412927C10070A0A0901007F
:1012E00042A4A4481010244A4A84070A0A090100AB
:1012F00060909090606294889462010404090407ED
:1013000080808080030C0C0903FF20404080808097
:10131000808080404020030C0C0903FF8040402067
:101320002020202020404080070707090103109259
:101330005438549210070707090101101010FE10CD
:1013400010100204040904FEC0C040800701010916
:101350000104FE020202090400C0C0070A0A0901D2
:101360000002040408101020404080070A0A090106
:101370000038448282828282824438070A0A090144
:1013800000103050901010101010FE070A0A0901CA
:1013900000384482020408102040FE070A0A0901AE
:1013A00000FE020408180402028478070A0A0901F0
:1013B00000040C14244484FE040404070A0A0901EE
:1013C00000FE808080F80402028478070A0A09017E
:1013D000003C408080B8C482824438070A0A090170
:1013E00000FE020404080810101010070A0A090180
:1013F0000038448244384482824438070A0A09018A
:101400000038448282463A0202047802070709043F
:1014100000C0C0000000C0C00209090904FEC0C02D
:10142000000000C0C0408005090909020008102022
:10143000408040201008070404090102FE0000FE5D
:10144000050909090200804020100810204080078B
:101450000A0A09010038448202040810100010072B
:101460000A0A09010038449AAAAAAAAA9C403C0781
:101470000A0A09010010282828447C448282820735
:101480000A0A090100F8848284F884828284F807B9
:101490000A0A0901003C42808080808080423C072B
:1014A0000A0A090100F88482828282828284F80713
:1014B0000A0A090100FE808080F880808080FE0793
:1014C0000A0A090100FE808080F880808080800701
:1014D0000A0A09010038448280808E8282443807DB
:1014E0000A0A09010082828282FE82828282820549
:1014F0000A0A090200F82020202020202020F807D6
:101500000A0A0901003E08080808080888887007C8
:101510000A0A09010082848890A0D0888482820708
:101520000A0A090100808080808080808080FE0718
:101530000A0A0901008282C6AA92828282828207F6
:101540000A0A0901008282C2A2928A8682828207E6
:101550000A0A0901007C82828282828282827C075E
:101560000A0A090100F884828284F8808080800859
:101570000B0B0901FF384482828282828A443A013D
:10158000070A0A090100F884828284F8908884821C
:10159000070A0A0901007C8280807C020202827CA8
:1015A000070A0A090100FE10101010101010101088
:1015B000070A0A090100828282828282828244387A
:1015C000070A0A090100828282444444282828101C
:1015D000070A0A0901008282828292929292AA44A8
:1015E000070A0A09010082824428101028448282D6
:1015F000070A0A09010082824428101010101010F6
:10160000070A0A090100FE0204081020408080FE3B
:10161000040C0C0903FFF080808080808080808033
:1016200080F0070A0A0901008040402010100804D9
:101630000402040C0C0902FFF0101010101010101E
:10164000101010F007040409010610284482080154
:10165000010900FFFF03030309030A804020070775
:10166000070901007C02027E82867A070A0A0901C4
:1016700000808080BCC2828282C2BC070707090149
:10168000007C82808080827C070A0A0901000202B5
:10169000027A86828282867A0707070901007C82A5
:1016A00082FE80827C070A0A0901001C2222202077
:1016B000F820202020070A0A0901FD7A8484847812
:1016C000807C82827C070A0A090100808080BCC27B
:1016D0008282828282050A0A090200600000E020FC
:1016E00020202020F8050D0D0902FD180000380803
:1016F0000808080808888870070A0A09010080801D
:1017000080848890B0C88482050A0A090200E0201B
:1017100020202020202020F8070707090100EC9254
:101720009292929282070707090100BCC2828282CC
:1017300082820707070901007C82828282827C07FD
:101740000A0A0901FDB8C4828282C4B88080800779
:101750000A0A0901FD3A46828282463A02020207DB
:1017600007070901009C6242404040400707070903
:1017700001007C82807C02827C070909090100202B
:1017800020FC20202020221C07070709010082825C
:10179000828282867A0707070901008282444428F0
:1017A00028100707070901008282929292AA440733
:1017B000070709010082442810284482070A0A0901
:1017C00001FD4242242424181810906007070709DD
:1017D0000100FE0408102040FE060B0B0902001C4D
:1017E00020202020C0202020201C010C0C0904FFF8
:1017F000808080808080808080808080060B0B09C4
:101800000100E0101010100C10101010E00703037E
:1018100009010762928CFFFFFFFFFFFFFFFFFFFF41
:10182000FFFFFFFFFFFFFFFFFFFFFFFFFFFFFFFFC8
:10183000FFFFFFFFFFFFFF00000009000E010B0B81
:1018400009040080800000808080808080800608FD
:101850000809010008789490A0A47840070A0A09B2
:1018600001001C222020F8202060A25C0706060947
:101870000103827C44447C82070A0A0901008282B7
:1018800044287C107C101010010B0B0904FF808091
:10189000808080008080808080040B0B0902FF60C4
:1018A0009080609090906010906003020209030B9A
:1018B000A0A00809090900013C4299A5A1A59942E7
:1018C0003C050707090103609070907800F807084D
:1018D00008090101122448909048241206040409C2
:1018E0000102FC040404050101090204F8080909C5
:1018F0000900013C42B9A5BDA9A5423C0601010968
:101900000109FC04040409030660909060070909BA
:10191000090101101010FE10101000FE0406060947
:1019200001046090106080F00406060901046090D4
:101930002010906003030309030A2040800709096F
:101940000901FE8282828282C6BA8080070A0A0961
:1019500001007E8A8A8A7A0A0A0A0A0A02020209AF
:101960000404C0C00403030902FD209060030606BE
:1019700009010440C0404040E0050606090104702A
:1019800088887000F807080809010190482412129D
:10199000244890070A0A09010040C0404042E60A74
:1019A000121A06070A0A09010040C040404CF20220
:1019B0000C101E070A0A0901006090201092660AA6
:1019C000121A06070A0A09010010001010204080B0
:1019D00082827C070E0E09010020100800102828C2
:1019E00028447C44828282070E0E090100081020E0
:1019F0000010282828447C44828282070E0E0901A8
:101A0000001028440010282828447C448282820741
:101A10000D0D09010034580010282828447C448208
:101A20008282070D0D09010028280010282828446B
:101A30007C44828282070E0E0901001028281010B3
:101A4000282828447C44828282070A0A0901001E51
:101A50002828284E784888888E070D0D0901FD3CFE
:101A600042808080808080423C082418070E0E0946
:101A7000010020100800FE808080F880808080FEB9
:101A8000070E0E09010008102000FE808080F880FB
:101A9000808080FE070E0E09010010284400FE80A1
:101AA0008080F880808080FE070D0D0901002828C5
:101AB00000FE808080F880808080FE050E0E090286
:101AC0000040201000F82020202020202020F805B1
:101AD0000E0E09020010204000F8202020202020B7
:101AE0002020F8050E0E09020020508800F8202062
:101AF000202020202020F8050D0D09020050500064
:101B0000F82020202020202020F8070A0A090100C0
:101B100078444242F24242424478070D0D090100E6
:101B20003458008282C2A2928A86828282070E0E76
:101B3000090100201008007C8282828282828282D7
:101B40007C070E0E090100081020007C8282828230
:101B5000828282827C070E0E090100102844007CDC
:101B600082828282828282827C070D0D090100348A
:101B700058007C82828282828282827C070D0D09DB
:101B800001002828007C82828282828282827C07F5
:101B9000070709010182442810284482070C0C0918
:101BA00001FF027C868A8A9292A2A2C27C80070EE2
:101BB0000E090100201008008282828282828282C5
:101BC0004438070E0E09010008102000828282822C
:101BD000828282824438070E0E09010010284400D8
:101BE00082828282828282824438070D0D0901003E
:101BF00028280082828282828282824438070E0EE6
:101C000009010008102000828244281010101010D2
:101C100010070A0A0901008080FC828282FC808011
:101C200080060A0A09010038444448D04844444424
:101C300058070B0B090100201008007C02027E826D
:101C4000867A070B0B090100081020007C02027E37
:101C500082867A070B0B090100102844007C0202DF
:101C60007E82867A070A0A0901003458007C020243
:101C70007E82867A070A0A0901002828007C02026F
:101C80007E82867A070C0C09010010282810007C3F
:101C900002027E82867A0707070901006C12127E13
:101CA00090926C070A0A0901FD7C82808080827C08
:101CB000104830070B0B090100201008007C8282BD
:101CC000FE80827C070B0B090100081020007C823B
:101CD00082FE80827C070B0B090100102844007CE7
:101CE0008282FE80827C070A0A0901002828007C83
:101CF0008282FE80827C050C0C090200804020005C
:101D000000E02020202020F8050C0C090200102003
:101D1000400000E02020202020F8050C0C090200E3
:101D20002050880000E02020202020F8050B0B091F
:101D3000020050500000E02020202020F8070B0B6C
:101D4000090100483050083C448282824438070A26
:101D50000A090100345800BCC28282828282070BC9
:101D60000B090100201008007C82828282827C079D
:101D70000B0B090100081020007C82828282827C89
:101D8000070B0B090100102844007C8282828282AA
:101D90007C070A0A0901003458007C828282828210
:101DA0007C070A0A0901002828007C82828282823C
:101DB0007C07090909010010381000FE00103810D6
:101DC0000709090901FF027C8A8A92A2A27C800786
:101DD0000B0B090100402010008282828282867AE9
:101DE000070B0B0901000810200082828282828684
:101DF0007A070B0B0901001028440082828282823C
:101E0000867A070A0A0901002828008282828282D3
:101E1000867A070E0E0901FD0408100042422424B0
:101E2000241818109060070B0B0901FE8080B8C4BD
:101E3000828282C4B88080070D0D0901FD24240030
:101E400042422424241818109060000C0F00FE0752
:101E5000022503BB01FFFE0AFE08FE050808060076
:101E60000040F0C88888987810050808060000C06F
:101E7000F88888888888F80505050600012030F86C
:101E800030200508080600002070F820202020E0FF
:101E90000509090600FF2070A8A8B88888702007E7
:101EA0000505070001D86C366CD80509090600FF46
:101EB000F8A88888888888A8F8050A0A0600FE20FD
:101EC0005050505088A8A8887003030306000340B0
:101ED000A040FFFFFFFFFFFFFFFFFFFFFFFFFFFF30
:101EE000FFFFFFFFFFFFFFFF0000000605FF0107E8
:101EF00007060200808080808000800303030601C3
:101F000005A0A0A005060606000050F85050F850A5
:101F10000509090600FF2070A8A07028A8702005F8
:101F20000707060000C8C810204098980507070654
:101F3000000040A0A040A8906801030306020580AD
:101F400080800309090601FF2040408080804040D6
:101F5000200309090601FF804040202020404080E6
:101F600005070706000020A8702070A820050505B9
:101F70000600012020F820200203030601FFC040D4
:101F800080050101060003F8020202060100C0C03C
:101F900005070706000008101020404080050707CD
:101FA000060000708898A8C888700307070601001B
:101FB00040C040404040E005070706000070880828
:101FC000102040F8050707060000F80810300888C0
:101FD0007005070706000010305090F81010050734
:101FE00007060000F880F00808887005070706005B
:101FF00000304080F0888870050707060000F80868
:1020000010102020200507070600007088887088BF
:10201000887005070706000070888878081060023D
:102020000505060100C0C000C0C00206060601FF8B
:10203000C0C000C04080030505060101204080406B
:1020400020050303060002F800F803050506010158
:10205000804020408005070706000070881020207F
:1020600000200507070600007088B8A8B880700532
:102070000707060000708888F88888880507070623
:102080000000F04848704848F00507070600007057
:10209000888080808870050707060000F04848485F
:1020A0004848F0050707060000F88080F08080F8B7
:1020B000050707060000F88080F08080800507078C
:1020C0000600007088808098887005070706000069
:1020D000888888F8888888030707060100E0404060
:1020E000404040E00507070600003810101010902F
:1020F000600507070600008890A0C0A0908805072B
:1021000007060000808080808080F80507070600B1
:102110000088D8A88888888805070706000088886E
:10212000C8A89888880507070600007088888888EE
:102130008870050707060000F08888F08080800519
:10214000070706000070888888A8906805070706BA
:102150000000F08888F0A09088050707060000704E
:10216000888070088870050707060000F820202086
:102170002020200507070600008888888888887046
:102180000507070600008888888850502005070743
:1021900006000088888888A8A85005070706000060
:1021A00088885020508888050707060000888850D6
:1021B00020202020050707060000F8081020408096
:1021C000F80309090601FFE080808080808080E0BC
:1021D0000507070600008040402010100803090989
:1021E0000601FFE020202020202020E00503030638
:1021F00000052050880501010600FEF803030306D0
:1022000001058040200505050600007008788878E3
:102210000507070600008080F0888888F00505051E
:102220000600007080808870050707060000080817
:1022300078888888780505050600007088F0807029
:10224000050707060000304840E04040400507070A
:102250000600FE7088888878087005070706000069
:102260008080F0888888880307070601004000C046
:10227000404040E00409090601FE10003010101033
:1022800010906005070706000080808890E0908825
:10229000030707060100C04040404040E005050537
:1022A000060000D0A8A8A8A8050505060000B0C82B
:1022B00088888805050506000070888888700507ED
:1022C000070600FEF0888888F08080050707060072
:1022D000FE78888888780808050505060000B0C8DB
:1022E00080808005050506000078807008F00507ED
:1022F000070600002020F82020201805050506000C
:102300000088888898680505050600008888885038
:10231000200505050600008888A8A85005050506C3
:10232000000088502050880507070600FE8888882E
:1023300050204080050505060000F8102040F803F5
:1023400009090601FF20404040804040402001092B
:10235000090602FF808080808080808080030909D8
:102360000601FF80404040204040408005030306B6
:10237000000248A890FFFFFFFFFFFFFFFFFFFFFFE6
:10238000FFFFFFFFFFFFFFFFFFFFFFFFFFFFFFFF5D
:10239000FFFFFFFFFFFF0000000605FF0107070624
:1023A0000200800080808080800507070600FF20F3
:1023B00070A8A0A87020050707060000304840E07C
:1023C0004048B0050505060000A8508850A805073C
:1023D000070600008850F820F820200107070602B1
:1023E00000808080008080800408080601007080E2
:1023F0006090906010E0030101060107A006070746
:102400000600007884B4A4B48478030505060104AA
:1024100060A06000E00505050600002850A05028D7
:10242000050303060001F80808030101060103E0A3
:102430000607070600007884B4A4A4847805010187
:10244000060007F804040406010560909060050783
:10245000070600002020F8202000F80305050601EB
:102460000440A02040E0030505060104C0204020F0
:10247000C00303030601052040800507070600FE90
:1024800088888898E8808005080806000078E8E8D1
:10249000E868282828020202060203C0C0030202DC
:1024A0000601FE20C003050506010440C04040E0CF
:1024B00003050506010540A04000E00505050600EE
:1024C00000A0502850A0050A0A06000040C048504D
:1024D0006050B0507810050A0A06000040C048500D
:1024E0006050A8081038050A0A060000C0204830CD
:1024F000E050B050781005070706000020002020AB
:10250000408870050A0A060000402000708888F89C
:10251000888888050A0A060000102000708888F85C
:10252000888888050A0A060000205000708888F80C
:10253000888888050A0A06000068B000708888F854
:102540008888880509090600005000708888F88886
:102550008888050A0A060000205020708888F888BC
:10256000888805070706000078A0A0F0A0A0B8059D
:1025700009090600FE708880808088701060050A56
:102580000A060000402000F88080F08080F8050AEC
:102590000A060000102000F88080F08080F8050A0C
:1025A0000A060000205000F88080F08080F80509BD
:1025B000090600005000F88080F08080F8030A0AC5
:1025C000060100804000E04040404040E0030A0A2D
:1025D000060100204000E04040404040E0030A0A7D
:1025E00006010040A000E04040404040E0030909EF
:1025F000060100A000E04040404040E0050707061B
:102600000000704848E8484870050A0A060000685B
:10261000B0008888C8A8988888050A0A0600004083
:10262000200070888888888870050A0A06000010D3
:10263000200070888888888870050A0A06000020B3
:10264000500070888888888870050A0A060000682B
:10265000B0007088888888887005090906000050D5
:1026600000708888888888700505050600018850F4
:102670002050880509090600FF087098A8A8A8C876
:102680007080050A0A060000402000888888888833
:102690008870050A0A06000010200088888888884B
:1026A0008870050A0A0600002050008888888888FB
:1026B0008870050909060000500088888888888885
:1026C00070050A0A0600001020008888502020208B
:1026D0002004070706010080E0909090E080050745
:1026E00007060000708890A09088B00508080600D2
:1026F000004020007008788878050808060000105F
:10270000200070087888780508080600002050002E
:10271000700878887805080806000068B00070081E
:1027200078887805070706000050007008788878D8
:1027300005080806000020502070087888780505F4
:1027400005060000702870A0780507070600FE70D7
:10275000888088701060050808060000402000701E
:1027600088F080700508080600001020007088F0CE
:1027700080700508080600002050007088F0807006
:1027800005070706000050007088F08070030808F5
:10279000060100804000C0404040E00308080601F8
:1027A00000204000C0404040E0030808060100400F
:1027B000A000C0404040E0030707060100A000C0A1
:1027C000404040E005090906000050205008788884
:1027D00088887005080806000068B000B0C88888BE
:1027E0008805080806000040200070888888700569
:1027F0000808060000102000708888887005080806
:1028000006000020500070888888700508080600BF
:102810000068B000708888887005070706000050BF
:102820000070888888700505050600012000F80002
:10283000200505050600007898A8C8F005080806D8
:10284000000040200088888888700508080600007D
:10285000102000888888887005080806000020502D
:10286000008888888870050707060000500088885F
:10287000888870050A0A0600FE10200088888850A3
:102880002040800509090600FE8080F0888888F0D5
:1028900080800509090600FE500088888850204085
:1028A0008041425300504C41004572723A204545E8
:1028B00050524F4D20436F727275707400457272A2
:1028C0003A20454550524F4D2043524300457272C5
:1028D0003A20454550524F4D2054616D61C3B16F50
:1028E000004572723A205665727369C3B36E204513
:1028F0004550524F4D00462E20416C696D656E74F7
:102900002E0047656E657269630050726F746F6365
:102910006F6C6F00312E300042617564696F730017
:102920003131353230300052756D62610045787456
:102930007275736F7265730032006D61726C696ECF
:1029400066772E6F726700534952495553203330D2
:1029500030204944455800323032362D30362D3241
:102960003400322E312E322E38004D61726C696E79
:10297000004573746164C3AD737469636173204906
:102980006D702E005465726D6973746F726573009B
:10299000496E666F2E20436F6E74726F6C61646F48
:1029A0007200496E666F2E20496D707265736F728A
:1029B00061004D656EC3BA207072696E63697061A3
:1029C0006C003F00417472C3A17300506172617268
:1029D0000053442F4644206E6F2070726573656EFD
:1029E000746500496D7072696D2E2064657364654D
:1029F0002053442F46440043616D62696172205345
:102A0000442F4644004D323100496E666F2E2049F6
:102A10006D707265736F726100436F6E6669677582
:102A200072616369C3B36E0054656D7065726174E1
:102A3000757261004D6F76696D69656E746F0052D5
:102A400065616E7564617220696D7072657369C3CA
:102A5000B36E00416A757374617200446574656E8B
:102A6000657220696D7072657369C3B36E005061E1
:102A70007573617220696D7072657369C3B36E009E
:102A800050616E74616C6C6120646520496E662EC5
:102A9000003F00496E696369617220696D707265FB
:102AA0007369C3B36E0043616E63656C6172004904
:102AB0006D7072696D69720043616E6E6F7420652E
:102AC0006E746572207375626469723A2000022028
:102AD0002E2E004D656EC3BA207072696E636970E8
:102AE000616C004D6F76657220246D6D00302E3064
:102AF0003235004D6F76657220302E316D6D004D90
:102B00006F76657220316D6D004D6F766572203184
:102B1000306D6D002100486F74656E64206D7579AD
:102B2000206672696F00417472C3A1730050726FA6
:102B30006365646572004578747275736F72202ADC
:102B4000004578747275736F720053656C656363CA
:102B5000696F6E6172202A005431005430004D6F4D
:102B60007665722040004D6F76696D69656E746F91
:102B700000417061676172206D6F746F72657300E0
:102B80004D3834004732385A004732385900486FC0
:102B90006D6520400047323858004C6C6576617294
:102BA00020616C206F726967656E00473238004D96
:102BB0006F76657220656A6573004D656EC3BA20D5
:102BC0007072696E636970616C0050726563616CEC
:102BD0002E20242043616D610050726563616C2E6C
:102BE000202420546F646F0050726563616C2E2046
:102BF00024204675736F72207E0050726563616C8D
:102C00002E2024207E0054656D706572617475728B
:102C10006100A528A128456E667269617200507234
:102C20006563616C2E20240056656E74696C616466
:102C30006F720043616D6100426F7175696C6C6108
:102C4000207E004D656EC3BA207072696E63697034
:102C5000616C004D6963726F7061736F2058004D35
:102C60006963726F7061736F2059004D6963726F91
:102C70007061736F205A004D6963726F7061736F7A
:102C8000204000466C756A6F207E00466C756A6F46
:102C90000056656E74696C61646F720043616D61AA
:102CA00000426F7175696C6C61207E0056656C6FB7
:102CB0006369646164004D656EC3BA207072696EA9
:102CC000636970616C0049722061206F7269676589
:102CD0006E2046616C6C61646F006F70656E0054AD
:102CE0005249474745524544003A20007A5F6D6992
:102CF0006E00795F6D696E00785F6D617800785F56
:102D00006D696E005265706F7274696E6720656ED2
:102D10006473746F70207374617475730A00207427
:102D20006F6F206C6F6E6720657874727573696F52
:102D30006E2070726576656E7465640A0020636F3C
:102D40006C6420657874727573696F6E207072653B
:102D500076656E7465640A00000040C2000040C1E0
:102D6000000000005761726E696E673A20486F6D0F
:102D7000696E672042756D702044697669736F7261
:102D8000203C20310A000404020080AB43008099FB
:102D900043008089430000404000004040000000A4
:102DA0004020746F6F206C6F6E6720657874727549
:102DB00073696F6E2070726576656E7465640A0063
:102DC00020636F6C6420657874727573696F6E2010
:102DD00070726576656E7465640A00536574746913
:102DE0006E67732053746F72656400290A00206255
:102DF000797465733B206372632000536574746952
:102E00006E67732053746F72656420280048617286
:102E100064636F6465642044656661756C742053F7
:102E2000657474696E6773204C6F6164656400201B
:102E3000286D6D29002046002042002048002020F7
:102E40004D3134352053004D6174657269616C20D9
:102E500068656174757020706172616D657465720A
:102E6000730020204D3134392043203B20556E69BA
:102E7000747320696E2043656C736975730A00541E
:102E8000656D706572617475726520556E697473D5
:102E9000002020473231203B004C696E6561722072
:102EA000556E69747300454550524F4D20646174EE
:102EB0006173697A65206572726F722E0A0020282C
:102EC00063616C63756C6174656429210A0020215B
:102ED0003D2000454550524F4D20435243206D69DF
:102EE000736D61746368202D202873746F7265643C
:102EF000292000454550524F4D20436F7272757026
:102F0000740A002053697A653A2000496E64657836
:102F10003A2000290A002062797465733B206372AD
:102F20006320002073746F72656420736574746924
:102F30006E67732072657472696576656420280017
:102F400000007A4300001643000070410000A042D8
:102F50004861A0424861A0420000C8430000C0424E
:102F6000D007000084030000640000001027000068
:102F7000204D61726C696E3D563838290A0045450E
:102F800050524F4D2076657273696F6E206D697374
:102F90006D617463682028454550524F4D3D0020B7
:102FA000436F756E7420583A00000145320043614A
:102FB0006D61004531004500626564002C20737925
:102FC0007374656D2073746F70706564212048653B
:102FD000617465725F49443A20004572723A544503
:102FE0004D502E204DC38158004D415854454D50F1
:102FF000207472696767657265640043616C656E11
:10300000742E2066616C6C69646F00486561746938
:103010006E67206661696C656400200140013001C3
:103020003B01400136016001310170012C0190012A
:103030002701B0012201C0011D01F0011801100299
:10304000130130020E016002090190020401C00266
:10305000FF000003FA004003F5008003F000D003F6
:10306000EB002004E6007004E100E004DC00400511
:10307000D700C005D2004006CD00D006C8008007AA
:10308000C3003008BE00F008B900C009B400B00A9F
:10309000AF00B00BAA00D00CA500000EA000500F8E
:1030A0009B00C01096005012910000148C00C015B7
:1030B0008700B0178200B0197D00D01B7800001E79
:1030C000730040206E0090226900F02464004027C5
:1030D0005F0090295A00E02B5500102E5000203040
:1030E0004B0010324600E033410090353C00103771
:1030F000370070383200A0392D00B03A2800A03BCC
:103100002300603C1E00103D1900903D1400103E4D
:103110000F00703E0A00C03E0500003F0000403F27
:10312000FBFF803FF6FFC03FF1FF4572723A544506
:103130004D502E204D494E004D494E54454D502086
:10314000747269676765726564004655474120542B
:10315000C389524D49434100546865726D616C20CA
:1031600052756E6177617900202F00204000204267
:10317000403A0020403A00496E76616C69642065EF
:10318000787472756465720A0041637469766520AB
:1031900045787472756465723A20000009121B2428
:1031A0002D363F48415A536C657E7719100B023D0E
:1031B000342F265158434A757C676E323B202916BE
:1031C0001F040D7A7368615E574C452B2239300F0E
:1031D000061D14636A7178474E555C646D767F40B6
:1031E00049525B2C253E3708011A137D746F6659CE
:1031F000504B42353C272E1118030A565F444D723E
:103200007B60691E170C053A3328214F465D546BCD
:10321000627970070E151C232A31384148535A65CC
:103220006C777E09001B122D243F3658514A437C8F
:10323000756E671019020B343D262F737A6168573B
:103240005E454C3B3229201F160D046A6378714E8F
:10325000475C55222B3039060F141D252C373E01B3
:1032600008131A6D647F7649405B523C352E27184F
:10327000110A03747D666F5059424B171E050C33BB
:103280003A21285F564D447B7269600E071C152A4F
:10329000233831464F545D626B7079000021104233
:1032A0002063308440A550C660E770088129914AA8
:1032B000A16BB18CC1ADD1CEE1EFF131121002732F
:1032C000325222B5529442F772D662399318837BF8
:1032D000B35AA3BDD39CC3FFF3DEE362244334207F
:1032E000040114E664C774A44485546AA54BB52848
:1032F000850995EEE5CFF5ACC58DD553367226110F
:10330000163006D776F6669556B4465BB77AA71997
:10331000973887DFF7FEE79DD7BCC7C448E55886D6
:1033200068A7784008611802282338CCC9EDD98EE7
:10333000E9AFF9488969990AA92BB9F55AD44AB76E
:103340007A966A711A500A333A122AFDDBDCCBBF37
:10335000FB9EEB799B588B3BBB1AABA66C877CE43E
:103360004CC55C222C033C600C411CAEED8FFDEC87
:10337000CDCDDD2AAD0BBD688D499D977EB66ED54E
:103380005EF44E133E322E511E700E9FFFBEEFDDD7
:10339000DFFCCF1BBF3AAF599F788F8891A981CAB4
:1033A000B1EBA10CD12DC14EF16FE18010A100C293
:1033B00030E3200450254046706760B9839893FB42
:1033C000A3DAB33DC31CD37FE35EF3B1029012F3E3
:1033D00022D2323542145277625672EAB5CBA5A892
:1033E0009589856EF54FE52CD50DC5E234C324A033
:1033F0001481046674476424540544DBA7FAB79922
:1034000087B8975FE77EF71DC73CD7D326F2369182
:1034100006B01657667676154634564CD96DC90EE9
:10342000F92FE9C899E9898AB9ABA94458654806D2
:10343000782768C018E1088238A3287DCB5CDB3F81
:10344000EB1EFBF98BD89BBBAB9ABB754A545A3722
:103450006A167AF10AD01AB32A923A2EFD0FED6C51
:10346000DD4DCDAABD8BADE89DC98D267C076C6472
:103470005C454CA23C832CE01CC10C1FEF3EFF5D61
:10348000CF7CDF9BAFBABFD98FF89F176E367E55C2
:103490004E745E932EB23ED10EF01E7C3C3E5E2BEF
:1034A0003D3F2F5B5D3B2C2A225C0046616C6C6FBC
:1034B00020616C20696E69636961722053442F46F4
:1034C000440053442063617264206F6B0A006F7084
:1034D000656E526F6F74206661696C65640A007670
:1034E0006F6C756D652E696E6974206661696C65B7
:1034F000640A004E6F20534420636172640A0053D3
:103500004420636172642072656C65617365640A4E
:10351000000A4D3234004D3233202573002E0A004C
:103520006F70656E206661696C65642C2046696CFD
:10353000653A200046696C652073656C6563746547
:10354000640A002053697A653A200046696C652058
:103550006F70656E65643A2000454E4420535542B5
:10356000524F5554494E450A002220706F73002275
:1035700020706172656E743A2200535542524F5565
:1035800054494E452043414C4C2074617267657428
:103590003A2200446573626F7264616D69656E748E
:1035A0006F206465207375626C6C616D616461008D
:1035B0004578636565646564206D61782053554284
:1035C000524F5554494E452064657074683A00570F
:1035D000726974696E6720746F2066696C653A2041
:1035E00000667265736800646F696E6700206669C3
:1035F0006C653A20004E6F7720002F6175746F253F
:10360000632E6700026D61726C696E66772E6F7251
:103610006700322E312E322E38001FFFFFFFFFFFD2
:10362000FF600000000001FF400000000000FF807C
:1036300000000000007F83CF00000C303F87FF8038
:10364000000C301F867980000C000F8C30C7838CF3
:1036500030E78C30CFC7CC31F38C30DCECEC33B9B5
:103660008C30D86C6C33198C30D06C0C33198C3096
:10367000D86C0C33198C30DC6C0E3B198C30CF7C41
:10368000079F198C30C77C038F1940000000000091
:1036900002600000000000061FFFFFFFFFFFF810A0
:1036A00000C90210012C014001220170011801B073
:1036B000010E01F00104015002FA00B002F00030E6
:1036C00003E600D003DC009004D2007005C800A01F
:1036D00006BE000008B400B009AA00D00BA000602C
:1036E0000E960060118C000015820020197800C031
:1036F0001D6E00A0226400B0275A00902C500000DC
:10370000314600E0343C0010383200903A28006026
:103710003C1E00A03D1400803E0A00203F00002017
:1037200020506C616E6E6572427566666572427994
:103730007465733A20002046726565204D656D6F93
:1037400072793A200020436F6D70696C65643A208D
:1037500053657020203320323032360A00204C610D
:10376000737420557064617465643A203230323667
:103770002D30362D3234207C20417574686F723ABA
:10378000205349524955532033303078333030205C
:1037900049444558202D206F646F736C66202D209E
:1037A0004D61726C696E20322E312E322E380A0035
:1037B0004D61726C696E20322E312E322E380A0025
:1037C00020536F6674776172652052657365740A61
:1037D00000205761746368646F6720526573657475
:1037E0000A002042726F776E206F757420526573E5
:1037F00065740A002045787465726E616C205265AC
:103800007365740A00506F77657255700A0073749F
:103810006172740A004D31303031006572726F721E
:103820002077726974696E6720746F2066696C65B1
:103830000A00446F6E6520736176696E6720666961
:103840006C652E0A00456E6473746F7073002553A7
:1038500020256320256320256320256300656E6491
:1038600073746F7073206869743A200000000A0B4B
:1038700002090C0D0E0807030401000000000000FF
:103880000000000000000000000000000000000038
:1038900000000000000000001211100000000000F5
:1038A0000000000000000000000000000000000018
:1038B000000024F404D9201BC40C5C0E9804C40935
:1038C0005F0265077101F405F900FB04B3004804C9
:1038D0008700C10369005803550003034500BE0279
:1038E0003A008402310053022A0029022500040212
:1038F0002000E4011C00C8011900AF011700980165
:1039000014008401130071011000610110005101C5
:103910000E0043010D0036010B002B010B002001AE
:103920000B00150109000C01090003010800FB0050
:103930000800F3000800EB000700E4000600DE00CA
:103940000600D8000600D2000600CC000500C70023
:103950000500C2000500BD000400B9000400B50068
:103960000400B1000400AD000400A9000400A5009B
:103970000300A20003009F0004009B0003009800C6
:1039800003009500020093000300900003008D00E7
:1039900002008B0003008800020086000200840001
:1039A0000300810002007F0002007D0002007B0016
:1039B0000200790002007700010076000200740026
:1039C000020072000100710002006F0002006D0031
:1039D00001006C0002006A0001006900020067003B
:1039E0000100660001006500010064000200620041
:1039F000010061000100600001005F0002005D0045
:103A000001005C0001005B0001005A000100590048
:103A10000100580001005700010056000100550048
:103A20000100540001005300000053000100520047
:103A3000010051000100500001004F0001004E0044
:103A400000004E0001004D0001004C0001004B0041
:103A500000004B0001004A0001004900010048003D
:103A60000000480001004700010046000000460039
:103A70000100450000004500010044000100430032
:103A8000000043000100420000004200010041002C
:103A9000000041000100400001003F0000003F0025
:103AA00001003E0000003E0001003D0000003D001E
:103AB00001003C0000003C0000003C0001003B0015
:103AC00000003B0001003A0000003A00010039000C
:103AD0000000390001003800000038000000380004
:103AE00001003700000037000100360000003600FA
:103AF00000003600010035000000350000003500F0
:103B000001003400000034000000340001003300E4
:103B100000003300000033000100320000003200DA
:103B200000003200010031000000310000003100CF
:103B300001003000000030000000300001002F00C4
:103B400000002F0000002F0000002F0001002E00B9
:103B500000002E0000002E0001002D0000002D00AE
:103B600000002D0000002D0001002C0000002C00A2
:103B700000002C0000002C0001002B0000002B0096
:103B800000002B0000002B0001002A0000002A008A
:103B900000002A0000002A0001002900000029007E
:103BA0000000290000002900000029000100280071
:103BB0000000280000002800000028000000280065
:103BC0000100270000002700000027000000270058
:103BD000000027000100260000002600000026004B
:103BE000000026000000260001002500000025003E
:103BF0000000250000002500000025000000250031
:103C00000100240000002400000024000000240023
:103C10000000240001002300000023000000230016
:103C20000000230000002300000023000000230008
:103C300001002200000022000000220000002200FB
:103C400000002200000022000100210000002100ED
:103C500000002100000021000000210000002100E0
:103C600000002100010020000000200000002000D2
:103C700000002000000020000000200000002000C4
:103C80000000200001001F0000001F0000001F00B6
:103C900000001F0000001F0000001F0000001F00A8
:103CA00001001E0000001E0000001E0000001E009B
:103CB000000024F4D43050C38E20C2A24017828B5F
:103CC0007011127A910D816CD90AA861E108C75868
:103CD0006607615143061E4B5D05C145A7041A41A5
:103CE0001104093D9803713931034036DB02653315
:103CF0009102D4305402802E1D02632CEE01752AED
:103D0000C501B028A001102781018F2564012B2453
:103D10004B01E0223401AC211F018D200D01801FD9
:103D2000FC00841EED00971DDF00B81CD200E61BCE
:103D3000C600201BBC00641AB200B219A8000A1900
:103D4000A0006A189900D117910040178B00B51692
:103D5000840031167E00B31579003A157300C7143C
:103D60006F0058146A00EE13660088136300251371
:103D70005E00C7125B006C12570015125400C1118F
:103D8000510070114F0021114B00D61049008D10C9
:103D900047004610440002104200C00F4000800F50
:103DA0003E00420F3C00060F3B00CB0E3800930E46
:103DB00037005C0E3500270E3400F30D3200C10DC4
:103DC0003100900D3000600D2E00320D2D00050DDC
:103DD0002C00D90C2B00AE0C2900850C29005C0CA2
:103DE0002700350C27000E0C2600E80B2400C40B1E
:103DF0002400A00B23007D0B23005A0B2100390B5C
:103E00002100180B2000F80A1F00D90A1E00BB0A67
:103E10001E009D0A1D00800A1D00630A1C00470A3F
:103E20001B002C0A1B00110A1A00F7091A00DD09F1
:103E30001900C4091900AB091900920917007B0980
:103E40001800630917004C091600360916002009EE
:103E500016000A091500F5081500E0081400CC0842
:103E60001400B8081400A4081400900813007D087A
:103E700012006B081300580812004608120034089C
:103E80001100230811001208110001081100F007A9
:103E90001000E0071000D0071000C0071000B007A6
:103EA0000F00A107100091070E0083070F00740791
:103EB0000F0065070E0057070E0049070E003B076D
:103EC0000D002E070E0020070D0013070D0006073A
:103ED0000D00F9060C00ED060D00E0060C00D406FE
:103EE0000C00C8060C00BC060C00B0060C00A406B2
:103EF0000B0099060C008D060B0082060B0077065E
:103F00000B006C060B0061060A0057060B004C06FE
:103F10000A0042060A0038060A002E060A00240695
:103F20000A001A060A001006090007060A00FD0525
:103F30000900F4050900EB050900E2050900D905AF
:103F40000900D0050900C7050900BE050900B5052F
:103F50000800AD050800A50509009C0508009405AA
:103F600008008C050800840508007C05080074051D
:103F700008006C050700650508005D05070056058B
:103F800008004E05070047050700400508003805F2
:103F90000700310507002A050700230507001C0557
:103FA0000600160507000F050700080506000205B4
:103FB0000700FB040600F5040700EE040600E80411
:103FC0000600E2040700DB040600D5040600CF0467
:103FD0000600C9040600C3040600BD040600B704B9
:103FE0000600B1040500AC040600A6040600A00407
:103FF00005009B04060095040500900406008A0451
:10400000050085040500800406007A040500750497
:104010000500700405006B040500660405006104DA
:1040200005005C04050057040500520405004D041A
:10403000050048040500430405003E0404003A045A
:10404000050035040500300404002C040500270495
:104050000400230405001E0404001A0404001604CE
:104060000500110404000D04040009040500040403
:10407000040000040400FC030400F8030400F4033B
:104080000400F0030400EC030400E8030400E4036C
:104090000400E0030400DC030400D8030400D4039C
:1040A0000400D0030400CC030400C8030300C503CC
:1040B00003005D2E00006E23000013180000AF0EF9
:1040C00000003D08000063040000450200002701D5
:1040D0000000200020002000FFFFFF43616E6E6F94
:1040E00074206F70656E207375626469722000229F
:1040F0000A00556E6B6E6F776E20636F6D6D616E2B
:10410000643A2022006F6B00204500205A0020599D
:104110000020204D39322058005374657073207090
:10412000657220756E697400627573793A207061EA
:104130007573656420666F7220696E7075740A000D
:10414000627573793A2070617573656420666F7269
:1041500020757365720A00627573793A2070726F08
:1041600063657373696E670A0053442F4644207277
:104170006574697261646F0053442F464420696E10
:104180007365727461646F004D313132205368750C
:1041900074646F776E00444554454E494441005065
:1041A00072696E7465722073746F707065642064D8
:1041B000756520746F206572726F72732E20466968
:1041C0007820746865206572726F7220616E642059
:1041D000757365204D39393920746F207265737499
:1041E0006172742E202854656D70657261747572E9
:1041F000652069732072657365742E205365742081
:10420000697420616674657220726573746172747A
:10421000696E67290A004E6F20436865636B73758A
:104220006D2077697468206C696E65206E756D62AB
:1042300065722C204C617374204C696E653A2000C5
:104240004D3239004E6F20436865636B73756D2086
:1042500077697468206C696E65206E756D62657231
:104260002C204C617374204C696E653A20006368A1
:1042700065636B73756D206D69736D617463682C14
:10428000204C617374204C696E653A20004C696E55
:1042900065204E756D626572206973206E6F7420A3
:1042A0004C617374204C696E65204E756D62657249
:1042B0002B312C204C617374204C696E653A2000C0
:1042C0004D3131300053657269616C2073746174D3
:1042D0007573206D69736D617463680A00534420BF
:1042E00072656164206572726F720A004B494C4CB2
:1042F00020627574746F6E2F70696E0A0021212020
:104300004B494C4C206361757365642062792000D1
:10431000746F6F206D75636820696E616374697670
:10432000652074696D65202D2063757272656E74E9
:1043300020636F6D6D616E643A20002121204B492E
:104340004C4C206361757365642062792000000025
:104350002200250028002B002E003100340002012D
:104360000000050108010B010000210024002700C6
:104370002A002D0030003300010100000401070174
:104380000A010505050507050808080802020202DA
:104390000A0A0808040404040101010101010101E1
:1043A0000303030303030303040707070C0C0C0CAC
:1043B0000C0C0C0C02020202060606060606060695
:1043C0000B0B0B0B0B0B0B0B010210202008081022
:1043D0002040102040800201020108040201010275
:1043E000040810204080804020100804020180044E
:1043F00002018040201008040201080402010102A9
:10440000040810204080010204081020408020454C
:104410003A00205A3A0020593A00583A005349527B
:10442000495553203330302049444558204C697356
:10443000746100496D7072696D69656E646F2E2ECE
:104440002E00496D7072657369C3B36E205061753B
:10445000736164610000D900DB0011241FBECFEF3F
:10446000D1E2DEBFCDBF00E00CBF84B78093E6157C
:1044700014BE0FB6F894A89580916000886180936F
:104480006000109260000FBE15E0A0E0B2E0EEEE1A
:10449000FCE302E00BBF02C007900D92A232B1070D
:1044A000D9F725E1A2E2B5E001C01D92A63EB20710
:1044B000E1F712E2CCE2D2E200E006C02197010966
:1044C000802FFE010F94EB19CB32D10780E0080753
:1044D000A9F70F945F080D94661E0C940000CF930B
:1044E000DF93EC01642F70E090E080E00F9486157C
:1044F00029EC38EC48EC5EE30F94DC1A20E030E065
:1045000040E05FE30F94001A0F94491B6883DF912A
:10451000CF910895E0918B0886E0E802F001112424
:10452000EC5DF84F80916D0890E095838483089549
:1045300080910D09882369F080915B08877087302E
:1045400041F48BEA9BE290936A0880936908109289
:104550000D090895CF93DF93EC01CB01BA010F94BD
:10456000861520E030E048EC52E40F94DC1A2FE688
:1045700032E143E85AE30F94001A688379838A830F
:104580009B83DF91CF910895CF93DF93EC01CB0113
:10459000BA010F94861520E030E048EC52E40F9405
:1045A000DC1A2FE632E143E85AE30F94001A6883DD
:1045B00079838A839B83DF91CF910895CF93DF9393
:1045C000EC01CB01BA010F948615688379838A8345
:1045D0009B83DF91CF910895CF93DF93EC01CB01C3
:1045E000BA010F948615688379838A839B83DF9150
:1045F000CF910895CF93DF93EC01CB01BA010F94D3
:10460000861520E030E048EC52E40F94DC1A2FE6E7
:1046100032E143E85AE30F94001A688379838A836E
:104620009B83DF91CF910895CF93DF93EC01CB0172
:10463000BA010F9484152AE037ED43E25DE30F944D
:10464000DC1A0F94491B688379838A839B83DF91EB
:10465000CF910895CF93DF93EC01CB01BA010F9472
:1046600086152AE037ED43E25DE30F94DC1A688398
:1046700079838A839B83DF91CF910895FC015183D5
:1046800040830895CF93DF93EC01CB01BA010F94DF
:10469000861520E030E04AE754E40F94DC1A27E165
:1046A00037EB41ED58E30F94001A688379838A83CE
:1046B0009B83DF91CF910895FC01A081B1811C9271
:1046C000A281B3818C918F5F8C930280F381E02D66
:1046D00090818CE0989F800D1124E2E3F1E113AE0C
:1046E00084AF08955B9800C090910B0187FD909571
:1046F0009078909309015B9A00C000C05B9800C05D
:1047000090910B0186FD90959078909309015B9AAA
:1047100000C000C05B9800C090910B0185FD909592
:104720009078909309015B9A00C000C05B9800C02C
:1047300090910B0184FD90959078909309015B9A7C
:1047400000C000C05B9800C090910B0183FD909564
:104750009078909309015B9A00C000C05B9800C0FC
:1047600090910B0182FD90959078909309015B9A4E
:1047700000C000C05B9800C090910B0181FD909536
:104780009078909309015B9A00C000C05B9800C0CC
:1047900080910B018078809309015B9A00C000C072
:1047A000089590E080E00895CF93DF93C09167076C
:1047B000D091680781E0CE31D105E4F020E030E00F
:1047C00040E05FE360916307709164078091650743
:1047D000909166070F94001A0F94441B6C1B7D0B7D
:1047E00077FF03C071956195710981E063307105B0
:1047F0000CF080E0DF91CF91089590E080E0089583
:1048000020917011833021F425FD0CC024FD0CC0D3
:1048100030E0A90102C0559547958A95E2F7CA0193
:104820008170089581E0089580E0089580914A069E
:1048300084FD0BC080914C0687FD07C090914D060A
:10484000937081E019F480E0089581E008952FEBE2
:10485000280F2A3108F047C0E22FF0E080914A0685
:1048600090914B06A0914C06B0914D0604C0B695B0
:10487000A795979587952A95D2F780FD02C08170FC
:104880000895E05DF94FE081EE2341F18091F30955
:104890009091F409E80FF92FF11D808190ED980FA8
:1048A0009A3030F08E3251F4818180538A3098F4FE
:1048B000F0932F06E0932E0681E008958D3211F0DB
:1048C0008B3249F4818190ED980F9A3088F38E32C3
:1048D00011F48281EACFF0E0E0E0EACF10922F06F7
:1048E00010922E06E9CF80E00895B1DF882341F0D1
:1048F00081E020912E0630912F06232B09F480E0D1
:1049000008952F923F924F925F926F927F928F9273
:104910009F92AF92BF92CF92DF92EF92FF920F934E
:104920001F93CF93DF93D62FC72FFC0180809180F8
:10493000A280B380C501B40120E831E541E050E038
:104940000F945A19C9016DE671E00F94C4196B01F7
:104950007C01C501B40120E13EE040E050E00F944D
:104960005A19CA01B90128E130E040E050E00F9443
:104970005A19362E272E062F172F8CE3482E512C2E
:10498000612C712CC501B401A30192010F945A1935
:10499000B62EA72ECA01B901A30192010F945A198C
:1049A000CB01C114D10479F1AF92BF927F936F9381
:1049B0002F923F92FF92EF92DF92CF928FEB9AE08D
:1049C0009F938F93CF93DF930F9419158DB79EB755
:1049D0000E960FB6F8949EBF0FBE8DBF8D2F9C2FE5
:1049E000DF91CF911F910F91FF90EF90DF90CF90CB
:1049F000BF90AF909F908F907F906F905F904F90FF
:104A00003F902F900895E114F104C9F0AF92BF9246
:104A10007F936F932F923F92FF92EF928FEA9AE0EB
:104A20009F938F93CF93DF930F941915EDB7FEB734
:104A30003C960FB6F894FEBF0FBEEDBFCFCF012B53
:104A4000B9F0AF92BF927F936F932F923F9283EA18
:104A50009AE09F938F93CF93DF930F9419158DB79F
:104A60009EB70A960FB6F8949EBF0FBE8DBFB6CF05
:104A7000892BA9F0AF92BF927F936F938BE99AE055
:104A80009F938F93CF93DF930F941915EDB7FEB7D4
:104A900038960FB6F894FEBF0FBEEDBF9FCFAF9212
:104AA000BF9287E99AE09F938F93CF93DF930F9400
:104AB00019150F900F900F900F900F900F908ECFB1
:104AC0008F929F92AF92BF92CF92DF92EF92FF921E
:104AD000CF936B017C0120E030E0A9010F94801599
:104AE00087FF8BC06DEB77E386E095EBA70196011E
:104AF0000F94001A4B015C0142E050E00E94EAC4AE
:104B00006B017C0120E030E040E251ECC501B401D2
:104B10000F948015181654F420E030E048EC52E46D
:104B2000C501B4010F94261C87FD6CC0C701B601F6
:104B300020E137E240E050E00F947C19CA01B9014E
:104B40002AE030E040E050E00F947C19605DF7FE11
:104B500009C0F094E094D094C094C11CD11CE11C15
:104B6000F11C6DE26093E706C701B60128EE33E061
:104B700040E050E00F947C199AE0892E912CA12CF2
:104B8000B12CCA01B901A50194010F947C19605D93
:104B90006093E806C701B60124E630E040E050E04B
:104BA0000F947C19CA01B901A50194010F947C19D5
:104BB000605D6093E9068EE28093EA06C701B60164
:104BC000A50194010F947C19C62FCA01B901A50152
:104BD00094010F947C19605D6093EB06C05DC093F7
:104BE000EC0687EE96E0CF91FF90EF90DF90CF90AC
:104BF000BF90AF909F908F9008956DEB77E386E024
:104C000095E374CF20E030E0A901C501B4010F9411
:104C1000261C87FD0BC020E030E040E251E4C501D6
:104C2000B4010F94801560E287FD1CC0C701B60176
:104C300028EE33E040E050E00F947C19CA01B9013E
:104C40002AE030E040E050E00F947C19605DF7FE10
:104C500009C0F094E094D094C094C11CD11CE11C14
:104C6000F11C6DE26093E806C701B60124E630E06E
:104C700040E050E00F947C198AE0882E912CA12C02
:104C8000B12CCA01B901A50194010F947C19605D92
:104C90006093E9068EE28093EA06C701B601A5019A
:104CA00094010F947C19C62FCA01B901A501940182
:104CB0000F947C19605D6093EB06C05DC093EC06B9
:104CC00088EE96E090CF0F94861520E030E048EC17
:104CD00052E40F94DC1A2FE632E143E85AE30F94D2
:104CE000001AEECE8F929F92AF92BF92CF92DF9238
:104CF000EF92FF92CF936B017C0120E030E0A9019D
:104D00000F94801587FDC3C06DEB77E386E095E3D4
:104D1000A70196010F94001A6B017C0120E030E09E
:104D2000A9010F94801587FF04C0F7FAF094F7F8F3
:104D3000F09442E050E0C701B6010E94EAC46B0162
:104D40007C0160E280E4C81682E4D8068FE0E806C1
:104D5000F1048CF0C701B60120E432E44FE050E0EA
:104D60000F947C19CA01B9012AE030E040E050E01C
:104D70000F947C19605D6093E50660E280EAC816D6
:104D800086E8D80681E0E806F1048CF0C701B60198
:104D900020EA36E841E050E00F947C19CA01B901DD
:104DA0002AE030E040E050E00F947C19605D6093B1
:104DB000E60660E280E1C81687E2D806E104F10465
:104DC0008CF0C701B60120E137E240E050E00F94DB
:104DD0007C19CA01B9012AE030E040E050E00F94AC
:104DE0007C19605D6093E70660E288EEC81683E098
:104DF000D806E104F1048CF0C701B60128EE33E0D7
:104E000040E050E00F947C19CA01B9012AE030E07B
:104E100040E050E00F947C19605D6093E806C701A4
:104E2000B60124E630E040E050E00F947C198AE0BF
:104E3000882E912CA12CB12CCA01B901A501940195
:104E40000F947C19605D6093E9068EE28093EA0618
:104E5000C701B601A50194010F947C19C62FCA01A0
:104E6000B901A50194010F947C19605D6093EB0674
:104E7000C05DC093EC0685EE96E0CF91FF90EF9079
:104E8000DF90CF90BF90AF909F908F9008956DEB83
:104E900077E386E095EB3CCF0F94861520E030E079
:104EA00048EC52E40F94DC1A2FE632E143E85AE36F
:104EB0000F94001A17CF8F929F92AF92BF92CF920A
:104EC000DF92EF92FF92CF936B017C0120E030E004
:104ED000A9010F94801587FD6AC06DEB77E386E02A
:104EE00095E3A70196010F94001A43E050E00E9459
:104EF000EAC46B017C01C114D104E104F10409F49A
:104F00005BC0F7FE59C0F094E094D094C094C11CEB
:104F1000D11CE11CF11C8DE28093E706C701B601AC
:104F200028EE33E040E050E00F947C198AE0882EB0
:104F3000912CA12CB12CCA01B901A50194010F94A7
:104F40007C19605D6093E8068EE28093E906C701F4
:104F5000B60124E630E040E050E00F947C19CA012D
:104F6000B901A50194010F947C19605D6093EA0674
:104F7000C701B601A50194010F947C19C62FCA017F
:104F8000B901A50194010F947C19605D6093EB0653
:104F9000C05DC093EC0687EE96E0CF91FF90EF9056
:104FA000DF90CF90BF90AF909F908F9008956DEB62
:104FB00077E386E095EB95CF80E2AECF0F94861530
:104FC00020E030E04AE754E40F94DC1A27E137EBA5
:104FD00041ED58E30F94001A6ECFCF92DF92EF921B
:104FE000FF926B017C0120E030E0A9010F94801555
:104FF00087FD26C06DEB77E386E095E3A701960178
:105000000F94001A6B017C0120E030E0A9010F949D
:10501000801520E030E040E05FE387FF04C020E03F
:1050200030E040E05FEBC701B6010F94001A0F9427
:10503000441BCB01FF90EF90DF90CF900C9482C483
:105040006DEB77E386E095EBD9CF0F948615C5CF4E
:10505000CB010C9482C470E090E080E00F94861540
:1050600029EC38EC48EC5EE30F94DC1A20E030E0E9
:1050700040E05FE30F94001A0F94491B862F0C94B5
:10508000B6C4CF93DF9300D01F92CDB7DEB70F9495
:10509000841569837A838B839C83CE0101960E9459
:1050A000B3C50F900F900F900F90DF91CF9108959F
:1050B0000F9484152AE037ED43E25DE30F94DC1A88
:1050C0000F94491BDECFCF92DF92EF92FF92CF93E6
:1050D000DF9300D01F92CDB7DEB76B017C0120E0DB
:1050E00030E0A9010F94801587FD1BC06DEB77E3BD
:1050F00086E095E3A70196010F94001A69837A83ED
:105100008B839C83CE0101960E94B3C50F900F90B4
:105110000F900F90DF91CF91FF90EF90DF90CF90A5
:1051200008956DEB77E386E095EBE4CF0F94861559
:105130002AE037ED43E25DE30F94DC1AC4CF0F940D
:105140008615C1CFCF92DF92EF92FF92CF93DF937C
:1051500000D01F92CDB7DEB70F94861520E030E067
:1051600048EC52E40F94DC1A2FE632E143E85AE3AC
:105170000F94001A6B017C0120E030E0A9010F942C
:1051800080152DEB37E346E055E387FF04C02DEB98
:1051900037E346E055EBC701B6010F94001A698367
:1051A0007A838B839C83CE0101960E9438C50F9031
:1051B0000F900F900F90DF91CF91FF90EF90DF90C5
:1051C000CF9008950C942CB80C942CB80C94EDA0AE
:1051D0000C94EDA00C94EDA00C94EDA0CF92DF9276
:1051E000EF92FF920F931F930E948EEB00915A064D
:1051F00010915B0620915C0630915D066B017C018D
:10520000C01AD10AE20AF30A9701860137FD11C0DC
:10521000209159062095209359066A547C4F8F4F50
:105220009F4F60935A0670935B0680935C06909341
:105230005D0681E090915906911101C080E01F91B7
:105240000F91FF90EF90DF90CF900895CF93DF9371
:10525000C0916707D0916807209729F16091630793
:105260007091640780916507909166070F94441BC5
:105270006E5F7F4F24976C177D07ACF470934207E5
:10528000609341070E948EEB605A75418F4F9F4F8C
:1052900060934307709344078093450790934607B4
:1052A000DF91CF9108951092430710924407109216
:1052B000450710924607F4CF63E972E084E690E078
:1052C0000E94F2CD70E060E08AE090E00E94F2CDB2
:1052D0006AEB72E084E690E00C94F2CD0E94C0C1CB
:1052E000EBCF8111E9CF68E270E080E991E00C94A6
:1052F000F2CD0E94729DF5CF0E949DDFF2CFBF924A
:10530000CF92DF92EF92FF920F931F93CF93DF9391
:105310006B01E9014A3009F4D6C0453109F081C07A
:10532000DB011296ED91FC911281C681D7815A9AC8
:1053300000C0000086E290E00197F0F7012F02958F
:10534000007F20E1B22EB10E88EFCCD900C0000062
:1053500086E290E00197F0F7103208F0A1C0812FAB
:1053600080778068BFD9802FBDD900C0000086E259
:1053700090E00197F0F780E8B5D980E0B3D900C09C
:10538000000086E290E00197F0F78AEFABD900C009
:10539000000086E290E00197F0F77E01B0E1EB0EAD
:1053A000F11C8881807F9ED989918295807F9AD9CE
:1053B000CE15DF05B1F700C0000086E290E001974E
:1053C000F0F71F5F005F1B11BFCF5A98D6011296EE
:1053D000ED91FC9180819281980F928321819217A7
:1053E00008F0DFC194819F5F94839381890F8217B6
:1053F00010F08FEF820F8383458150E0440F551FDB
:1054000070E060E0868197810F94121E81E0DF9149
:10541000CF911F910F91FF90EF90DF90CF90BF90B1
:105420000895FB0102811381423309F4BCC108F4E1
:10543000C4C1463409F4B1C1473409F4B9C14B338E
:1054400029F789812B81D80112966C9112971396B6
:105450004C91213009F4F6C1233009F0D7C138EF5F
:10546000380F582F91E0431708F490E041E05317AC
:1054700008F040E031E0561708F430E0592F542B83
:10548000352319F4942309F4C1CFFA8030E0F901EF
:10549000EA5AFB4FD0802E5A3B4FF901E080CFC132
:1054A00080EE810F8068807F1DD9812F8295807F5B
:1054B00019D900C0000086E290E00197F0F780E87B
:1054C00011D980E85BCF529A5A9880910A0180687E
:1054D00080930A0180910B01807880930901539A8F
:1054E0005B9A5A9A00C0000086E290E00197F0F7BC
:1054F00088E790E0CEE9DFE0FE013197F1F7019710
:10550000D9F788EFEFD800C0000086E290E001975D
:10551000F0F780E2E7D880E0E5D800C0000086E23E
:1055200090E00197F0F780E0DDD880E8DBD800C09C
:10553000000086E290E00197F0F780E0D3D880E1A8
:10554000D1D800C0000086E290E00197F0F7CE01CC
:105550000197F1F7CE010197F1F7CE010197F1F72D
:10556000CE010197F1F7CE010197F1F7CE01019736
:10557000F1F7CE010197F1F7CE010197F1F7CE01D6
:105580000197F1F7CE010197F1F7CE010197F1F7FD
:10559000CE010197F1F7CE010197F1F7CE01019706
:1055A000F1F72197F1F780E29DD880E49BD800C005
:1055B000000086E290E00197F0F780E293D880E661
:1055C00091D800C0000086E290E00197F0F7D0E0AB
:1055D000C0E08C2F8077806885D88D2F83D800C05D
:1055E000000086E290E00197F0F780E87BD880E049
:1055F00079D800C0000086E290E00197F0F78AEFCA
:1056000071D800C0000086E290E00197F0F790E2C8
:105610005B9800C080910B018078809309015B9AB0
:1056200000C000C05B9800C080910B01807880931F
:1056300009015B9A00C000C05B9800C080910B011B
:105640008078809309015B9A00C000C05B9800C01D
:1056500080910B018078809309015B9A00C000C0A3
:105660005B9800C080910B018078809309015B9A60
:1056700000C000C05B9800C080910B0180788093CF
:1056800009015B9A00C000C05B9800C080910B01CB
:105690008078809309015B9A00C000C05B9800C0CD
:1056A00080910B018078809309015B9A00C000C053
:1056B0005B9800C080910B018078809309015B9A10
:1056C00000C000C05B9800C080910B01807880937F
:1056D00009015B9A00C000C05B9800C080910B017B
:1056E0008078809309015B9A00C000C05B9800C07D
:1056F00080910B018078809309015B9A00C000C003
:105700005B9800C080910B018078809309015B9ABF
:1057100000C000C05B9800C080910B01807880932E
:1057200009015B9A00C000C05B9800C080910B012A
:105730008078809309015B9A00C000C05B9800C02C
:1057400080910B018078809309015B9A00C000C0B2
:1057500000C00000E6E2F0E03197F0F7915009F068
:1057600057CF88EF0E94722300C0000086E290E0CD
:105770000197F0F7CF5FD05FC03209F02ACF80E009
:105780000E94722380EC0E94722300C0000086E217
:1057900090E00197F0F75A9839CEF8018581888317
:1057A00035CE80E034CEB901C8010E94A2EC2ECEE5
:1057B000D80111968C91888329CE443191F04731DC
:1057C00009F024CE1882D80112968C911297898301
:1057D00015968C91159781508A8313968C918B83A3
:1057E00015CED80115964C91159750E0440F551FD2
:1057F00070E060E016968D919C910F94121EF80156
:105800001282808181508383148200CE481708F46D
:10581000FDCD861708F4FACDFA80E12CD12C243086
:1058200070F434CEBE01C8010E94A2EC8981988137
:105830009D0D98838E0D8983FF0C09F4E7CDF7FE4B
:10584000F6CFF0CF58E0580F382F0CCEEF92FF92E2
:105850000F931F93CF93DF93EC018B017A018A851D
:105860009B858617970731F0888199810E94D4EE35
:105870001B870A87B701888199810E94E0E72E8102
:105880003F81820F932F911D9F838E8390E080E054
:10589000DF91CF911F910F91FF90EF9008959F920C
:1058A000AF92BF92CF92DF92EF92FF920F931F932E
:1058B000CF93DF93EC018B01942EA52E8A859B85D7
:1058C0008617970731F0888199810E94D4EE1B8753
:1058D0000A8788859985019649F5BC800A818E8161
:1058E000080FC880D980D6015596ED91FC91C6016C
:1058F0001995B80EE92CFA2C10E0F70121917F01DF
:10590000211127C08E819F81810F911D9F838E83DE
:1059100090E080E0DF91CF911F910F91FF90EF9089
:10592000DF90CF90BF90AF909F9008950E811F8120
:10593000692D7A2D888199810E94E0E7800F912F4F
:10594000911D288539852817390738F681E090E0C0
:10595000E1CF4B2D602FC6010E942CEF080F180FCE
:10596000CCCFDF92EF92FF920F931F93CF93DF93F1
:10597000EC01D62E1CAD0BAD7C0184E0E80EF11CD1
:10598000E98DFA8DC7011995412F480F2D2D602FF4
:10599000C7010E942CEF9BAD890F8BAF81E090E097
:1059A000DF91CF911F910F91FF90EF90DF900895BD
:1059B000CF93C0916E06CC23C9F14CE050E060E279
:1059C00070E080E696E00F94121E2C2F30E060E22B
:1059D000C43630F0C90164E670E00F94D819605DF8
:1059E0006093EA0680E2CA3058F0EAE0F0E0C901CC
:1059F000BF010F94D819CB01BF010F94D819805D56
:105A00008093EB06C9016AE070E00F94D819805DBD
:105A10008093EC0683E0EAEEF6E0A4E6B6E00190BF
:105A20000D928A95E1F785E280936706CF910895FC
:105A3000CF92DF92EF92FF920F931F93CF93DF935A
:105A4000CDB7DEB72C970FB6F894DEBF0FBECDBF33
:105A5000F0906D11E0906E112091580621111DC03B
:105A60004AEF5CE06E2D8F2D0E9497EF90E080E072
:105A7000F80EF0926D11E0926E1199272C960FB6E8
:105A8000F894DEBF0FBECDBFDF91CF911F910F9174
:105A9000FF90EF90DF90CF900895C0903A11D09092
:105AA0003B1126E331E13A8329832F2D30E03C83FB
:105AB0002B832E2D30E03E832D8318861F827A871C
:105AC00069871C861B860FE41CE29E012F5F3F4FF7
:105AD00047E557E8BC01C6010E9496E3B60186E39C
:105AE00091E10E94D4EE8F819885C2CFCF93DF934E
:105AF000EC018991882319F00E94BCE2FACF8DE075
:105B00000E94BCE28AE0DF91CF910C94BCE28091CC
:105B10002E0690912F06009731F04AE050E070E099
:105B200060E00D94A11360E070E0CB0108958091D6
:105B30002E0690912F06009731F04AE050E070E079
:105B400060E00D94761260E070E0CB010895EFDF25
:105B5000CB010895CF93DF93EB010E947524882336
:105B600019F0DF91CF91F3CFCE01DF91CF9108955E
:105B7000DEDF97FD0AC0DBDF6F3F71058105910510
:105B800009F02CF4D4DF862F089580E008958FEF7C
:105B9000089580912E0690912F06892B39F0E8DF29
:105BA00091E0811101C090E0892F089591E0FCCF30
:105BB000CF93DF93C82FD62F0E947524882319F026
:105BC000DF91CF91E6CF8C2F0E942724811101C055
:105BD0008D2FDF91CF9108950F931F93CF938091D5
:105BE0002E0690912F06009709F1FC018F01C191BB
:105BF0002C2F2F7DA1F0C53431F0C53621F0C835EA
:105C000011F0C83799F7F801108270E060E00F9446
:105C10002111F801C083CF911F910F91089570E079
:105C200060E0CF911F910F910D94211160E070E021
:105C3000CB01F1CF4F925F926F927F92AF92BF9262
:105C4000CF92DF92EF92FF920F931F93CF938EE448
:105C5000A82E84E0B82E9FEDE92E99E0F92E08E0F9
:105C600014E022ECC22E2FE0D22EC0E0F50181918B
:105C70005F010E947524882309F4A6C0ADDF2B01C3
:105C80003C018C2F0E940024882309F493C0F80162
:105C90002081318142815381C301B2010F94001AE6
:105CA000F7016083718382839383CF5FF4E0EF0E0B
:105CB000F11C0C5F1F4F84E0C80ED11CC330B1F63D
:105CC00085E40E947524882309F489C085DF6B016F
:105CD0007C0183E00E940024882371F02091140449
:105CE000309115044091160450911704C701B60174
:105CF0000F94001A6B017C01C092EB09D092EC0961
:105D0000E092ED09F092EE0986E40E947524882362
:105D1000B9F062DF20E030E0A9010F94261C1816CC
:105D20007CF45ADF20E030E040E752E40F94DC1AC4
:105D3000609333027093340280933502909336025D
:105D40008091160783FD28C080915808882321F18F
:105D500020911404309115044091160450911704B9
:105D60006091EB097091EC098091ED099091EE0939
:105D70000F94FF19209103093091040940910509FE
:105D8000509106090F94001A609303097093040957
:105D90008093050990930609CF911F910F91FF9071
:105DA000EF90DF90CF90BF90AF907F906F905F901B
:105DB0004F900895F6012081318142815381C301C2
:105DC000B2010F94FF196CCFF80180819181A281FB
:105DD000B381F70180839183A283B38366CF8091DF
:105DE000140490911504A0911604B09117048093A7
:105DF000EB099093EC09A093ED09B093EE0984CFE1
:105E0000CF93DF93CDB7DEB720E2488559856F8108
:105E10008E810E948DE7DF91CF910895CF93DF931C
:105E2000D82FC62F10928908809174089091750818
:105E3000A0917608B0917708B7FF08C01092740857
:105E40001092750810927608109277088091DC06FF
:105E5000882391F06091740870917508809176089C
:105E60009091770825E030E040E050E00F945A1917
:105E70002093E306109284088091E10618162CF511
:105E8000082E000C990B8D1B91092091E306022E20
:105E9000000C330B28173907C4F097FF02C090E0BD
:105EA00080E08093E30645E0489F9001499F300DD4
:105EB0001124C901330FAA0BBB0B80937408909374
:105EC0007508A0937608B09377088091E306CC23F9
:105ED000A9F09091E406891714F48093E4062091C8
:105EE000E406022E000C330B2C5F3F4F482F082E88
:105EF000000C550B241735071CF484508093E406DE
:105F0000DF91CF910895E091D306E63028F581E046
:105F10008E0F8093D306409174085091750860915C
:105F20007608709177082091E4069091E1068091BF
:105F30000C0939E0E39FF0011124E356F94FA091D9
:105F40003011B0913111B183A083428353836483B4
:105F500075832683978380870895CF93DF93CDB78A
:105F6000DEB78E81282F082E000C330B9091241061
:105F70009217130609F08CF4809324109E01275F7A
:105F80003F4F4F8158856AE270E089EF9FE00F94A0
:105F900048151092F80F1092F70FDF91CF910895E6
:105FA0000F931F93CF93DF938C016F3F19F41092DF
:105FB000241060E020912410862F062E000C990BEF
:105FC0002817190609F014F560932410C8010F94DE
:105FD000CF14800F911FEC01C01BD10BCB32D10528
:105FE0003CF00197FC012491207C2038D1F3F3CFC1
:105FF000DD27AE01B80189EF9FE00F94F014C75080
:10600000D04F18821092F80F1092F70FDF91CF91B6
:106010001F910F9108950F931F930E948EEB009193
:106020009106109192062091930630919406601B80
:10603000710B820B930B97FD0EC083B185FB8827F4
:1060400080F991E089271E9B82609091090196FF5B
:106050008460809390068091900681709091900664
:1060600091FD826090918F06981749F0813009F177
:1060700048F0823079F0833091F080938F061F9141
:106080000F910895913079F09230B9F790918E0682
:1060900091500CC0992339F09330C1F3EECF913079
:1060A000A9F3923051F790918E069F5F90938E06E0
:1060B000E4CF992359F3933001F7F5CFCF92DF92D4
:1060C000EF92FF92CF93C82F833011F46093820632
:1060D0000E948EEB6B017C0124EA30E74DE75FE321
:1060E000609115027091160280911702909118022A
:1060F0000F94801587FD18C08AEF90E0A0E0B0E013
:106100008C0D9D1DAE1DBF1D80938306909384064C
:10611000A0938506B0938606C0931102CF91FF909D
:10612000EF90DF90CF90089580E090E0DC01E8CF21
:106130008F3010F48F5F08958F5008959CE0899FF1
:10614000802D112491E0980F909357062CE0280F92
:1061500020938A0830E02E5F3F4F40916A1142172A
:10616000130619F014F080E0089520916C11921735
:10617000D0F7662341F08E5F0E9402EE80918A087C
:106180008E5F0E9402EE80918A0890916A118917B1
:1061900050F320916C1190915706291720F310921B
:1061A0006D1180936E1181E00895CF938091560612
:1061B000811154C010926D1110926E1110926F11D6
:1061C00010923B1110923A1110923D1110923C1115
:1061D00010923F1181E080933E1182E28093401142
:1061E0001092451110924411E9E5F1E127E631E101
:1061F0008FEF81932E173F07E1F7C1E0C09356114F
:1062000023EC31EE30934C1120934B11C0934D1180
:1062100010924E1110924F1190E4909350111092E1
:10622000511122EC31EE30936811209367112AE06E
:1062300032E0309339112093381192E190935D113F
:106240009AE290935E1193E190935B1180935A11BF
:10625000809359110E94E0ECC093560681E0809330
:1062600058068AE39DE090932610809325101092A3
:10627000281010922710CF91089597DF25982D9A16
:1062800026982E9AEAE0F1E080818F7B80838091CE
:106290000B018095807480930901BDDE10928E06FB
:1062A0000C94FAE320915506022E000C330B821752
:1062B000130661F0809355066AE47EE1823011F4A2
:1062C00067E872E186E391E10C94D4EE0895EF92D1
:1062D000FF920F931F93CF93DF93CDB7DEB72C9729
:1062E0000FB6F894DEBF0FBECDBFFC016081718197
:1062F000828193816F3F71058105910509F0B8F4A2
:1063000082E391E12EDBE0913A11F0913B1131965D
:10631000849190E02C960FB6F894DEBF0FBECDBFEF
:10632000DF91CF911F910F91FF90EF900895109101
:106330006D1100916E112091580621110FC04AE194
:106340005DE0602F812F0E9497EF90E080E0180FB2
:1063500010936D1100936E119927DCCFE0903A11E4
:10636000F0903B1126E331E13A832983212F30E07D
:106370003C832B83202F30E03E832D8318861F82A1
:106380002FEF3FEF3A8729871C861B862FE43CE2DC
:10639000AE014F5F5F4FBF01C7010E94D1E2B7015D
:1063A00086E391E10E94D4EE8F819885D0CF4F9201
:1063B0005F926F927F928F929F92AF92BF92CF9295
:1063C000DF92EF92FF920F931F93CF93DF9300D052
:1063D00000D01F921F92CDB7DEB76C015A01490160
:1063E000FB0190818CE0989F800D1124982FF6017D
:1063F0002081822F880F820F880F80936D119093D8
:106400006E114115510509F4A0C0DA82C9827C835E
:106410006B83011122C0AE014B5F5F4FB401C50118
:106420000E943ACE5C018D819E81AF81B885892B17
:106430008A2B8B2B09F489C0CE01059648DFF60123
:1064400080818F5F8083853130F3CE0101960E9479
:106450005C23E1CF10E075010DC07A0110E00AC0A5
:10646000E114F104B9F38FEFE81AF80A10E0E1142F
:10647000F10489F3AE014B5F5F4FB401C5010E9487
:106480003ACE5C014D805E806F8078844114510467
:1064900061047104E9F0F0E24F16510461047104E3
:1064A000A9F0D301C2018D97A109B1090297A105F5
:1064B000B10570F04BE2441651046104710441F0DF
:1064C0005AE04516510461047104E9F5112341F2C3
:1064D000F6018081482F410F5527551F4631510540
:1064E00034F0853020F0CE0101960E945C2381E0DB
:1064F000411451046104710409F480E0180FF6019D
:106500008081810F8083112369F01150AE014B5FB0
:106510005F4FB401C7010E943ACE7C01CE010596BF
:10652000D6DEF1CF411451046104710471F0FAE038
:106530004F1651046104710409F08CCFCE0101960D
:106540000E945C2388CF1F5F92CF28960FB6F894E5
:10655000DEBF0FBECDBFDF91CF911F910F91FF9096
:10656000EF90DF90CF90BF90AF909F908F907F90F3
:106570006F905F904F9008956FEF7FEF59CAE2E3FD
:10658000F1E183AF64AFCA01F7CFF6CFCF93DF93CA
:10659000FC0125AD211104C021E025AF0E94E0ECF3
:1065A000C0913811D0913911E0916711F0916811C3
:1065B00082E01995E0916711F091681181E01995D9
:1065C00030E020E044E1BE0186E391E10E94DCEC92
:1065D00029E631E147E1BE0186E391E10E94DCEC6E
:1065E000E0916711F091681180E0DF91CF911994EB
:1065F000CF92DF92EF92FF920F931F93CF93DF938F
:10660000CDB7DEB72C970FB6F894DEBF0FBECDBF67
:10661000F0906D11E0906E112091580621111DC06F
:106620004AED5CE06E2D8F2D0E9497EF90E080E0A8
:10663000F80EF0926D11E0926E1199272C960FB61C
:10664000F894DEBF0FBECDBFDF91CF911F910F91A8
:10665000FF90EF90DF90CF900895C0903A11D090C6
:106660003B1126E331E13A8329832F2D30E03C832F
:106670002B832E2D30E03E832D8318861F827A8750
:1066800069871C861B860FE41CE29E012F5F3F4F2B
:106690004AE557E8BC01C6010E9496E3B60186E3CD
:1066A00091E10E94D4EE8F819885C2CF6F927F9244
:1066B0008F929F92AF92BF92CF92DF92EF92FF9212
:1066C0000F931F93CF93DF9300D000D01F921F92A0
:1066D000CDB7DEB77C01162F5A014901862F660F10
:1066E000990B9C01225B3B4F690186E0682E712C5F
:1066F00010160CF03CC0AE014B5F5F4F67E577E8CA
:10670000C7010E943ACE7C018D819E81AF81B88500
:106710000097A105B10559F18B379105A105B10588
:1067200009F472C08E379105A105B10509F46CC05A
:106730008A329105A105B10581F517FF11C08CE7DB
:106740009DE01E3F11F087E79DE036E00302B001B7
:1067500011246ED966E070E00F94D819061B8CC026
:1067600084E89DE012DF015009F050C000E0802F66
:1067700028960FB6F894DEBF0FBECDBFDF91CF9144
:106780001F910F91FF90EF90DF90CF90BF90AF904F
:106790009F908F907F906F90089584329105A1050E
:1067A000B105C1F48114910459F0E6E00E02B00184
:1067B0001124C4013DD9B3010F94D819061B98CFF9
:1067C000A114B104E1F0F6E00F02B0011124C501FB
:1067D0000FDFF1CF80349105A105B10581F401509F
:1067E000F6018081082E000C990BAA0BBB0B898344
:1067F0009A83AB83BC83CE01019669DD79CFCE014C
:10680000059665DD015074CF17FD99CF81E04D816C
:106810005E816F8178854B3751056105710509F4FB
:1068200080E0810F8A30C4F001506AE00F94B719FC
:10683000D92E082E000C990BC096092E000CAA0B1D
:10684000BB0B89839A83AB83BC83CE0101963FDD6A
:10685000002309F48BCF8D2D082E000C990BC096C8
:10686000092E000CAA0BBB0B89839A83AB83BC83D4
:10687000CE0101962CDD0150002309F477CF86E08C
:106880000802B0011124C701D3D866E070E00F946C
:10689000D819061B6CCF8F929F92AF92BF92CF9266
:1068A000DF92EF92FF920F931F93CF93DF935B01E1
:1068B000C42F690141FB662760F940DC882309F495
:1068C0005FC010E000E0A114B10439F0C5010E94DE
:1068D0001ECE66E0869F80011124F12CE12CC114AC
:1068E000D10429F0C6010E942CCEE82EF12CC0FF65
:1068F0001FC080E890E0801B910B4AEFB701460370
:106900009001479F300D1124820F931F6CE070E0BF
:106910000F94D8194B01C0E8D0E071E0871A9108B4
:1069200097FC08C08CE39DE027DEC81BD90BF5CF90
:10693000C0E8D0E0012BB1F0CE0166E070E00F942A
:10694000C41920918E0830918F0840918C08509185
:106950008D08062F60918B08C501A8DE96E0899FFF
:10696000E0011124EF2829F0BE01C60141DEC81B59
:10697000D90BC730D10520F08AE39DE0FDDDF7CFCC
:10698000DF91CF911F910F91FF90EF90DF90CF900B
:10699000BF90AF909F908F90089580916D02882353
:1069A00049F06091D8067091D90630E020E041E0CE
:1069B00081E071CF08956FEF7FEF1ACE8F929F9293
:1069C000AF92BF92CF92DF92EF92FF920F931F93FD
:1069D000CF93DF9300D01F921F92CDB7DEB74C014B
:1069E0006B010E941ECE182FC6010E942CCE212FB3
:1069F00030E0E82EF12C83E190E08E199F09AA2463
:106A0000A394821793070CF0A12C1E3008F05EC0EF
:106A10002E0D3F1D2E30310514F0AA24A39482E0E0
:106A200041DC99E0B92E2FE02D8315E2A1101FE182
:106A3000812F90E09C012D5F3F4F40916A114217DA
:106A4000130611F00CF049C0099720916C1128171A
:106A500019060CF442C020918E0830918F084091A5
:106A60008C0850918D0860918B0810926D111093D5
:106A70006E1105E1C4011ADE01E0C114D10491F0E8
:106A800082E49DE082DDAA2051F1145F80916A11B9
:106A9000181740F020916C11412F4950550B2417C5
:106AA0001506FCF483E0FEDB0F900F900F900F9023
:106AB0000F90DF91CF911F910F91FF90EF90DF909A
:106AC000CF90BF90AF909F908F90089583E0EADBC6
:106AD00086E0B82E35E13D83A8CF00E0CECF00237D
:106AE00009F380E290E0A0E0B0E089839A83AB8371
:106AF000BC832D812150330BC9013FEFE31AF30A08
:106B00008E199F09B89E802D112480936D111093CA
:106B10006E11CE010196DBDBC6014DDFC3CF8F9234
:106B20009F92AF92BF92CF92DF92EF92FF920F931C
:106B30001F93CF93DF93CDB7DEB72C970FB6F894A2
:106B4000DEBF0FBECDBF982F862F5A017901C02E10
:106B5000692FF4DA882309F485C0C701002379F18D
:106B60000E941ECED82E80903A1190903B118091B9
:106B70005806811142C01FEF03E10D1920918E08C4
:106B800030918F0840918C0850918D0860918B084E
:106B9000C5018CDDDD2009F465C0B6E08B9F500196
:106BA000112480E49DE0F1DC57E0A516B10408F45F
:106BB00041C08EE39DE0E0DCA81AB90AF5CF0E943F
:106BC0002CCED82E80903A1190903B11809158068F
:106BD000882389F2FE0133968AE0DF011D928A95AF
:106BE000E9F786E391E19A83898306E21CE29E013C
:106BF0002F5F3F4F4AE557E812C0FE0133968AE007
:106C0000DF011D928A95E9F786E391E19A838983F2
:106C100006E21CE29E012F5F3F4F47E557E8B701B0
:106C2000C4010E9496E3B40186E391E10E94D4EE90
:106C30001F81A2CF40918A08212F30E0A6E0DA9E82
:106C4000C00111242E5F3F4F281739070CF49C0117
:106C500080E8821B80936D1140936E11C701CC2098
:106C6000A1F08ADC2C960FB6F894DEBF0FBECDBF24
:106C7000DF91CF911F910F91FF90EF90DF90CF9018
:106C8000BF90AF909F908F90089595DEEBCF0F93BC
:106C90001F93CF93DF93082F10E09CE2899FF001B0
:106CA0001124E556FF4EC085D185209729F16481D6
:106CB0007581868197810F94441B6E5F7F4F249767
:106CC0006C177D07CCF486E0809FE001819FD00D9A
:106CD0001124C55BD84F798368830E948EEB605E78
:106CE000714B8F4F9F4F6A837B838C839D83DF9192
:106CF000CF911F910F91089586E0809FF001819FB1
:106D0000F00D1124E55BF84F128213821482158274
:106D1000EECFE62FF0E02CE2629FD0011124A556C1
:106D2000BF4EEE0FFF1FEB53FB4F208131812F50E1
:106D30003109821793070CF49C0119963C932E930A
:106D40001897862FA4CF87FD26C0811111C080918E
:106D5000400F2091410F8217F1F0E22FF0E0E05C4C
:106D6000F04F828190E02F5F2F772093410F08959D
:106D7000813089F48091BE0E2091BF0E821759F0A8
:106D8000E22FF0E0E254F14F828190E02F5F2F7705
:106D90002093BF0E08958FEF9FEF08950C9489E420
:106DA000CF93DF93EC018991882319F00E94BCE214
:106DB000FACFDF91CF910895CF93DF93DB01F901F3
:106DC0009C919130C1F0943080F094509C93883025
:106DD000D1F480819181009771F001979183808334
:106DE000480F591FEA01188206C08C3539F49C5FA0
:106DF0009C93943041F4DF91CF9108958B3339F710
:106E000081E08C93F8CF20813181B9016F5F7F4F92
:106E100071836083420F531FEA01888380819181CF
:106E20008F3591056CF7E7CF0F931F9381E00091A9
:106E30008A1210918B1220918C1230918D124091F8
:106E400086125091871260918812709189120417EE
:106E500015072607370708F480E01F910F91089562
:106E60008F929F92AF92BF92CF92DF92EF92FF925A
:106E70000F931F93CF93DF931092520610925106F7
:106E80002FE32093500610924F0610924E06109258
:106E90004A0610924B0610924C0610924D069C0129
:106EA000F90190812F5F3F4F9032D1F39E34C1F4AE
:106EB000818190ED980F9A3020F08D3211F08B3255
:106EC00079F432969F012F5F3F4F808180538A3043
:106ED00008F441C09F012F5F3F4F80818032E9F16C
:106EE000F093F409E093F3098F010F5F1F4FC08106
:106EF0006AE270E0C8010F942C1E009731F0FC018B
:106F0000319780818032E1F31182CD3421F0C43594
:106F100011F0C73499F4D801FD018D918032E1F36D
:106F200080538A30E0F0C43549F48AE280831182CC
:106F3000F0935206E0935106C0935006DF91CF9133
:106F40001F910F91FF90EF90DF90CF90BF90AF9087
:106F50009F908F900895F901B5CFF901BBCFC093F1
:106F6000500630E020E06AE0AF014F5F5F4F629F64
:106F7000C001639F900D11249C0120533109808131
:106F8000280F311D87FD3A95FA01808180538A30A0
:106F900058F330934F0620934E06DF0131968C91C3
:106FA0008032D9F3CD34C9F42E31310539F058F49B
:106FB0002731310519F02C31310579F4B09352069F
:106FC000A0935106BBCF2537310538F0273731055F
:106FD000A8F3203A83E0380789F3D091F30940E021
:106FE00050E0BA0110E000E0C12CD12C7601C3942E
:106FF000FD0131968C91882309F47FC08132E1F440
:10700000CD34D1F420323105B9F440934A0650937F
:107010004B0660934C0670934D06F0935206E09336
:10702000510663E270E0CF010F942C1E009709F423
:1070300085CFFC01108282CF81548A3108F058C07C
:10704000DF019D91903291F0A0EDA90FAA30E8F0F8
:107050009E3271F4918190539A30B8F00115110568
:1070600019F48F010150110990E013C0FD01E8CF20
:107070009D3211F09B3291F79181A0EDA90FAA30BA
:1070800020F09E3259F79281E6CF9E2F9D1B3097BC
:1070900059F3A82FB0E04601570104C0880C991C91
:1070A000AA1CBB1C8A95D2F7482959296A297B2931
:1070B000A05DB94F9C9380818154DF018A3108F42F
:1070C00097CFDF018191882309F492CF90ED980F3B
:1070D0009A30B8F393ED980F923098F38B3289F38E
:1070E000CD010196EC91E03209F082CFDC01F8CFBE
:1070F0000115110501F78D01DECF109352060093A3
:10710000510640934A0650934B0660934C06709389
:107110004D0614CFEBE9F0E181E0838787AB08955A
:10712000682F70E090E080E00C9421E4682F880FD5
:10713000770B880B990B0C9489E40F931F93CF93D3
:10714000DF938B01C82FD0E091E001C0990F8A95A1
:10715000EAF7892F0E9407B9811115C08091DF06D7
:107160009091E006800F911F9093E0068093DF06D8
:10717000FE01EE0FFF1FE75AF84F60817181600F2B
:10718000711F71836083DF91CF911F910F910895DB
:10719000CF92DF92EF92FF926B017C0183E3C816DE
:1071A000D104E104F10470F082E3C81AD108E108C7
:1071B000F10862E370E080E090E00E945BEB0E94E7
:1071C0003898ECCFC701B6010E945BEBFF90EF90BF
:1071D000DF90CF900C9438988091F60F813069F051
:1071E00090918E1292FB882780F992FF07C097FB3F
:1071F000882780F991E08927089581E008952F92EA
:107200003F924F925F926F927F928F929F92AF9236
:10721000BF92CF92DF92EF92FF920F931F93CF9383
:10722000DF93CDB7DEB72D970FB6F894DEBF0FBE54
:10723000CDBFD2DF882309F46CC00E9443C34B0149
:107240005C0145E050E060E270E082E696E00F9479
:10725000121E85E4809360068AE380936106C5016F
:10726000B40120E13EE040E050E00F945A19D22EE4
:10727000C32E022F132F8CE3282E312C412C512C9E
:10728000C501B401A20191010F945A19762E672EFF
:10729000CA01B901A20191010F945A199E012F5FF1
:1072A0003F4F790130E8831631E5930631E0A306BC
:1072B000B10408F447C07F936F93C80168E170E0A0
:1072C0000F94C4199F938F93C501B40120E831E551
:1072D00041E050E00F945A193F932F9386E69DE0CA
:1072E0009F938F93FF92EF920F941915C7010F94FC
:1072F000CF140FB6F894DEBF0FBECDBF2CE030E048
:10730000A901481B5109CA01B701805A994F0F942E
:10731000371E2D960FB6F894DEBF0FBECDBFDF919E
:10732000CF911F910F91FF90EF90DF90CF90BF9082
:10733000AF909F908F907F906F905F904F903F9015
:107340002F9008950115110599F46F927F927F9304
:107350006F938AE59DE09F938F93FF92EF920F9436
:1073600019150FB6F894DEBF0FBECDBF85E0C6CFAE
:107370000436110538F47F936F93CF92DF928EE439
:107380009DE0E9CF7F936F93CF92DF9284E49DE0FD
:107390009F938F93FF92EF920F9419150FB6F89465
:1073A000DEBF0FBECDBF86E0A9CF9091F7108091D0
:1073B000F610891718F0891B19F40ECF805FFBCFE8
:1073C00081E008958F929F92AF92BF92EF92FF92C9
:1073D0000F931F93CF93DF93EC018B01E42EF22EDA
:1073E00080913011909131118C179D07D9F1109235
:1073F000DE0628EDCB31D20709F03FC08657954510
:1074000071F40E948EEB6E517B4F8F4F9F4F6093B4
:10741000D4067093D5068093D6069093D706D09362
:107420003111C093301130E020E0009374081093C4
:1074300075082093760830937708E092E406F0927E
:10744000E106C657D54521F410920C091092D306D7
:1074500082E080936D0281E0809384081092DB06C5
:107460001092DA06DF91CF911F910F91FF90EF906C
:10747000BF90AF909F908F90089525E5C637D207B3
:1074800071F68B51984DD1F40E948EEB8090D4060A
:107490009090D506A090D606B090D70668197909C5
:1074A0008A099B0997FF0AC080915B088770873023
:1074B00029F47BDFC1ECDCE88111B1CFC6E7D5E56B
:1074C000AECF20E040E070E060E086E795E57ACF5F
:1074D000CF930E94C0C10E94729DC82F882319F0CB
:1074E00080E00E94EC9C8C2F0E947129CF91E9CF03
:1074F00086E79FE090936A0880936908E2CFCF9374
:10750000DF93C091D306CC23B1F0C150C093D30612
:1075100089E0C89FE0011124C356D94F6A817B815D
:107520002F814E81888199814DDF888580930C0958
:10753000DF91CF910895DF91CF91C3CFEF92FF926A
:107540000F931F93CF93DF93CDB7DEB765970FB639
:10755000F894DEBF0FBECDBF8091E2061092E20626
:10756000882371F0CCDF65960FB6F894DEBF0FBEAE
:10757000CDBFDF91CF911F910F91FF90EF900895B4
:1075800060E085E00E940E2F0091E40610E08AE39F
:10759000F82E90E2E92E01110EC080916D02882331
:1075A00039F030E020E042E067E772E1812F73D9E3
:1075B0000B3049F573C0013009F052C0F982EA82FC
:1075C00042E150E065E772E1CE0103960F94F014BA
:1075D0008C8987FD1C8A80916D02882349F39E0166
:1075E0002F5F3F4F40E067E672E1E0CF043099F44F
:1075F00080916D02882339F030E020E042E060E3C2
:1076000072E1812F48D90F5F1F5F153021F68CE0A2
:107610008093E106A8CF053009F05AC0F982EA82CA
:1076200042E150E06EE272E1CE0103960F94F01455
:107630008C8987FD1C8A80916D02882321F39E012D
:107640002F5F3F4F40E067E672E1DBCF093009F082
:107650005AC0F982EA8242E150E068E172E1E4CF87
:107660000230C9F4F982EA8242E150E063E672E155
:10767000CE0103960F94F0148C8987FD1C8A8091AB
:107680006D02882309F494CF9E012F5F3F4F40E0A5
:1076900065E572E18BCF033009F0A8CF80916D02D0
:1076A000882309F4B0CF30E020E040E060E472E1EC
:1076B000A8CF073099F3083049F680916D028823EE
:1076C00009F4A1CF30E020E042E06AE172E199CF15
:1076D000063079F7F982EA8242E150E06AE272E12B
:1076E000CE0103960F94F0148C8987FD1C8A80913B
:1076F0006D02882309F487CF9E012F5F3F4F40E042
:1077000065E572E17ECF0A3009F052CFF982EA8254
:1077100042E150E064E172E1E3CF2F923F924F9259
:107720005F926F927F928F929F92AF92BF92CF9211
:10773000DF92EF92FF920F931F93CF93DF93CDB71A
:10774000DEB7E2970FB6F894DEBF0FBECDBF8091D3
:10775000E2061092E2068823D1F0D1DEE2960FB65F
:10776000F894DEBF0FBECDBFDF91CF911F910F9177
:10777000FF90EF90DF90CF90BF90AF909F908F9051
:107780007F906F905F904F903F902F9008958091E1
:10779000F7089091F8089CA78BA7A091F908B091E1
:1077A000FA08BEA7ADA74090FB085090FC08609077
:1077B000FD087090FE088091FF0890910009A0914B
:1077C0000109B09102098FA798ABA9ABBAAB809021
:1077D000030990900409A0900509B090060960E0A3
:1077E00085E00E940E2F0091E40610E0DE0156961F
:1077F0007D018AE0C82ED12C96EA292E91E1392EFE
:1078000061E172E1CE0101960F94C8148BA59CA58D
:107810000E9457C4BC01CE0103960F94371E01117C
:107820000CC080916D02882341F09E012F5F3F4F75
:1078300040E06DEF71E1812F2ED86AEF71E1CE014A
:1078400001960F94C8148DA59EA50E9457C4BC0133
:10785000CE0103960F94371E013009F04BC0809182
:107860006D02882341F09E012F5F3F4F40E06EEE96
:1078700071E1812F10D820E030E048EC52E4C501DE
:10788000B4010F94DC1A0F94441BCB01B6010F9482
:10789000D8199F938F9320E030E04AE754E4C50164
:1078A000B4010F94DC1A0F94441B9F938F937F9322
:1078B0006F933F922F92FF92EF920F9419150FB68C
:1078C000F894DEBF0FBECDBF073059F480916D0232
:1078D000882339F0970140E063EA71E1812F0E942B
:1078E0004B340F5F1F5F153009F08ACF88E080931B
:1078F000E10634CF023059F480916D02882309F4F7
:10790000BACF30E020E040E069ED71E1B2CF033062
:1079100099F480916D02882309F4ADCF49825A828F
:107920006B827C82B701CE0101960E9481249C016A
:1079300040E066ED71E19DCF043009F04CC08091CC
:107940006D02882341F030E020E040E060EC71E11E
:10795000812F0E944B3420E030E048EC52E4C50116
:10796000B4010F94DC1A0F94441BCB01B6010F94A1
:10797000D8199F938F9320E030E04AE754E4C50183
:10798000B4010F94DC1A0F94441B9F938F937F9341
:107990006F933F922F92FF92EF920F9419150FB6AB
:1079A000F894DEBF0FBECDBF9CCF80916D028823BF
:1079B00091F28FA598A9A9A9BAA989839A83AB83C3
:1079C000BC83B701CE0101960E9481249C0140E056
:1079D0006DEB71E14ECF053041F3063009F04BCF2E
:1079E00080916D02882309F4B6CF30E020E040E0BA
:1079F0006EEA71E13ECF2F923F924F925F926F926B
:107A00007F928F929F92AF92BF92CF92DF92EF922E
:107A1000FF920F931F93CF93DF9300D01F92CDB7A8
:107A2000DEB7C3DC782E61E081E00E940E2F20914A
:107A3000E4062B8312E0711001C014E00B81802F4B
:107A40008B5F898381E0801B8A8383E0582E501AE4
:107A500082E0482E401A302E319429E7C22E29E2C6
:107A6000D22E3FE2A32E31E1B32E4EE6842E49E220
:107A7000942E2B81211112C18091E306882309F4F1
:107A8000CBC080916D02882309F4EAC081E0909117
:107A9000E306911180E024E043E951E1632D0E9467
:107AA0008DE7772009F411C11C838C818F5F8C8353
:107AB000F12CE12C2B80201A9B812C81921327C062
:107AC000F701EE0FFF1FEE5EF34D85919491E0926A
:107AD0008B0890938F0880938E0810928D081092D7
:107AE0008C088091E3069B81891709F465C1809118
:107AF0006D02882361F081E09091E3062C8192135E
:107B000080E023E04EE351E1622D0E948DE76C801E
:107B100081E0860D8C83EA94EF2809F049C12B811E
:107B200082131FC08091E306821709F456C1809129
:107B30006D028823B1F0DF92CF92BF92AF928B811A
:107B4000801B8F9381E09091E3062B81921380E05C
:107B50008F930E94002F0F900F900F900F900F9017
:107B60000F9082E0860D71104EC09B81891323C057
:107B70008091E306891709F43FC180916D02882343
:107B8000D1F08CE799E29F938F9381E291E19F93EB
:107B90008F938B81801B8F9381E09091E3062B81E3
:107BA000921380E08F930E94002F0F900F900F9000
:107BB0000F900F900F9083E0860D9B81891321C059
:107BC0008091E306891709F426C180916D0288230C
:107BD000C1F09F928F9282E191E19F938F938B816D
:107BE000801B8F9381E09091E3062B81921380E0BC
:107BF0008F930E94002F0F900F900F900F900F9077
:107C00000F9084E0860D9B819F5F9B8329812913C0
:107C100030CF8093E1060DC08091E2061092E2061B
:107C2000882309F42ECF6BDC80918408882309F423
:107C300028CF0F900F900F900F90DF91CF911F9151
:107C40000F91FF90EF90DF90CF90BF90AF909F90FB
:107C50008F907F906F905F904F903F902F900895FE
:107C6000711033C09B81923009F06AC08091E306A5
:107C7000823009F454C080916D02882361F081E064
:107C80009091E306923009F080E023E04DE651E167
:107C9000642D0E948DE784E08C8307CF8B81813037
:107CA000F9F68091E306813059F180916D028823C5
:107CB000B9F281E09091E306913009F080E023E091
:107CC00041E851E16A810E948DE79B811913ECCE56
:107CD0008091E306811709F45AC080916D028823D0
:107CE00009F4E2CE6B81601B81E09091E3062B8169
:107CF000921380E023E04FE451E10E948DE7D4CE5F
:107D00008091E2061092E206882379F28AE19FE3ED
:107D10000E94EBCE80918408882339F28ACF80912B
:107D2000E2061092E206882309F4A5CF8CEE90E4D7
:107D30000E94EBCE80918408882309F49CCF79CFF0
:107D40002B81233009F0C1CF8091E306833081F08D
:107D500080916D02882309F49ECF81E09091E30623
:107D6000933009F080E023E043E651E1652D91CFA7
:107D70008091E2061092E206882351F38BE792E4A9
:107D80000E94EBCE80918408882311F352CF80911A
:107D9000E2061092E206882309F49FCF83EE93E473
:107DA0000E94EBCE80918408882309F496CF41CFBE
:107DB000EE24E394F12C80CE8091E2061092E2064C
:107DC000882309F494CE86E894E40E94EBCE809157
:107DD0008408882309F48BCE2CCF8091E206109280
:107DE000E206882309F4A3CE0E94792980918408B1
:107DF000882309F49CCE1DCF8091E2061092E20602
:107E0000882309F4BACE0E947C29809184088823B3
:107E100009F4B3CE0ECF8091E2061092E2068823D9
:107E200009F4D3CE0E946E2980918408882309F436
:107E3000CCCEFFCE4F925F926F927F928F929F92A5
:107E4000AF92BF92CF92DF92EF92FF920F931F9368
:107E5000CF93DF93AADA682E61E081E00E940E2FB3
:107E6000C091E40615E0611001C016E00C2F85E01A
:107E7000582E5C0E85E0F82EFC1A84E0E82EEC1AF1
:107E800083E0982E9C1A82E0882E8C1A96E7A92E01
:107E90009FE0B92E2EECC22E2FE0D22E81E0782E5C
:107EA0007C1A4C2E4194C11131C08091E306882385
:107EB00089F080916D02882309F446C081E0909199
:107EC000E306911180E024E04FED5FE0642D0E9415
:107ED0008DE73AC08091E2061092E206882349F3CA
:107EE0000EDB80918408882321F3DF91CF911F91CD
:107EF0000F91FF90EF90DF90CF90BF90AF909F9049
:107F00008F907F906F905F904F900895C13009F0EF
:107F100073C08091E306813009F45CC080916D02EA
:107F2000882391F01F92DF92CF927F9281E090910F
:107F3000E306913009F080E08F930E94002F0F90AC
:107F40000F900F900F900F90611091C0C53009F005
:107F50008EC08091E306853009F4B6C080916D0231
:107F60008111C3C0D6E081E08D0F8C1315C08091C4
:107F7000E3068C1709F4E4C080916D02882361F058
:107F80006C2F601B81E09091E3069C1380E023E05E
:107F90004EE85FE00E948DE782E08D0F8C1313C0E6
:107FA0009091E3069C1709F4DCC080916D02882350
:107FB00051F06C2F601B81E09C1380E023E04BE7C5
:107FC0005FE00E948DE7CF5F5C126DCFDD5FD093E5
:107FD000E1068BCF8091E2061092E206882309F435
:107FE0009DCFB0926A08A09269086BDA80918408EC
:107FF000882309F493CF79CFC23009F0D2C08091A1
:10800000E306823081F080916D02882309F49CCFD1
:1080100081E09091E306923009F080E023E040ECAB
:108020005FE0682D54CF8091E2061092E20688232B
:1080300051F38FE296E40E94EBCE8091840888236E
:1080400011F353CF8091E3068330F1F080916D02FC
:10805000882309F479CF81E09091E306933009F009
:1080600080E023E042EB5FE0692D0E948DE71C1366
:1080700009C08091E306811709F444C080916D0224
:10808000811151C0D12F6FCF8091E2061092E2068C
:108090008823E1F28AED97E40E94EBCE8091840878
:1080A0008823A1F222CF8091E2061092E206882373
:1080B00009F482C08FEA9AE40E94EBCE8091840892
:1080C000882309F479C011CF8091E2061092E2066C
:1080D000882309F443CF89E69CE40E94EBCE80918B
:1080E0008408882309F43ACF00CF81E09091E30619
:1080F000953009F080E023E044EA5FE06F2D0E94B4
:108100008DE730CF8091E2061092E206882309F4D1
:10811000B5CF85ED9DE40E94EBCE80918408882345
:1081200009F4ACCFE2CE6C2F601B81E09091E306A6
:108130009C1380E023E048E95FE00E948DE7A2CF36
:108140008091E2061092E206882309F415CF87E0B9
:108150009FE40E94EBCE80918408882309F40CCF21
:10816000C4CE8091E2061092E206882309F41DCF66
:108170000E94832F20E040E070E060E085E891E518
:10818000DF91CF911F910F91FF90EF90DF90CF90F3
:10819000BF90AF909F908F907F906F905F904F9027
:1081A00011C9C33009F44ECFC43009F0CDCE80914F
:1081B000E306843009F477CF80916D02882309F4B7
:1081C000C3CE81E09091E306943009F080E023E093
:1081D0004DEA5FE06E2D49CF2F923F924F925F9212
:1081E0006F927F928F929F92AF92BF92CF92DF92C7
:1081F000EF92FF920F931F93CF93DF9300D0CDB7F1
:10820000DEB761E081E00E940E2F8091E4068A8350
:108210008B5F898369E7862E69E2962E7FE2672E5F
:1082200071E1772E94E08A81981B9B83AA24A39402
:10823000E2E05E2E83E0B82E9A81B91A452C491AE5
:108240003A2C391A292E21948A8181113EC08091BD
:10825000E3068823C9F080916D02882359F081E0FC
:108260009091E306911180E024E043E051E1622D1A
:108270000E948DE78A818F5F8A8399819813E4CF6A
:1082800085E08093E1060BC08091E2061092E20641
:10829000882309F334D9809184088823E1F20F9070
:1082A0000F900F90DF91CF911F910F91FF90EF9062
:1082B000DF90CF90BF90AF909F908F907F906F9006
:1082C0005F904F903F902F9008959A81913009F0E0
:1082D0004BC010928B0810928F0810928E0810924B
:1082E0008D0810928C088091E3068130F1F0809126
:1082F0006D02882309F4BECF11E08091E30681303E
:1083000009F010E06091E7087091E8088091E908B1
:108310009091EA080E94602500E09C0149EF5FE02F
:10832000632D812F0E948F35A5CF8091E206109298
:10833000E2068823E1F20E9412E848E9C42E42E2F4
:10834000D42EE12CF12C00EC13E420E030E047EADD
:1083500053E467EE78E089EF9FE00E9454E9809152
:108360008408882321F29BCF8A81823009F09DC046
:10837000A0928B0810928F0810928E0810928D0890
:1083800010928C088091E3068230D9F080916D02C2
:10839000882309F46FCF11E08091E306823009F061
:1083A00010E06091EB087091EC088091ED089091DD
:1083B000EE080E94602500E09C0149EF5FE0642D1B
:1083C000B0CF8091E2061092E2068823F9F20E9473
:1083D00012E828E9C22E22E2D22EE12CF12C06EC82
:1083E00012E420E030E046EC52EC6BEE78E089EFEE
:1083F0009FE00E9454E980918408882339F24FCF8E
:1084000050928B0810928F0810928E0810928D084F
:1084100010928C088091E3068330D9F080916D0230
:10842000882309F427CF11E08091E306833009F017
:1084300010E06091EF087091F0088091F108909140
:10844000F2080E94602500E09C0149EF5FE06B2D7F
:1084500068CF8091E2061092E2068823F9F20E942A
:1084600012E888E9C82E82E2D82EE12CF12C00E235
:1084700011E420E030E040E251EC6FEE78E089EF6B
:108480009FE00E9454E980918408882339F207CF45
:108490008091E2061092E206882391F00E947929E9
:1084A00080918408882361F0FACE8A81833009F4B0
:1084B000A7CF843009F0DECE8091E306843041F30B
:1084C00080916D02882309F4D5CE9F928F927F927E
:1084D0006F929B819F9381E09091E306943009F025
:1084E00080E08F930E94002F0F900F900F900F90BD
:1084F0000F900F90BFCE2F923F924F925F926F924C
:108500007F928F929F92AF92BF92CF92DF92EF9223
:10851000FF920F931F93CF93DF9300D000D0CDB77E
:10852000DEB786E00E9407B9898361E081E00E949E
:108530000E2F5090E4062981222309F441C08CEAD1
:1085400090E19E838D8342E6A42E40E1B42E35E077
:10855000350D398385E085198A8393E2892E90E170
:10856000992E84E085198B8383E085198C8382E0C2
:10857000482E451829ED622E20E1722E81E0382E1A
:108580003518252C2194511049C08091E306882389
:1085900001F180916D02882359F081E09091E3060A
:1085A000911180E024E043E051E1622D0E948DE7CB
:1085B000539439815312E7CF86E08093E10615C0CA
:1085C00021E930E13E832D833FE3A32E30E1B32E3A
:1085D000BECF8091E2061092E2068823D1F20E947B
:1085E0007F3A809184088823A1F226960FB6F894EA
:1085F000DEBF0FBECDBFDF91CF911F910F91FF90D6
:10860000EF90DF90CF90BF90AF909F908F907F9032
:108610006F905F904F903F902F90089581E0581297
:1086200021C09091E306913071F080916D02882312
:1086300009F4BECF81E0913009F080E020E24BECFC
:1086400050E1632DB3CF8091E2061092E2068823B9
:1086500061F370926A0860926908809184088823A7
:1086600021F3C3CF92E0591281C09091E30692307A
:1086700071F080916D02882309F49ACF81E09230E5
:1086800009F080E020E248E850E1642D8FCF80912E
:10869000E2061092E206882361F32D813E81309339
:1086A0006A082093690880918408882311F39DCF7C
:1086B0009091E306933071F080916D02882309F464
:1086C00077CF81E0933009F080E020E24FE250E183
:1086D0006C816CCF8091E2061092E206882361F3F0
:1086E000B0926A08A092690880918408882321F3D7
:1086F0007CCF9091E306943071F080916D028823D5
:1087000009F456CF81E0943009F080E020E245E1A1
:1087100050E16B814BCF8091E2061092E2068823F4
:1087200061F390926A088092690880918408882396
:1087300021F35BCF8091E2061092E206882329F1B3
:10874000D12CC12CE12C10E8F12E09E813E420E033
:1087500030E042E952E46DE472E085E090E10E948D
:1087600054E980918408882381F03FCF83E0581634
:1087700009F49ECF94E0591609F4BBCF25E05212BC
:1087800017CF8091E3068530A9F280916D0288238E
:1087900009F40ECF11E08091E306853009F010E076
:1087A00060914D0270914E0280914F029091500263
:1087B0000E94602500E09C0145E050E16A81812F24
:1087C0000E948F35F5CE6F927F928F929F92AF92DB
:1087D000BF92CF92DF92EF92FF920F931F93CF93AE
:1087E000DF9361E081E00E940E2FC091E40645E036
:1087F000742E7C0ED1E0DC1B6C2E6194C11135C04F
:108800008091E3068823B1F080916D02882359F0AE
:1088100081E09091E306911180E024E043E051E192
:10882000662D0E948DE7CF5F7C12E8CF82E08093B7
:10883000E1060CC08091E2061092E206882321F343
:108840000E947F3A809184088823F1F2DF91CF91D2
:108850001F910F91FF90EF90DF90CF90BF90AF905E
:108860009F908F907F906F900895C130E1F6809136
:10887000E3068130E9F080916D028823A1F211E0D6
:108880008091E306813009F010E060916B077091F0
:108890006C0780916D0790916E070E94ED2700E0B4
:1088A0009C014EEE5FE06D2F812F0E948F35BBCF74
:1088B0008091E2061092E2068823E9F260916B074C
:1088C00070916C0780916D0790916E070F94441B17
:1088D0001F921F9227E8822E22E5922E5B016C01E7
:1088E0001AE0E12EF12C00E010E020E030E0A901D8
:1088F0006BE677E08EEE9FE00E941EE80F900F90EF
:1089000080918408882309F4B6CFA0CF2F923F929C
:108910004F925F926F927F928F929F92AF92BF928F
:10892000CF92DF92EF92FF920F931F93CF93DF933B
:1089300000D000D01F921F92CDB7DEB720918B08D8
:10894000288761E081E00E940E2F3091E4063F838A
:10895000E8858E2F90E0880F991F9C012E5E334D85
:108960003C832B8336E0E39FC0011124FC01EA5DC8
:10897000F84FFA83E9839C012C5D384F79015F80C1
:1089800035E0432E450C11E0312E3518252C21946D
:10899000FE82ED82570134E0A30EB11C49E7C42EDC
:1089A00049E2D42E85E0782E75184701E2E08E0E5C
:1089B000911C82E0682E6518FF81F11163C01123BC
:1089C000D9F08091E3061816BCF0409174085091DC
:1089D000750860917608709177084B5F5F4F6F4F15
:1089E0007F4F409374085093750860937608709396
:1089F00077088F5F8093E30680916D02882351F0A2
:108A0000EB81FC816591749130E020E043E0822DA0
:108A10000E944B34F501808180936D08FF81F23014
:108A200009F082C0288520938B0810928F0810923D
:108A30008E0810928D0810928C088091E306823087
:108A400009F45FC080916D02882391F011E080915C
:108A5000E306823009F010E080916D080E94B6C4F0
:108A600000E09C0148EF50E1662D812F0E948F3578
:108A700010E02F812F5F2F8342129ECF86E08093DC
:108A8000E10619C02F81213029F68091E30681305B
:108A900031F080916D02811127C010E0BBCF809131
:108AA000E2061092E2068823A1F30E947F3A8091A9
:108AB0008408882371F328960FB6F894DEBF0FBEA2
:108AC000CDBFDF91CF911F910F91FF90EF90DF907D
:108AD000CF90BF90AF909F908F907F906F905F905E
:108AE0004F903F902F90089581E09091E306913050
:108AF00009F080E024E043E051E1632D0E948DE71E
:108B0000CCCF8091E2061092E206882309F49ACF36
:108B10006AE872E288EF90E10E9413EA809184088B
:108B2000882309F48FCFC7CF3F81333091F58091EF
:108B3000E3068330C1F080916D02882309F498CF59
:108B400011E08091E306833009F010E0ED81FE81B1
:108B5000808191810E9482C463E0651900E09C01DC
:108B60004FEE50E182CF8091E2061092E206882318
:108B700011F310E000E02BEE30E045E050E0B701EB
:108B80008FEE90E10E94DCE980918408882399F2BD
:108B900092CFFF81F43091F58091E3068430B9F0F3
:108BA00080916D02882309F463CF11E08091E30680
:108BB000843009F010E0F401808191810E9482C428
:108BC00064E0651900E09C014AEE50E14ECF8091CF
:108BD000E2061092E206882319F310E000E02EE688
:108BE00030E045E050E069817A818AEE90E10E94B0
:108BF000DCE980918408882399F25DCFFF81F5300C
:108C000009F037CF8091E3068530E1F080916D0265
:108C1000882309F42DCFDF92CF928FE291E19F93C9
:108C20008F937F9281E09091E306953009F080E088
:108C30008F930E94002F0F900F900F900F900F9026
:108C40000F9016CF8091E2061092E2068823F1F28F
:108C50000E947929809184088823C1F22CCF5F92E9
:108C60006F927F928F929F92AF92BF92CF92DF923C
:108C7000EF92FF920F931F93CF93DF93CDB7DEB7A1
:108C800060970FB6F894DEBF0FBECDBF80E1E8E17C
:108C9000F4E0DE01119601900D928A95E1F761E012
:108CA00081E00E940E2FD090E4069D2C65E0862E78
:108CB0008D0C7D2C719473E0672ED11014C08091BF
:108CC000E306882309F4D0C080916D02882359F00F
:108CD00081E09091E306911180E024E041E55FE0BE
:108CE000672D0E948DE7AA24A394B12C5D2C5918FE
:108CF000DA102FC08FEF8A0D80938B0810928F08A7
:108D000010928E0810928D0810928C088091E306C4
:108D10008D1509F4CDC080916D028823D1F011E04A
:108D20008091E3068D1110E0F501EE0FFF1FEE0FAD
:108D3000FF1FED56F74F60A171A182A193A10E9480
:108D4000632800E09C0142EF5EE0652D812F0E94C8
:108D50008F35CA2C81E08A0D9FEFA91AB90A94E0D9
:108D6000A916B10429F68D112CC060928B081092BF
:108D70008F0810928E0810928D0810928C088091A6
:108D8000E3068D1509F4BEC080916D028823C9F0F9
:108D9000BD2CB91811E08091E3068D1110E06091AF
:108DA000C3087091C4088091C5089091C6080E94BC
:108DB000632800E09C0142EF5EE06B2D812F0E9452
:108DC0008F3582E08C0D8D1122C08091E3068D15C8
:108DD00009F4B6C080916D028823C9F0BD2CB91882
:108DE00011E08091E3068D1110E06091D30870913D
:108DF000D4088091D5089091D6080E94632800E09D
:108E00009C014DEE5EE06B2D812F0E948F3583E03B
:108E10008C0D8D1121C08091E3068D1509F4ADC034
:108E200080916D028823C1F011E08091E3068D11DD
:108E300010E06091D7087091D8088091D90890917E
:108E4000DA080E94632800E09C014EED5EE06D2D83
:108E50006919812F0E948F35D3948D102ECF84E015
:108E60008C0D8093E1060EC08091E2061092E2061E
:108E7000882309F429CF0E947F3A809184088823AF
:108E800009F422CF60960FB6F894DEBF0FBECDBFB7
:108E9000DF91CF911F910F91FF90EF90DF90CF90D6
:108EA000BF90AF909F908F907F906F905F9008954C
:108EB0008091E2061092E206882309F42CCF0E94EA
:108EC00012E8B501660F771F660F771FFB01349715
:108ED00081E090E08C0F9D1FE80FF91FE080F1808A
:108EE000028113816D54774F20E030E040E85FE36A
:108EF00082EF9EE00E9490E880918408882309F424
:108F00000ACFC0CF8091E2061092E206882309F4CE
:108F10003BCF0E9412E8E12C1CE3F12E0CE116E499
:108F200020E030E040E85FE363EC78E082EF9EE031
:108F30000E9490E880918408882309F425CFA2CF6D
:108F40008091E2061092E206882309F443CF0E9442
:108F500012E8E12C1CE3F12E0CE116E420E030E0F5
:108F6000A90163ED78E08DEE9EE00E9490E880918B
:108F70008408882309F42ECF85CF8091E2061092D1
:108F8000E206882309F44CCF0E9412E8E12C1CE38E
:108F9000F12E0CE116E420E030E0A90167ED78E065
:108FA0008EED9EE00E9490E880918408882309F469
:108FB00037CF68CF2F923F924F925F926F927F92FE
:108FC0008F929F92AF92BF92CF92DF92EF92FF92D9
:108FD0000F931F93CF93DF9300D000D01F921F9267
:108FE000CDB7DEB7009197081091980820919908A5
:108FF00030919A0880919B0890919C08A0919D08BF
:10900000B0919E0880179107A207B30710F4D90109
:10901000C80100919308109194082091950830910F
:109020009608BC01CD01601771078207930710F401
:10903000C901B8010F9484152B013C0161E081E066
:109040000E940E2F2091E40628872A83822F8B5FAF
:10905000898387E0922F821B8B8386E0821B8C831F
:1090600085E0821B8D8384E0821B8E8383E0821BDC
:109070008F8322E0322E391A292E2194288521113E
:1090800042C08091E3068823C9F080916D02882355
:1090900059F081E09091E306911180E024E041E5F0
:1090A0005FE0622D0E948DE798859F5F98872981F8
:1090B0002913E4CF88E08093E1060CC08091E2069A
:1090C0001092E206882309F30E947F3A8091840877
:1090D0008823D9F228960FB6F894DEBF0FBECDBF15
:1090E000DF91CF911F910F91FF90EF90DF90CF9084
:1090F000BF90AF909F908F907F906F905F904F90B8
:109100003F902F9008958885813009F06BC0809141
:10911000E3068130F9F080916D02882329F211E095
:109120008091E306813009F010E06091C7087091EA
:10913000C8088091C9089091CA080E94632861E01C
:109140002A81621B00E09C014EE25FE0812F0E94B9
:109150008F35AACF8091E2061092E2068823D9F2D9
:109160000E9412E82AE037ED43E25DE36091C70810
:109170007091C8088091C9089091CA080F94E515AC
:109180000F94441B5B016C0121E0A21AB108C108D5
:10919000D1082AE037ED43E25DE3C301B2010F9449
:1091A000E5150F94441B7B018C0121E0E21AF108C4
:1091B000010911091F921F929BE9892E92E5992EB0
:1091C00021E030E040E050E067EC78E08EE29FE0A4
:1091D0000E941EE80F900F9080918408882309F464
:1091E0009ACF78CF8885823009F08AC18091E306D2
:1091F0008230D9F080916D02882309F455CF11E0B7
:109200008091E306823009F010E06091CB08709104
:10921000CC088091CD089091CE080E94632800E090
:109220009C0140E25FE0632D91CF8091E2061092B5
:10923000E2068823F9F20E9412E860919F0870917B
:10924000A0088091A1089091A2080F9484157B0139
:109250008C0120E030E048EC52E46BEC78E080E2F6
:109260009FE00E9490E880918408882319F232CF11
:109270008091E3068330D9F080916D02882309F450
:1092800013CF11E08091E306833009F010E0609184
:10929000CF087091D0088091D1089091D2080E9497
:1092A000632800E09C0144E15FE06F814FCF809133
:1092B000E2061092E2068823F9F20E9412E82AE000
:1092C00037ED43E25DE36091CF087091D008809163
:1092D000D1089091D2080F94E5150F94441B5B01BF
:1092E0006C0121E0A21AB108C108D1082AE037EDCB
:1092F00043E25DE3C301B2010F94E5150F94441BF3
:109300007B018C0121E0E21AF108010911091F9289
:109310001F928BE9882E82E5982E21E030E040E014
:1093200050E06FEC78E084E19FE00E941EE80F902F
:109330000F9080918408882309F49ECFCBCE1092A1
:109340008B0810928F0810928E0810928D08109240
:109350008C088091E3068430D9F080916D028823D7
:1093600009F4A2CE11E08091E306843009F010E008
:109370006091930870919408809195089091960857
:109380000E94412800E09C0149E05FE06E81DECE52
:109390008091E2061092E2068823F9F20E9412E818
:1093A0000CEE18E224E630E040E050E063E978E0BB
:1093B00089E09FE00E94F2E880918408882369F2A6
:1093C00089CE81E080938B0810928F0810928E08CE
:1093D00010928D0810928C088091E3068530D9F0A8
:1093E00080916D02882309F45FCE11E08091E3063D
:1093F000853009F010E0609197087091980880918D
:10940000990890919A080E94412800E09C0149E047
:109410005FE06D819BCE8091E2061092E206882388
:10942000F9F20E9412E80AEE18E224E630E040E089
:1094300050E067E978E089E09FE00E94F2E88091DF
:109440008408882369F246CE82E080938B081092CC
:109450008F0810928E0810928D0810928C088091BF
:10946000E3068630D9F080916D02882309F41CCE82
:1094700011E08091E306863009F010E060919B08CE
:1094800070919C0880919D0890919E080E944128AF
:1094900000E09C0149E05FE06C8158CE8091E206DB
:1094A0001092E2068823F9F20E9412E808EE18E210
:1094B0002AE030E040E050E06BE978E089E09FE0AE
:1094C0000E94F2E880918408882369F203CE80919B
:1094D000E2061092E206882339F10E9412E806EEB5
:1094E00018E224E630E040E050E06FE978E08EEFEB
:1094F0009EE00E94F2E8809184088823A9F0EACDDA
:109500008885833009F4B4CE843009F418CF8530CF
:1095100009F457CF863009F497CF873009F0C4CDCE
:109520008091E306873099F280916D02882309F4D7
:10953000BBCD11E08091E306873009F010E0609127
:109540009F087091A0088091A1089091A2080E94A4
:10955000412800E09C014EEF5EE06B81F7CD2F9239
:109560003F924F925F926F927F928F929F92AF92B3
:10957000BF92CF92DF92EF92FF920F931F93CF9300
:10958000DF93CDB7DEB766970FB6F894DEBF0FBE98
:10959000CDBF61E081E00E940E2F7090E4067D8ACD
:1095A00025E0270D2E8B272C2194711014C080915B
:1095B000E306882309F480C080916D02882359F066
:1095C00081E09091E306911180E024E041E55FE0C5
:1095D000622D0E948DE780E1E8E2F4E0DE01119661
:1095E00001900D928A95E1F76EEF362E4424439454
:1095F000512C672C8D89681A91E0931508F4E9C005
:1096000074104AC08FEF840D80938B0810928F08DE
:1096100010928E0810928D0810928C088091E306AB
:10962000871509F470C080916D028823A9F111E0BB
:109630008091E306871110E0F201EE0FFF1FEE0F9D
:10964000FF1FE45DF84FC080D180E280F38020E00E
:1096500030E0A901C701B6010F9480152DEB37E367
:1096600046E055E387FF04C02DEB37E346E055EBBA
:10967000C701B6010F94001A698B7A8B8B8B9C8B78
:10968000CE0141960E9438C500E09C014BE35FE0AB
:10969000662D812F0E948F3581E0840D9FEF491A3E
:1096A000590A339422E03212A7CF73949E899711FE
:1096B0007CCF8093E1060EC08091E2061092E20614
:1096C000882309F479CF0E947F3A80918408882307
:1096D00009F472CF66960FB6F894DEBF0FBECDBF09
:1096E000DF91CF911F910F91FF90EF90DF90CF907E
:1096F000BF90AF909F908F907F906F905F904F90B2
:109700003F902F9008958091E2061092E206882300
:1097100009F489CF0E9412E84201880C991C880C38
:10972000991C840104501109F801E05DF84F20E014
:1097300030E048EC52E460817181828193810F9422
:10974000E5152FE632E143E85AE30F94001A0F942F
:10975000441B5B016C012AE0A21AB108C108D108C0
:10976000E1E0F0E0EC0FFD1FE00FF11F20E030E042
:1097700048EC52E460817181828193810F94E515F8
:109780002FE632E143E85AE30F94001A0F94441B8A
:109790007B018C012AE0E21AF10801091109C401D8
:1097A000845D984F1F921F9251E9852E52E5952EA8
:1097B0002AE030E040E050E0BC018BE39FE00E94F3
:1097C0001EE80F900F9080918408882309F42BCF16
:1097D00081CF74102EC08FEF840D80938B08109270
:1097E0008F0810928E0810928D0810928C0880912C
:1097F000E306871509F180916D028823D1F011E00D
:109800008091E306871110E0F201EE0FFF1FEE0FCB
:10981000FF1FE45DF84F60817181828193810E9416
:10982000ED2700E09C014BE35FE0662D812F0E9455
:109830008F3584E0830D32CF8091E2061092E206EC
:109840008823C9F20E9412E84201880C991C880CF6
:10985000991C840104501109F801E05DF84F608102
:109860007181828193810F94441B5B016C0121E023
:10987000A21AB108C108D108E1E0F0E0EC0FFD1F29
:10988000E00FF11F60817181828193810F94441BED
:109890007B018C0121E0E21AF10801091109C401E0
:1098A000845D984F1F921F9227E8822E22E5922E08
:1098B00021E030E040E050E0BC018BE39FE00E94FB
:1098C0001EE80F900F9080918408882309F493CFAD
:1098D00001CF2F923F924F925F926F927F928F9221
:1098E0009F92AF92BF92CF92DF92EF92FF920F932F
:1098F0001F93CF93DF9300D01F921F92CDB7DEB797
:1099000061E081E00E940E2F2091E4062C832A83DF
:10991000822F8B5F8983922F91959B8384E0482EC1
:10992000421AFC81F11114C08091E306882309F4E6
:109930008AC080916D02882359F081E09091E306FE
:10994000911180E024E041E55FE06B810E948DE7AA
:1099500043E9642E48E0742E21E02D833C803A9444
:109960002C808A81281A9C81ED819E1328C0309218
:109970008B0810928F0810928E0810928D0810920A
:109980008C088091E306891709F483C080916D02E9
:109990008823A9F011E08091E306FD818F1310E088
:1099A000F30164897589868997890E94722600E08F
:1099B0009C0146E45FE0622D812F0E948F355D801F
:1099C000F4E06F0E711C21E0250D2D83243059F633
:1099D0008C81843069F593E090938B0810928F0806
:1099E00010928E0810928D0810928C088091E306D8
:1099F000843009F493C080916D028823C9F0F1E0AE
:109A0000FD838091E306843009F01D826091B308E4
:109A10007091B4088091B5089091B6080E947226A2
:109A200000E09C0146E45FE0642D8D810E948F354B
:109A30002C812F5F2C838981821373CF539453948D
:109A40005092E1060EC08091E2061092E206882351
:109A500009F46FCF0E947F3A80918408882309F42B
:109A600068CF0F900F900F900F900F90DF91CF91D4
:109A70001F910F91FF90EF90DF90CF90BF90AF902C
:109A80009F908F907F906F905F904F903F902F901E
:109A900008958091E2061092E206882309F476CFB9
:109AA0000E9412E820E030E048EC52E4F3016489BF
:109AB0007589868997890F94E5152FE632E143E889
:109AC0005AE30F94001A0F94441B5B016C01F4EFEE
:109AD000AF1AF1E0BF0AC108D10884EE98E29F9363
:109AE0008F932CE8822E22E5922E18EEE12E1FE3B2
:109AF000F12E0FE010E024EF31E040E050E0B30140
:109B00006C5E7F4F86E49FE00E941EE80F900F90EE
:109B100080918408882309F439CFA3CF8091E2068D
:109B20001092E206882309F466CF0E9412E820E032
:109B300030E048EC52E46091B3087091B408809131
:109B4000B5089091B6080F94E5152FE632E143E889
:109B50005AE30F94001A0F94441B5B016C01E4EF6D
:109B6000AE1AE1E0BE0AC108D10882EE98E29F93E6
:109B70008F938CE8882E82E5982E18EEE12E1FE355
:109B8000F12E0FE010E024EF31E040E050E063EB15
:109B900078E086E49FE00E941EE80F900F9080918D
:109BA0008408882309F427CF5CCF6F927F928F922D
:109BB0009F92AF92BF92CF92DF92EF92FF920F935C
:109BC0001F93CF93DF9361E081E00E940E2FC0913D
:109BD000E40695E0892E8C0ED4E0DC1B23E0922E67
:109BE000792C7C1A82E0B82EBC1A81E0A82EAC1A1F
:109BF0006C2E6194C11135C08091E3068823B1F0C9
:109C000080916D02882359F081E09091E3069111D3
:109C100080E024E041E55FE0662D0E948DE7CF5FA4
:109C20008C12E8CF85E08093E1060CC08091E206BB
:109C30001092E206882321F30E947F3A80918408E3
:109C40008823F1F2DF91CF911F910F91FF90EF9058
:109C5000DF90CF90BF90AF909F908F907F906F904C
:109C60000895C13069F59091E3069130B9F0809183
:109C70006D028823A1F281E0913009F080E090919B
:109C80000E092DEC3EE0911102C029EC3EE001E00E
:109C900041ED5EE06A2D0E948F35C1CF8091E206D2
:109CA0001092E206882319F380910E098C27809385
:109CB0000E0990926D02809184088823C1F2C2CF70
:109CC000C23009F07FC08091E3068230C1F08091FC
:109CD0006D02882309F4A3CF11E08091E30682305E
:109CE00009F010E080917502909176020E9482C482
:109CF00000E09C0142EC5EE06B2D812FCCCF809187
:109D0000E2061092E206882311F310E000E02BEE49
:109D100030E050E040E065E772E082EC9EE00E94B7
:109D2000DCE980918408882391F28CCF8091E3064E
:109D30008330B9F080916D02882309F470CF11E06F
:109D40008091E306833009F010E080916F029091DA
:109D500070020E9482C400E09C014BEB5EE0672D24
:109D6000CCCF8091E2061092E206882319F310E02E
:109D700000E02BEE30E050E040E06FE672E08BEB6D
:109D80009EE00E94DCE980918408882399F25ACFF2
:109D90008091E2061092E2068823F1F0D12CC12CCA
:109DA000E12CF12C00E211E420E030E0A90161E7B0
:109DB00072E081EB9EE00E9454E980918408882340
:109DC00059F040CFC33009F4B1CFC43009F027CFE8
:109DD0008091E3068430E1F280916D02882309F4DA
:109DE0001ECF11E08091E306843009F010E060910D
:109DF00071027091720280917302909174020E94BC
:109E0000602500E09C0141EB5EE06D2F76CF2F9244
:109E10003F924F925F926F927F928F929F92AF92FA
:109E2000BF92CF92DF92EF92FF920F931F93CF9347
:109E3000DF9300D000D0CDB7DEB761E081E00E94B3
:109E40000E2F3090E4063A8225E0230D298381E02D
:109E500083198C83332D31953D8382E083198E8362
:109E60003110ADC08091E306882309F481C0809150
:109E70006D02882359F081E09091E306911180E012
:109E800024E041E55FE06D810E948DE7809123072A
:109E9000882309F46AC1F2E03F1225C08091E306ED
:109EA000823009F4C6C080916D028823E1F011E090
:109EB0008091E306823009F010E0E0910D0994E012
:109EC000E99FF0011124E55EF84F60817181828184
:109ED00093810E945B2700E09C0148E95EE06E816F
:109EE000812F0E948F35712C612C63E0262EE32D8B
:109EF000FA81EF1BEB8332102DC060928B08109219
:109F00008F0810928E0810928D0810928C08809104
:109F1000E306831509F4DDC080916D028823D1F03A
:109F200011E08091E306821110E0F301EE0FFF1FB4
:109F3000EE0FFF1FE55EF84F608171818281938192
:109F40000E945B2700E09C0147E85EE06B81812F67
:109F50000E948F359FEF691A790AE4E02E12B6C08D
:109F600085E03394F981F3117BCF8093E1060EC035
:109F70008091E2061092E206882309F478CF0E94CD
:109F80007F3A80918408882309F471CF26960FB612
:109F9000F894DEBF0FBECDBFDF91CF911F910F911F
:109FA000FF90EF90DF90CF90BF90AF909F908F90F9
:109FB0007F906F905F904F903F902F90089581E039
:109FC000381264CF8091E3068130D1F080916D0228
:109FD000882309F45BCF81E09091E306913009F08A
:109FE00080E0909123072DEC3EE0911102C029EC16
:109FF0003EE001E047EA5EE06C810E948F3546CF8B
:10A00000809123079091E2061092E2069923F1F2E3
:10A0100083258093230793E090936D02E3EBF6E8AA
:10A02000EF2B11F00E94B38680918408882371F28F
:10A03000ADCF8091E2061092E206882309F433CF77
:10A040000E9412E860900D0924E0629E3001112404
:10A05000C301855E984F3C0120E030E04AE754E4BC
:10A06000FC0160817181828193810F94E51527E164
:10A0700037EB41ED58E30F94001A0F94441B5B013A
:10A080006C01FCEDAF1AF5E0BF0AC108D10823EB63
:10A0900036E83F932F937FEA872E72E5972E16EDD1
:10A0A000E12E16E0F12E00E010E02CED35E040E06E
:10A0B00050E0B30188E99EE00E941EE80F900F90E7
:10A0C00080918408882309F4EECE60CF54E0252ED9
:10A0D00012CF8091E2061092E206882309F41CCF89
:10A0E0000E9412E8C301880F991F880F991F9C01D5
:10A0F000255E384F290120E030E04AE754E4F201C0
:10A1000060817181828193810F94E51527E137EB9E
:10A1100041ED58E30F94001A0F94441B5B016C014E
:10A12000FCEDAF1AF5E0BF0AC108D10823EB36E811
:10A130003F932F933FEA832E32E5932E16EDE12EC7
:10A1400016E0F12E00E010E02CED35E040E050E0AC
:10A15000B20187E89EE00E941EE80F900F90809168
:10A160008408882309F4D8CE11CF82E0FACE2F924A
:10A170003F924F925F926F927F928F929F92AF9297
:10A18000BF92CF92DF92EF92FF920F931F93CF93E4
:10A19000DF9300D0CDB7DEB74C013B015A012B83D2
:10A1A000232E280181E080930C094091740850917E
:10A1B0007508609176087091770841155105610521
:10A1C000710571F0141615060CF080E08093DA0624
:10A1D0001092740810927508109276081092770801
:10A1E0001091DA063090E2061092E206311005C0B6
:10A1F00080916D02882309F46FC0C2010E941ECEB7
:10A20000082F80E0C114D10419F0C6010E941ECEAF
:10A210001A821982E114F104B1F4402F50E0282F82
:10A2200030E0CA01820F931F46976CF485E190E0FD
:10A23000841B950B821B930B97FD01969595879533
:10A240008A8381E0898301E027E537E8A201BE0126
:10A250006F5F7F4FCE0102960E94D731E114F10467
:10A2600091F08A81882321F01A8289818F5F898306
:10A2700000E02AE537E8A701BE016F5F7F4FCE01FE
:10A2800002960E94D731C114D10459F000E027E5AD
:10A2900037E8A601BE016F5F7F4FCE0102960E9494
:10A2A000D73141E04127B30181E00E9471EEC40142
:10A2B0000E941ECE412FB40194E1981B892F0E9469
:10A2C00071EE332049F0111102C0AB80B22CA11401
:10A2D000B104C1F0F50119950F900F900F90DF9127
:10A2E000CF911F910F91FF90EF90DF90CF90BF9093
:10A2F000AF909F908F907F906F905F904F903F9026
:10A300002F9008950E947F3AE7CFCF92DF92EF928D
:10A31000FF920F931F9383E6C82E8FE0D82EF12C67
:10A32000E12C0BE71FE030E020E048E65AE365E669
:10A330007FE08EE69FE01BDF1F910F91FF90EF9073
:10A34000DF90CF900895AF92BF92CF92DF92EF92BD
:10A35000FF920F931F93CF93DF93CDB7DEB7ADB6C8
:10A36000BEB684E79EE00E941ECE90E001962DB717
:10A370003EB7281B390B0FB6F8943EBF0FBE2DBF5A
:10A380008DB79EB701967C0164E77EE00F94C814F8
:10A39000E0916D08E15010E000E0E43038F4F0E0C6
:10A3A000EE0FFF1FE753FB4F0081118181E6C82E9E
:10A3B0008EE0D82E21E63AE348E65AE363E67EE0F3
:10A3C0008AE69EE0D4DE0FB6F894BEBE0FBEADBEE8
:10A3D000DF91CF911F910F91FF90EF90DF90CF9081
:10A3E000BF90AF9008950F931F93CF93DF93FC011D
:10A3F000EB018091740890917508A0917608B09156
:10A400007708B7FD76C0409178085091790860913F
:10A410007A0870917B08481759076A077B0714F47C
:10A42000DB01CA018093740890937508A0937608A5
:10A43000B093770820916D022223C1F040917C08EF
:10A4400050917D0860917E0870917F088C019D017C
:10A45000040F151F261F371FC901B8011995BC012C
:10A4600080918208909183080E94DE348091E206F8
:10A47000811109C080917108882309F43EC0809140
:10A480006D028823D1F18091800890918108009716
:10A49000B1F0409174085091750860917608709100
:10A4A000770800917C0810917D0820917E083091FA
:10A4B0007F08400F511F621F731FFE011995E09125
:10A4C0007208F0917308309741F080917108811102
:10A4D00003C08091E206811119958091E2061092E5
:10A4E000E206882351F0DF91CF911F910F910C94D8
:10A4F0007F3A80E090E0DC0195CFDF91CF911F9112
:10A500000F9108956FE672E28BE298E26CCF6CEEE9
:10A5100072E285E298E267CF64EC72E28CE497E243
:10A5200062CF6AEF72E282EA98E25DCF64E173E2A1
:10A5300088E598E258CF6AE273E286E998E253CF61
:10A540006EED72E28FE998E24ECF6AEA72E283E63C
:10A5500096E249CF6EE373E288E298E244CF62E488
:10A5600073E28EED97E23FCF4F925F926F927F92B0
:10A570008F929F92AF92BF92CF92DF92EF92FF9213
:10A580001F93CF93DF93CDB7DEB760970FB6F894E4
:10A59000DEBF0FBECDBF0E948EEB6B017C018091B0
:10A5A00011028F3F09F44DC00E948EEB809083060C
:10A5B00090908406A0908506B09086066819790967
:10A5C0008A099B0997FD3DC08091F6100E94983042
:10A5D0009091F7108917A9F18091110240E050E0A5
:10A5E00065E073E4843050F424E0829FF00111248C
:10A5F000E45AFB4F40815181628173814D875E87B0
:10A600006F87788B19821A821B821C821D821E82A0
:10A610001F82188619861A861B861C864091820620
:10A62000833011F040910D099E012F5F3F4FBE0115
:10A63000635F7F4F88E094E00E9448B18FEF809382
:10A6400011020E940B308091900682FF33C08091EE
:10A650008D06811131C091E090938D068091100993
:10A6600089278093E2061092100983E080936D029F
:10A67000109290060E948EEB6C507E4F8F4F9F4F32
:10A68000609391067093920680939306909394063C
:10A6900068E873E182E090E00E94F2CD16E011508C
:10A6A00059F00E9456CA62E070E080E090E00E949B
:10A6B0005BEBF5CF10928D06809108099091090906
:10A6C000A0910A09B0910B09A7019601281B390B2B
:10A6D0004A0B5B0BDA01C901B7FF05C08091DB06AD
:10A6E000882309F492C1D701C6018C599F4FAF4FFF
:10A6F000BF4F8093080990930909A0930A09B0936A
:10A700000B0960918E06062E000C770B77FF03C0B5
:10A7100071956195710961115AC08091E2068111AC
:10A72000CEC080913011909131118657954541F4FA
:10A7300080911202882309F4D4C0815080931202C0
:10A740000E945BA18090120790901307A0901407BD
:10A75000B090150781110E9468A1D501C4013AE0AB
:10A76000B695A795979587953A95D1F78F3F4FEF77
:10A770009407A105B10520F08FEF9FEFA0E0B0E0B6
:10A780009695879520916D022111BDC03091DB0611
:10A7900031116AC1809130119091311186579545E0
:10A7A00009F449C180910C09811145C18091890644
:10A7B00090918A06A0918B06B0918C06C81AD90A8E
:10A7C000EA0AFB0AF7FC45C10E94613A42C1809146
:10A7D000890821E030E040E050E0882309F450C0CF
:10A7E0008090850890908608A0908708B09088088F
:10A7F00081149104A104B104B9F170E090E080E00B
:10A800000F9484152B013C01C701B6016819790921
:10A810008A099B090F9484159B01AC01C301B20105
:10A820000F94DC1A20E030E04AE754E40F94E51579
:10A830004B015C0120E030E040E253E40F94261C21
:10A8400024E630E040E050E087FF12C020E030E036
:10A8500046E952E4C501B4010F94261C2AE030E019
:10A8600040E050E087FF04C021E030E040E050E0ED
:10A87000C0928508D0928608E0928708F0928808F6
:10A88000A0918E060A2E000CBB0B0F94A21980908B
:10A89000740890907508A0907608B0907708DC0155
:10A8A000CB01880D991DAA1DBB1D80937408909340
:10A8B0007508A0937608B093770810928E06D7019A
:10A8C000C601805A9541AF4FBF4F80938906909340
:10A8D0008A06A0938B06B0938C0681E080936D026C
:10A8E00020CF8CE080931202809187069091880699
:10A8F000009729F00197909388068093870681E05E
:10A9000080936D021DCF009741F0409187065091D2
:10A9100088064817590708F03DCF8091DB06811162
:10A9200012C0223038F0243008F441C0243011F431
:10A9300010926D0282E391E10E94C63281E0809321
:10A94000DC068093DB0683E00E94523181E0809335
:10A950005611E0913011F091311119951092DC06E9
:10A960008091DB06811127C01092E20680913011A0
:10A97000909131118657954509F014CF0E948EEBC6
:10A98000DC01CB018C199D09AE09BF0980908706B7
:10A9900090908806B12CA12C88169906AA06BB06B1
:10A9A00008F0F8CE9093880680938706F3CE81E076
:10A9B00080936D02BFCF86E391E10E94A4EE91E007
:10A9C000811101C090E09093DB06882369F28091A9
:10A9D00030119091311186579545B9F40E948EEB54
:10A9E000DC01CB018C199D09AE09BF09C090870617
:10A9F000D0908806F12CE12CC816D906EA06FB0691
:10AA000020F4909388068093870660960FB6F8949A
:10AA1000DEBF0FBECDBFDF91CF911F91FF90EF90B2
:10AA2000DF90CF90BF90AF909F908F907F906F906E
:10AA30005F904F90089540E6C40E4AEED41EE11C8C
:10AA4000F11CC0928906D0928A06E0928B06F092A1
:10AA50008C068091DB068111D8CF80916D02813008
:10AA6000A1F610926D02D1CF009709F46CCF4DCFB3
:10AA7000CF9380919506811109C082E59EE0909365
:10AA8000D9068093D80681E0809395060E94832F93
:10AA900020E040E070E060E08DEC94E30E94E23959
:10AAA000C1E0C0930C090E943BA110920C090E94C6
:10AAB0007F3AC0930C0960E082E494E40E94D02FB6
:10AAC0008EE49EE090936A0880936908CF91089580
:10AAD00090918E1294FB882780F994FF06C081E044
:10AAE00090912C10911101C080E008952F923F9217
:10AAF0004F925F926F927F928F929F92AF92BF928E
:10AB0000CF92DF92EF92FF920F931F93CF93DF9339
:10AB1000CDB7DEB760970FB6F894DEBF0FBECDBFDE
:10AB200010928908E091F70FF091F80F309721F01B
:10AB3000199581110E94FAE38091E2061092E206D3
:10AB4000882319F120E040E070E060E08BE198EDAF
:10AB50000E94E2390E94D53060960FB6F894DEBFAD
:10AB60000FBECDBFDF91CF911F910F91FF90EF905E
:10AB7000DF90CF90BF90AF909F908F907F906F901D
:10AB80005F904F903F902F9008952091190230913F
:10AB90001A024091740850917508CA01820F931FE0
:10ABA0002436310509F0EAC34730510544F00697D1
:10ABB0008A3091050CF0F1C38AE090E0F8C3069664
:10ABC0004A3F5F4FACF38091DC06882309F467C1EC
:10ABD0006091A3107091A410072E000C880B990BA4
:10ABE0000F94861511E020919F103091A010409194
:10ABF000A1105091A2100F94261C18160CF010E012
:10AC00006091CF107091D010072E000C880B990B1B
:10AC10000F9486152091CB103091CC104091CD101F
:10AC20005091CE100F94261C18160CF412606091EF
:10AC3000670770916807072E000C880B990B0F941B
:10AC40008615209163073091640740916507509104
:10AC500066070F94261C18160CF4146010938106D6
:10AC60002091C60F3091C70F4091C80F5091C90F66
:10AC700060910C0470910D0480910E0490910F046A
:10AC80000F94001A6B017C012091CA0F3091CB0FF9
:10AC90004091CC0F5091CD0F609110047091110430
:10ACA00080911204909113040F94001A4B015C01DF
:10ACB0002091C20F3091C30F4091C40F5091C50F26
:10ACC000609108047091090480910A0490910B042A
:10ACD0000F94001A69837A838B839C83CD82DE82F2
:10ACE000EF82F88689869A86AB86BC8642E050E081
:10ACF000C501B4010E94EAC44B015C0180E2B7FEC9
:10AD000009C0B094A09490948094811C911CA11CC3
:10AD1000B11C8DE28093E60660E2B0E18B16B7E2EB
:10AD20009B06A104B1048CF0C501B40120E137E217
:10AD300040E050E00F947C19CA01B9012AE030E0EC
:10AD400040E050E00F947C19605D6093E70660E29C
:10AD5000E8EE8E16E3E09E06A104B1048CF0C50176
:10AD6000B40128EE33E040E050E00F947C19CA01B2
:10AD7000B9012AE030E040E050E00F947C19605DBA
:10AD80006093E806C501B40124E630E040E050E0FD
:10AD90000F947C196AE0462E512C612C712CCA014B
:10ADA000B901A30192010F947C19605D6093E906DB
:10ADB000C501B401A30192010F947C19162FCA0199
:10ADC000B901A30192010F947C19112309F4FFC268
:10ADD0008EE28093EA06605D6093EB06105D10934F
:10ADE000EC0666EE76E089E796E00F94371ECE011A
:10ADF00001960E94EBC6BC0184E796E00F94371ED3
:10AE0000CE0105960E94EBC6BC018FE696E00F943A
:10AE1000371E80918E1224E683FD27C059DE8823D9
:10AE200009F4E7C28091861290918712A09188124E
:10AE3000B09189120097A105B10509F4DAC2BC01ED
:10AE4000CD016D597F4F8F4F9F4F24E630E040E09A
:10AE500050E00F945A1960918A1270918B12809170
:10AE60008C1290918D120F945A1920936E06809136
:10AE700010028217A1F020931002F8E42F9FB00176
:10AE8000112490E080E00F9484152AE037ED43E22E
:10AE90005CE30F94E5150F94491B60936D0681E008
:10AEA0000E94523180918106982F947042E102E015
:10AEB00082FF02C048E00CE080916A11843180F486
:10AEC00080916C11841760F0992309F494C285E194
:10AED0009EE07C0123E060E586E391E10E94BDEF06
:10AEE0000E94EE28382E80916A118431B8F4809146
:10AEF0006C11823098F0332009F480C280910F09E0
:10AF0000882309F47BC289ED9DE07C0102E123E006
:10AF100042E068E686E391E10E94BDEF80916A110C
:10AF20008C3108F0D7C02BE9822E20E1922E1FE051
:10AF3000D12CC12C39E0432E512C612C712C4CE1C9
:10AF4000242E3C2DD40114968D919D910D90BC9191
:10AF5000A02D8D879E87AF87B88BF401A084B18424
:10AF600080916A11843118F580916C118830F8F065
:10AF700062E2C11001C068E0F601E65AFB4F208191
:10AF80008091810690E002C0959587953A95E2F709
:10AF9000F601EE0FFF1F80FF34C2E156F24FE5903D
:10AFA000F4900CE048E086E391E10E94BDEF8091CF
:10AFB0006A11883048F4B7FE27C247E95DE067E0D0
:10AFC00087EF810F0E94BF3280916A118C31C8F4E3
:10AFD00080916C118431A8F020E030E040E05FE324
:10AFE0006D857E858F8598890F94001A0F94441B78
:10AFF00077FF35C247E95DE06CE187EF810F0E9482
:10B00000BF323FEFC31AD30A4CE2840E911C165E86
:10B01000133409F096CF8090630790906407A09056
:10B020006507B090660780916A11883060F480915E
:10B0300067079091680797FF3CC247E95DE067E0CA
:10B0400081E50E94BF3280916A118C31B0F4809109
:10B050006C11843190F020E030E040E05FE3C50106
:10B06000B4010F94001A0F94441B77FF50C247E9B4
:10B070005DE06CE181E50E94BF3280916A118C3104
:10B0800048F580916C11843128F180910F09882353
:10B0900009F1B4E68B9FC001112481589F4F6FEFD7
:10B0A00070E00F94D819CB010E9482C427E6209348
:10B0B0006D112CE120936E110E94DB3485E290E04B
:10B0C000A0E0B0E089839A83AB83BC83CE01019674
:10B0D0000E946731FDDC882379F180916A11843305
:10B0E00058F580916C118A3238F107E028E04AE285
:10B0F0006AE286E391E10E9450EE05E022E04CE234
:10B1000062E386E391E10E9450EE24E04AE061E3CD
:10B110008AE20E941AEE609138117091391182E32F
:10B12000809352118BE28093531122E531E142E387
:10B1300086E391E10E94DCEC80916A11853350F442
:10B1400080916C11813330F024E04AE461E386E3BE
:10B150000E941AEE80916A11843368F480916C1118
:10B16000823348F002E020916D0642E367E386E314
:10B1700091E10E9450EE80916A118033B8F5809180
:10B180006C11883298F18091380490913904A09123
:10B190003A04B0913B0489839A83AB83BC830E94B9
:10B1A000EE2890915F068917B9F00E94EE288093EF
:10B1B0005F0680915E068F5F823008F0D7C1809372
:10B1C0005E06E0915E06F0E0EE0FFF1FEC0FFD1F44
:10B1D0000180F281E02D199586E380936D1180E363
:10B1E00080936E1180E696E00E94DB3480916A11B4
:10B1F000883208F06FC080916C118D3108F46AC0FC
:10B200002BE040E86DE180E00E941AEE80916A1127
:10B21000873208F05FC080916C118F3108F45AC0FA
:10B2200088E590E0A0E0B0E089839A83AB83BC839B
:10B2300083E080936D1116E210936E11CE0101969A
:10B240000E9467318BE080936D1110936E11332053
:10B2500009F48FC184E796E00E94DB3489E590E031
:10B26000A0E0B0E089839A83AB83BC8388E28093BB
:10B270006D1116E210936E11CE0101960E94673196
:10B2800080E380936D1110936E11332009F498C1FF
:10B290008FE696E00E94DB348AE590E0A0E0B0E023
:10B2A00089839A83AB83BC838DE480936D1116E20E
:10B2B00010936E11CE0101960E94673185E580934F
:10B2C0006D1110936E11332009F4A1C189E796E046
:10B2D0000E94DB3480916A11833368F580916C1190
:10B2E0008B3248F183E00E94523186E090E0A0E08A
:10B2F000B0E089839A83AB83BC8383E080936D1134
:10B3000013E310936E11CE0101960E94673181E024
:10B310000E9452318091190290911A020E9482C4B7
:10B320002CE020936D1110936E110E94DB3488E89D
:10B330009DE00E94C53280916A11813408F00CCCE6
:10B3400080916C11863308F407CC10926D118EE356
:10B3500080936E1189EF9FE00E942CCE182F60E839
:10B3600070E089EF9FE00E94F832153108F0F4CBCD
:10B3700086E89DE00E94C5321F5FF7CF2436310575
:10B380004CF48536910504F58A30910534F48AE051
:10B3900090E009C084369105BCF0883EA3E09A078E
:10B3A00014F087EE93E02817390709F40CCC90933A
:10B3B0001A02809319021092740810927508109264
:10B3C000760810927708FFCB84E690E0F0CF6623F2
:10B3D00051F08EE28093EA06605D6093EB0680E2B6
:10B3E0008093EC06FECC80E28093EB068093EA0625
:10B3F000F6CF20E03ACD8FE09EE06BCD83EA9DE072
:10B4000084CDE556F24FCBCDC5010E9482C4FC012C
:10B41000808193E0803229F4818192E0803209F4C6
:10B4200091E0892F880F880F292F281B822F810FE9
:10B4300080936D1137E030936E11A3E0B0E0A91B4B
:10B44000B109CD018E0F9F1F0E94DB3449825A82C1
:10B450006B827C82CE0101960E946731B5CDCB0113
:10B460000E9482C4FC01808193E0803229F48181B2
:10B4700092E0803209F491E0892F880F880FB92F6C
:10B48000B81B8B2F810F80936D1120926E1123E0DA
:10B4900030E0291B3109C9018E0F9F1F0E94DB3448
:10B4A00049825A826B827C82CE0101960E9467316A
:10B4B000A8CD0E9482C4FC01808193E0803229F4EF
:10B4C000818192E0803209F491E0892F880F880F02
:10B4D000692F681B862F865A80936D1187E08093B1
:10B4E0006E1123E030E0291B3109CF01820F931F39
:10B4F0000E94DB3489E090E0A0E0B0E089839A8389
:10B50000AB83BC83CE0101960E9467319CCDCB01F9
:10B510000E9482C4FC01808193E0803229F4818101
:10B5200092E0803209F491E0892F880F880FA92FCB
:10B53000A81B8A2F865A80936D118CE180936E111F
:10B5400023E030E0291B3109CF01820F931F0E94B5
:10B55000DB3489E090E0A0E0B0E089839A83AB839C
:10B56000BC83CE0101960E94673187CD10925E06A2
:10B5700028CE87E00E9407B980FF19C004E716E0D3
:10B58000F80181918F01882309F468CE8F320CF085
:10B590008FE3082E000C990BAA0BBB0B89839A83AF
:10B5A000AB83BC83CE0101960E946731E9CF8091C5
:10B5B0005B0880FD4FCE82E99DE00E94C5324ECEF1
:10B5C00087E00E9407B981FF19C00FE616E0D80195
:10B5D0008D918D01882309F45FCE8F320CF08FE3BB
:10B5E000082E000C990BAA0BBB0B89839A83AB83A3
:10B5F000BC83CE0101960E946731E9CF80915B0840
:10B6000081FD46CE82E99DE00E94C53245CE87E0AD
:10B610000E9407B982FF19C009E716E0F80181917D
:10B620008F01882309F456CE8F320CF08FE3082E59
:10B63000000C990BAA0BBB0B89839A83AB83BC8349
:10B64000CE0101960E946731E9CF80915B0882FDAF
:10B650003DCE8AE89DE00E94C5323CCE39DA88238F
:10B6600039F080918E1282FB882780F991E089273A
:10B6700008950E94FAE3F2DF882331F08DE59EE021
:10B6800090936A08809369080C9402C481E00C943A
:10B6900075C310921009109278021ADA90918E12E6
:10B6A00080FB97F990938E12F1DF60E089E39EE0D2
:10B6B0000E94D02F0C94613A0C94BCE2CF93DF939C
:10B6C000EC01FE0184912196882311F0F5DFF9CF7A
:10B6D000DF91CF9108952F923F924F925F926F9298
:10B6E0007F928F929F92AF92BF92CF92DF92EF9212
:10B6F000FF920F931F93CF93DF93CDB7DEB763977E
:10B700000FB6F894DEBF0FBECDBF9091160793FD24
:10B71000ABC1898389E40E947524882309F4BDC1E3
:10B720000E94B82D90E01816190614F481E090E0FC
:10B7300026E0289FF001299FF00D1124EC5DF84FC1
:10B74000828193811A828E36910514F08EE690E004
:10B7500090936807809367070E9426296091670786
:10B7600070916807072E000C880B990B0F948615B3
:10B7700020916307309164074091650750916607F7
:10B780000F94261C60E018160CF029C181E09BE0A4
:10B790000E94D02F11E06981612789810E9438C4FD
:10B7A0003981332309F45AC1109378021C821D8217
:10B7B0001E821F8219861A861B861C861E864CE3F3
:10B7C0004F875CE1588B86E4898B1B8A312C90E88B
:10B7D0009983AFEBAA8B1B82B1E0BD87812C912CA2
:10B7E00054016091670770916807072E000C880B61
:10B7F000990B0F9486157B018C012B89332D498180
:10B800005A890F9480158823B9F0209163073091ED
:10B81000640740916507509166078A81B7018111DD
:10B82000E1C0C8010F948015881F8827881F8B836B
:10B83000EB8A3F2C09831A8B0E948EEB6B017C01F3
:10B84000DC01CB0129853A854B855C85821B930BF6
:10B85000A40BB50BB7FD2DC0D701C60188519C4F75
:10B86000AF4FBF4F89879A87AB87BC8780910D09FF
:10B870000E940A948BEE9AE021DF81149104A104C6
:10B88000B10409F4DAC0C501B401605F784D8F4F8F
:10B890009F4F6C197D098E099F0928EE33E040E027
:10B8A00050E00F945A19CA01B9010E94CE368AE0BD
:10B8B00003DF0E94BAFE0E948EEB6093F909709339
:10B8C000FA098093FB099093FC09209063079091FB
:10B8D000640798870091650710916607222D392F1C
:10B8E000A8016B89732D89819A890F94FF192B0107
:10B8F0003C0120E030E0A9010F94261C87FF04C022
:10B9000077FA709477F8709481149104A104B104CB
:10B9100009F096C020E030E040E85FE3C301B201E7
:10B920000F94801587FF10C0AD85812C912C540198
:10B93000AA2331F085E0882E8DE0982EA12CB12C21
:10B940008C0C9D1CAE1CBF1CBB81BB2389F12C81C0
:10B950003D814E815F81211531054105510541F041
:10B96000D701C601821B930BA40BB50BB7FD20C0FA
:10B97000222D3885A8016E857F85888999890F9445
:10B98000FF1920E030E040E85FE30F94801587FD69
:10B990002EC0D701C601805A9541AF4FBF4F8C834F
:10B9A0009D83AE83BF832E8698859F87088B198BD6
:10B9B000809178028823D9F081149104A104B10404
:10B9C00061F0A0E1CA1AA7E2DA0AE108F108C81892
:10B9D000D908EA08FB08F7FE0AC01D8602CF8FEEE1
:10B9E0009AE0D6CEC8010F94801587FF20C08091C1
:10B9F00078028823C9F11092780263960FB6F89402
:10BA0000DEBF0FBECDBFDF91CF911F910F91FF9091
:10BA1000EF90DF90CF90BF90AF909F908F907F90EE
:10BA20006F905F904F903F902F900C94FAE3EB8AC9
:10BA30003F2C09831A8B1B82FFCE8FE33DDE37CF6D
:10BA400020E030E040E450E4C301B2010F94261C32
:10BA500018160CF079CF4601570176CF84ED93E2AA
:10BA60009093F80F8093F70F63960FB6F894DEBFAC
:10BA70000FBECDBFDF91CF911F910F91FF90EF903F
:10BA8000DF90CF90BF90AF909F908F907F906F90FE
:10BA90005F904F903F902F90089583E50E9475240A
:10BAA0008A83811108C029812223F1F282E50E9454
:10BAB00075248823C9F20E94A72D45CECF93DF932A
:10BAC000EB01FCDDCE01DF91CF910C94D036CF920B
:10BAD000DF92EF92FF92CF93883070F5E82E082E18
:10BAE000000CFF08C091711191E001C0990F8A9577
:10BAF000EAF7909371110E9491E587E68E9DF0011F
:10BB00008F9DF00D1124EF5EF64FC080D180E28052
:10BB1000F3808FEFC81AD80AE80AF80A8EE89AE08C
:10BB2000CDDDC701B6010E94CE368AE0C5DD8AE8C8
:10BB30009AE0C4DDC0937111CF91FF90EF90DF9038
:10BB4000CF9008950F931F93CF938C01C62F88EC4D
:10BB500097E0B4DDC801B2DD8AE30E94BCE280E375
:10BB60008C0FAADD8AE0CF911F910F91A5CDCF93C5
:10BB700088EB99E0A3DD8AE09FDDE0917E0282E61A
:10BB8000E89FF0011124EF51FD4FC08160E088EA89
:10BB900099E0D8DF60E083E999E0D4DF61E08CE8E8
:10BBA00099E0D0DF61E081E899E0CCDF60E082E7F6
:10BBB00099E0C8DF61E082E699E0C4DF60E089E5F2
:10BBC00099E0C0DF61E08FE499E0BCDF60E085E4EC
:10BBD00099E0B8DF60E08EE399E0B4DF60E086E3EF
:10BBE00099E0B0DF60E088E299E0ACDF60E08AE1F4
:10BBF00099E0A8DF60E08BE099E0A4DF60E08DEFE2
:10BC000098E0A0DF60E087EE98E09CDF60E086EDE2
:10BC100098E098DF60E081EC98E094DF60E082EBF0
:10BC200098E090DF61E08BEA98E08CDF60E08EE9DD
:10BC300098E088DF60E087E998E084DF61E08EE8E3
:10BC400098E080DF60E089E798E07CDF60E08BE6E9
:10BC500098E078DF60E081E698E074DF60E08AE4F5
:10BC600098E070DF60E08DE398E06CDF61E08AE2ED
:10BC700098E068DF60E08DE198E064DF61E088E1F2
:10BC800098E060DF61E08BE098E05CDF60E087EFE8
:10BC900097E058DF60E084EE97E054DFC7FD1AC0FC
:10BCA00060E08091721190917311CC2339F0C13012
:10BCB00089F461E080917411909175110E94FD23C7
:10BCC000682F61708BED97E03DDF60E08DEC97E0D1
:10BCD000CF9138CF80E0F4CF81EF92E0EFCC8F921C
:10BCE0009F92AF92BF92EF92FF920F931F93CF93C9
:10BCF000DF937C01C62F062F062E000C110B80E06F
:10BD0000683028F481E001C0880F6A95EAF7D09185
:10BD1000711180937111E0DF87E6809FF001819FB0
:10BD2000F00D1124EF5EF64F80809180A280B380E9
:10BD3000C701C4DCC501B4010E94CE368AE0BCDC78
:10BD40008C2F0E94A3360196D9F78C2FC0DE87E690
:10BD5000809FF001819FF00D1124EF5EF64F158258
:10BD60001482D0937111DF91CF911F910F91FF90A9
:10BD7000EF90BF90AF909F908F9008958BEE92E0E0
:10BD80009DCCCF9384E50E947524C0910D09882332
:10BD9000C9F00E94B82DC82F8230A4F0EFDF8DE4E7
:10BDA0008BDC60914E0670914F0690E080E00E941F
:10BDB00021E481ED94E082DC8C2F0E9496388AE0A9
:10BDC0007BDCCFEF8C2FCF9108952F923F924F9233
:10BDD0005F926F927F928F929F92AF92BF92CF921B
:10BDE000DF92EF92FF920F931F93CF93DF93CDB724
:10BDF000DEB769970FB6F894DEBF0FBECDBF909146
:10BE0000160793FDB1C0F82EBCDF888F87FDACC04C
:10BE100089E40E947524882309F4D6C00E94B82DB5
:10BE200090E01816190614F481E090E026E0289FAF
:10BE3000F001299FF00D1124EC5DF84F0081118174
:10BE4000312C688DC8010E94893680915102823060
:10BE500084F0288D21110DC00115110531F080915C
:10BE6000530690915406080F191F61E0C8010E9403
:10BE7000893661E08F2D0E9438C4388D032F032E40
:10BE8000000C110B4CE23402C0011124DC01A55658
:10BE9000BF4E6D0118966D917C91072E000C880B9A
:10BEA000990B0F9486154B015C01F6014480558077
:10BEB00066807780A30192010F94261C181614F057
:10BEC00031103AC00F5C1F4FF11017C2A30192014D
:10BED000C501B4010F94261C18160CF0E8C1F1E05E
:10BEE000F98386E39CE09F938F931F930F9384EED7
:10BEF0009AE09F938F931F920E94AD2F0FB6F894F4
:10BF0000DEBF0FBECDBF39813323C1F0488D4093D2
:10BF10006A078BE696E89093F80F8093F70F51E04D
:10BF2000598F5BC082E50E947524882309F454C0B0
:10BF30000E94A72D8C0185CF398E4FC081E0898F5B
:10BF40004CC060E070E0CB0166C00F94801587FFA5
:10BF500024C080917802882321F0109278020E94F8
:10BF6000FAE3EE81E0930E0969960FB6F894DEBF0E
:10BF70000FBECDBFDF91CF911F910F91FF90EF903A
:10BF8000DF90CF90BF90AF909F908F907F906F90F9
:10BF90005F904F903F902F9008952E2CFB820C8342
:10BFA0001D831F82AAC08FE387DBE1C020E030E061
:10BFB00040E450E4C301B2010F94261C18160CF0A3
:10BFC00029C14601570126C183E50E947524382EF8
:10BFD0008111AECFF110A6CF198E83E50E94752492
:10BFE000882331F00E94A72D9093760280937502EA
:10BFF00082E40E947524882331F00E94A72D90933B
:10C00000700280936F0286E40E942724882309F43B
:10C0100098CF0E94EC2D609371027093720280930E
:10C02000730290937402A1E0AE8320E030E0A90196
:10C030000F948015811101C01E82BE81B0930E093C
:10C04000FF2009F491CFE98DEE2309F48DCF1092F2
:10C050000E0981E080937802188619861A861B865D
:10C060001E861F86188A198A1A8AFCE3FB8B2CE12C
:10C070002C8B36E43D8B212C1B8240E84C835FEBFC
:10C080005D831F82812C912C5401A88DBCE2AB02F0
:10C09000C001112485569F4EFC013896FF8BEE8B14
:10C0A0009C012C5F3F4F3A832983AE89BF896D91F4
:10C0B0007C91072E000C880B990B0F9486157B0141
:10C0C0008C01222D3B814C815D810F94801588234A
:10C0D000A1F0E981FA812081318142815381B70148
:10C0E000C801311032CF0F948015881F8827881F10
:10C0F0008F832E2CFB820C831D830E948EEB6B01A1
:10C100007C01DC01CB012E853F8548895989821B42
:10C11000930BA40BB50BB7FD2CC0D701C6018851FA
:10C120009C4FAF4FBF4F8E879F87A88BB98B888D51
:10C130000E940A9483ED9AE0C1DA81149104A1046B
:10C14000B10409F430CFC501B401605F784D8F4F61
:10C150009F4F6C197D098E099F0928EE33E040E05E
:10C1600050E00F945A19CA01B9010E94CE368AE0F4
:10C17000A3DA0E94BAFE0E948EEB6093F9097093D5
:10C18000FA098093FB099093FC09A981BA81BC91BB
:10C19000BC87E981FA81F181FD87A981BA81129674
:10C1A0000C91129713961C912C853F2FA801622D9C
:10C1B0007B818C819D810F94FF192B013C0120E034
:10C1C00030E0A9010F94261C87FF04C077FA709411
:10C1D00077F8709481149104A104B10409F0E6CEBB
:10C1E00020E030E040E85FE3C301B2010F94801526
:10C1F00087FF10C0B98D85E0882E8DE0982EA12C88
:10C20000B12CB11103C0812C912C54018C0C9D1CBC
:10C21000AE1CBF1CEF81EE2391F1288539854A853C
:10C220005B85211531054105510541F0D701C60156
:10C23000821B930BA40BB50BB7FD21C02C853D854C
:10C24000A8016A897B898C899D890F94FF1920E058
:10C2500030E040EC5FE30F94801587FD7ACED70184
:10C26000C601805A9541AF4FBF4F88879987AA87EB
:10C27000BB879C859A8BAD85AB8B0C8B1D8B80917E
:10C280007802882309F465CE81149104A104B104D5
:10C2900061F0B0E1CB1AB7E2DB0AE108F108C81897
:10C2A000D908EA08FB08F7FE54CE198EFECE87EDBA
:10C2B0009AE09F938F931F930F9384EE9AE09F933E
:10C2C0008F931F920E94AD2F0FB6F894DEBF0FBE62
:10C2D000CDBF1CCE86E39CE09F938F931F930F935B
:10C2E00084EE9AE09F938F931F920E94AD2F0FB61A
:10C2F000F894DEBF0FBECDBF12CEA3019201C501DF
:10C30000B4010F94261C18162CF3198287ED9AE0BD
:10C31000EACD0F931F93CF93811111C0C42F8B01CE
:10C320002DDD8EEC94E0CAD9C801C8D9CC2339F0F0
:10C330008AE3C2D98AE0CF911F910F91BDC9CF91F5
:10C340001F910F910895811101C018CD0895CF92CA
:10C35000DF92EF92FF926A017B01B0D942E0C70100
:10C36000B601FF90EF90DF90CF900C94A2E44F9233
:10C370005F926F927F928F929F92AF92BF92CF9275
:10C38000DF92EF92FF92CF93DF93CDB7DEB72C977A
:10C390000FB6F894DEBF0FBECDBF83E50E94272401
:10C3A0008823C9F00E94C92D809352022C960FB6A3
:10C3B000F894DEBF0FBECDBFDF91CF91FF90EF901D
:10C3C000DF90CF90BF90AF909F908F907F906F90B5
:10C3D0005F904F90089560EC74E081E00E9424E645
:10C3E00080915202805D898387EB94E067D98981CF
:10C3F00063D983EB94E062D9809152028111BAC073
:10C400008AE994E05BD98AE057D94090C20F5090F6
:10C41000C30F6090C40F7090C50F209154023091EB
:10C4200055024091560250915702C301B2010F9438
:10C43000001A69837A838B839C838090C60F9090C7
:10C44000C70FA090C80FB090C90F2091580230912B
:10C45000590240915A0250915B02C501B4010F94F8
:10C46000001A6D837E838F839887C090CA0FD09007
:10C47000CB0FE090CC0FF090CD0F20915C0230916B
:10C480005D0240915E0250915F02C701B6010F94B8
:10C49000001A69877A878B879C8720916002309188
:10C4A00061024091620250916302C301B2010F9494
:10C4B000001A2B013C0120916402309165024091E9
:10C4C000660250916702C501B4010F94001A4B0136
:10C4D0005C01209168023091690240916A0250919A
:10C4E0006B02C701B6010F94001A6B017C018BEA45
:10C4F00094E0E4D849815A816B817C8187E994E09A
:10C5000026DF4D815E816F8178858EE091E41FDFAB
:10C5100049855A856B857C858BE091E418DF89EA33
:10C5200094E0CCD881EA94E0C9D8B301A20187E9AC
:10C5300094E00DDFB501A4018EE091E408DFB701BE
:10C54000A6018BE091E403DF8AE02C960FB6F89405
:10C55000DEBF0FBECDBFDF91CF91FF90EF90DF9098
:10C56000CF90BF90AF909F908F907F906F905F9093
:10C570004F90A2C88EE994E045CFFF920F931F938E
:10C58000CF93DF93082FF62E41E06CE874E0C1DE14
:10C59000CBE9D0E110E0F11619F08FEFF81229C0C5
:10C5A000802FD1DE48A159A16AA17BA183E894E044
:10C5B000CEDE21E732EB47E25EE36CA17DA18EA1E6
:10C5C0009FA10F94DC1AAB01BC0180E894E0BFDEB0
:10C5D00021E732EB47E25EE368A579A58AA59BA532
:10C5E0000F94E515AB01BC018DE794E0B0DE8AE065
:10C5F00063D8AC96113031F4DF91CF911F910F9138
:10C60000FF90089511E0C7CFCF93DF93C82F6EE658
:10C6100074E00E9424E68C2F96DE85E694E04ED8E6
:10C6200081E00E949038CBEDD8E04C855D856E8529
:10C630007F8587E994E08BDE488959896A897B89FF
:10C640008EE091E484DE8BE091E438D86C897D89BA
:10C650008E899F8943E00E94A2E48AE0DF91CF9116
:10C660002BC875DE8AE028C82F923F924F925F92C6
:10C670006F927F928F929F92AF92BF92CF92DF92F2
:10C68000EF92FF920F931F93CF93DF93CDB7DEB757
:10C69000C455D1090FB6F894DEBF0FBECDBF70E010
:10C6A00060E085E40E94AA2DB82E88A3823060F451
:10C6B00065E070E083E40E94AA2D9A838983039742
:10C6C00024F585E99CE006C08DEC9CE00E945E5B51
:10C6D00085EB9CE0CC5ADF4F0FB6F894DEBF0FBE5F
:10C6E000CDBFDF91CF911F910F91FF90EF90DF9021
:10C6F000CF90BF90AF909F908F907F906F905F9002
:10C700004F903F902F900C945E5B83E50E947524C0
:10C71000882309F45FC00E94A72D988F8F8B60E05B
:10C7200085E50E94D82D23968FAF239760E085E89A
:10C730009CE00E94D02F59815F8F533084F10E947A
:10C740008EEB6D837E838F839887DC01CB018C53C6
:10C75000964FAF4FBF4F8093470790934807A093E2
:10C760004907B0934A07EB2C0B2C000CFF08F7018C
:10C77000B3E0EE0FFF1FBA95E1F7E35CFD4F868152
:10C7800097810E97AF89B88DA817B90744F188E74C
:10C790009CE00E945E5B89E59CE00E945E5BCC5A57
:10C7A000DF4F0FB6F894DEBF0FBECDBFDF91CF9144
:10C7B0001F910F91FF90EF90DF90CF90BF90AF90BF
:10C7C0009F908F907F906F905F904F903F902F90B1
:10C7D0000C94FAE34EEB50E0588F4F8BA0CF2D8195
:10C7E0003E814F815885205E314B4F4F5F4F2BAFBD
:10C7F0003CAF4DAF5EAF8CE49CE00E945E5B84E496
:10C800009CE00E945E5B0E942495FCE2AF2EAE9CF1
:10C81000A001AF9C500D112445565F4E22965FAF8C
:10C820004EAF22978FE7DA011A968C9360E086E389
:10C830009CE00E94D02F81E0809378022D813E8180
:10C840004F8158852AAB3BAB4CAB5DAB2B8B3C8B04
:10C850004D8B5E8B1DA21EA21FA218A619A21AA2A2
:10C860001BA21CA2412C512C32018FE790E0A0E0CA
:10C87000B0E08F87988BA98BBA8B198290E4998747
:10C88000ACE1A98FB6E4BA8F1B8E1C8E1D8E1E8E56
:10C89000AFE7CA2ED12CE12CF12C1EAA4FAA58AE1C
:10C8A00069AE7AAE1EA61FA618AA19AAE1E0EDA7E6
:10C8B0001E861D86212C10E0312C00E0BA9CC001A0
:10C8C00011249C0121563F4E3AA729A78F89988DA4
:10C8D000092E000CAA0BBB0B27968CAF9DAFAEAFF9
:10C8E000BFAF27972296AEADBFAD22971A9622967C
:10C8F000BFAFAEAF22978F89988D4E969C01990F4E
:10C90000440B550B2B962CAF3DAF4EAF5FAF2B9723
:10C910008F89988D4E979C01990F440B550B2F963C
:10C920002CAF3DAF4EAF5FAF2F9780917802882339
:10C9300009F4C9C00E948EEB4B015C01309157078E
:10C940003FAF332309F4A7C00E94079710925707FF
:10C95000A9A5BAA52C9011961C91119712963C90FE
:10C96000129713960C912B8D3C8D4D8D5E8D622D03
:10C97000712F832D902F0F94261C181624F42B8EC4
:10C980001C8F3D8E0E8F29813985498D5A8D622DE0
:10C99000712F832D902F0F94801587FF04C029825B
:10C9A0001987398E0A8F8091470790914807A09187
:10C9B0004907B0914A07A5019401281B390B4A0B7E
:10C9C0005B0BDA01C901B7FD10C0D501C4018C535E
:10C9D000964FAF4FBF4F8093470790934807A09360
:10C9E0004907B0934A070E94C09727966CAD7DAD6A
:10C9F0008EAD9FAD27970F94861560966FAF6097A9
:10CA000061967FAF61978BA79CA73DA5332309F45F
:10CA1000B0C19B01AC01622D712F832D902F0F941B
:10CA2000261C1816C4F5B501A4018B899C89AD8913
:10CA3000BE89481B590B6A0B7B0BDB01CA01885866
:10CA40009341A109B109B7FD26C08F859889A989AD
:10CA5000BA898C199D09AE09BF09B595A795979517
:10CA600087952296EEADFFAD229780834EA75FA7F4
:10CA700068AB79AB6096FFAD6097FB8F61962FAD89
:10CA800061972C8F3BA53D8F4CA54E8F8D829E824A
:10CA9000AF82B8861DA62B966CAD7DAD8EAD9FADD9
:10CAA0002B970F948615222D312F432D502F0F9445
:10CAB000801587FF24C08DEC9BE00E945E5B8EEAB0
:10CAC0009BE00E945E5B0E9424954DC14BEEC42EFC
:10CAD000D12CE12CF12CAFC184E190E0A0E0B0E0DA
:10CAE0008F87988BA98BBA8B34E1C32ED12CE12C84
:10CAF000F12CB1C1CF86D88AE98AFA8AACC1D501B6
:10CB0000C4012AA93BA94CA95DA9821B930BA40BC4
:10CB1000B50BB7FD4CC088A10E940A948AE00E9420
:10CB20005C5BD501C4018053984FAF4FBF4F8AABB8
:10CB30009BABACABBDAB9EA991117FC02FA938AD0B
:10CB400049AD5AAD622D712F832D902F0F94261C65
:10CB500018160CF05EC020E030E040E050E4622D9A
:10CB6000712F832D902F0F94001A6FAB78AF89AF80
:10CB70009AAFA5019401205E314B4F4F5F4F2BAF11
:10CB80003CAF4DAF5EAF6F89788D66507109072E4F
:10CB9000000C880B990B0F948615222D312F432DF5
:10CBA000502F0F948015881F8827881F8EAB8D818A
:10CBB0009E81AF81B88565968CAF9DAFAEAFBFAF9C
:10CBC00065972B893C894D895E89281739074A0763
:10CBD0005B0730F465962CAF3DAF4EAF5FAF659706
:10CBE00065968CAD9DADAEADBFAD6597881A990ABF
:10CBF000AA0ABB0A91E889169FE4990692E1A90660
:10CC0000B10490F181EA9BE00E945E5B8FE89BE0BB
:10CC100058CFD501C4012BAD3CAD4DAD5EAD821BEF
:10CC2000930BA40BB50B4BEF5FE26BE070E3B7FD2A
:10CC3000BECF88A10E94DC95BACF2F966CAD7DAD9A
:10CC40008EAD9FAD2F970F9486159B01AC01622D81
:10CC5000712F832D902F0F94801587FFA8CF4AE462
:10CC600051E368E571E3E5CFAF8D8A2FAA0F990BE9
:10CC7000ED85FE858E179F070CF078C082E89BE05B
:10CC80000E945E5B81E39BE00E945E5B84E19BE02F
:10CC90000E945E5BB301A2018DE29BE0E2DC84E1D5
:10CCA0009BE00E945E5B49A15AA16BA17CA189E235
:10CCB0009BE0D7DC84E19BE00E945E5B4DA15EA11E
:10CCC0006FA178A585E29BE0CCDC2396FFAD23978E
:10CCD000FF2309F448C021E732EB47E25EE369A194
:10CCE0007AA18BA19CA10F94E5156B017C0121E732
:10CCF00032EB47E25EE36DA17EA18FA198A50F9470
:10CD0000DC1A4092BB105092BC106092BD10709221
:10CD1000BE10C092BF10D092C010E092C110F0922D
:10CD2000C2106093C3107093C4108093C510909389
:10CD3000C6104092E7105092E8106092E91070928D
:10CD4000EA10C092EB10D092EC10E092ED10F0924D
:10CD5000EE106093EF107093F0108093F1109093A9
:10CD6000F2100E948A381092780219CD0E94B452B3
:10CD7000DCCD60962FAD609761963FAD61974BA576
:10CD80005CA5622D712F832D902F0F94801587FF46
:10CD900082CED501C4012D813E814F815885821BF1
:10CDA000930BA40BB50BAC01BD014858534161096D
:10CDB000710977FD70CE4D855E85452B09F4FDC068
:10CDC0002EA53FA548A959A9280F391F4A1F5B1F47
:10CDD0002B8B3C8B4D8B5E8B2EA53FA548A959A96B
:10CDE000281B390B4A0B5B0BC701B6010F944B197B
:10CDF0002B893C894D895E890F947C19CF84D88812
:10CE0000E988FA88C20ED31EE41EF51E34E1C3166B
:10CE1000D104E104F1040CF45FCE4CEEC416D1044D
:10CE2000E104F1040CF052CE50E8C516D104E1043F
:10CE3000F1040CF45FCECF86D88AE98AFA8A8EEFA5
:10CE400090E0A0E0B0E09C01AD012C193D094E0935
:10CE50005F0969017A018EE29CE00E945E5B6F854A
:10CE6000788989899A890E94CE3689E29CE00E945D
:10CE70005E5BC701B6010E94CE3649815985698D36
:10CE80007A8D82E29CE063DA4B8D5C8D6D8D7E8DB8
:10CE90008BE19CE05CDAAD85BE8513970CF48DC008
:10CEA000C701B6010F94861520E030E040E850E459
:10CEB0000F94E5152B013C0129813985498D5A8D47
:10CEC0006B8D7C8D8D8D9E8D0F94FF192BED3FE02A
:10CED00049E450E40F94E51520E030E040E05FE3E2
:10CEE0000F94E5159B01AC01C301B2010F94DC1A4C
:10CEF00069877A878B879C876B897C898D899E89D6
:10CF00000F9486152FE632E143E85AE30F94E515B6
:10CF100069837A838B839C832AE939E949E15FE35A
:10CF200069857A858B859C850F94E5152B013C01DD
:10CF3000AC019B010F94001A29813A814B815C81DD
:10CF40000F94DC1A69A37AA38BA39CA3A30192017B
:10CF500069817A818B819C810F94E51520E030E016
:10CF600040E05EE30F94E5156DA37EA38FA398A721
:10CF700049855A856B857C8585E19CE0E8D94981A6
:10CF80005A816B817C818FE09CE06BDB80E09CE0D0
:10CF90000E945E5BB301A2018AEF9BE0D8D949A150
:10CFA0005AA16BA17CA184EF9BE0D1D94DA15EA1D8
:10CFB0006FA178A58EEE9BE054DB8F859889A989B7
:10CFC000BA898C0D9D1DAE1DBF1DB595A795979572
:10CFD00087952296EEADFFAD22978083FF8D8F2F30
:10CFE0000F2E000C990B9F93FF932E852F933D8559
:10CFF0003F938AED9BE09F938F9385EE9BE09F93F9
:10D000008F931F920E94AD2F4D855E854F5F5F4FBE
:10D010005E874D870FB6F894DEBF0FBECDBF60961A
:10D020009FAD609799836196AFAD6197A987BBA5C6
:10D03000B98FECA5EA8F8B8A9C8AAD8ABE8AFFAD38
:10D04000FDA729CDCF93DF936CEB77E00E9424E618
:10D05000CDE5D8E0488159816A817B8183EB97E0F7
:10D0600076D94C815D816E817F818EE091E46FD9AC
:10D07000488559856A857B858BE091E4DF91CF9166
:10D08000F0CA67E574E00E9424E680E594E00E941F
:10D090005E5B40916B0750916C0760916D077091DA
:10D0A0006E078BE091E4DDCACF93DF93C82F811127
:10D0B00012C040E06AE173E080E02BD98091230741
:10D0C000811104C08DE093E00E945E5B8AE00E94C3
:10D0D0005C5B0E94BE5ED091230784E093E00E94D7
:10D0E0005E5B6D2F70E090E080E00E9489E48AE052
:10D0F0000E945C5B8C2F27D98BEF92E00E945E5BD5
:10D1000080E00E94963840911B0750911C07609167
:10D110001D0770911E0788EF92E0A3DA8C2F13D9B8
:10D120008BEF92E00E945E5B81E00E949638409116
:10D130001F0750912007609121077091220788EF07
:10D1400092E0DF91CF918DCACF93DF9367ED73E0CB
:10D150000E9424E66091A3087091A4088091A5081C
:10D160009091A6080F948415AB01BC018EEC93E05E
:10D17000EED84091D3085091D4086091D5087091B1
:10D18000D6088BEC93E0E3D84091D7085091D808AB
:10D190006091D9087091DA0888EC93E0D8D8C0E3A0
:10D1A000D7E0488159816A817B8187E994E0CFD8B3
:10D1B0004C815D816E817F818EE091E4C8D8488585
:10D1C00059856A857B858BE091E4C1D84C855D8566
:10D1D0006E857F8588E091E4DF91CF9142CACF933D
:10D1E000DF936EE773E00E9424E6C3E9D8E04CA920
:10D1F0005DA96EA97FA985E793E0A9D848AD59AD8F
:10D200006AAD7BAD82E793E0A2D84CAD5DAD6EAD6B
:10D210007FAD88EC93E0DF91CF9123CACF93DF936A
:10D220006AE573E00E9424E6C3E9D8E04CA15DA161
:10D230006EA17FA181E593E08AD848A559A56AA58A
:10D240007BA58EE091E483D84CA55DA56EA57FA556
:10D250008BE091E47CD848A959A96AA97BA988E008
:10D2600091E475D88AE0DF91CF910C945C5BCF9309
:10D27000DF9365E373E00E9424E6C3E9D8E06881A8
:10D2800079818A819B810F948415AB01BC018CE26A
:10D2900093E05DD86C817D818E819F810F94841590
:10D2A000AB01BC018EE091E452D8688579858A850E
:10D2B0009B850F948415AB01BC018BE091E447D8AA
:10D2C0006C857D858E859F850F948415AB01BC018F
:10D2D00088E091E43CD88AE0DF91CF910C945C5BCC
:10D2E000CF93DF93EB010E945E5BBE0190E080E094
:10D2F000DF91CF910C9421E4CF93DF93EB010E9457
:10D300005E5BBE01DD0F880B990BDF91CF910C9412
:10D3100089E40E945E5B8AE00C945C5BEC018B010B
:10D32000F42E0E942495209709F47DC00E94BE5ED1
:10D33000CE01EFDF0115110511F40AEE12E00E9493
:10D340003D311F930F93DF93CF938CEB92E09F932C
:10D350008F9381E08F930E94AD2F0E94613AC0911C
:10D360003711C695C69582E391E10E94C632DC2F43
:10D37000DD0F1D2F1C0F8DB79EB707960FB6F894C3
:10D380009EBF0FBE8DBF83E00E94523110926D117F
:10D39000C0936E1189EF9FE00E94DB3449EA52E0AE
:10D3A0006D2F80E00E94BF3245E952E0612F80E09E
:10D3B0000E94BF3286E391E10E94A4EE8111E3CF87
:10D3C0000E946C5E8AEC92E00E945E5B89EE93E0C4
:10D3D000019739F000C00000EEE5F9E03197F0F771
:10D3E000F7CFF89489EE93E0019739F000C0000080
:10D3F000E6EEF3E03197F0F7F7CF0E942495FF2097
:10D4000041F00E94C59C8091090183FD05C0A8954B
:10D41000FACF0E94819CF7CF8091090183FF02C05F
:10D42000A895FACFFFCF0115110511F40AEE12E00D
:10D43000C3ECD2E084CF81E00895CF93DF93EC0179
:10D44000E62F660FFF0BE459F74CE491E250E1310F
:10D4500008F0B0C0F0E08827EF5CF5498F4F0D94DD
:10D46000EB19426ADA6ADA6ADA6ADA6A6C6A4E6A6E
:10D47000906A8E6A6E6AB46AB26A926ADA6AD86A26
:10D48000D66AB66A82E1ECE3F4E0DE0101900D9227
:10D490008A95E1F7CE01DF91CF91089581E020EBED
:10D4A00030E03983288321EB30E03B832A831D82DF
:10D4B0001C8223EB30E03F832E8324EB30E039875E
:10D4C00028871B861A861D861C8692E09E878F877A
:10D4D00081E0888B198ADECF80E0E1CF81E08F5F29
:10D4E00020E930E03983288321E930E03B832A8337
:10D4F00022E930E03D832C8328E930E03F832E830E
:10D500002AE930E0398728872CE930E03B872A87F1
:10D5100026E930E03D872C8793E0D8CF80E0DFCF4D
:10D5200080E0DECF81E08F5F20EA30E0398328831E
:10D5300021EA30E03B832A8322EA30E03D832C83DA
:10D5400028EA30E03F832E832AEA30E039872887B3
:10D550002CEA30E03B872A8726EA30E03D872C879B
:10D5600094E0B4CF80E0DFCF80E0DECF81E08F5F5A
:10D5700020E231E03983288321E231E03B832A83B2
:10D5800022E231E03D832C8328E231E03F832E8389
:10D590002AE231E0398728872CE231E03B872A876D
:10D5A00026E231E03D872C8795E090CF80E0DFCF09
:10D5B00080E0DECF82E1FE0111928A95E9F76ACF21
:10D5C0008F929F92AF92BF92CF92DF92EF92FF9293
:10D5D0000F93CF93DF931F92CDB7DEB75C017B0132
:10D5E00049016B01C40ED51EF501808191810F9414
:10D5F00035198983002311F0F7018083BE016F5F25
:10D600007F4FC4010E94A6E2F501808191810196BD
:10D6100091838083FFEFEF1AFF0AEC14FD0421F7DA
:10D6200080E00F90DF91CF910F91FF90EF90DF900E
:10D63000CF90BF90AF909F908F9008955F926F9220
:10D640007F928F929F92AF92BF92CF92DF92EF9292
:10D65000FF920F931F93CF93DF931F92CDB7DEB747
:10D660007C0139018B015B01A40EB51ED12CC12CAC
:10D67000A016B10609F450C0F70180809180F8012E
:10D6800051908F015982C4010F9435195816B9F180
:10D69000652DC4010F943D19FFEFCF1ADF0AC601B3
:10D6A0008F779927892B21F162E070E080E090E08C
:10D6B0000E945BEBC4010F94351999818917F9F029
:10D6C0000E94BE5E8BE792E00E945E5B81E00F905D
:10D6D000DF91CF911F910F91FF90EF90DF90CF904E
:10D6E000BF90AF909F908F907F906F905F900895C4
:10D6F00062E070E080E090E00E94C838DBCFBE01BD
:10D700006F5F7F4FC3010E94A6E2F7018081918184
:10D71000019691838083ACCF80E0D9CF1F920F9286
:10D720000FB60F9211240BB60F922F938F939F93E6
:10D73000EF93FF93909136012091BF0EE091BE0EC2
:10D7400081E08E0F8F77281729F0F0E0E254F14F37
:10D750009283E82FE093BE0EFF91EF919F918F91FE
:10D760002F910F900BBE0F900FBE0F901F9018952A
:10D770001F920F920FB60F9211240F900FBE0F90B1
:10D780001F9018951F920F920FB60F9211240F90B1
:10D790000FBE0F901F9018951F920F920FB60F9209
:10D7A00011240BB60F922F938F939F93EF93FF93B8
:10D7B0009091C6002091410FE091400F81E08E0FC3
:10D7C0008F77281729F0F0E0E05CF04F9283E82F84
:10D7D000E093400FFF91EF919F918F912F910F90C8
:10D7E0000BBE0F900FBE0F901F9018958EBD0DB4FD
:10D7F00007FEFDCF08958FEF8EBD0DB407FEFDCF60
:10D800008EB50895909164009B7F90936400982F4B
:10D81000906A96959CBD80FD03C091E0863009F426
:10D8200090E09DBD08952F923F924F925F926F922C
:10D830007F928F929F92AF92BF92CF92DF92EF92A0
:10D84000FF920F931F93CF93DF93CDB7DEB7C558E9
:10D85000D1090FB6F894DEBF0FBECDBFCB57DF4F57
:10D860008883C558D040C0900709A996CFAEA99724
:10D8700021E020930709809150068D3411F40C9417
:10D880007674843511F40C944C83873489F50091B7
:10D890004E0610914F060430110509F425C6E0F438
:10D8A0008091FD090230110508F095C0833020F009
:10D8B0000E941A2E0E94CBBDCB57DF4FC880C5589F
:10D8C000D040C11002C00E9459E6A996DFACA997CA
:10D8D000D09207090C94ED7A0A35110509F4F3C7C3
:10D8E00050F40531110541F30C31110509F43BC623
:10D8F0000E9484F8E1CF0B35110509F4E8C70C3517
:10D900001105B1F7EEE4CE2EE4E0DE2EF12CE12C91
:10D9100000E010E0D6018D916D010E947524382E33
:10D92000882309F448C00E94EC2D4B015C011330A0
:10D9300059F0F701EE53F04F20813181428153813C
:10D940000F94FF194B015C01F701E85FFB4F208149
:10D95000318142815381C501B4010F94FF192B011C
:10D960003C012DEB37E346E855EB0F94261C87FD71
:10D970000AC02DEB37E346E855E3C301B2010F942B
:10D9800080151816C4F4133009F4A6C7F701E25144
:10D99000F94F5F01A30192016081718182819381BE
:10D9A0000F94001AD5016D937D938D939C931397DB
:10D9B000812F0E947BB81F5FB4E0EB0EF11C143086
:10D9C00009F0A8CF002321F084E194E00E9421B760
:10D9D0000E94C0C071CF833008F46ECF33243394DB
:10D9E0000230110509F0312C0E941A2E82E50E94A6
:10D9F0007524882309F421C10E94EC2D6B017C0160
:10DA000020E030E0A9010F948015882309F405C1B6
:10DA1000409008045090090460900A0470900B0430
:10DA200020910C0430910D0440910E0450910F048C
:10DA30002BAB3CAB4DAB5EAB8090DF099090E00927
:10DA4000A090E109B090E2098091E3099091E40986
:10DA5000A091E509B091E6098FAB98AFA9AFBAAF35
:10DA6000A5019401C301B2010F94801581110DC06D
:10DA70002FA938AD49AD5AAD6BA97CA98DA99EA936
:10DA80000F948015882309F4C8C0A3019201C50131
:10DA9000B4010F94FF1920E030E040E05FE30F9401
:10DAA000E5156FA778AB89AB9AAB2BA93CA94DA91B
:10DAB0005EA96FA978AD89AD9AAD0F94FF1920E0EA
:10DAC00030E040E05FE30F94E5156BAB7CAB8DABD2
:10DAD0009EAB20E030E0A901C701B6010F9480158C
:10DAE000881F8827881F381609F49EC020E030E080
:10DAF00040E85FEB2FAB38AF49AF5AAF2FA538A93D
:10DB000049A95AA9CA01B9010F94E5154B015C0155
:10DB10002BA93CA94DA95EA9CA01B9010F94E5152D
:10DB20009B01AC01C501B4010F94001A0F94B71CFE
:10DB30004B015C01AC019B01C701B6010F94FF19B9
:10DB40002B013C01A5019401C701B6010F94001AF5
:10DB50009B01AC01C301B2010F94E5156B017C017F
:10DB600020E030E0A9010F94261C412C512C3201F9
:10DB700087FD06C0C701B6010F94B71C2B013C01FD
:10DB80006BA97CA98DA99EA99058A50194010F9419
:10DB9000DC1A2FA938AD49AD5AAD0F94E515A30194
:10DBA00092010F94E5152FA538A949A95AA90F94F8
:10DBB000001A6B017C01A50194016FA578A989A9C0
:10DBC0009AA90F94DC1A2FA938AD49AD5AAD0F941C
:10DBD000E515A30192010F94E5152BA93CA94DA9C8
:10DBE0005EA90F94001A6FA778AB89AB9AAB20E0BF
:10DBF00030E0A901C701B6010F94801581110C9482
:10DC0000AF8320E030E0A9016FA578A989A99AA97E
:10DC10000F94801581110C94AF830E946C5E84EE8A
:10DC200094E00E945E5B48CE80E090E0A0E8BFE315
:10DC30008FAB98AFA9AFBAAF61CF89E40E947524CA
:10DC4000C12CD12C7601882321F00E94EC2D6B0190
:10DC50007C018AE40E947524882311F40C94A0832B
:10DC60000E94EC2DC0CF2BAD3CAD4DAD5EAD6BA990
:10DC70007CA98DA99EA90F94E5156B017C012796BF
:10DC80002CAD3DAD4EAD5FAD27976FA978AD89AD99
:10DC90009AAD0F94E5159B01AC01C701B6010F9435
:10DCA000001A6B017C0127962CAD3DAD4EAD5FADEA
:10DCB00027976BA97CA98DA99EA90F94E5154B0107
:10DCC0005C012BAD3CAD4DAD5EAD6FA978AD89ADBE
:10DCD0009AAD0F94E5159B01AC01C501B4010F94F9
:10DCE000FF19A70196010F94731A6B017C0120E0C4
:10DCF00030E0A9010F948015882311F40C9420853D
:10DD000020E030E0A901C701B6010F94801587FF1C
:10DD10002CC082E090E083298130910549F102977F
:10DD200091F120E030E0A901C701B6010F94261C53
:10DD30004601570187FF04C0B7FAB094B7F8B09412
:10DD40002BED3FE049EC50E4C501B4010F94DC1A1F
:10DD500020E030E040E952E40F94E5150F94C61A34
:10DD60000F94491B8B010C94928490E080E0D3CFF8
:10DD70002BED3FE049EC50E4C701B6010F94FF19C9
:10DD80006B017C01CECF2BED3FE049EC50E4C701A5
:10DD9000B6010F94001AF4CF08E410E06BED862E64
:10DDA0006FE0962E69ECA62E60E4B62E7501640134
:10DDB0000C9492842AE037ED43E25CE360913302F5
:10DDC0007091340280913502909136020F94E515DE
:10DDD0004B015C016091190270911A02072E000C30
:10DDE000880B990B0F9486159B01AC01C501B401FA
:10DDF0000F94E5156BA77CA78DA79EA723966CAD06
:10DE00007DAD8EAD9FAD23970F94751B4B015C01CB
:10DE1000B80190E080E00F9484151B018C019B01F8
:10DE2000AC01B401C5010F94261C181614F414019A
:10DE300085019101A80123966CAD7DAD8EAD9FAD9E
:10DE400023970F94DC1A4B015C0120E030E040E89E
:10DE50005FE30F94261C18160CF0C3C223966CAD1A
:10DE60007DAD8EAD9FAD23970F94C61A0F94491BBD
:10DE700029967FAF6EAF29971F8E18A219A21AA2FA
:10DE80001BA21CA21DA21EA21FA218A619A61AA69A
:10DE90002996AEADBFAD2997A230B10508F475C281
:10DEA000BD0190E080E00F94841564966CAF7DAF67
:10DEB0008EAF9FAF64979B01AC01C701B6010F9471
:10DEC000DC1A2D966CAF7DAF8EAF9FAF2D979B0167
:10DED000AC010F94E5156B017C01AC019B012D9603
:10DEE0006CAD7DAD8EAD9FAD2D970F94E51520E007
:10DEF00030E040EC50E40F94DC1A9B01AC012D960D
:10DF00006CAD7DAD8EAD9FAD2D970F94FF19E99649
:10DF10006CAF7DAF8EAF9FAFE99720E030E040E07F
:10DF20005FE3C701B6010F94E5159B01AC0160E00A
:10DF300070E080E89FE30F94FF19ED966CAF7DAF22
:10DF40008EAF9FAFED9764962CAD3DAD4EAD5FADFE
:10DF500064976BAD7CAD8DAD9EAD0F94DC1AC3584C
:10DF6000DF4F688379838A839B83CD57D040649643
:10DF70002CAD3DAD4EAD5FAD6497C301B2010F94C2
:10DF8000DC1ACF57DF4F688379838A839B83C1581C
:10DF9000D040A096CCACDDACEEACFFACA097C9866F
:10DFA000DA86EB86FC86A496CCACDDACEEACFFAC9E
:10DFB000A497CD86DE86EF86F88A0E948EEB9B01C1
:10DFC000AC0128533F4F4F4F5F4FAD962CAF3DAF45
:10DFD0004EAF5FAFAD9700919308109194082091D8
:10DFE00095083091960860919708709198088091F3
:10DFF000990890919A08061717072807390710F40F
:10E00000C901B8010F948415A8966CAF7DAF8EAF8F
:10E010009FAFA897E090BB08F090BC080091BD08A6
:10E020001091BE08A090B708B090B808C090B90889
:10E03000D090BA089501A601B701C8010F94261C1B
:10E04000181614F4750186016BA57CA58DA59EA5F7
:10E050009B01AC010F94E5156BAF24967FAF24971D
:10E060001C01A8962CAD3DAD4EAD5FADA8976C964A
:10E070006CAD7DAD8EAD9FAD6C970F94E5155B01DA
:10E080006C019701A801B701C8010F94E5157B0148
:10E090008C019501A6016BAD24967FAD2497C1013B
:10E0A0000F94261C18162CF4ABAE2496BFAE249702
:10E0B00016012BAD24963FAD2497A101B701C801ED
:10E0C0000F94801587FF05C0EBAE2496FFAE249712
:10E0D00018014BA85CA86DA87EA839E12E963FAF29
:10E0E0002E9741E050E060965FAF4EAF60970E9480
:10E0F00038980E948EEB8B019C01AD96CCACDDACC8
:10E10000EEACFFACAD970C191D092E093F0937FD88
:10E110000EC09B01AC0128533F4F4F4F5F4FAD9650
:10E120002CAF3DAF4EAF5FAFAD970E94BAFE2E96BB
:10E130003FAD2E9731502E963FAF2E976096CEACC6
:10E14000DFAC6097B60190E080E00F94841568968C
:10E150006CAF7DAF8EAF9FAF68972E96DFAC2E97DA
:10E16000DD2009F46CC1E9962CAD3DAD4EAD5FAD3F
:10E17000E997B201C3010F94E5156B017C01ED969F
:10E180002CAD3DAD4EAD5FADED976FA978AD89ADCE
:10E190009AAD0F94E5159B01AC01C701B6010F9430
:10E1A000001A7B018C01ED962CAD3DAD4EAD5FADFF
:10E1B000ED97B201C3010F94E5154B015C01E9969F
:10E1C0002CAD3DAD4EAD5FADE9976FA978AD89AD92
:10E1D0009AAD0F94E5159B01AC01C501B4010F94F4
:10E1E000FF192B013C01C701D8018FAB98AFA9AF34
:10E1F000BAAF9201A301E1966CAD7DAD8EAD9FAD3E
:10E20000E1970F94001A69837A838B839C832FA9EB
:10E2100038AD49AD5AADE5966CAD7DAD8EAD9FADD7
:10E22000E5970F94001A6D837E838F839887689695
:10E230002CAD3DAD4EAD5FAD6897C358DF4F6881E3
:10E2400079818A819B81CD57D0400F94E515A096A6
:10E250002CAD3DAD4EAD5FADA0970F94001A698710
:10E260007A878B879C8768962CAD3DAD4EAD5FADB0
:10E270006897CF57DF4F688179818A819B81C15828
:10E28000D0400F94E515A4962CAD3DAD4EAD5FADDD
:10E29000A4970F94001A6D877E878F87988BCE0185
:10E2A00001960E9462B964962CAD3DAD4EAD5FAD56
:10E2B000649723966CAD7DAD8EAD9FAD23970F9483
:10E2C000DC1A68962CAD3DAD4EAD5FAD68970F94EE
:10E2D000E5159B01AC0123966CAD7DAD8EAD9FAD78
:10E2E00023970F94FF196B017C01A8962CAD3DADCF
:10E2F0004EAD5FADA897CA01B9010F94001A9B01FA
:10E30000AC01C701B6010F94E5157B018C012BAD63
:10E3100024963FAD2497A1010F94261C18162CF4C7
:10E32000EBAC2496FFAC24978101C701D8018FA3E1
:10E3300098A7A9A7BAA79E01215E3F4F40910D095A
:10E34000BE01655D7F4FCE0101960E9448B18823D2
:10E35000E1F06C96CCACDDACEEACFFAC6C97CBA234
:10E36000DCA2EDA2FEA260962EAD3FAD60972F5FBE
:10E370003F4F60963FAF2EAF60972996CEACDFAC93
:10E380002997C216D30609F0B2CE80E1EFEDF9E08D
:10E39000DE01119601900D928A95E1F7CE0101966A
:10E3A0000E9462B91BA21CA21DA21EA21FA218A637
:10E3B00019A61AA69E01215E3F4F40910D09BE018C
:10E3C000655D7F4FCE0101960E9448B180E1EFED7F
:10E3D000F9E0A8E0B4E001900D928A95E1F70C9481
:10E3E00020852DEC3CEC4CEC5DE3C501B4010F94B1
:10E3F000801587FF21C02DEC3CEC4CEC5DE32396AF
:10E400006CAD7DAD8EAD9FAD23970F94DC1A0F944C
:10E41000751B4B015C0120E030E040E85FE30F94A6
:10E42000801587FF06C0812C912C50E8A52E5FE354
:10E43000B52EC501B4011ACDB101C80117CD68963A
:10E440002CAD3DAD4EAD5FAD68972D966CAD7DADFD
:10E450008EAD9FAD2D970F94E5154B015C010F9488
:10E46000D91A6B017C01C501B4010F94AD1C4B019D
:10E470005C01A70196016BA97CA98DA99EA90F94A7
:10E48000E5152B013C012FA538A949A95AA9C501B9
:10E49000B4010F94E5159B01AC01C301B2010F94C7
:10E4A000001A2B013C01A50194016BA97CA98DA93F
:10E4B0009EA90F94E5154B015C012FA538A949A928
:10E4C0005AA9C701B6010F94E5159B01AC01C5011E
:10E4D000B4010F94FF196FAB78AF89AF9AAF29E100
:10E4E0002E962FAF2E9785CE80E50E947524C12CE5
:10E4F000D12C7601882321F00E94872D6B017C01AD
:10E5000083E50E947524882361F00E94EC2D20E0B1
:10E5100030E04AE754E40F94E5150F94491B6B0172
:10E520007C010E943BA1C114D104E104F10409F46F
:10E53000C3C98091F90F811105C060E08AEF94E0B2
:10E540000E94D02F0E948EEBC60ED71EE81EF91E29
:10E550000E948EEB6C197D098E099F0997FFACC94B
:10E560000E94BAFEF5CFB0904007A090510287E01C
:10E570000E9407B9811111C080914A0690914B0603
:10E58000A0914C06B0914D064EE0B695A795979593
:10E5900087954A95D1F780FD8FC90E943BA11092C3
:10E5A00053020E948EEB6093F9097093FA098093ED
:10E5B000FB099093FC0990900D0961E080E00E94B6
:10E5C000EABA109240070E94E99B80913302909131
:10E5D0003402A0913502B091360280932A069093BE
:10E5E0002B06A0932C06B0932D06809119029091D2
:10E5F0001A02909329068093280684E690E090936F
:10E600001A028093190281E080935A080E94B5C1D2
:10E6100080914A0690914B06A0914C06B0914D0610
:10E62000A7FBFF24F0F80B2F0170B1FB882780F9BE
:10E63000F01203C08F1509F441C1182F82E50E9422
:10E640007524882311F40C9486830E94EC2D862E69
:10E65000C72ED82EE92E20E030E0A9010F948015B6
:10E660008823E1F14090100450901104609012044E
:10E6700070901304282D3C2D4D2D5E2DB201C30149
:10E680000F94261C181624F0482C5C2C6D2C7E2C24
:10E6900080E090E0A0E2B1E48F8F98A3A9A3BAA391
:10E6A00020E030E849E853E4B201C3010F9480153B
:10E6B00087FD07C0412CB0E85B2E89E8682E93E403
:10E6C000792EC201D30189839A83AB83BC83BE01B7
:10E6D000615E7F4FCE0101960E94C5BAFF2009F40A
:10E6E00092C0002309F471C010920804109209042A
:10E6F00010920A0410920B0410920C0410920D0454
:10E7000010920E0410920F040E94E7BA80910D0936
:10E71000EE24E394F12C811103C0EE24EA94FE2C44
:10E720008DEC91E2A4EDB2E48BA79CA7ADA7BEA7A8
:10E73000EDE8FDE2659175918591949120E030E0DE
:10E7400040EC5FE30F94E515905869837A838B83DF
:10E750009C83E9E8FDE2659175918591949120E0B3
:10E7600030E040EC5FE30F94E5152B013C01B7016D
:10E77000FF0C880B990B0F9486159B01AC01C3010C
:10E78000B2010F94E5156F8F78A389A39AA39E0118
:10E79000255D3F4F40E154E0BE016F5F7F4FCE01EA
:10E7A0004F960E940ABA0E9435C310920804109234
:10E7B000090410920A0410920B0410920C04109297
:10E7C0000D0410920E0410920F0481E080930D0945
:10E7D00080E00E9402BD8091080490910904A091FC
:10E7E0000A04B0910B0480932F0290933002A093FF
:10E7F0003102B093320210920D0980E00E9402BDF6
:10E8000081E00E9421B9002319F081E00E9402BD3D
:10E81000112319F082E00E9402BD0E94E7BA8091A4
:10E820005102823024F181E080930D0980E00E9442
:10E8300002BD8091080490910904A0910A04B0914E
:10E840000B0480932F0290933002A0933102B09377
:10E85000320210920D0980E00E9402BD81E00E9408
:10E8600021B9A0925102B09240070E94E99B809189
:10E87000590880935A0880912A0690912B06A091FE
:10E880002C06B0912D068093330290933402A0930E
:10E890003502B09336028091280690912906909314
:10E8A0001A028093190260E0892D0E94EABA83E07F
:10E8B00080936D020E94C0C00C945C6CFF24F394A2
:10E8C00001E011E0BBCE109270110C945C6C8FE0F3
:10E8D000809370110C945C6C8092140490921504D7
:10E8E000A0921604B0921704032D65C880914E06BD
:10E8F00090914F068337910511F40C942C7D08F00C
:10E900002FC18C34910509F4A9C508F0C4C0883121
:10E91000910509F436C408F090C08231910509F4DC
:10E9200075C708F041C08230910508F48BC3419748
:10E9300011F00C94786C0E941624882309F4EEC31D
:10E9400085E40E942724882369F080912E06909107
:10E950002F06892B09F4DDC30E94A72D823010F405
:10E960000E94859C7EE4E72E74E0F72E10E0F7010C
:10E9700021917F01215480914A0690914B06A091EC
:10E980004C06B0914D0604C0B695A795979587950E
:10E990002A95D2F780FF03C0812F0E94CC9C1F5F75
:10E9A000133029F70C945C6C8531910509F4D4C3BC
:10E9B00068F5449711F00C94786C80918E1284FF66
:10E9C000C3C387E395E00E945E5B80918E1284FF53
:10E9D00017C08FE590E10E9456938BE1EFE5F0E1DF
:10E9E000DE01119601900D928A95E1F770E060E0EA
:10E9F000CE0101960F940C06CE0101960E945B9306
:10EA000088E295E00E945E5B0C945C6C8631910517
:10EA100009F4A6C3479711F00C94786C80915106C5
:10EA200090915206FC012191222309F4A5C32032C2
:10EA3000D1F7DF0111971C92F6CF8D31910509F4C2
:10EA400047C4B0F48A31910509F4C2C308F4A5C3E0
:10EA50008B31910509F4DBC34C9711F00C94786C61
:10EA600080915106909152060E9444FD0C945C6C7A
:10EA70008F31910509F4D6C408F431C48032910570
:10EA800009F48BC48B34910511F00C94786C0E94BE
:10EA900002C40C945C6C8936910509F48AC580F532
:10EAA0008335910509F4AAC6B8F48E34910509F4AA
:10EAB000EEC408F4E8C48135910509F48AC68235AC
:10EAC000910511F00C94786C809170118F7D8061AC
:10EAD000809370110C945C6C8535910509F4F7C630
:10EAE00008F494C68C35910509F416C7883691054B
:10EAF00011F00C94786C80E00E94E55E0C945C6CE4
:10EB00008E36910509F4CEC5A0F48B36910509F433
:10EB1000BAC508F47CC58C36910509F41DC68D363E
:10EB2000910511F00C94786C81E00E94E55E0C94E4
:10EB30005C6C8037910509F415C608F4D1C581379E
:10EB4000910509F41AC68237910511F00C94786C7E
:10EB50000E940DE58CE091E10E94759B0C945C6C29
:10EB60008C3D910511F40C941F8008F0DDC08E3BA4
:10EB7000910509F429C608F062C08837910509F4A7
:10EB8000C6C7D8F48637910509F46AC708F0BBC731
:10EB90008537910511F00C94786C80915106909115
:10EBA0005206009709F4F5C2FC012081222309F4E2
:10EBB000F0C20E94D3E30C945C6C8C38910509F48C
:10EBC000FEC568F48937910511F00C94786C1092A9
:10EBD0005A08109259080E94B5C10C945C6C813996
:10EBE000910509F49CC78B39910511F00C94786C50
:10EBF00083E50E947524882311F40C945C6C0E94B8
:10EC0000B82D182F8C3308F08CE380937E100E946F
:10EC10008EEB6B017C01212F30E0A8EEB3E00F9466
:10EC2000A819C60ED71EE81EF91EC0927A10D092FF
:10EC30007B10E0927C10F0927D100C945C6C8D3C0B
:10EC4000910511F40C94297FA0F5893C910511F4EC
:10EC50000C94717E98F4883C910511F00C94786CBA
:10EC600080914A0683FDD3C780914C068C7009F0D1
:10EC7000CEC781E00E9454680C945C6C8B3C91057B
:10EC800011F40C94AD7E8C3C910511F00C94786CD1
:10EC900080914B0687FF02C00C94E17E80914C0668
:10ECA0008E7011F00C94E17E81E00E94EF680C946C
:10ECB0005C6C833D910511F40C94C97FC0F48E3CCB
:10ECC000910511F00C94786C80914A0690914B0656
:10ECD000A0914C06B0914D06892B8A2B8B2B11F0FD
:10ECE0000C94A77F81E00E9422680C945C6C893DA3
:10ECF000910511F40C94CD7F8A3D910511F00C948F
:10ED0000786C80914A0690914B06A0914C06B09188
:10ED10004D06892B8A2B8B2B11F00C94E17F81E01F
:10ED20000E9404630C945C6C843FE1E09E0711F444
:10ED30000C94708208F0F9C08E3221E0920711F431
:10ED40000C94708108F074C0823241E0940711F491
:10ED50000C947F8008F046C08D3D910511F00C9415
:10ED6000786C0E94C15ED82E87FF02C00C945C6C48
:10ED700083E50E947524ED2C0D2C000CFF08870103
:10ED8000000F111F882311F40C9465800E94A72D99
:10ED9000F801E55EFD4F918380838701000F111F0D
:10EDA000000F111FD801A15EBD4F7D01BC01990F5D
:10EDB000880B990B0F9486152AE037ED43E25CE34C
:10EDC0000F94E515F801E650F94F20813181428119
:10EDD00053810F94E515F7016083718382839383D8
:10EDE0000C945C6C8C32A1E09A0711F40C94DC80DA
:10EDF0008D32914011F00C94786C85E40E9475245A
:10EE0000882311F40C94FB800E94B82D90914A063F
:10EE100093FF02C00C94FE8090914B06917811F004
:10EE20000C94FE80682F81E00E94BD620C945C6CA3
:10EE30008039E1E09E0711F40C94B68148F48F32DA
:10EE4000914011F00C94786C0E9434630C945C6CCB
:10EE50008A3931E0930709F48CC48C3A914011F05F
:10EE60000C94786C87E00E9407B9877011F40C94B9
:10EE7000BA814091190550911A0560911B05709156
:10EE80001C054BA75CA76DA77EA730E020E0E0E063
:10EE900090E0AC01022E02C0559547950A94E2F726
:10EEA00040FF11C06FE170E06C0F7D1F6E0F711D90
:10EEB0004BE250E04C0F5D1F420F531FDA014C91A3
:10EEC000DB014C93EF5F2F5F3F4F2330310509F794
:10EED0008E01015E1F4FE00FF12FF11D10821F9375
:10EEE0000F9383EE96E09F938F93FE0131967F01FF
:10EEF000FF93EF930F9419150E94BE5EC7010E9405
:10EF0000762D1F930F9383ED96E09F938F93FF923F
:10EF1000EF920F941915C7010E94D3E30FB6F8942E
:10EF2000DEBF0FBECDBF0C945C6C8C3052E09507F9
:10EF300011F40C94868210F5863FB1E09B0711F422
:10EF40000C94788210F40C947482873FF1E09F0750
:10EF500011F40C947C82883F914011F00C94786CF1
:10EF60000E9474DF882311F40C945C6C0E94BE5ED6
:10EF700088E297E00E945E5B0C945C6C803A33E020
:10EF8000930709F441C250F58D35924011F00C946D
:10EF9000786C0E943BA183E50E947524882311F4BC
:10EFA0000C942183109151020E94B82D809351023C
:10EFB000109258070E94E99B80915102823011F40F
:10EFC0000C94B28214F00C949E8287FD02C00C94C3
:10EFD000E48281E0809351020C94E482873EA3E0B6
:10EFE0009A0711F40C942C83893E934011F00C94F1
:10EFF000786C0E943BA180918E12877F8B7F8093DB
:10F000008E128091851281110C9445830E9443C316
:10F010006D3371058105910520F08DE997E00E941F
:10F020002C8589E997E00E942C85109171118FEF52
:10F030008093711185E897E00E945E5B10937111D7
:10F040000C945C6C80E50E947524C12CD12C760157
:10F05000882321F00E94872D6B017C0183E50E94AB
:10F060007524882361F00E94EC2D20E030E04AE70F
:10F0700054E40F94E5150F94491B6B017C010E9429
:10F080003BA18091510690915206009709F10E9490
:10F09000D3E31091070983E08093070981E080930F
:10F0A0001009C114D104E104F10431F00E948EEB87
:10F0B000C60ED71EE81EF91E809110098823B1F0F4
:10F0C000C114D104E104F10449F40E94BAFEF4CF62
:10F0D00060E084E095E00E94D02FDBCF0E948EEBB1
:10F0E0006C197D098E099F0997FDEFCF10921009C9
:10F0F0008091900682FF07C062E370E080E090E0BC
:10F100000E94C838F5CF109307090E94FAE30C94C7
:10F110005C6C80E00E94679B81E022CC60E089E12A
:10F1200095E00E94D02F80E00E94CC9C81E00E945C
:10F13000CC9C82E00E94CC9C80E00E94679B81E096
:10F140000E94859C0C945C6C0E94BE5E88E495E0F5
:10F150000E945E5B0C945C6C0E94A6F70C945C6C45
:10F1600080918E1282FF04C087FD02C00C945C6CFB
:10F170000E9484F70C945C6C60E00E948DFD0C94FE
:10F180005C6C0E946855882321F00E940DF00E945B
:10F1900002C40E94FAE30C945C6C80918E1282FF90
:10F1A00005C087FD03C08B7F80938E128091F60F80
:10F1B000813079F782E08093F60F0E948EEB6093A6
:10F1C0001707709318078093190790931A07E1CFD8
:10F1D00080918E1284FD02C00C945C6C83E50E94C9
:10F1E0007524882311F40C945C6C0E94972DAB015C
:10F1F000BC0140938A1250938B1260938C127093CF
:10F200008D1289E290E10E94ECF50C945C6C809187
:10F210004A0690914B06A0914C06B0914D0662E0D3
:10F22000B695A795979587956A95D1F780FF1DC0EC
:10F230008CE595E00E945E5B80912C10882381F024
:10F24000BE016F5F7F4F89E290E10E9410F8CE010E
:10F2500001960E94D0368AE00E945C5B0C945C6C44
:10F2600082E595E00E945E5BF6CF80918E1282FD72
:10F2700004C00E942E5B882329F1C0908A12D0908E
:10F280008B12E0908C12F0908D128CE795E00E942A
:10F290005E5BC701B6010E9421E48FE20E945C5BC5
:10F2A00060918612709187128091881290918912D4
:10F2B0000E9421E48DE00E94BCE28AE00E94BCE250
:10F2C0000C945C6C8BE695E00E945E5B0C945C6C2D
:10F2D00080918E128E7F80938E120C945C6C809144
:10F2E0008E1284FD02C00C945C6C0E9462F78091C7
:10F2F0008E1284FD02C00C945C6C409151065091BA
:10F300005206BE01615E7F4F80E00E9456FB8C0179
:10F31000009711F40C945C6C6F8D78A119821C829B
:10F3200022E0AC01CE0101960E94BBF8811116C00B
:10F33000F12CCE0101960E945B93B801FF2019F1D8
:10F3400089EA95E00E9492F810928A1210928B122C
:10F3500010928C1210928D120C945C6CCE0101965E
:10F360000E94CBF6882321F361E0CE0101960E9432
:10F370007FF60097E9F225EEDC012C931C820E94B7
:10F38000A7F0F82ED6CF81E995E00E945E5D8EE869
:10F3900095E00E945E5B0C945C6C80918E1282FF03
:10F3A00003C087FF0E943BA180918E1284FD02C0A2
:10F3B0000C945C6C60E080E50E94D82D182F682FBB
:10F3C00080915106909152060E948DFD83E50E9426
:10F3D0007524882381F00E94972DAB01BC014093D6
:10F3E0008A1250938B1260938C1270938D1289E263
:10F3F00090E10E94ECF50E940DF011110C945C6CF0
:10F400000E9402C40C945C6C20915106309152060B
:10F4100090918E12926090938E12C9010E9444FDC9
:10F420000C945C6C0E9443C36F8F78A389A39AA34A
:10F43000BE016F5F7F4FCE014F960E948124CE01A7
:10F4400001960E94D3E30E94BE5EBE016F5F7F4FB4
:10F4500087EB95E00E9492F80C945C6C8091F60F1B
:10F46000813011F00C945C6C82E08093F60F0E9466
:10F470008EEB60931707709318078093190790938A
:10F480001A070C945C6C0E94465B0C945C6C70E0F8
:10F4900060E083E50E94AA2D8E34910531F40E942C
:10F4A000BFA00E94FAE30C945C6C82E296E00E949A
:10F4B0005E5B6091F7087091F80889E196E00E9420
:10F4C00070696091F9087091FA088CE096E00E94EA
:10F4D00070696091F7087091F8088091F90890912F
:10F4E000FA08681B790B8091F60F815021E030E01B
:10F4F000823010F030E020E0621B730B81E096E078
:10F500000E9470698AE00E945C5B89EF95E00E942E
:10F510005E5B8091FB089091FC08A091FD08B09182
:10F52000FE088F8F98A3A9A3BAA3BE016F5F7F4F78
:10F53000CE014F960E948124BE016F5F7F4F8CEEFB
:10F5400095E00E945E5D8091FF0890910009A09176
:10F550000109B09102098F8F98A3A9A3BAA3BE0194
:10F560006F5F7F4FCE014F960E948124BE016F5F77
:10F570007F4F8CED95E00E945E5D20E030E04AE731
:10F5800054E46091030970910409809105099091F8
:10F5900006090F94DC1AAB01BC0184EC95E00E94D3
:10F5A000A7618DE60E945C5B8AE00E945C5B0C9424
:10F5B0005C6C0E94C15E182F87FD0AC08AE296E04B
:10F5C0000E945E5B812F0E940A948AE00E945C5B2D
:10F5D000A996CFACA997C0920709CB57DF4F0FB6BA
:10F5E000F894DEBF0FBECDBFDF91CF911F910F9179
:10F5F000FF90EF90DF90CF90BF90AF909F908F9053
:10F600007F906F905F904F903F902F90089580E58E
:10F610000E947524811131C080914A060FEF10E0DD
:10F6200080FF08C0E0910D09F0E0E15FF64F6081D6
:10F63000062F10E089E40E947524882311F40C94AD
:10F6400094830E94B82D90E01816190614F481E0F6
:10F6500090E026E0289FF001299FF00D1124EC5D39
:10F66000F84F048115810F3F110519F010F00FEFCD
:10F6700010E000930F090C945C6C0E94B82D81116E
:10F680000C945C6CC9CF80E50E947524811104C084
:10F6900010920F090C945C6C0E94B82D81110C948F
:10F6A0005C6CF6CF8EE40E947524882311F40C94D0
:10F6B0005C6C0E94972DE0917E0222E6E29FF001B1
:10F6C0001124EF51FD4FE08137E6E302F0011124F0
:10F6D000EF5EF64F60837183828393830C945C6C3E
:10F6E00083E50E947524882321F00E94B82D809321
:10F6F00016070E94BE5E8BE396E00E945E5B8091DF
:10F700001607882331F110E000E020E08091160711
:10F7100090E0002E02C0959587950A94E2F780FF4D
:10F7200012C0FF24F394F20E222319F08CE20E94FF
:10F730005C5BF801EE0FFF1FEF5CF94F8591949130
:10F740000E945E5B2F2D0F5F1F4F05301105F1F6F4
:10F7500082CD8DE296E086CD10921009109278024B
:10F760000C945C6C41E070E060E088E891E40E94F9
:10F770008E690E943FC00C945C6C83E50E947524E6
:10F78000882369F00E94B82D8D3320F480936C0299
:10F790000C945C6C8CE380936C020C945C6C0E9407
:10F7A000BE5E10916C0282E496E00E945E5B812F47
:10F7B0000E9490388AE00E945C5B0C945C6C80E054
:10F7C0000E946B5B0C945C6C81E00E946B5B0C9400
:10F7D0005C6C0E944BA110920F090E9424950E941C
:10F7E000465B68EE73E080E090E00E94C83860E01D
:10F7F00089E496E00E94D02F0C945C6C809170118B
:10F800008F7E8062809370110C945C6C83E50E9403
:10F8100075248823F1F00E948EEB6093F9097093B0
:10F82000FA098093FB099093FC090E94EC2D20E0DB
:10F8300030E04AE754E40F94E5150F94491B6093B8
:10F84000790270937A0280937B0290937C020C94ED
:10F850005C6C0E9416248823B1F10E943BA185E4D0
:10F860000E942724882351F080912E0690912F0624
:10F87000892B31F10E94A72D0E94679C4EE4E42E53
:10F8800044E0F42E10E0D7012D917D0121548091A8
:10F890004A0690914B06A0914C06B0914D0604C0CB
:10F8A000B695A795979587952A95D2F780FF03C0BF
:10F8B000812F0E94939C1F5F133029F70C945C6C7E
:10F8C0000E94819CDBCF0E944BA10C945C6C83E571
:10F8D0000E942724882311F40C945C6C0E948EEB08
:10F8E0006093F9097093FA098093FB099093FC09DE
:10F8F0000E94EC2D20E030E04AE754E40F94E51537
:10F900000F94491B6093F5097093F6098093F709EA
:10F910009093F8090C945C6C0E94C15E87FF02C052
:10F920000C945C6C80914A0684FD09C080914C0661
:10F9300087FD05C080914D06837009F488C02EE4D0
:10F94000C22E24E0D22E33E9E32E38E0F32E10E06D
:10F95000F60181916F010E947524882359F01330BC
:10F9600099F00E94EC2DD70154966D937D938D9361
:10F970009C9357971F5FB4E0EB0EF11C143041F7D6
:10F980000E942CB80C945C6C0E94EC2D4B015C0125
:10F9900020E030E040EA51E40F94801587FF4EC02C
:10F9A000A50194016091B3087091B4088091B508E5
:10F9B0009091B6080F94DC1A2B013C01AC019B011D
:10F9C00060913C0770913D0780913E0790913F0701
:10F9D0000F94E51560933C0770933D0780933E07B5
:10F9E00090933F07A30192016091C3087091C408EE
:10F9F0008091C5089091C6080F94E5156093C308DF
:10FA00007093C4088093C5089093C60860910E0750
:10FA100070910F0780911007909111070F94841532
:10FA2000A30192010F94E5150F94491B60930E07F3
:10FA300070930F0780931007909311078092B3087B
:10FA40009092B408A092B508B092B60893CF81E026
:10FA50000E942DE60C945C6C0E94B75D0C945C6C6B
:10FA6000009151061091520624E08FEFF12C30E006
:10FA7000215009F1D8019C91492F4B7F4134A1F4C9
:10FA800011964C914133B9F49134B1F1953409F4A4
:10FA900031E0A8014E5F5F4F8A014F5F5F4FD80191
:10FAA0009C919032C9F3E4CF903529F4F80191810B
:10FAB00090539A30F8F0E0907111833000F588236C
:10FAC00001F19FEF980F81E001C0880F9A95EAF746
:10FAD0008093711131110E94BE5EFF2021F08EE5EE
:10FAE00096E00E945E5BC8010E94762DE092711143
:10FAF0000C945C6C892FCDCFFF24F394CACF8E2D4C
:10FB0000E7CF8FEFE5CF0E9495C10C945C6C2093FA
:10FB10005A08209359080E94B5C10C945C6C70E09F
:10FB200060E083E50E94AA2D823040F00E946C5E66
:10FB300081E696E00E945E5B0C945C6C8C01112760
:10FB400088E40E9475248823E9F00E94A72D209163
:10FB50001302309114028217930754F00E94A72DCC
:10FB60002BEE30E08C3E91051CF40E94A72D9C01E9
:10FB700086E0809FF001819FF00D1124EC5DF84F2D
:10FB80003183208382E40E9475248823A9F00E9497
:10FB9000A72D059784F10E94A72D8F36910574F546
:10FBA0000E94A72D26E0209FF001219FF00D112437
:10FBB000EC5DF84F9383828386E40E94752488234A
:10FBC00011F40C945C6C0E94A72D97FD1AC00E9442
:10FBD000A72D8F3F910509F0BCF40E94A72D26E0C8
:10FBE000209FF001219FF00D1124EC5DF84F9583CB
:10FBF00084830C945C6C85E090E0D4CF8EE690E03A
:10FC0000D1CF90E080E0EBCF8FEF90E0E8CF0E9483
:10FC1000C15E182F87FF02C00C945C6CF090230724
:10FC200084E40E947524082F882309F456C00E949A
:10FC3000EC2D6B017C0120E030E0A9010F948015D0
:10FC4000882309F44CC0B4E01B02F0011124E55EE6
:10FC5000F84FC082D182E282F38220E030E0A90135
:10FC600060911B0770911C0780911D0790911E07E2
:10FC70000F94801581110CC080E090E0A0E4B0E406
:10FC800080931B0790931C07A0931D07B0931E073A
:10FC900020E030E0A90160911F077091200780915A
:10FCA0002107909122070F94801581110CC080E0EC
:10FCB00090E0A0E4B0E480931F0790932007A09306
:10FCC0002107B0932207602F83E50E94D82D8093EF
:10FCD00023070E94B3860C945C6C0F2DF4CF80E058
:10FCE000F6CF80914A0684FD0DC080914C0688783D
:10FCF00049F480914D06837029F481E00E943769B0
:10FD00000C945C6C0E94C15E87FF02C00C945C6C1A
:10FD10000EE414E083E9E82E88E0F82E92E5C92E7F
:10FD200094E0D92EF80181918F010E9475248823D7
:10FD300061F00E94EC2D0F94491BD7016D937D93C8
:10FD40008D939C9313970E94EDA0B4E0EB0EF11CF1
:10FD5000C016D10639F70C945C6C80914A0684FD7C
:10FD60000DC080914C06887849F480914D068370CF
:10FD700029F481E00E940E690C945C6C0E94C15EC3
:10FD800087FF02C00C945C6C1EE4E12E14E0F12E9F
:10FD900010E000E0F70181917F010E947524882323
:10FDA00049F00E94EC2DF801ED56F74F64A375A3BE
:10FDB00086A397A30C5F1F4F0031110559F70C94D0
:10FDC0005C6C83E50E947524882391F00E94EC2DE1
:10FDD0006093C7087093C8088093C9089093CA08B5
:10FDE0006093CF087093D0088093D1089093D20885
:10FDF00080E50E947524882351F00E94EC2D6093C9
:10FE0000C7087093C8088093C9089093CA0882E510
:10FE10000E947524882351F00E94EC2D6093CB083A
:10FE20007093CC088093CD089093CE0884E50E940F
:10FE30007524882311F40C945C6C0E94EC2D609363
:10FE4000CF087093D0088093D1089093D2080C9477
:10FE50005C6C80914A0690914B06A0914C06B09143
:10FE60004D06892B8A2B8B2B29F481E00E94A468F4
:10FE70000C945C6C82E40E947524882351F00E94EB
:10FE8000872D6093A3087093A4088093A50890938E
:10FE9000A60883E50E947524882351F00E94EC2D6A
:10FEA0006093D3087093D4088093D5089093D608B4
:10FEB00084E50E947524882351F00E94EC2D609304
:10FEC000D7087093D8088093D9089093DA0888E50A
:10FED0000E947524882351F00E94EC2D6093300716
:10FEE00070933107809332079093330789E50E941E
:10FEF0007524882351F00E94EC2D60933407709391
:10FF0000350780933607909337078AE50E9475245A
:10FF1000882351F00E94EC2D6093380770933907C5
:10FF200080933A0790933B0785E40E9475248823C9
:10FF300011F40C945C6C0E94EC2D60933C07709360
:10FF40003D0780933E0790933F070C945C6CAEE4B2
:10FF5000CA2EA4E0DA2EBDE5EB2EB8E0FB2E10E0B1
:10FF6000D6018D916D010E947524882351F00E9465
:10FF7000EC2DF7016083718382839383812F0E942C
:10FF80007BB81F5FF4E0EF0EF11C133049F70C94BF
:10FF9000E86C0E94B7610C945C6C8AE50E94752441
:10FFA000882351F00E94EC2D60936B0770936C07CF
:10FFB00080936D0790936E0781E00E9441680C94D6
:10FFC0005C6C0E94C15E182F87FF02C00C945C6CB1
:10FFD00088E50E947524882361F00E94EC2D2CE0B6
:10FFE0001202F0011124E552F74F6083718382837E
:10FFF000938389E50E947524882361F00E94EC2D8B
:020000021000EC
:100000003CE01302F0011124E552F74F648375833D
:10001000868397838AE50E947524882311F40C94C3
:100020005C6C0E94EC2D4CE01402F0011124E552AE
:10003000F74F60877187828793870C945C6C8091FF
:100040004A0690914B06A0914C06B0914D066091E6
:10005000190270911A020097A105B10551F486E8C2
:1000600096E00E947C6983E896E00E945E5B0C94B7
:100070005C6C8C019D01F1E13695279517950795EC
:10008000FA95D1F700FF08C02091080230910902CB
:1000900030931A0220931902B695A79597958795E4
:1000A00080FF04C0709309026093080283E50E94F8
:1000B0007524882311F40C945C6C0E94A72D9093F6
:1000C0001A02809319020C945C6C0E94BE5E85E457
:1000D0000E94BCE280E38D0D0E945C5BF801E55E4E
:1000E000FD4F608171818AE896E00E947C6985E21B
:1000F0000E945C5B8AE00E945C5B0C945C6C3EE45A
:10010000C32E34E0D32E43E9E42E48E0F42E10E071
:10011000D6018D916D010E947524882349F10E94BA
:10012000EC2D20E030E040E050EC0F94801587FD8E
:1001300032C00E94EC2D20E030E040E050E40F940B
:10014000261C18166CF10E94EC2DF70124893589C4
:10015000468957890F94E5150F94441B812F0E94FF
:100160009D381F5FF4E0EF0EF11C133089F607C0D5
:100170001230B9F783E50E9475248111D0CF8091A8
:100180004C0687FD12C080914D06837071F40E9469
:10019000BE5E0C945C6C60E070E080E090ECD5CFCB
:1001A00060E070E080E090E4D0CF82E50E942724F8
:1001B0008111EDCF0C945C6C83E50E94752404E002
:1001C00011E0882319F00E94972D8B0180E50E9491
:1001D0007524882369F00E94972DCB0169387341FB
:1001E00010F088E893E1B8010E94F2CD0C945C6CA9
:1001F00088EE93E0F8CF8FEF0C94067782300CF006
:1002000067C080E50E9475248823A1F00E94EC2D30
:100210006093BB107093BC108093BD109093BE1080
:100220000E94EC2D6093E7107093E8108093E91022
:100230009093EA1089E40E947524882301F10E94BA
:10024000EC2D21E732EB47E25EE30F94E515609376
:10025000BF107093C0108093C1109093C2100E9481
:10026000EC2D21E732EB47E25EE30F94E515609356
:10027000EB107093EC108093ED109093EE1084E4EB
:100280000E947524882301F10E94EC2D21E732EBB6
:1002900047E25EE30F94DC1A6093C3107093C410BE
:1002A0008093C5109093C6100E94EC2D21E732EB8D
:1002B00047E25EE30F94DC1A6093EF107093F01046
:1002C0008093F1109093F2100E948A380C945C6C29
:1002D0000E946C5E82E996E00E945E5B0C945C6C0E
:1002E00083E50E942724182F882369F00E94A72DF8
:1002F0009C01909314028093130291E0232B09F048
:1003000090E09093DD0680E50E942724882361F029
:100310002091130230911402232B11F00E94C92D59
:100320008093DD060C945C6C11110C945C6C0E9443
:10033000BE5E80EC96E00E945E5B8091DD068823C5
:1003400091F088EA96E00E945E5B609113027091E2
:1003500014028FEA96E00E947C698BEA96E00E9484
:100360005E5B0C945C6C84EA96E0EDCF0E943BA14E
:100370000C945C6C28E5C22E2DE2D22E48E054E0AD
:1003800058AB4FA7CE0101961C018C01F12CE12C3A
:10039000F6016591759185919491AFA5B8A98D905D
:1003A0009D90AD90BD90B8ABAFA7A50194010F94FF
:1003B000FF192B013C01F801408251826282738255
:1003C00020E030E040EA51EC0F94261C87FD0AC083
:1003D00020E030E040EA51E4C301B2010F948015FF
:1003E000181684F4F701E852FF4BE4911E1654F4FA
:1003F000B7FAB094B7F8B094D8018D929D92AD92AF
:10040000BC921397F80180809180A280B38020E095
:1004100030E040EA51ECC501B4010F94261C87FD81
:100420004AC020E030E040EA51E4C501B4010F9435
:10043000801518160CF43FC0FFEFEF1AFF0A24E0F6
:10044000C20ED11C0C5F1F4F33E0E316F10409F01C
:100450009FCF9DE5E92E98E0F92E10E0F101819102
:100460009191A191B1911F01F70181939193A19372
:10047000B1937F01812F0E947BB81F5F133071F70A
:100480000E94C0C060E081EF96E00E94D02F63E937
:1004900072E084E690E00E94F2CD70E060E08AE0D5
:1004A00090E00E94F2CD6AEB72E084E690E00E9458
:1004B000F2CD0C945C6C0E946C5E82E197E00E942D
:1004C0005E5B61E082E097E00E94D02F0E94613A7B
:1004D00068E270E080E991E00E94F2CD0C945C6CDF
:1004E0000E94729D0C945C6C0E949DDF0C945C6C6D
:1004F0000E94C0C10C945C6C61E083E50E94D82D21
:1005000091E089270E94EC9C0C945C6C80918E1287
:1005100082FF0CC087FD0AC00E94685590918E1220
:1005200080FB97F990938E120C945C6C84FD02C052
:100530000C945C6C0E9462F70C945C6C833011F03C
:100540000C94E977123009F448C082E597E00E94E4
:100550005E5B83E397E00E945E5B81E080935102E3
:100560000C945C6C88E50E9475248823D1F00E946D
:10057000EC2D6B017C0120E030E042E952E40F9465
:10058000261C181634F0C12CD12C82E9E82E82E406
:10059000F82EC0924D02D0924E02E0924F02F0929D
:1005A000500282E50E947524882331F00E94A72D15
:1005B000909354068093530680910D09882321F06F
:1005C00060E080E00E94EABA80E00E9421B91092C7
:1005D00040070E94E99B0C945C6C81E08093580773
:1005E0000E94E99B80E1E8E0F4E0DE0111960190D1
:1005F0000D928A95E1F72DEC3CEC4CEC5DE36981C2
:100600007A818B819C810F94FF1969837A838B8314
:100610009C831F8E18A219A21AA21BA21CA21DA2A3
:100620001EA21FA218A619A61AA69E01215E3F4F60
:1006300040E063E372E0CE0101960E9448B10C9461
:100640005C6C87E50E94272481110C945C6C81E02E
:10065000809351020C945C6C83E08093FD091092AE
:10066000241060E083E50E94D82D81110C945C6C0D
:10067000E0917E0222E6E29FF0011124EF51FD4F4E
:1006800080810E94675D0C945C6C0E9449FC811122
:100690000C945C6C0C94067810914E06E091510617
:1006A000F0915206309789F080818A3271F410916E
:1006B0000D0981EA97E00E945E5B812F0E949038CD
:1006C0008AE00E945C5B0C945C6C0E948EEB6093F1
:1006D000F9097093FA098093FB099093FC0960E093
:1006E00083E50E94D82D81110BC090910D0981E006
:1006F000212F012E000C330B9217130609F080E016
:10070000682F812F0E94EABA0C945C6CF11004C02F
:10071000002311F40C940874812CC12C20EAD22EF1
:1007200030E4E32E0C94327383E50E947524882311
:1007300011F40C94337B0E94972D8B010C94337B26
:1007400020E030E0A901C701B6010F94801588238D
:1007500011F40C940D6E1FA618AA19AA1AAAA701C3
:10076000960150582BAB3CAB4DAB5EAB8FA598A917
:10077000A9A9BAA9B0588FAB98AFA9AFBAAFA701D2
:100780009601C701B6010F94E5154B015C012FA539
:1007900038A949A95AA9CA01B9010F94E5159B01C5
:1007A000AC01C501B4010F94001A0F94B71C6C96EC
:1007B0006CAF7DAF8EAF9FAF6C9780900804909028
:1007C0000904A0900A04B0900B04A5019401C7018C
:1007D000B6010F94001AE1966CAF7DAF8EAF9FAF5C
:1007E000E197C0900C04D0900D04E0900E04F090BE
:1007F0000F042396CCAEDDAEEEAEFFAE23972FA551
:1008000038A949A95AA9C701B6010F94001AE5965B
:100810006CAF7DAF8EAF9FAFE5974090DF095090F2
:10082000E0096090E1097090E209E1962CAD3DADE0
:100830004EAD5FADE197C301B2010F94FF196BAFED
:100840007CAF8DAF9EAFC090E309D090E409E090FB
:10085000E509F090E609E5962CAD3DAD4EAD5FADF6
:10086000E597C701B6010F94FF1927966CAF7DAFCE
:100870008EAF9FAF2797A3019201C501B4010F94DA
:10088000FF194B015C012DEB37E346E855EB0F9464
:10089000261C87FF02C00C94336E2DEB37E346E82D
:1008A00055E3C501B4010F948015181614F40C9487
:1008B000336EA701960123966CAD7DAD8EAD9FADD5
:1008C00023970F94FF196B017C012DEB37E346E86A
:1008D00055EB0F94261C87FF02C00C94336E2DEB52
:1008E00037E346E855E3C701B6010F9480151816A3
:1008F00014F40C94336E0230110511F00C94CC6E8C
:1009000008E410E07BED872E7FE0972E79ECA72E90
:1009100070E4B72EEBEDCE2EEFE0DE2EE9ECEE2EFE
:10092000E0ECFE2E2091100430911104409112044D
:1009300050911304A0962CAF3DAF4EAF5FAFA09780
:100940008091140490911504A0911604B09117049D
:10095000A4968CAF9DAFAEAFBFAFA4976091E709EF
:100960007091E8098091E9099091EA090F94FF19C3
:100970006BAF7CAF8DAF9EAFA4962CAD3DAD4EADB1
:100980005FADA4976091EB097091EC098091ED093E
:100990009091EE090F94FF192B013C01A5019401E0
:1009A0006C966CAD7DAD8EAD9FAD6C970F94E515DB
:1009B00023966CAF7DAF8EAF9FAF239727E137EBC8
:1009C00041ED58E30F94801587FD02C00C94DA6E58
:1009D0002DEB37E346E855EB6BAD7CAD8DAD9EADB1
:1009E0000F94261C87FF02C00C94DA6E2DEB37E3C0
:1009F00046E855E36BAD7CAD8DAD9EAD0F94801593
:100A0000181614F40C94DA6E2DEB37E346E855EB28
:100A1000C301B2010F94261C87FD0AC02DEB37E3FA
:100A200046E855E3C301B2010F948015181644F44B
:100A30008091FD09833020F00E941A2E0E94CBBDC8
:100A40000E948EEB6093F9097093FA098093FB0979
:100A50009093FC090C945C6C4F925F926F927F9222
:100A60008F929F92AF92BF92CF92DF92EF92FF92BE
:100A70000F931F93CF93DF93CDB7DEB77C014DB6B5
:100A80005EB66090F3097090F4098DB69EB66AE088
:100A900070E0C7010F94BD146C018C010E191F0981
:100AA000892B21F4C7010F94CF148C01C801019642
:100AB0002DB73EB7281B390B0FB6F8943EBF0FBEBB
:100AC0002DBF8DB79EB701965C01A801B7010F94A9
:100AD000F014F501E00FF11F1082C5010E943037BC
:100AE00081E00E94136CC114D10451F076019FEF94
:100AF000E91AF90A0FB6F8949EBE0FBE8DBEC5CF97
:100B00000FB6F8949EBE0FBE8DBEC3010E94303753
:100B10000FB6F8945EBE0FBE4DBEDF91CF911F9110
:100B20000F91FF90EF90DF90CF90BF90AF909F908C
:100B30008F907F906F905F904F9008951F93CF9309
:100B4000DF93C0917E0282E6C89FE0011124FE017E
:100B5000EF51FD4F908180E0983028F481E001C092
:100B6000880F9A95EAF71091711180937111C0580E
:100B7000DD4F8091160780FF05C00E94BE5ECE014A
:100B80000E94762DCE010E94303780E00E94136CC7
:100B900010937111DF91CF911F910895DC01680FBF
:100BA000791F90E080E02D91E92FFF27E227EE0FDB
:100BB000FF1FE556FD4C25913491982F88278227F9
:100BC00093276A177B0779F708950F931F93CF93A5
:100BD000DF93CDB7DEB760970FB6F894DEBF0FBED8
:100BE000CDBF8C01DC01ED91FC910280F381E02D01
:100BF000BE016F5F7F4F1995882309F464C0898116
:100C0000807CC9F56F81637070E0762F6627770F5F
:100C1000770F8885B4E08B9FC0011124682B792B56
:100C200089858295869586958370682B6F5F7F4F47
:100C300090E080E02A852370220F3B8537FB332725
:100C400030F9232B3E813F70230F3327331F27506A
:100C5000310904C0660F771F881F991F2A95D2F7A4
:100C600060960FB6F894DEBF0FBECDBFDF91CF9177
:100C70001F910F910895803419F5688566956695E2
:100C800070E090E080E0CB01772766272A85622B11
:100C9000098510E0102F0027012E000C220B330BCA
:100CA000602B712B822B932B6F5F7F4F8F4F9F4F4A
:100CB0004AE0660F771F881F991F4A95D1F7D0CF5A
:100CC0008BE0F801848360E070E0CB01C9CF089528
:100CD000FC0182810895CF93DF93E0916A078CE253
:100CE000E89FF0011124E556FF4EC085D18581E0D3
:100CF000CE31D105C4F020E030E040E05FE3648114
:100D00007581868197810F94001A0F94441B6C1B88
:100D10007D0B77FF03C071956195710981E06330A8
:100D200071050CF080E0DF91CF910895FC0190E116
:100D3000AEE1B8E001900D929A95E1F70895BC01FB
:100D400020911B0830911C0840911B0850911C08F1
:100D50002417350731F481E02617370709F080E0C2
:100D600008959A01F1CF7F928F929F92AF92BF9296
:100D7000CF92DF92EF92FF920F931F93CF93DF9367
:100D800070902307CAEFD6E09BE1C92E92E0D92EDE
:100D90002FE1E22E22E0F22E0BE117E0772009F49A
:100DA0005EC0F80180809180A280B38020E030E0B6
:100DB000A901C501B4010F948015882309F44FC01F
:100DC00020E030E040E05FE3C501B4010F94E51599
:100DD0009B01AC010F94E5152BED3FE049E450E495
:100DE0000F94E5159B01AC0160E070E080E89FE3A3
:100DF0000F94DC1A4B015C0189929992A992B992E5
:100E0000F601619171916F01072E000C880B990B0F
:100E10000F9486152AE037ED43E25CE30F94E51565
:100E2000A50194010F94E515F701619371938193E6
:100E300091937F010C5F1F4FF7E0C230DF0709F08D
:100E4000ADCFDF91CF911F910F91FF90EF90DF9089
:100E5000CF90BF90AF909F908F907F900895812CFE
:100E6000912C80E8A82E8FE3B82EC6CFFC017081AC
:100E7000472F50E0062E02C0559547950A94E2F799
:100E800040FF14C04091460850E0062E02C0559520
:100E900047950A94E2F740FF09C021E030E001C025
:100EA000220F6A95EAF72095272320830895FC01F5
:100EB00084910895FC01808108950F931F93CF932F
:100EC000DF9380918B0890E0EC01CC0FDD1FCC0FFD
:100ED000DD1F8E01015E1D4F880F991FFC01E55E2D
:100EE000FD4F60817181072E000C880B990B0F94C8
:100EF00086152AE037ED43E25CE30F94E515C65012
:100F0000D94F288139814A815B810F94E515F80119
:100F10006083718382839383DF91CF911F910F91BF
:100F200008950F931F93CF93DF9380910D0990E065
:100F3000EC01CC0FDD1FCC0FDD1F8E01015E1D4FBC
:100F4000880F991FFC01E55EFD4F60817181072EBE
:100F5000000C880B990B0F9486152AE037ED43E2BD
:100F60005CE30F94E515C650D94F288139814A8139
:100F70005B810F94E515F80160837183828393830D
:100F8000DF91CF911F910F91089580918B0881116E
:100F900004C080916D0880930F090895CF93DF936B
:100FA0002091DD0621111FC09091DE0691111CC019
:100FB000C0911302D091140221979CE2899FF00105
:100FC0001124E556FF4E20E030E040E05FE364810D
:100FD0007581868197810F94001A0F94441B21E03C
:100FE0006C177D070CF020E0822FDF91CF910895E0
:100FF000809184128823F1F02FEF3FEF3093390274
:1010000020933802815080938412EFE5F0E1882329
:1010100051F08150990B2BE1289FF001299FF00D91
:101020001124EA58FE4E8BE1A4E4B0E101900D9248
:101030008A95E1F780918412811119C080918E12F6
:10104000806480938E1280E090E0DC0180937408CD
:1010500090937508A0937608B09377081092E406F1
:1010600081E08093840883E080936D02089585E099
:1010700090E0A0E0B0E0EACFCF93DF93EC018D8168
:101080000E94026C60E08B81DF91CF910C94CFEADB
:10109000AF92BF92DF92EF92FF920F931F93CF9385
:1010A000DF9300D000D0CDB7DEB77C01D62E122F53
:1010B000032FB42EA52EE0DF0E949AEB1E821D8224
:1010C0008D2D80648983AA82BB820C831D838E014F
:1010D0000F5F1F4FCE010696D801E0E02D91F0E0A2
:1010E000EE0FFF1FE227E556FE4CE491A817B90763
:1010F000A9F7EE0FE160EE83580186E0A80EB11C5F
:10110000F80181918F010E94F66B0A151B05C1F74A
:10111000FCE0DF1202C00E94FB6B10E00E94FB6B40
:10112000F701868387FF04C01F3F11F01F5FF6CFD2
:1011300026960FB6F894DEBF0FBECDBFDF91CF91DC
:101140001F910F91FF90EF90DF90BF90AF900895A7
:1011500061E0FC0183810E94CFEA8FEF0C94F66B73
:101160000F931F93CF938C0187DF0E949AEBC82FB8
:1011700081110AC082E1F8018483C801E9DF8C2F64
:10118000CF911F910F9108958DEF0E94F66B0E94F1
:101190009AEBC82FF2CF8F929F92AF92BF92CF92CD
:1011A000DF92EF92FF920F931F93CF93DF93EC01A7
:1011B0006A017B01590120E030E0A90167E368DFA3
:1011C000A501980167E1CE0163DF811125C08F8100
:1011D000833039F089E0CC0CDD1CEE1CFF1C8A95B5
:1011E000D1F7A701960169E1CE0152DF11E0882312
:1011F00019F010E087E08C83CE01AADF812FDF9108
:10120000CF911F910F91FF90EF90DF90CF90BF9003
:10121000AF909F908F90089589E08C8310E0ECCF81
:10122000EF92FF920F931F93CF93DF93EC01E62E83
:101230008A0160E072E0CA01B1DCF82E892FEEBCB1
:10124000F80198013E5F0DB407FEFDCF90819EBD71
:101250000DB407FEFDCF91819EBD3296E217F307D4
:1012600091F70DB407FEFDCF0E94F66B8F2D0E9403
:10127000F66B0E94FB6B8E838F71853061F083E18A
:101280008C83CE0165DF80E0DF91CF911F910F91BC
:10129000FF90EF90089581E0F7CFEF92FF921F93B8
:1012A000CF93DF93EC017B01E7DE0E949AEB182FCE
:1012B00081110BC085E18C83CE014ADF812FDF9144
:1012C000CF911F91FF90EF900895A7016CEFCE0191
:1012D000A7DF182FF1CF0F931F93CF93DF93EC016C
:1012E00089018F81833039F089E0440F551F661FD3
:1012F000771F8A95D1F79A01AB0168E1CE01C8DE6C
:10130000882321F086E08C8310E007C0A8016EEFEF
:10131000CE0186DF811109C011E0CE0119DF812FD6
:10132000DF91CF911F910F9108950E949AEB182F92
:10133000811103C087E18C83F0CF20E030E0A90168
:101340006DE0CE01A5DE811104C00E94FB6B8823F5
:1013500019F386E1D8CF1F93CF93DF93EC018CDE96
:1013600020E030E0A9016CE0CE0192DE11E088239C
:1013700019F010E083E08C83CE01EADE812FDF914B
:10138000CF911F9108951F93CF93DF93EC018F812D
:10139000833039F089E0440F551F661F771F8A9507
:1013A000D1F79A01AB0162E1CE0172DE11E0882330
:1013B00019F010E085E08C83CE01CADE812FDF9129
:1013C000CF911F9108958F929F92AF92BF92CF922B
:1013D000DF92FF920F931F93CF93DF93EC018B016A
:1013E0006A010E948EEB4B015C012CE2820E21E02F
:1013F000921EA11CB11C0E94FB6B8E838F3F61F477
:101400000E948EEB681979098A099B0997FDF3CF31
:1014100081E18C8310E028C08E3F09F03EC0C601F8
:1014200001972FEF2EBDF8014FEF0DB407FEFDCF52
:101430002EB521934EBD9F01201B310B2817390774
:10144000A0F30DB407FEFDCF2EB5800F911FFC0158
:1014500020830E94FB6BF82E0E94FB6BB82E8091BC
:101460003702811110C011E0CE0172DE812FDF91B1
:10147000CF911F910F91FF90DF90CF90BF90AF90D1
:101480009F908F900895B601C80188DB3F2D2B2DCA
:101490008217930741F38BE1BCCF8FE0BACF0F9354
:1014A0001F93CF93DF93EC018B01E6DD40E052E028
:1014B000B801CE01DF91CF911F910F9184CFAF92F0
:1014C000BF92CF92DF92EF92FF920F931F93CF9331
:1014D000DF93EC016A017B0159018F81833039F080
:1014E00089E0CC0CDD1CEE1CFF1C8A95D1F713E0C3
:1014F00004E0A701960161E1CE01CADD882369F00D
:101500000C83CE0125DE1150D1F020E030E0A9019E
:101510006CE0CE01BDDD1C82ECCF40E052E0B501B5
:10152000CE0151DF882369F3DF91CF911F910F9195
:10153000FF90EF90DF90CF90BF90AF90089580E044
:10154000F3CF8F929F92AF92BF92CF92DF92EF92A2
:10155000FF920F931F93CF93DF93EC01162F1F82FF
:101560001C824B830E948EEB6B017C0120EDC20E2E
:1015700027E0D21EE11CF11CA89561E08B810E943E
:10158000CFEA8B810E9472E5209A289A219A2398AB
:10159000229A81E00E94026C85E08D830E94026C99
:1015A0000AE08FEF0E94F66B0150D9F7A89520E072
:1015B00030E0A90160E0CE016BDD8E83813079F0EF
:1015C0000E948EEB6C197D098E099F0997FDEFCF64
:1015D00081E08C83CE01BCDD1A8280E072C021E004
:1015E00030E040E050E06BE3CE0152DD91E081302D
:1015F00009F090E090933702A8952AEA31E040E0A4
:1016000050E068E0CE0144DD853031F581E08F8324
:10161000A8958F81812C912C5401823029F4812C42
:10162000912CA12C80E4B82E20E030E0A90167E3E2
:10163000CE012EDDA501940169E2CE0129DD8E8364
:101640008823F1F00E948EEB6C197D098E099F09A9
:1016500097FDEACF8AE0BDCF04E00E94FB6B8E834A
:101660000150D9F78A3A11F482E0D1CF0E948EEB73
:101670006C197D098E099F0997FDBFCF82E0A9CF24
:101680008F818230B9F420E030E0A9016AE3CE0115
:10169000FFDC882311F088E09CCF0E94FB6B807CEC
:1016A000803C11F483E08F830E94FB6B0E94FB6BF4
:1016B0000E94FB6BCE014CDD81E08A83173070F411
:1016C0001D83DF91CF911F910F91FF90EF90DF90DD
:1016D000CF90BF90AF909F908F90089588E18C83BA
:1016E0007CCF0F931F93CF93DF93EC018B0120E00E
:1016F00030E0A90169E0CCDC811109C040E150E093
:10170000B801CE01DF91CF911F910F915CCE80E1A6
:101710008C83CE011DDD80E0DF91CF911F910F9171
:101720000895CF93C82F0E94BE5E84E50E945C5B43
:101730008C2F0E94903880E20E945C5B87E791E3E7
:10174000CF910C945E5BEF92FF920F931F93CF9318
:10175000DF93C82F7B018A01D2E48F3F09F0D4E5E3
:1017600080E20E94BCE28D2F0E945C5BC7FD04C03A
:1017700080E38C0F0E945C5B8AE30E945C5BF70154
:10178000608171818281938142E00E94A2E488E6B7
:1017900091E30E945E5BF801608171818281938197
:1017A00042E00E94A2E462E070E080E090E0DF911D
:1017B000CF911F910F91FF90EF900C945BEB609194
:1017C0008B0880916D0890916E080C9489368091F9
:1017D0008B080C9447360F930091CE0721E0022727
:1017E0002FEC37E044E050E0BC018CEC97E00E9425
:1017F000E06A0F9108950F930091CE0721E0022730
:101800002FEC37E041E050E0BC018CEC97E00E9407
:10181000E06A0F9108950F930091CE0721E002270F
:101820002FEC37E04CE050E0BC018CEC97E00E94DC
:10183000E06A0F9108950F930091CE0721E00227EF
:101840002FEC37E041E050E0BC018CEC97E00E94C7
:10185000E06A0F9108950F930091CE0721E00227CF
:101860002FEC37E048E050E0BC018CEC97E00E94A0
:10187000E06A0F9108950F930091CE0721E00227AF
:101880002FEC37E04CE050E0BC018CEC97E00E947C
:10189000E06A0F9108950F9301E02FEC37E041E0EB
:1018A00050E0BC018CEC97E00E94E06A0F91089533
:1018B0000F9301E02FEC37E042E050E0BC018CECEC
:1018C00097E00E94E06A0F9108950F93AB01009199
:1018D000CE0721E002272FEC37E0BC018CEC97E02B
:1018E0000E94E06A0F9108952FEC37E042E050E04B
:1018F000BC018CEC97E00C941E6B2FEC37E041E0C0
:1019000050E0BC018CEC97E00C941E6B2FEC37E0A0
:1019100041E050E0BC018CEC97E00C941E6B2FEC86
:1019200037E04CE050E0BC018CEC97E00C941E6B6F
:101930002FEC37E044E050E0BC018CEC97E00C94D5
:101940001E6BCF93C82FCB010E945E5B89EE9CE299
:101950000E945E5B8AED9CE2CC2311F08FED9CE24D
:10196000CF910C94896920E040E070E060E00E9433
:10197000E23981E080930C091092E0061092DF06B4
:10198000089589E998ECEFCF81E998ECECCF85E9EF
:1019900098ECE9CF20E040E070E060E085E198ED70
:1019A0000C94E23980910D09F9DA882341F020E0A6
:1019B00040E070E060E08BEC90E90C94E239EACF13
:1019C000CF93C1E0C0930C09FC0180819181A28179
:1019D000B3818093150290931602A0931702B093DF
:1019E000180220E040E070E060E08091750790917F
:1019F00076070E94E239C093DE06CF910895CF9317
:101A0000DF9300D01F92CDB7DEB78DEC9CECACEC31
:101A1000BCE389839A83AB83BC83CE010196D0DF7C
:101A20000F900F900F900F90DF91CF910895CF936B
:101A3000DF9300D01F92CDB7DEB78DEC9CECACEC01
:101A4000BDE389839A83AB83BC83CE010196B8DF63
:101A50000F900F900F900F90DF91CF910895CF933B
:101A6000DF9300D01F92CDB7DEB780E090E0A0E812
:101A7000BFE389839A83AB83BC83CE010196A0DF49
:101A80000F900F900F900F90DF91CF910895CF930B
:101A9000DF9300D01F92CDB7DEB780E090E0A0E2E8
:101AA000B1E489839A83AB83BC83CE01019688DF3E
:101AB0000F900F900F900F90DF91CF9108954F925C
:101AC0005F926F927F928F929F92AF92BF92CF92CE
:101AD000DF92EF92FF920F931F93CF93DF93CDB7D7
:101AE000DEB72E970FB6F894DEBF0FBECDBF9E8730
:101AF0008D875B018A01DC01D7966D917D918D9177
:101B00009C91DA970F9484156B017C01F50120817B
:101B10003181428153810F94E5150F94C61A4B0110
:101B20005C01D8012D913D914D915C91C701B601A9
:101B30000F94E5150F94C61A2B013C01C501B401A1
:101B40000F94491B6D837E838F8398876837710557
:101B50008105910540F408E710E020E030E00D83B6
:101B60001E832F833887C301B2010F94491B6983F9
:101B70007A838B839C83683771058105910540F4D6
:101B800028E730E040E050E029833A834B835C83D0
:101B9000AD85BE8595968D909D90AD90BC909897A3
:101BA000FD01ED5BFF4F6081718182819381611541
:101BB00071058105910509F4D7C00F9486159B0125
:101BC000AC0160E070E080E89FE30F94DC1A20E055
:101BD00030E040E05FE30F94E5152B013C01A701E5
:101BE0009601C701B6010F94E5156B017C0169816F
:101BF0007A818B819C810F9484159B01AC010F9499
:101C0000E5159B01AC01C701B6010F94FF19A301B3
:101C100092010F94E51569877A878B879C876D8180
:101C20007E818F8198850F9484159B01AC010F9460
:101C3000E5159B01AC01C701B6010F94FF19A30183
:101C400092010F94E5152B013C010F94C61A0F94D5
:101C5000491B6B017C0169857A858B859C850F9476
:101C6000751B0F94491BDC01CB01B701A601480F7E
:101C7000591F6A1F7B1F95018401041B150B260B3E
:101C8000370BB901A80177FF35C0C501B4010F9426
:101C90008415A30192010F94001A29853A854B857A
:101CA0005C850F94FF1920E030E040E05FE30F9483
:101CB000E5150F94C61A6B017C0120E030E0A90104
:101CC0000F94261C18161CF0C12CD12C7601C701CC
:101CD000B6010F94491B6B017C018C149D04AE046A
:101CE000BF0410F475016401D501C4018C199D096C
:101CF000AE09BF09ED85FE85C2A6D3A6E4A6F5A66A
:101D000095018401081B190B2A0B3B0BD901C80153
:101D100086A797A7A0ABB1AB0D811E812F81388517
:101D200003AF14AF25AF36AFFF9609811A812B811F
:101D30003C8100831183228333832E960FB6F8945F
:101D4000DEBF0FBECDBFDF91CF911F910F91FF90EE
:101D5000EF90DF90CF90BF90AF909F908F907F904B
:101D60006F905F904F90089580E090E0DC01C12C6F
:101D7000D12C7601BFCFCF93DF93782FD62FC42FEE
:101D800067FD31C086E06802F0011124EC5DF84F78
:101D9000408151811416150684F4E72FF0E0EE0F10
:101DA000FF1FEB53FB4F808191810F974817590715
:101DB0000CF4CA01672F0E948936C7FF16C086E05F
:101DC000D802F0011124EC5DF84F848195818F3F9A
:101DD000910519F010F08FEF90E080930F09DF91DB
:101DE000CF910C94613A47FDFACF86E0C802F0012A
:101DF0001124EC5DF84F82819381181619065CF46A
:101E00008E36910514F08EE690E0909368078093EB
:101E100067070E942629D7FFD2CFE1CF60916D08D6
:101E2000462F80918B08A7CFF9CF0F931F93CF93A5
:101E3000DF93CDE6D8E0E88186E0E802F0011124E6
:101E4000EC5DF84F0081118160E0C8010E94893685
:101E500061E0C8010E94893648816FEF80E0DF9120
:101E6000CF911F910F9187CFE0CF4FEF60916D0819
:101E700080918B0880CFF9CF2F923F924F925F9243
:101E80006F927F928F929F92AF92BF92CF92DF928A
:101E9000EF92FF920F931F93CF93DF9300D01F9287
:101EA000CDB7DEB700916D0861E081E00E940E2F92
:101EB0002091E4062B8310E0000F111F0E5E134DDE
:101EC000422E2B5F2983842D81958A834AEFE42E4D
:101ED0004BE2F42E58EEC52E5BE2D52E69EDA62E10
:101EE0006BE2B62E85E0582E54187AEC872E7BE2F2
:101EF000972E2B81211114C08091E306882309F4C9
:101F0000E4C080916D02882359F081E09091E3064E
:101F1000911180E024E046E05CE26A810E948DE756
:101F200081E08C83612C3B8034189B812C8192133F
:101F30002DC0E0916D08F0E0EE0FFF1FEE5EF34D57
:101F40008591949160928B0890938F0880938E086E
:101F500010928D0810928C087090E3068B81781691
:101F600009F4D8C080916D02882381F01F92FF92FE
:101F7000EF923F9281E09C81791280E08F930E94E2
:101F8000002F0F900F900F900F900F907C80872D57
:101F90008F5F2B8182132CC0E0916D08F0E0EE0F73
:101FA000FF1FEE5EF34D8591949160928B089093A4
:101FB0008F0880938E0810928D0810928C082090C4
:101FC000E306221609F4B4C080916D02882381F0E3
:101FD0001F92DF92CF923F9281E09B81291280E095
:101FE0008F930E94002F0F900F900F900F900F90E3
:101FF00063942C812E5F2C83253009F096CF8B8142
:10200000853041F5F8018591949110928B08909359
:102010008F0880938E0810928D0810928C089091F2
:10202000E3069C83953009F491C080916D0288236A
:1020300089F01F92BF92AF925F9281E02C81253090
:1020400009F080E08F930E94002F0F900F900F9067
:102050000F900F9083E0870D9B8189132BC0F801AF
:102060008591949110928B0890938F0880938E089D
:1020700010928D0810928C082091E3062C838B819E
:10208000281709F471C080916D02882399F01F927E
:102090009F928F928B8184198F9381E09C812B81F9
:1020A000921380E08F930E94002F0F900F900F905B
:1020B0000F900F908B818F5F8B839981981319CF2D
:1020C00084E0870D8093E1060EC08091E2061092B5
:1020D000E206882309F415CF0E947F3A8091840894
:1020E000882309F40ECF0F900F900F900F90DF917F
:1020F000CF911F910F91FF90EF90DF90CF90BF9005
:10210000AF909F908F907F906F905F904F903F9097
:102110002F9008958091E2061092E206882309F438
:1021200021CF7CDE80918408882309F41BCFDBCF8C
:102130008091E2061092E206882309F445CF95DEED
:1021400080918408882309F43FCFCDCF8091E206A7
:102150001092E206882309F468CF67DE8091840834
:10216000882309F462CFBFCF8091E2061092E20685
:10217000882309F488CF40916D086FEF80E0FBDD84
:1021800080918408882309F47ECFADCF40916D08FB
:102190006FEF80E0F0CDCF92DF92EF92FF920F933E
:1021A0001F9384E1C82E8BE2D82EF12CE12C06E19E
:1021B0001BE230E020E04AEC5CE866E27BE28DE284
:1021C0009BE20E94B7501F910F91FF90EF90DF901C
:1021D000CF900895CF92DF92EF92FF920F931F93CB
:1021E0008091DB0F81111AC08EEC9FE021E9C22E95
:1021F0002AE2D22E7C0103E91AE230E020E040E33B
:1022000051E966EA7AE28FEA9AE20E94B7501F919A
:102210000F91FF90EF90DF90CF9008958BED9FE0AE
:10222000E5CFCF92DF92EF92FF920F931F9382EC54
:10223000C82E89E2D82EF12CE12C0BE51AE230E011
:1022400020E049E45BE564EC79E28BEC99E20E94E2
:10225000B7501F910F91FF90EF90DF90CF900895AE
:102260008EEC9FE00E9416F00E94613A0C94FAE313
:10227000EF92FF920F931F93CF93DF93CDB7DEB70B
:1022800065970FB6F894DEBF0FBECDBF8091E20612
:102290001092E206882379F00E947F3A65960FB685
:1022A000F894DEBF0FBECDBFDF91CF911F910F918C
:1022B000FF90EF90089560E085E00E940E2F00915E
:1022C000E40610E08AE3F82E90E2E92E011114C032
:1022D00080916D02882341F030E020E043E06AE61F
:1022E00079E2812F0E944B340F5F1F5F153071F729
:1022F00086E08093E106D2CF013051F480916D02E7
:10230000882391F330E020E041E062E679E2E9CF12
:102310000230F1F480916D02882331F330E020E047
:1023200041E067E579E2DDCF80916D028823E1F23B
:1023300030E020E043E067E479E2D3CF80916D02A2
:10234000882391F230E020E041E06AE379E2C9CFEE
:10235000033051F3043091F3053031F6F982EA820B
:1023600042E150E068E379E2CE0103960F94F01465
:102370008C8987FD1C8A80916D02882309F4B4CF73
:102380009E012F5F3F4F41E06DE279E2AACFEF92CD
:10239000FF920F931F93CF93DF93CDB7DEB765976F
:1023A0000FB6F894DEBF0FBECDBF8091E20610924B
:1023B000E206882379F00E947F3A65960FB6F8947A
:1023C000DEBF0FBECDBFDF91CF911F910F91FF9068
:1023D000EF90089560E085E00E940E2F0091E406E2
:1023E00010E08AE3F82E90E2E92E011114C08091EA
:1023F0006D02882341F030E020E043E067E279E2BB
:10240000812F0E944B340F5F1F5F153071F784E0FE
:102410008093E106D2CF0130C1F4F982EA8242E131
:1024200050E060E279E2CE0103960F94F0148C89BB
:1024300087FD1C8A80916D02882329F39E012F5FFE
:102440003F4F41E068E179E2DBCF0230C1F4F9822D
:10245000EA8242E150E064E179E2CE0103960F9412
:10246000F0148C8987FD1C8A80916D02882359F2B3
:102470009E012F5F3F4F41E06AE079E2C1CF033018
:1024800009F0C1CFF982EA8242E150E062E079E2EC
:10249000CE0103960F94F0148C8987FD1C8A8091DD
:1024A0006D02882309F4AFCF9E012F5F3F4F41E0BB
:1024B00066EF78E2A5CF3F924F925F926F927F9244
:1024C0008F929F92AF92BF92CF92DF92EF92FF9244
:1024D0000F931F93CF93DF93CDB7DEB72C970FB633
:1024E000F894DEBF0FBECDBF5C01DC0159968D9024
:1024F0009C90F40181859285A385B4859C01AD01F2
:102500002F5F3F4F4F4F5F4F29873A874B875C873D
:10251000D50114964D905D906D907C901797411465
:1025200051046104710409F459C0BFEF4B1A5B0AEE
:102530006B0A7B0A312C730162011D821E821F828D
:102540001886F40181859285A385B4852D813E810D
:102550004F815885281739074A075B0708F056C08E
:1025600089859A85AB85BC858C159D05AE05BF0513
:1025700050F482E0C82ED12CE12CF12C92E0492EAF
:10258000512C612C712C9E012F5F3F4FB701A6018A
:10259000C4010E940CF38823C9F189819A81AB811F
:1025A000BC81892B8A2B8B2B01F1260137019FEFF0
:1025B000491A590A690A790A2D813E814F81588545
:1025C0002F5F3F4F4F4F5F4F2D833E834F83588781
:1025D0003FEFC31AD30AE30AF30AB3CF4080518016
:1025E0006280738033243394A6CFC414D504E604E8
:1025F000F70411F70FEF1FEF2FEF3FE0B701A60130
:10260000C4010E947BF2782E81111AC0712C872D93
:102610002C960FB6F894DEBF0FBECDBFDF91CF91E1
:102620001F910F91FF90EF90DF90CF90BF90AF90F0
:102630009F908F907F906F905F904F903F90089504
:10264000F501448155816681778141155105610508
:10265000710539F097018601C4010E947BF288233D
:10266000A9F2D5011496CD92DD92ED92FC921797C6
:10267000332051F0D701C6010196A11DB11DF4010F
:1026800080839183A283B383F50185899689A78985
:10269000B08D892B8A2B8B2B09F0B9CFC58AD68AAE
:1026A000E78AF08E818180688183B1CF40E050E07D
:1026B000BA010C94ECF5FC01238121110C945AF71A
:1026C00008958F929F92AF92BF92CF92DF92EF9236
:1026D000FF920F931F93CF93DF93DC0170E0FB0118
:1026E000EE0FFF1FE752FB4F2081318169527B4F74
:1026F000FB019081D92E80E0E82EF12CB7016D0D01
:10270000711D75956795611119C0F9013296659132
:102710007491072E000C880B990B0F948615DF918E
:10272000CF911F910F91FF90EF90DF90CF90BF90CE
:10273000AF909F908F900895D62EE0CF681711F03C
:10274000D6120CC0492F4150550BFA01EE0FFF1F56
:10275000EE0FFF1F3296E20FF31FD9CFAB014150AE
:102760005109440F551F440F551FF901E40FF51F80
:1027700005911491FA013496E20FF31FC591D4919B
:10278000A017B107C8F2862FCA17DB0708F4B4CF29
:10279000FA013296E20FF31FE590F490FA013696B3
:1027A000E20FF31FC590D490A01BB10BBD0190E0C8
:1027B00080E00F9484154B015C01B6016E197F090E
:1027C000072E000C880B990B0F9486159B01AC010A
:1027D000C501B4010F94E5154B015C01C01BD10B81
:1027E000BE0190E080E00F9484159B01AC01C5010F
:1027F000B4010F94DC1A4B015C01B701FF0C880B8C
:10280000990B0F9486159B01AC01C501B4010F947F
:10281000001A85CFEF92FF920F931F93CF93DF9310
:1028200000D000D01F921F92CDB7DEB7082F1CE258
:10283000189FC00111249C0125563F4E7901F901D2
:1028400060857185072E000C880B990B0F948615F7
:102850006D837E838F839887F70184819581A6811C
:10286000B78189839A83AB83BC83AE014B5F5F4F93
:10287000BE016F5F7F4F80E80E94A38B6091670766
:1028800070916807072E000C880B990B0F94861522
:102890006D837E838F83988780916307909164070F
:1028A000A0916507B091660789839A83AB83BC8347
:1028B000AE014B5F5F4FBE016F5F7F4F8FEF0E9496
:1028C000A38B6091A3107091A410072E000C880BAD
:1028D000990B0F9486156D837E838F8398878091E3
:1028E0009F109091A010A091A110B091A210898387
:1028F0009A83AB83BC83AE014B5F5F4FBE016F5FBA
:102900007F4F80E00E94A38B6091CF107091D01018
:10291000072E000C880B990B0F9486156D837E8310
:102920008F8398878091CB109091CC10A091CD107F
:10293000B091CE1089839A83AB83BC83AE014B5F89
:102940005F4FBE016F5F7F4F81E00E94A38B60915C
:1029500069070F3F31F00103F0011124E556FF4EE6
:10296000628570E083E791E30E947C69609169076A
:1029700070E08EE691E30E947C698BE691E30E9411
:102980005E5B80E00E9496388AE30E945C5B609107
:10299000A51070E090E080E00E9489E48BE691E36E
:1029A0000E945E5B81E00E9496388AE30E945C5B35
:1029B0006091D11070E090E080E00E9489E4289658
:1029C0000FB6F894DEBF0FBECDBFDF91CF911F9140
:1029D0000F91FF90EF9008950F930FB70F93009111
:1029E0006E000D7F00936E0078940F930BB70F93DA
:1029F0000CB70F921F922F933F934F935F936F9358
:102A00007F938F939F93AF93BF93EF93FF93112483
:102A10000E94E3A1FF91EF91BF91AF919F918F91A0
:102A20007F916F915F914F913F912F911F900F90E8
:102A30000CBF0F910BBF0F910260F89400936E00D2
:102A40000F910FBF0F911895CF93DF9310920E093E
:102A500060E090E080E00E948936CBE9D0E11A8600
:102A600061E090E080E00E9489361EAA7498759813
:102A7000CFE5D7E0198618860E9426291A8680910C
:102A80000201807480930001DF91CF91089510922C
:102A90000F09DADF0C94613A8F929F92AF92BF9246
:102AA000CF92DF92EF92FF920F931F93CF93DF931A
:102AB000B4E4A0E06A2F70E0AB014B0F511D5595B7
:102AC0004795411119C0ECE1F0E365917491072E2F
:102AD000000C880B990B0F948615DF91CF911F91F5
:102AE0000F91FF90EF90DF90CF90BF90AF909F90AD
:102AF0008F900895B42FE0CFA41711F0B41303C042
:102B0000E8E2F1E3E2CF9A0121503109220F331FAD
:102B1000220F331FF901E65EFF4CE590F490F901B6
:102B2000E25EFF4CC591D4918E159F0518F3A42F3A
:102B3000C817D90708F4BECFF901E45EFF4C059130
:102B40001491F901E05EFF4CC590D4908E199F0955
:102B5000BC0190E080E00F9484154B015C01B6014C
:102B6000601B710B072E000C880B990B0F948615B8
:102B70009B01AC01C501B4010F94E5154B015C014B
:102B8000CE19DF09BE0190E080E00F9484159B010F
:102B9000AC01C501B4010F94DC1A6B017C01B801D2
:102BA000110F880B990B0F9486159B01AC01C7017F
:102BB000B6010F94001A91CFEF92FF920F931F93DB
:102BC000CF93DF93C82F7B018A018091FD09833069
:102BD00090F00E946C5EC7010E945E5B8CEB9FE2EE
:102BE0000E945E5BCF3F89F588EB9FE20E945E5BAF
:102BF0008AE00E945C5B28DFA89580912F088111F4
:102C000050C081E080932F0882E08093FD091CDF93
:102C1000D5E1D15061F1A89580910B01809580722A
:102C20008093090169E170E080E090E00E945BEB35
:102C300080910B0180728093090160E570E080E073
:102C400090E00E945BEBA895E4CFC7FDD1CF86EB67
:102C50009FE20E945E5B6C2F0C2E000C770B880BA2
:102C6000990B0E9489E48AE00E945C5BC1CF80914D
:102C70000B0180958072809309016EEA7FE2CF3F5D
:102C800031F063EB7FE2C13011F46BEA7FE240E0A8
:102C9000C801DF91CF911F910F91FF90EF900C949D
:102CA0008E69DF91CF911F910F91FF90EF90089562
:102CB0003F924F925F926F927F928F929F92AF92CC
:102CC000BF92CF92DF92EF92FF920F931F93CF9319
:102CD000DF93EC015B014A01322EFA014080518002
:102CE00062807380A30192016D817E818F819885BE
:102CF0000F9480158823A1F04D825E826F827886C2
:102D00007724739420E030E0A901F401608171819F
:102D1000828193810F94261C18160CF0712C7C82F2
:102D20008C818230A1F0833009F455C08130A9F53F
:102D30002D813E814F815885F501608171818281AD
:102D400093810F94801587FD28C082E08C83F50164
:102D500020813181428153816D817E818F8198856F
:102D60000F94FF192B013C010E948EEB4B015C017B
:102D7000A7019601C301B2010F9480151816FCF04B
:102D80009801A8EEB3E00F94A819860E971EA81E0E
:102D9000B91E88829982AA82BB82DF91CF911F914E
:102DA0000F91FF90EF90DF90CF90BF90AF909F90EA
:102DB0008F907F906F905F904F903F9008958881A3
:102DC0009981AA81BB81881A990AAA0ABB0AB7FC11
:102DD000E4CF83E08C834AE451E368E571E3832D1B
:102DE000DF91CF911F910F91FF90EF90DF90CF90E7
:102DF000BF90AF909F908F907F906F905F904F901B
:102E00003F90DACE4AED5FE269EE7FE2D5CEAF9237
:102E1000BF92CF92DF92EF92FF920F931F93CF93C7
:102E2000DF93A89560E080919D1090919E1049DC01
:102E300060939F107093A0108093A1109093A210A4
:102E400061E08091C9109091CA103BDC6093CB1077
:102E50007093CC108093CD109093CE108091610729
:102E60009091620719DE6093630770936407809303
:102E70006507909366078BE9E82E80E1F82E95EDC3
:102E8000A92E94E0B92ECDE3D2E010E0F701C28084
:102E9000D380F50101915F0107FF4BC08A819B81BF
:102EA000C816D90608F44EC0F7018085918518161A
:102EB000190644F407FF49C0888199818C159D0546
:102EC00008F44CC0FCE2EF0EF11C2896113079F5A5
:102ED00020915608309157088091610790916207C0
:102EE0008217930710F48FEF8DDF80916707909121
:102EF000680718161906CCF520913B0230913C0268
:102F000080916107909162072817390770F54AE2AE
:102F100051E368E371E38FEFDF91CF911F910F9140
:102F2000FF90EF90DF90CF90BF90AF9045CE11E033
:102F3000ADCF002309F4B8CF8A819B818C159D0504
:102F400008F0B2CF812F5EDFAFCF002309F4BACFF4
:102F500088819981C816D90608F0B4CF4AE251E3B6
:102F600068E371E3812F28DEADCFDF91CF911F9110
:102F70000F91FF90EF90DF90CF90BF90AF900895AA
:102F8000EF92FF920F931F93CF9309EA1FE220E085
:102F900030E048E452E460919F107091A01080915D
:102FA000A1109091A2100F94261CC0E087FD08C0CC
:102FB000F801949181E001C0880F9A95EAF7C82F33
:102FC0008AEAE82E8FE2F82E20E030E048E452E46E
:102FD0006091CB107091CC108091CD109091CE105B
:102FE0000F94261C87FD09C0F701249181E090E031
:102FF00001C0880F2A95EAF7C82BF80104918C2F9D
:1030000090E020910201AC01002E02C05595479539
:103010000A94E2F740FD1BC0287020930001F701DD
:10302000449121E030E002C0220F331F0A95E2F7FD
:103030003327042E02C0359527950A94E2F720FF26
:1030400008C0CF911F910F91FF90EF9008952095A8
:10305000E3CF2091020102C0959587954A95E2F74A
:1030600080FD04C0207220930001EBCF2095FACFA1
:103070002F923F924F925F926F927F928F929F9288
:10308000AF92BF92CF92DF92EF92FF920F931F9376
:10309000CF93DF93CDB7DEB76A970FB6F894DEBF54
:1030A0000FBECDBF8091FD0981111AC0A8956A9607
:1030B0000FB6F894DEBF0FBECDBFDF91CF911F9149
:1030C0000F91FF90EF90DF90CF90BF90AF909F90C7
:1030D0008F907F906F905F904F903F902F900895CA
:1030E000809140088111E3CF81E080934008809176
:1030F0005707811103C010924008D9CF88DE109283
:1031000057070E948EEB6F83788789879A872FE90C
:1031100030E13E832D834DE352E05D874C878BE4A5
:1031200097E09F878E87A0E8B0E1BF8BAE8BE4E38A
:10313000F8E0FD8BEC8B1B86FB85FA8FAC85BD859B
:1031400016966D917C91072E000C880B990B0F94AD
:1031500086159B01AC01ED81FE81608171818281C8
:1031600093810F94261C181614F48B854BDEAD81C9
:10317000BE8114966D917C91072E000C880B990BE3
:103180000F94861569837A838B839C83C12CD12C01
:1031900030E8E32E30E4F32E08E210E02B85AE0198
:1031A0004F5F5F4F6D817E818E899F8981DDED81CB
:1031B000FE81C080D180E280F380AC85BD8514960D
:1031C0006D917C91072E000C880B990B0F9486153E
:1031D0009B01AC01C701B6010F94261C18160CF018
:1031E0005CC2EC85FD8566817781072E000C880B1B
:1031F000990B0F9486159B01AC01C701B6010F9482
:10320000801587FF4AC28091380881110FC02BE9D1
:1032100030E1309335082093340847EC50E1509367
:1032200037084093360851E050933808AC89BD897F
:103230002D903C90F10160857185072E000C880B64
:10324000990B0F9486156B017C0120E030E0A901F9
:103250000F9480158823C9F0D10114962D913D91CA
:103260004D915C911797288B398B4A8B5B8BC701EB
:10327000B6010F94FF194B015C0120E030E040E201
:1032800051EC0F94801587FF07C021E0F1012387DF
:10329000C12CD12C7601CFC020E030E040E251E4D7
:1032A000C501B4010F94261C18165CF4E1E0D101AD
:1032B0001B96EC93C12CD12C2FE7E22E23E4F22EA7
:1032C000BAC0D1011B968C911B97882371F01B9675
:1032D0001C921B97F10114861586168617865C963C
:1032E0001D921D921D921C925F97F10144A055A062
:1032F00066A077A02485358546855785C501B4012C
:103300000F94001A7B018C0120E030E0A9010F949A
:10331000801587FDBDC1A301920160E070E08FE7D9
:1033200093E40F94DC1A688F798F6C019701A801E0
:103330000F94801587FF03C0E88CF98C8601C701C4
:10334000D801F10184879587A687B78720A131A18D
:1033500042A153A1C501B4010F94E5154B015C01D5
:10336000D10154968D929D92AD92BC925797970140
:10337000A801C301B2010F94E5156B017C01F101B5
:10338000C08ED18EE28EF38E448C558C668C778CF9
:10339000288939894A895B896089718982899389F9
:1033A0000F94FF19D10198962D913D914D915C910B
:1033B0009B970F94E515A30192010F94FF1920ED3F
:1033C0003CEC4CE45DE30F94E515A30192010F94EE
:1033D000001A2B013C01F101448E558E668E778ECA
:1033E000288939894A895B89208B318B428B538BA1
:1033F000A7019601C501B4010F94001AA30192011F
:103400000F94001A20E030E0A9010F94001A6B011C
:103410007C0120E030E0A9010F94801587FD38CFB2
:1034200020E030E04FE753E4C701B6010F94261CBB
:1034300018160CF43FCFC701B6010F94441B7595C5
:103440006795ED81FE816683EE85FF85828193819C
:10345000A481B5810097A105B105F9F02F813885C8
:1034600049855A85281B390B4A0B5B0BDA01C901C8
:10347000B7FD13C0AD81BE816D917D918D919C9101
:103480000F94441BEE85FF852081318162177307FD
:103490000CF405C18B850E9447362D813E81245D49
:1034A0003F4F3E832D834C855D85485F5F4F5D8731
:1034B0004C878E859F8506969F878E87AE89BF89AC
:1034C0001996BF8BAE8BEC89FD893296FD8BEC8B08
:1034D000F1E0FB872A8D213009F02ECE809147073D
:1034E00090914807A0914907B0914A072F813885EC
:1034F00049855A85281B390B4A0B5B0BDA01C90138
:10350000B7FD11C08F819885A985BA858C53964FD8
:10351000AF4FBF4F8093470790934807A093490749
:10352000B0934A072DDD20E030E040EF52E4609197
:1035300063077091640780916507909166070F9407
:10354000261C181614F48FEF5DDC809143079091D0
:103550004407A0914507B09146070097A105B10522
:1035600001F12F81388549855A85281B390B4A0B73
:103570005B0BDA01C901B7FD14C06091630770915C
:10358000640780916507909166070F94441B209112
:10359000410730914207621773070CF487C00E94FD
:1035A00026298091300890913108A0913208B0917D
:1035B00033082F81388549855A85281B390B4A0BDA
:1035C0005B0BDA01C901B7FD96CD8F819885A9857E
:1035D000BA8588579C4EAF4FBF4F80933008909369
:1035E0003108A0933208B093330860916707709157
:1035F0006807072E000C880B990B0F9486156983BA
:103600007A838B839C83C12CD12CE12C80E4F82E0F
:1036100004E110E02FEFAE014F5F5F4F63E677E00C
:1036200082E990E145DBC0906307D0906407E090A9
:103630006507F090660720E030E040EA50E4C701FB
:10364000B6010F94261C87FD3AC020E030E040EF21
:1036500052E4C701B6010F948015181684F16091E9
:10366000670770916807072E000C880B990B0F9461
:103670008615A70196010F94FF1920E030E0A901FB
:103680000F94261C1816CCF48FE78093690733CD6E
:10369000E12CF12C00E010E052CE60E0D2CE4BEFF6
:1036A0005FE26BE070E38B8587DAF7CE4BEF5FE28A
:1036B0006BE070E38FEF80DA74CF80E0E6CF10929A
:1036C00069078091020180748093000114CD1298E3
:1036D0008D5F21E030E001C0220F8A95EAF78091EA
:1036E0002E08822B80932E080895CF92DF92EF92BE
:1036F000FF92CF93DF93EC01C880D980EA80FB80F2
:103700008FE99FE20E945E5BC701B6010E94CE3640
:10371000CC80DD80EE80FF8086E194E40E945E5BD9
:10372000C701B6010E94CE36C884D984EA84FB84DE
:1037300082E194E40E945E5BC701B6010E94CE362E
:103740008AE0DF91CF91FF90EF90DF90CF900C94C3
:103750005C5B0F930FB70F9300916E000F930D7F7B
:1037600000936E0000916F000D7F00936F000F9328
:103770000BB70F930CB70F921F922F933F934F935A
:103780005F936F937F938F939F93AF93BF93EF93C9
:10379000FF9311240E94FEB1FF91EF91BF91AF9171
:1037A0009F918F917F916F915F914F913F912F9159
:1037B0001F900F900CBF0F910BBF0F910260F894F8
:1037C00000936F000F9100936E000F910FBF0F9148
:1037D0001895000090915C088091400790FF3BC0D5
:1037E000882369F1809102018270809300018091A9
:1037F0005807882341F1169A8FEF8093D107809163
:103800005C0881FF44C080910B0180958470809397
:1038100009018FEF8093D20780915C0882FF3EC040
:103820008A988FEF8093D3078091400790915C082E
:1038300093FF41C08823A9F11098139837C0809155
:103840002702882311F01698D7CF80910201827049
:1038500080930001D1CF882379F080910201809577
:1038600082708093000180915807811102C0169ADE
:1038700001C0169881E0C1CF809127028111F7CF56
:10388000809102018095827080930001F3CF809136
:103890000B0184708093090181E0BCCF8A9A81E09A
:1038A000C1CF8091D5078111C8CF10988FEF809339
:1038B000D40700000895882319F0109A139A05C0C0
:1038C0008091D5078111FACF109A81E0F0CF93E073
:1038D000980F21E030E002C0220F331F9A95E2F7E3
:1038E0002095309590912E08292320932E08882327
:1038F00021F0813021F081E00895129AFCCF159AD1
:10390000FACF80E0E4DF81E0E2CF882319F0813054
:1039100019F0089580E0DBCE159880912E08806123
:1039200080932E08089521E030E0082E02C0220F77
:10393000331F0A94E2F72095309590912E082923A1
:1039400020932E08813091F020F08230A1F081E0A8
:10395000089580910B018095827080930901A29A4D
:1039600080915B088E7F80935B08F1CF899A80916C
:103970005B088D7FF8CF80910801809581708093DE
:10398000060180915B088B7FEECF80E0CCDF81E089
:10399000CADF82E0C8DFB5CF8130B1F070F082308D
:1039A000A9F021E030E001C0220F8A95EAF780916A
:1039B0002E08822B80932E08089590910B0192700F
:1039C00090930901A298EDCF8998EBCF90910801CF
:1039D000917090930601E5CF0F931F93CF93DF93E0
:1039E000C82F41E069E97EE20E9489618C2F0E9424
:1039F000A36181E99EE20E945E5B8FE29EE20E94EB
:103A0000896941E06FE77EE28C2F0E9489618C2FEB
:103A10000E94A36182E69EE20E945E5B8C2F0E9460
:103A200054688C2F0E942DE68C2F0E940E698C2FDB
:103A30000E9437698C2F0E94EF688C2F0E94A46827
:103A40008C2F0E9422688C2F0E94046341E067E45F
:103A50007EE28C2F0E94896104E217E0D0E08C2F77
:103A60000E94A3618EE39EE20E945E5B8D2F0E9406
:103A70009038F80160817181072E000C880B990B3A
:103A80000F948615AB01BC018BE39EE20E94A761F7
:103A9000F80162817381072E000C880B990B0F943B
:103AA0008615AB01BC0188E39EE20E94A761F80184
:103AB0006481758185E39EE20E9470698AE00E94BC
:103AC0005C5B0A5F1F4FD13059F46FEF8C2F0E945F
:103AD000BD628C2FDF91CF911F910F910C944168A3
:103AE000D1E0BDCF4F925F926F927F92AF92BF9223
:103AF000CF92DF92EF92FF920F931F93CF93DF93BA
:103B0000CDB7DEB7CD58D1090FB6F894DEBF0FBEE2
:103B1000CDBFCF57DF4F188219821A821B82C1583E
:103B2000D04080911D0590911E05A0911F05B09178
:103B30002005CB57DF4F88839983AA83BB83C55861
:103B4000D04084E690E09093CD078093CC0710920C
:103B5000D0071092CF072FEC37E044E050E0BE01D1
:103B60006B577F4F8CEC97E00E941E6B8091CC07C7
:103B70009091CD0702969093CD078093CC07109239
:103B8000D0071092CF0789E992E0C757DF4F99839A
:103B90008883C958D040CE0187579F4F0E94748CAC
:103BA00081E0C357DF4F8883CD58D040CE01835783
:103BB0009F4F0E94868C2FEC37E048E450E063E989
:103BC00078E08CEC97E00E941E6B2FEC37E040E130
:103BD00050E060E377E08CEC97E00E941E6B8AE097
:103BE00097EDA3EABCE3CF57DF4F88839983AA837D
:103BF000BB83C158D040CE018F579F4F0E94988CF5
:103C00008DE598E00E948F8C87EE98E00E948F8C63
:103C10007E018DE6E80EF11C8FEFF7018083C7016E
:103C20000E94868C19821A821B821C828E010F5F71
:103C30001F4FC8010E94988C19821A821B821C8215
:103C4000C8010E94988CCF57DF4F188219821A82C0
:103C50001B82C158D04083E0EE968FAFEE97F701FC
:103C60008083CE018F579F4F0E94988CCE0183583E
:103C70009F4F0E94868CC7010E94868C80E09CE04A
:103C80009A838983C8010E94748C6AE0D62EDA94E4
:103C9000DD2031F0CE018F579F4F0E94988CF7CFD7
:103CA0008CE0F80111928A95E9F7C8010E948F8C87
:103CB000CF57DF4F188219821A821B82C158D04019
:103CC0005AE0D52EDA94DD2031F0CE018F579F4F88
:103CD0000E94988CF7CF83E0C457DF4F8883CC587D
:103CE000D040C557DF4F8883CB58D040CE01845792
:103CF0009F4F0E94868CCE0185579F4F0E94868CD5
:103D000080E09CE0EF969FAF8EAFEF97CE01835897
:103D10009F4F0E94748C88E0F701982F11929A951A
:103D2000E9F7F80111928A95E9F72FEC37E048E0BE
:103D300050E0B7018CEC97E00E941E6B2FEC37E04F
:103D400048E050E0B8018CEC97E00E941E6BCF5722
:103D5000DF4F188219821A821B82C158D0404AE074
:103D6000C42ED12CF1E0CF1AD10831F0CE018F57FB
:103D70009F4F0E94988CF6CF19828FEFF7018083B6
:103D8000C8010E947D8CC7010E94868C1982C801DF
:103D90000E947D8C2FEC37E04CE050E064E277E04D
:103DA0008CEC97E00E941E6B9BE9C92E90E1D92E06
:103DB00023EFA22E20E1B22E412C512C30E8632EAD
:103DC0003FE3732EF60180A191A1A2A1B3A1898343
:103DD0009A83AB83BC8321E732EB47E25EE364A1C5
:103DE00075A186A197A10F94DC1A6D837E838F83C2
:103DF000988721E732EB47E25EE3F60160A571A503
:103E000082A593A50F94E51569877A878B879C8790
:103E10004D865E866F86788A198A1A8A1B8A1C8A62
:103E20002FEC37E044E150E0B8018CEC97E00E94C1
:103E30001E6BFCE2CF0ED11CAC14BD0419F684E15C
:103E400090E09A838983C8010E94748C8CE0ECE630
:103E5000F4E0D80101900D928A95E1F72FEC37E05C
:103E60004CE050E0B8018CEC97E00E941E6B8CE0B7
:103E7000ECE6F4E0D80101900D928A95E1F72FEC81
:103E800037E04CE050E0B8018CEC97E00E941E6BEC
:103E90001982C8010E94868C8FE78983C8010E941D
:103EA000868C8FEF8983C8010E94868C85E0E8E7C5
:103EB000F4E0D80101900D928A95E1F72FEC37E0FC
:103EC00045E050E0B8018CEC97E00E941E6B19822F
:103ED000C8010E947D8C80E2EDE7F4E0D8010190FA
:103EE0000D928A95E1F72FEC37E040E250E0B801FF
:103EF0008CEC97E00E941E6BF7011082C7010E94B4
:103F00007D8C83E297E00E947D8C2FEC37E048E0C7
:103F100050E06BE177E08CEC97E00E941E6BCF578E
:103F2000DF4F188219821A821B82C158D040CE01FD
:103F30008F579F4F0E94988CCE018F579F4F0E94A2
:103F4000988C84E1F80111928A95E9F72FEC37E01B
:103F500044E150E0B8018CEC97E00E941E6B88E2CF
:103F6000EDE9F4E0D80101900D928A95E1F72FEC8C
:103F700037E048E250E0B8018CEC97E00E941E6BFD
:103F800080E1D82EF8018D2D11928A95E9F72FEC5A
:103F900037E040E150E0B8018CEC97E00E941E6BE6
:103FA0001A8219822FEC37E042E050E0B8018CEC25
:103FB00097E00E941E6BCF57DF4F188219821A823A
:103FC0001B82C158D040CE018F579F4F0E94988CC2
:103FD000F8018D2D11928A95E9F72FEC37E040E139
:103FE00050E0B8018CEC97E00E941E6B8CE6F80163
:103FF00011928A95E9F72FEC37E04CE650E0B801D2
:104000008CEC97E00E941E6BF7011192DA94E9F7AD
:104010002FEC37E040E150E0B7018CEC97E00E94D4
:104020001E6B2FEC37E044E050E06BE677E08CEC61
:1040300097E00E941E6B8CE0F70111928A95E9F7D8
:10404000C557DF4F1882CB58D04080E090E0A0E405
:10405000B0E4C358DF4F88839983AA83BB83CD57CD
:10406000D040C7010E948F8CCE0185579F4F0E9480
:10407000868CCE0183589F4F0E94988C0091CC076C
:104080001091CD07045611098091CF079091D00768
:10409000F7019183808384E690E09093CD0780932D
:1040A000CC072FEC37E044E050E061ED74E08CEC9D
:1040B00097E00E941E6BC7010E94748C0E94BE5E36
:1040C000B8018BEF9DE20E947069F701C080D1803A
:1040D000F12CE12C8EEE9DE20E945E5BC701B601E1
:1040E0000E9421E48BEE9DE20E945E5B0939124042
:1040F000E9F00E946C5E86EA9EE20E945E5B80E0D0
:10410000C357DF4F0FB6F894DEBF0FBECDBFDF91B0
:10411000CF911F910F91FF90EF90DF90CF90BF90C4
:10412000AF907F906F905F904F90089560E08BED1F
:104130009DE20E94D02F81E0E3CFCF93DF9300D0A8
:104140001F92CDB7DEB780915808882389F083E3AA
:1041500090E09C838B831A8219829E012F5F3F4FD0
:1041600040E150E067EF78E0CE0103960E941E6BBD
:104170000F900F900F900F90DF91CF910895CF93F4
:10418000DF9300D01F921F92CDB7DEB781E08093FE
:10419000580880E1E7EFF8E0DF011D928A95E9F722
:1041A000CCDF86E18D8382E390E09C838B831A824F
:1041B00019829E012F5F3F4F41E050E0BE016B5FCF
:1041C0007F4FCE0103960E941E6B0F900F900F90B1
:1041D0000F900F90DF91CF910895AF92BF92CF9241
:1041E000DF92EF92FF920F931F93CF93DF93C3E978
:1041F000D8E002E017E083EAA82E88E0B82EC12CB0
:10420000D12C7601C39469917991899199910F94F8
:104210008415288939894A895B890F94E5150F949B
:10422000491BF80161937193819391938F01C61695
:10423000D706E806F90610F46B017C01AC16BD0642
:1042400011F76FEF7FEFCB01A70196010F945A1979
:104250002093AE073093AF074093B0075093B10758
:10426000DF91CF911F910F91FF90EF90DF90CF9052
:10427000BF90AF9008959091F6108091F710981329
:1042800006C08091900890919108892B19F00E94A6
:10429000BAFEF1CF08959091F6108091F71098131F
:1042A00007C08091900890919108892B09F46DCBFB
:1042B0000E94BAFEF0CF90916F0081E091FD02C0A4
:1042C00080E0089590916F009D7F90936F00089516
:1042D000EFE6F0E08081826080830895ECDF91E07A
:1042E00090931D088111F4CF0895CF93DF938091AF
:1042F0009007309B53C08160809390078091900716
:10430000319B4EC082608093900780919007329BD2
:1043100049C084608093900780919007349B44C08B
:10432000886080939007C0910E08C0FF13C08091F1
:10433000270290915C0890FF39C081110BC08091D9
:10434000900780FF07C080916B08816080936B08A5
:1043500080E0C4DFC1FF0FC080915C0881FF0BC00B
:104360008091900782FF07C080916B0884608093E2
:104370006B0881E0B3DFC2FF23C080915C0882FF3D
:104380001FC08091900783FF1BC080916B088860DD
:1043900080936B0882E0DF91CF91A0CF8E7FACCF6E
:1043A0008D7FB1CF8B7FB6CF877FBBCF882391F234
:1043B0008091900781FFCECF80916B088260C6CF3D
:1043C000DF91CF910895CF92DF92EF92FF920F93FA
:1043D0001F93CF93DF9380912E028F3708F448C04C
:1043E0008F579091A51090934408992309F43CC0ED
:1043F000749A9091D11090934508992309F436C08E
:10440000759A209169072093430890910201211128
:1044100090959074909300018F5F80932E0280910D
:10442000420891E089278093420881110E940B3055
:1044300090912D0221E0290F97300CF020E0983068
:1044400008F040C0E92F092E000CFF0B8827E45D1F
:10445000FD458F4F0D94EB195AA217A323A336A342
:104460003BA34EA353A34AA27498C3CF7598C9CF58
:1044700090914408891708F074989091450889171D
:1044800008F0759890914308891708F4C5CF90916A
:104490000201BFCF80914108811103C083E0809366
:1044A000410880914108815080934108882351F050
:1044B000292F08C080912C028F5F80310CF089C0B9
:1044C00080932C0220932D02F12CE12C8E2DE701FC
:1044D000CC0FDD1FFE01E75AF84F00811181011555
:1044E000110509F456C0F894813009F4F3C0823004
:1044F00009F412C180910001DD24D394982F9270A9
:10450000C92E81FFD12C80E047DA000080910201A2
:10451000101611060CF4809582708093000181E0E2
:10452000101611060CF080E090915807891709F4D5
:10453000CDC0169A00008091020180958170809311
:104540000001179A00C000008EE090E00197F0F79C
:104550008091020181708093000117980000809182
:104560000201C110809582708093000180915807EC
:10457000D81609F4ADC0169A00007894C75AD84FDF
:1045800088819981101611060CF0E2C00197998379
:1045900088838FEFE81AF80A93E0E916F10409F02E
:1045A00095CF80915A088111A0DE8091900890915A
:1045B0009108009729F001979093910880939008B3
:1045C000DF91CF911F910F91FF90EF90DF90CF90EF
:1045D000089510922C028091570781111BC0809181
:1045E0009B1090919C1090939E1080939D108091B1
:1045F000C7109091C8109093CA108093C9108091F1
:104600005F0790916007909362078093610781E054
:104610008093570710929C1010929B101092C81014
:104620001092C7101092600710925F074BCF88E07E
:1046300080937B0087E480937C0080917A00806483
:1046400080937A003FCF80917A0086FD31CF4091F0
:1046500078005091790080919B1090919C10840F6C
:10466000951F90939C1080939B102CCF88E0809393
:104670007B0083E4E0CF80917A0086FD19CF4091E2
:1046800078005091790080915F0790916007840FC6
:10469000951F9093600780935F0714CF88E0809305
:1046A0007B0086E4C8CF80917A0086FD01CF4091DF
:1046B0007800509179008091C7109091C810840FB4
:1046C000951F9093C8108093C710FCCE169832CFD8
:1046D000169852CF809109018470D82E81E05CD960
:1046E000000080910B01101611060CF0809584706B
:1046F000809309010000889A00C000008EE090E0DD
:104700000197F0F78898000080910B01D1108095F7
:1047100084708093090130CF8FB18470D82E82E0ED
:104720003BD90000101611067CF48A9A00008B9A7F
:1047300000C000008EE090E00197F0F78B98000039
:10474000DD2021F08A9A18CF8A98F0CF8A9814CF6A
:1047500001961DCF2F923F924F925F926F927F9260
:104760008F929F92AF92BF92CF92DF92EF92FF9281
:104770000F931F93CF93DF93CDB7DEB7CA56D109FE
:104780000FB6F894DEBF0FBECDBF7C018B01242E87
:104790006E963FAF2EAF6E972091A7083091A80874
:1047A0004091A9085091AA08DC016D917D918D91ED
:1047B0009C910F94E5150F94311CA2966CAF7DAFC0
:1047C0008EAF9FAFA2972091AB083091AC0840917B
:1047D000AD085091AE08F70164817581868197819B
:1047E0000F94E5150F94311CA6966CAF7DAF8EAF7C
:1047F0009FAFA6972091AF083091B0084091B108C3
:104800005091B208D70118966D917D918D919C9130
:104810001B970F94E5150F94311CAA966CAF7DAFD2
:104820008EAF9FAFAA972091B3083091B408409102
:10483000B5085091B608F70164857585868597851A
:104840000F94E5150F94311C62966CAF7DAF8EAF5F
:104850009FAF62978091160783FF0EC062962CADC2
:104860003DAD4EAD5FAD6297209318113093191195
:1048700040931A1150931B11D8013C901196BC9192
:10488000BFAFF801F2812996FFAF2997D80113969F
:10489000BC912496BFAF24979091F7108091F610A9
:1048A000891730F0891B8F3029F40E94BAFEF4CFAB
:1048B000805FF8CF8091F6100E949830AB968FAF52
:1048C000AB97E091F610E9AB809190089091910838
:1048D000892B11F00C94D2AE80910C1190910D1196
:1048E000A0910E11B0910F11A2962CAD3DAD4EAD21
:1048F0005FADA297281B390B4A0B5B0B2BA33CA384
:104900004DA35EA38091101190911111A0911211ED
:10491000B0911311A696CCACDDACEEACFFACA69773
:10492000C81AD90AEA0AFB0A80911411909115114C
:10493000A0911611B0911711AA962CAD3DAD4EADB8
:104940005FADAA97281B390B4A0B5B0B2FA338A727
:1049500049A75AA78091181190911911A0911A1185
:10496000B0911B1162964CAC5DAC6EAC7FAC6297A3
:10497000481A590A6A0A7B0A09F465C0822D0E9406
:10498000CE878823B9F062968CAD9DADAEADBFAD3C
:1049900062978093181190931911A0931A11B093F4
:1049A0001B110E94BE5E80EC9DE20E945E5B412C6A
:1049B000512C320194E0299E80011124015E1D4F8B
:1049C000C301B2010F948615D8012D913D914D91EF
:1049D0005C910F94E5154B015C0120E030E0A901EA
:1049E0000F94261C87FF04C0B7FAB094B7F8B094B0
:1049F00020E030E048E453E46091B3087091B408DB
:104A00008091B5089091B6080F94E515A501940121
:104A10000F94801587FF17C062962CAD3DAD4EAD4B
:104A20005FAD6297209318113093191140931A11BA
:104A300050931B110E94BE5E81EA9DE20E945E5B64
:104A4000412C512C32018BA19CA1ADA1BEA1882784
:104A5000B7FD83959927AA27BB27182FF7FC12606B
:104A60008FA198A5A9A5BAA5B7FD146077FC186019
:104A7000A4E02A9EC0011124FC01E15EFD4F5F010C
:104A8000C301B2010F948615D5012D913D914D9131
:104A90005C910F94E5152B013C0120E030E0A90169
:104AA0000F94261C87FFCFC1C301B2019058F9A90A
:104AB000EF2FF0E0FCA7EBA759A94CE4549F90011D
:104AC0001124D901A250B64FBAABA9AB20E030E017
:104AD00040E05FE30F94001A0F94491B28966CAFD7
:104AE0007DAF8EAF9FAF2897E9A9FAA9108216ABC8
:104AF0002FA138A549A55AA52BAF3CAF4DAF5EAF4E
:104B000057FF0BC050954095309521953F4F4F4F23
:104B10005F4F2BAF3CAF4DAF5EAFCDA6DEA6EFA68D
:104B2000F8AAF7FE0BC088279927DC018C199D098C
:104B3000AE09BF098DA79EA7AFA7B8AB2BA13CA11B
:104B40004DA15EA12BAB3CAB4DAB5EAB57FF0BC099
:104B500050954095309521953F4F4F4F5F4F2BAB70
:104B60003CAB4DAB5EAB8BA99CA9ADA9BEA9E9A995
:104B7000FAA9858B968BA78BB08F2DA53EA54FA547
:104B800058A9218F328F438F548F2BAD3CAD4DAD43
:104B90005EAD258F368F478F50A36BA17CA18DA171
:104BA0009EA10F9486152091B4073091B5074091CE
:104BB000B6075091B7070F94E5152E966CAF7DAFF1
:104BC0008EAF9FAF2E97698B7A8B8B8B9C8BC70197
:104BD000B6010F9486152091B8073091B90740911E
:104BE000BA075091BB070F94E5154B015C018D8A04
:104BF0009E8AAF8AB88E6FA178A589A59AA50F94D1
:104C000086152091BC073091BD074091BE07509199
:104C1000BF070F94E5156B017C01C98EDA8EEB8E10
:104C2000FC8E2091C0073091C1074091C20750917E
:104C3000C307C301B2010F94E5156FAB78AF89AF1D
:104C40009AAF6D8F7E8F8F8F98A32BA93CA94DA90A
:104C50005EA926303105410551050CF0FCC08DA53B
:104C60009EA5AFA5B8A90697A105B1050CF0F3C0A4
:104C70002BAD3CAD4DAD5EAD263031054105510546
:104C80000CF0E9C020E030E0A9016FA978AD89AD52
:104C90009AAD0F94261C87FFD9C08FA998ADA9ADF6
:104CA000BAADB0582CE44BA55CA5249FF001259F1C
:104CB000F00D1124E250F64F85879687A787B08BB9
:104CC0008CE42BA53CA5829FF001839FF00D11245D
:104CD000E250F64F28968CAD9DADAEADBFAD289796
:104CE00081A392A3A3A3B4A38BAD9CADADADBEAD88
:104CF0002DA53EA54FA558A982179307A407B50770
:104D000010F4DA01C9012BA93CA94DA95EA98217AB
:104D10009307A407B50710F4DA01C90128962CAD52
:104D20003DAD4EAD5FAD289782179307A407B50739
:104D300010F4DA01C9012CE44BA55CA5249FF00115
:104D4000259FF00D1124E250F64F85A396A3A7A34B
:104D5000B0A70697A105B10510F40C94B5AEDF011C
:104D6000A95BBF4F80910F098C9321A68BA19CA1B9
:104D7000ADA1BEA1892B8A2B8B2B19F080E00E945C
:104D8000CC9C8CE4ABA5BCA58A9FF0018B9FF00D59
:104D90001124E250F64F818D928DA38DB48D892B15
:104DA0008A2B8B2B19F081E00E94CC9C8CE42BA5E4
:104DB0003CA5829FF001839FF00D1124E250F64F35
:104DC000858D968DA78DB0A1892B8A2B8B2B19F001
:104DD00082E00E94CC9C28968CAD9DADAEADBFAD5F
:104DE0002897892B8A2B8B2B09F4DEC78091B20779
:104DF000882319F081508093B2078091B3078823EC
:104E000019F081508093B307222029F08091400748
:104E1000882309F47CC080E00E94679B80E2809335
:104E2000B20791E029127DC081E00E94859C80E25A
:104E30008093B307E090D308F090D4080091D50890
:104E40001091D608B9C7C301B20131CE8FA998AD70
:104E5000A9ADBAAD27CF6E96AEADBFAD6E978D91B1
:104E60009D910D90BC91A02D8FA398A7A9A7BAA73B
:104E700020E030E0A901BC01CD010F94801588230A
:104E800079F08CE42BA53CA5829FF001839FF00D67
:104E90001124E250F64F8FA198A5A9A5BAA50CCF71
:104EA0002E962CAD3DAD4EAD5FAD2E97CA01B9012A
:104EB0000F94E5152B013C01A5019401C501B40136
:104EC0000F94E5159B01AC01C301B2010F94001AC8
:104ED0004B015C01A7019601C701B6010F94E515CE
:104EE0009B01AC01C501B4010F94001A0F94B71CCB
:104EF0002CE4ABA5BCA52A9FF0012B9FF00D11243B
:104F0000E250F64F658776878787908BD9CE809160
:104F1000B207811102C00E94679CF1E02F1205C008
:104F200083CF8091400781117FCF8091B30781119A
:104F300081CF81E00E94679C7DCF805F7AC72896F1
:104F40008CAD9DADAEADBFAD2897892B8A2B8B2B39
:104F500009F4FEC32091C7083091C8084091C908E0
:104F60005091CA086FA978AD89AD9AAD0F94E51537
:104F70000F94C61A0F94491B6B017C018091AE07F8
:104F80009091AF07A091B007B091B107E9A9FAA934
:104F9000218D328D438D548D2BA33CA34DA35EA355
:104FA000258D368D478D50A12FA338A749A75AA725
:104FB00041A052A063A074A02DA53EA54FA558A95D
:104FC00082179307A407B50708F4CBC38114910493
:104FD000A104B104D1F060910207709103078091A0
:104FE0000407909105076C157D058E059F0568F4F3
:104FF0000F944B19A50194010F945A192C153D05D6
:105000004E055F0510F469017A018BA19CA1ADA149
:10501000BEA1892B8A2B8B2B01F160910607709121
:10502000070780910807909109076C157D058E058B
:105030009F0598F42DA53EA54FA558A90F944B198F
:105040002BA13CA14DA15EA10F945A192C153D0531
:105050004E055F0510F469017A012FA138A549A515
:105060005AA5232B242B252B01F160910A0770915F
:105070000B0780910C0790910D076C157D058E052F
:105080009F0598F42DA53EA54FA558A90F944B193F
:105090002FA138A549A55AA50F945A192C153D05DD
:1050A0004E055F0510F469017A0141145104610451
:1050B0007104F1F060910E0770910F078091100755
:1050C000909111076C157D058E059F0588F42DA51F
:1050D0003EA54FA558A90F944B19A30192010F9417
:1050E0005A192C153D054E055F0510F469017A012A
:1050F0008CE44BA55CA5849F8001859F100D112435
:105100000250164FF801ED5BFF4FC082D182E28260
:10511000F382C701B6010F9484156B017C012FA99E
:1051200038AD49AD5AAD0F94DC1A66966CAF7DAFC1
:105130008EAF9FAF6697D80151966D937D938D93F7
:105140009C9354972DEB37E346E051E4C701B60139
:105150000F94E5150F94491BF80162AB73AB84AB58
:1051600095ABF1812596FFAF2597D8011296BC919A
:10517000BFABF801F381FBAFD8011496BC91BFAF70
:10518000E0E3F7E06C96FFAFEEAF6C972A964EAC7B
:105190005FAC2A97F0E14F0E511C40E3242E47E00C
:1051A000342E2A966EAC7FAC2A9725962FAD259784
:1051B0002BA33FA93FA34BAD4DA7BBAB10E0D30141
:1051C000CD90DD90ED90FD903D0120E030E0A90113
:1051D000C701B6010F94261C87FF04C0F7FAF094AC
:1051E000F7F8F094F10161917191819191911F0112
:1051F00020E030E0A9010F94001A4B015C01A701E7
:1052000096010F94801587FF29C0112309F49EC3CE
:10521000A501940125966FAD25977FA98BAD9FAD14
:105220000F94E5154B015C012BA13FA14DA55BA996
:10523000C701B6010F94E5159B01AC01C501B4018E
:105240000F94801587FF0AC0A7019601C501B4011C
:105250000F94DC1A6BA37FA38DA79BAB4614570456
:1052600009F0ADCF2496FFAD2497FF2309F4BEC308
:105270002090F8103090F9100091FA101091FB1066
:105280002DEB37E346E855E3B101C8010F948015D3
:1052900087FDACC39101A80125966FAD25977FA925
:1052A0008BAD9FAD0F94801587FF64C39101A8015A
:1052B00025966FAD25977FA98BAD9FAD0F94DC1A16
:1052C0006A966CAF7DAF8EAF9FAF6A9725962FAC75
:1052D00025973FA80BAD1FAD4CEF50E12C965FAF6B
:1052E0004EAF2C97412C512C30E8632E3FE3732EA8
:1052F00024961FAE24972C96AEADBFAD2C976D9122
:105300007D918D919D912C96BFAFAEAF2C976A96F3
:105310002CAD3DAD4EAD5FAD6A970F94E5154B01D9
:105320005C012A96EEADFFAD2A97C190D190E19035
:10533000F1902A96FFAFEEAF2A972496FFAD2497FF
:10534000FF2371F0A30192010F94E5154B015C015D
:10535000A3019201C701B6010F94E5156B017C0111
:10536000A7019601C501B4010F94261C20E030E08E
:10537000A90118160CF019C3C701B6010F94261C19
:1053800018164CF020E030E0A901C501B4010F94DB
:10539000801587FFFAC2A7019601C501B4010F94D9
:1053A000FF196B017C016C96AEADBFAD6C976D9132
:1053B0007D918D919D916C96BFAFAEAF6C9720E0C3
:1053C00030E0A9010F94001A4B015C01A70196017E
:1053D0000F94801587FF15C0A7019601C501B40180
:1053E0000F94DC1A9B01AC01C301B2010F94E515C7
:1053F0002B013C012496BFAD2497BF5F2496BFAF1D
:105400002497ECE0F1E12C962EAD3FAD2C97E217FE
:10541000F30709F070CF24963FAD2497332341F072
:10542000A3019201B101C8010F94E5151B018C0184
:1054300024EA30E74DE75FE3B101C8010F94E515B9
:105440006B017C012091AA073091AB074091AC071A
:105450005091AD070F94801587FF0AC02BA13FA183
:105460004DA55BA9C701B6010F94801587FDBEC28B
:105470008BA19FA1ADA5BBA98093AA079093AB0771
:10548000A093AC07B093AD072CE44BA55CA5249F7B
:10549000C001259F900D1124DC01A250B64F7D0163
:1054A0009101A801B101C8010F94E515F7016187C9
:1054B00072878387948766966CAD7DAD8EAD9FAD08
:1054C000669790589B01AC010F94001AA9A9BAA93C
:1054D0001D962D913D914D915C9150970F94E5153E
:1054E0009B01AC016BE077ED83E29BE30F94FF1926
:1054F0004B015C018BE097EDA3E2BBE3F7018583F1
:105500009683A783B087A9A9BAA98C9181608C934F
:1055100025962FAD25973FA94BAD5FAD25966FAD75
:1055200025977FA98BAD9FAD0F94E5159B01AC012D
:10553000C501B4010F94261C87FD05C0E9A9FAA98D
:1055400080818260808380E1FE013196ACEFB0E122
:1055500001900D928A95E1F78CE42BA53CA5829FE2
:10556000F001839FF00D1124E250F64F818192816A
:10557000A381B4818093F8109093F910A093FA104E
:10558000B093FB10A2968CAD9DADAEADBFADA29712
:1055900080930C1190930D11A0930E11B0930F11E5
:1055A000A6962CAD3DAD4EAD5FADA69720931011E4
:1055B000309311114093121150931311AA968CAD90
:1055C0009DADAEADBFADAA97809314119093151108
:1055D000A0931611B093171162962CAD3DAD4EAD50
:1055E0005FAD6297209318113093191140931A11EF
:1055F00050931B119091F6108091F710981303C0EF
:1056000084E68093F310AB963FADAB973093F610E2
:105610008091F610882309F4EEC181509091F51025
:10562000981709F4C5C21091F610112309F4E5C1C9
:1056300011502090F5108091F610D12CC12C281219
:10564000E0C12090F510F12CE12C9CE4392E8091E2
:10565000F610821509F4ACC2822C912C389C800182
:10566000399C100D11240250164FD8018C9183FDE6
:105670009CC21CA70BA7E114F10409F462C0C70186
:105680000E949F8681115DC0F701808181FD44C029
:10569000D80115964D905D906D907C901897F7010C
:1056A000A580B680C780D084A3019201C601B50150
:1056B0000F94801587FF30C0D70151966D917D9171
:1056C0008D919C91549790589B01AC010F94001AB6
:1056D000F70125853685478550890F94E5159B018F
:1056E000AC01C601B5010F94FF196B017C01A30148
:1056F00092010F94801587FF0FC0D8018C918160B3
:105700008C938BA59CA50E949F86882309F443C295
:10571000F80180818E7F8083389CF001399CF00DE8
:105720001124E250F64F21853285438554856581E9
:105730007681878190850F948015811102C0209217
:10574000F510822D0E949830282EEBA4FCA47FCF68
:105750002091CF083091D0084091D1085091D208C3
:1057600001CC81149104A104B104C9F16091020734
:105770007091030780910407909105076C157D05D2
:105780008E059F0560F50F9484152BA93CA94DA9A2
:105790005EA90F94E5156DA77EA78FA798ABC501ED
:1057A000B4010F9484159B01AC016DA57EA58FA556
:1057B00098A90F94DC1A4B015C01C701B6010F9444
:1057C00084159B01AC01C501B4010F94801587FFBE
:1057D00006C0C501B4010F94491B6B017C018BA16C
:1057E0009CA1ADA1BEA1892B8A2B8B2BB9F1609115
:1057F00006077091070780910807909109076C15BB
:105800007D058E059F0550F50F9484152BA93CA9A5
:105810004DA95EA90F94E5154B015C016BA17CA11C
:105820008DA19EA10F9484159B01AC01C501B4010B
:105830000F94DC1A4B015C01C701B6010F9484156B
:105840009B01AC01C501B4010F94801587FF06C010
:10585000C501B4010F94491B6B017C012FA138A530
:1058600049A55AA5232B242B252BB9F160910A07B2
:1058700070910B0780910C0790910D076C157D05B9
:105880008E059F0550F50F9484152BA93CA94DA9B1
:105890005EA90F94E5154B015C016FA178A589A560
:1058A0009AA50F9484159B01AC01C501B4010F9416
:1058B000DC1A4B015C01C701B6010F9484159B01F2
:1058C000AC01C501B4010F94801587FF06C0C50166
:1058D000B4010F94491B6B017C0141145104610414
:1058E000710409F405CC60910E0770910F07809147
:1058F0001007909111076C157D058E059F0508F026
:10590000F7CB0F9484152BA93CA94DA95EA90F9440
:10591000E5154B015C01C301B2010F9484159B0195
:10592000AC01C501B4010F94DC1A4B015C01C70145
:10593000B6010F9484159B01AC01C501B4010F940D
:10594000801587FFD5CBC501B4019CC4A701960182
:10595000C501B4010F94DC1A9B01AC016BA17FA1BE
:105960008DA59BA90F94E5156BA37FA38DA79BAB7A
:1059700011E074CC20E030E040E85FE36A962CAFA1
:105980003DAF4EAF5FAF6A97A7CCF7FAF094F7F848
:10599000F094A7019601C501B4010F94261C1816B6
:1059A0000CF001CD75016401FECCC701B6010F9466
:1059B000801587FD09C020E030E0A901C501B401D0
:1059C0000F94261C18162CF4A5019401C701B601EA
:1059D000E6CCB7FAB094B7F8B094A5019401C7012A
:1059E000B6010F94801587FFDECCDCCF2BA03FA043
:1059F0000DA51BA93DCD8FE011CE1FE01ACECBA483
:105A0000DCA4121509F41DCE812E912C4CE4489D86
:105A1000F001499DF00D1124E250F64F808183FD85
:105A2000B5C0FCA7EBA73097C9F0B1840285A38469
:105A300034844580568067807084A30192016B2D69
:105A4000702F8A2D932D0F948015811116C0C114CB
:105A5000D10421F0F601808180FD13C0112309F4E7
:105A600098C01150822D2090F510281641F2811710
:105A700009F4E7CD0E949830F6CFC114D10409F49F
:105A80005FC0D6011596CD90DD90ED90FC901897F3
:105A90002CE4289DF001299DF00D1124E250F64FD1
:105AA000808181FD2AC06189728983899489905897
:105AB0009B01AC010F94001AABA5BCA51D962D91BE
:105AC0003D914D915C9150970F94E5159B01AC0170
:105AD000C701B6010F94FF196B0189AB9BA39B0112
:105AE000AC016B2D702F8A2D932D0F94801587FD9F
:105AF00004C0BC2C0D2DA9A83BA02B2D302F4A2D66
:105B0000532DC301B2010F948015882309F4A6CF49
:105B1000BCE4B89DC001B99D900D1124FC01E25078
:105B2000F64F6F018081816080838BA59CA50E94C8
:105B30009F86882309F1D6018C918E7F8C938ECF1E
:105B40006E96EEADFFAD6E97C084D184E284F3848F
:105B50002BE037ED43E25BE3C701B6010F94261C4F
:105B600018160CF495CF2BE0C22E27EDD22E23E28F
:105B7000E22E2BE3F22E8CCF8B2D902FAA2DB32D5E
:105B8000F60185839683A783B08768CFDCA6CBA672
:105B900065CF1FE067CFD8011596CD92DD92ED92CB
:105BA000FC9218972092F510B7CDFCA6EBA6C9CDB4
:105BB000D090F710C090F6102CE4DC1409F479C0F2
:105BC0008FEF8C0DC11001C08FE0289FF0011124D0
:105BD000E250F64F908193FD6AC0A12CB12C812C2C
:105BE000912C10E000E0DC1409F46AC0BCE4DB9EF8
:105BF000C0011124FC01E250F64F7F01808183FD3A
:105C00005AC065817681878190850F94B71C3B01CE
:105C10008BA799AB0115110509F440C0D7018C91F0
:105C200080FF04C0F801808181608083D8018C915D
:105C300080FF34C0C8010E949F8681112BC0F801EB
:105C4000218132814381548160E070E080E89FE3EC
:105C50000F94DC1A1B012C01AC019B01B3018BA535
:105C600099A90F94E51569837A838B839C839501A9
:105C7000A401C201B1010F94E515698B7A8B8B8B5E
:105C80009C8BAE014F5F5F4FBE016F5E7F4FC801BF
:105C90000E945F8DD8018C918E7F8C938D2D0E94F8
:105CA0009830D82E53018BA499A887019CCFC82E79
:105CB00084CFCD2C92CF35018BA699AA7801EECF57
:105CC0000115110509F451C06E96EEADFFAD6E974A
:105CD00060857185828593850F94B71C6B017C016B
:105CE0002DEC3CEC4CE45DE30F94261C181644F0BC
:105CF0008DECC82E8CECD82E8CE4E82E8DE3F82E9B
:105D0000D8018C9181608C93C8010E949F8681117B
:105D100028C0F801218132814381548160E070E024
:105D200080E89FE30F94DC1A2B013C01A701960148
:105D30000F94E51569837A838B839C83A301920179
:105D4000B501C4010F94E515698B7A8B8B8B9C8B05
:105D5000AE014F5F5F4FBE016F5E7F4FC8010E9473
:105D60005F8DD8018C918E7F8C930E9468A181E019
:105D7000C659DF4F0FB6F894DEBF0FBECDBFDF911F
:105D8000CF911F910F91FF90EF90DF90CF90BF9038
:105D9000AF909F908F907F906F905F904F903F90CB
:105DA0002F90089580E0E4CFE090D708F090D808D5
:105DB0000091D9081091DA089701A801632D7FADF1
:105DC00029968FAD299724969FAD24970F9480151F
:105DD00087FD08C0E32CFFAC29960FAD29972496C8
:105DE0001FAD24978CE4ABA5BCA58A9FF0018B9FC7
:105DF000F00D1124E250F64F2585368547855089F0
:105E000060E070E080E89FE30F94DC1A23966CAFAB
:105E10007DAF8EAF9FAF23979701A8010F94E51533
:105E20006B017C019091F4108091F610891708F4B1
:105E300084C8891B24968FAF2497A701960160E040
:105E400074E284E799E40F94DC1A0F94311C4B013F
:105E50005C0124968FAD249782508630B0F5609116
:105E6000A3087091A4088091A5089091A6086819CC
:105E700079098A099B0916161706180619062CF5C2
:105E8000660F771F881F991F2496BFAD24972B2F6D
:105E900030E050E040E00F947C19CA01B9010F9442
:105EA00086150F94441B860E971EA81EB91EC501A9
:105EB000B4010F9486159B01AC0160E074E284E7A5
:105EC00099E40F94DC1A6B017C010E945BA1409164
:105ED0001207509113076091140770911507480D30
:105EE000591D6A1D7B1D4093120750931307609341
:105EF0001407709315079CE42BA53CA5929FF00115
:105F0000939FF00D1124EA5BF54F80829182A2826B
:105F1000B38281110E9468A18CE44BA55CA5849F8B
:105F20008001859F100D11240250164FD8011D9637
:105F30002D913D914D915C915097C701B6010F9401
:105F4000E5152E966CAF7DAF8EAF9FAF2E97F80103
:105F5000618372838383948325A136A147A150A5D1
:105F60002DA73EA74FA758ABCA01B9010F948415BE
:105F70006BAB7CAB8DAB9EAB9B01AC01C701B6019B
:105F80000F94E5150F94C61A0F94491B66966CAFD3
:105F90007DAF8EAF9FAF6697F80167AB70AF81AFF3
:105FA00092AF9E012F5E3F4F3CAF2BAFAE014F5FD4
:105FB0005F4F2A965FAF4EAF2A9787EB98E06896BF
:105FC0009FAF8EAF6897DE015D96BAA3A9A36C96CA
:105FD0005FAF4EAF6C97312C212CB0E8BBA3EFE341
:105FE000EFA3ABADBCAD2D913D914D915D91BCAF9B
:105FF000ABAFC701B6010F94E5154B015C016C9680
:10600000EEADFFAD6C9781929192A192B1926C9698
:10601000FFAFEEAF6C9720E030E0A9010F94261C93
:1060200087FF04C0B7FAB094B7F8B0946896AEADE5
:10603000BFAD68974D905D906D907D906896BFAFB5
:10604000AEAF6897A5019401C301B2010F9480150A
:1060500087FF14C0A5019401C301B2010F94DC1A9B
:106060005B018C01232D322D4BA15FA10F94801574
:1060700087FF04C03A2C2B2C0BA31FA3E9A1FAA184
:106080002BAD3CADE217F30709F0ABCFA7019601AA
:106090006FA978AD89AD9AAD0F94E5156B017C01C0
:1060A000CD86DE86EF86F88A20E030E0A9010F94E5
:1060B000261C4601570187FF04C0B7FAB094B7F811
:1060C000B0944090C3085090C4086090C508709088
:1060D000C608A5019401C301B2010F94801587FF82
:1060E00014C0A5019401C301B2010F94DC1A5B0135
:1060F0008C01232D322D4BA15FA10F94801587FFBA
:1061000004C03A2C2B2C0BA31FA320E030E040E866
:106110005FE3632D722D8BA19FA10F94801587FFE4
:1061200068C0232D322D4BA15FA169817A818B81BB
:106130009C810F94E51569837A838B839C83232D3F
:10614000322D4BA15FA16D817E818F8198850F9447
:10615000E5156D837E838F839887232D322D4BA188
:106160005FA169857A858B859C850F94E515698784
:106170007A878B879C87232D322D4BA15FA1C70186
:10618000B6010F94E5156D877E878F87988B8CE419
:106190004BA55CA5849F8001859F100D11240250A2
:1061A000164F66966CAD7DAD8EAD9FAD66970F9424
:1061B0008415232D322D4BA15FA10F94E5150F946B
:1061C000491BD801D7966D937D938D939C93DA9755
:1061D000232D322D4BA15FA12E966CAD7DAD8EADE2
:1061E0009FAD2E970F94E515F80161837283838329
:1061F00094832BA93CA94DA95EA923966CAD7DADD6
:106200008EAD9FAD23970F94E5156FAB78AF89AF37
:106210009AAF8CE42BA53CA5829FF001839FF00DE3
:106220001124E250F64F85889688A788B08C811497
:106230009104A104B10411F00C949FA7818D928D5B
:10624000A38DB48D892B8A2B8B2B11F00C949FA7D7
:10625000858D968DA78DB0A1892B8A2B8B2B11F064
:106260000C949FA72091CB083091CC084091CD0889
:106270005091CE086FA978AD89AD9AAD0F94E51510
:106280000F94C61A0F94491B6B017C010C9478A8DB
:10629000CF93DF93CDB7DEB760970FB6F894DEBF2C
:1062A0000FBECDBFFC0190E1DE01119601900D9271
:1062B0009A95E1F78091900890919108892B69F463
:1062C000CE0101960E94AAA360960FB6F894DEBF95
:1062D0000FBECDBFDF91CF91089580E0F5CFCF9372
:1062E000DF93CDB7DEB72C970FB6F894DEBF0FBEA5
:1062F000CDBF19821A821B821C821D821E821F82C0
:10630000188619861A861B861C869E012F5F3F4FB2
:1063100040910D09BC0188E094E0BADF2C960FB6DD
:10632000F894DEBF0FBECDBFDF91CF9108950E94DC
:106330005BA110921207109213071092140710928B
:10634000150781110C9468A10895CF93DF93909164
:10635000F7108091F610891788F0891B09F44CC05A
:106360009091F310992371F0833050F48FEF890FDF
:1063700039F08093F310D0E0C0E03AC0805FEDCFF9
:106380001092F310C091F7108CE4C89FE001112423
:10639000C250D64F888180FDEECF80911207909138
:1063A0001307A0911407B0911507FE01E85BFF4F9A
:1063B0004081518162817381841B950BA60BB70BC1
:1063C0008093120790931307A0931407B0931507B7
:1063D0008091F7100E9498308093F4109091F710FC
:1063E0008091F510981304C08091F4108093F510FB
:1063F000CE01DF91CF9108959ADFBDCF2F923F92CA
:106400004F925F926F927F928F929F92AF92BF92C4
:10641000CF92DF92EF92FF920F931F93CF93DF9370
:1064200000D0CDB7DEB78FEF9FEF909389008093B8
:1064300088000AE00983312C212C78948091170878
:1064400090911808A0911908B0911A08892B8A2BED
:106450008B2B09F0FEC180911D088823D1F080911B
:106460001B0890911C0810921D08892B91F0109226
:106470001C0810921B0810920E089091F610809143
:10648000F710981731F08091F7100E9498308093A0
:10649000F71080911B0890911C08892B09F4D9C131
:1064A00040911308509114086091150870911608D6
:1064B00080910F0890911008A0911108B0911208D6
:1064C000481759076A077B0708F0C3C100916C0899
:1064D00010E030E020E0841B950BA60BB70B0817EB
:1064E00019072A073B0710F4D901C8018A83840FD2
:1064F000951FA61FB71F8093130890931408A093AD
:106500001508B0931608C090DA07D090DB07E0902A
:10651000DC07F090DD078091EA079091EB07A091EE
:10652000EC07B091ED07C80ED91EEA1EFB1EC09203
:10653000EA07D092EB07E092EC07F092ED07F7FC48
:1065400018C08091D6079091D707A091D807B09135
:10655000D907A7019601281B390B4A0B5B0BDA01FF
:10656000C9018093EA079093EB07A093EC07B093DF
:10657000ED070091DE071091DF072091E0073091D1
:10658000E1078091EE079091EF07A091F007B0919D
:10659000F107080F191F2A1F3B1F0093EE071093E6
:1065A000EF072093F0073093F10737FD18C0809173
:1065B000D6079091D707A091D807B091D907B90114
:1065C000A801481B590B6A0B7B0BDB01CA018093A6
:1065D000EE079093EF07A093F007B093F107409177
:1065E000E2075091E3076091E4077091E50780911D
:1065F000F2079091F307A091F407B091F507480FC7
:10660000591F6A1F7B1F4093F2075093F307609353
:10661000F4077093F50777FD18C08091D607909125
:10662000D707A091D807B091D9072A013B01481A92
:10663000590A6A0A7B0AD301C2018093F207909338
:10664000F307A093F407B093F5078090E6079090C6
:10665000E707A090E807B090E9078091F6079091CE
:10666000F707A091F807B091F907880D991DAA1DA9
:10667000BB1D8093F6079093F707A093F807B0939C
:10668000F907B7FD18C08090D6079090D707A09063
:10669000D807B090D9072C013D01481859086A085D
:1066A0007B08530142018092F6079092F707A0926F
:1066B000F807B092F907F7FC27C04090D107042CE7
:1066C000000C55086608770880901E0890901F08F7
:1066D000A0902008B0902108840C951CA61CB71C23
:1066E00080921E0890921F08A0922008B092210864
:1066F000E0914007EE2309F467C0E0910201E095C4
:10670000E170E0930001179A37FD1CC04090D2075A
:10671000042C000C55086608770880902208909099
:106720002308A0902408B0902508840C951CA61C72
:10673000B71C8092220890922308A0922408B0925D
:106740002508889A77FD1CC04090D307042C000CC4
:106750005508660877088090260890902708A09032
:106760002808B0902908840C951CA61CB71C8092A0
:10677000260890922708A0922808B09229088B9AA0
:10678000B7FD32C04090D407042C000C55086608B1
:10679000770880902A0890902B08A0902C08B09041
:1067A0002D08840C951CA61CB71C80922A08909278
:1067B0002B08A0922C08B0922D08E0914007EE2300
:1067C00071F0119A149A10C0E0912702E1119BCF49
:1067D000E0910201E095E170E093000195CFE09136
:1067E000D507E111EFCF119AE0918400F091850077
:1067F000E0918400F0918500F7FC0AC0E091400729
:10680000EE2399F0E0910201E170E0930001179806
:1068100037FF889877FF8B98B7FD16C080914007A7
:10682000882369F0119814980FC0E0912702E111B4
:10683000EECFE0910201E170E0930001E9CF809199
:10684000D5078111F0CF11980A8101500A830111F7
:106850005ACE8091170890911808A0911908B0910C
:106860001A08892B8A2B8B2B09F068C1E0911B0831
:10687000F0911C08309709F4DDC2809113089091C3
:106880001408A0911508B091160840910F08509176
:106890001008609111087091120884179507A607D7
:1068A000B70708F496C110921C0810921B081092AA
:1068B0000E089091F6108091F710981709F4BAC25B
:1068C0008091F7100E9498308093F71030EDC32E1E
:1068D00037E0D32EE12CF12C80911B0890911C08FD
:1068E000892B09F023C131DD90931C0880931B088C
:1068F000892B09F41BC160901B0870901C087B82D7
:106900006A82D3018C9183FD78C255968D909D90BB
:10691000AD90BC90589781E081149104A104B1041A
:1069200009F480E0EA81FB81C18CD28CE38CF48C89
:10693000C114D104E104F10409F078C2AA81BB8139
:106940005D964D915D916D917C91909741155105AA
:106950006105710509F0846080930E081092FA07B2
:106960001092FB071092FC071092FD071092060888
:10697000109207081092080810920908EA81FB811A
:1069800085A196A1A7A1B0A580930F0890931008A8
:10699000A0931108B0931208442455243201481AD8
:1069A000590A6A0A7B0A4092EA075092EB07609202
:1069B000EC077092ED074092EE075092EF0760925D
:1069C000F0077092F1074092F2075092F30760923D
:1069D000F4077092F5074092F6075092F70760921D
:1069E000F8077092F90741A052A063A074A0440C6C
:1069F000551C661C771C880C991CAA1CBB1C809219
:106A0000DA079092DB07A092DC07B092DD07CC0C8E
:106A1000DD1CEE1CFF1CC092DE07D092DF07E09267
:106A2000E007F092E107440F551F661F771F409360
:106A3000E2075093E3076093E4077093E507409201
:106A4000E6075092E7076092E8077092E907880F1F
:106A5000991FAA1FBB1F8093D6079093D707A093B7
:106A6000D807B093D9071092130810921408109207
:106A700015081092160882A593A5A4A5B5A5809324
:106A80000A0890930B08A0930C08B0930D0886A5F4
:106A900097A5A0A9B1A98093FE079093FF07A093A3
:106AA0000008B093010881A58093D5078093270241
:106AB00086A980935C080E94E99B80915A08811105
:106AC0000E9475A144244A94542C32014092280219
:106AD0005092290260922A0270922B02AA81BB81F5
:106AE000DB966D917D918D919C91DE97609302086C
:106AF0007093030880930408909305080E945AEA53
:106B00006B017C018091060890910708A09108080C
:106B1000B09109088C0D9D1DAE1DBF1D8093060808
:106B200090930708A0930808B0930908C09217082B
:106B3000D0921808E0921908F0921A08809117086C
:106B400090911808A0911908B0911A08AC01BD01E4
:106B50000097E1E0AE07B10520F04FEF5FEF60E096
:106B600070E0841B950BA60BB70B809317089093CE
:106B70001808A0931908B0931A08F894809184001B
:106B8000909185004096098101500983002309F402
:106B90004FC1240E351E2816390608F44ECC30920B
:106BA0008900209288000F900F900F90DF91CF9175
:106BB0001F910F91FF90EF90DF90CF90BF90AF901B
:106BC0009F908F907F906F905F904F903F902F900D
:106BD000089540910A0850910B0860910C0870913B
:106BE0000D08481759076A077B0708F46FC08091A2
:106BF000060890910708A0910808B091090842A9D9
:106C000053A964A975A94424859F112D969F9001CD
:106C1000A69F300DA59F200D311D869F100D211DB3
:106C2000341D959F100D211D341DA49F100D211D95
:106C3000341D949F110D241D341D789F110F201DAC
:106C4000311D799F300D112483AD94ADA5ADB6AD46
:106C5000820F931FA11DB11D80930208909303081A
:106C6000A0930408B093050847A950AD61AD72AD7B
:106C7000481759076A077B0740F44093020850936E
:106C800003086093040870930508609102087091EE
:106C9000030880910408909105080E945AEA6B014C
:106CA0007C018091060890910708A0910808B09196
:106CB00009088C0D9D1DAE1DBF1D80930608909385
:106CC0000708A0930808B093090806CE4091FE0774
:106CD0005091FF076091000870910108481759070B
:106CE0006A077B0708F068C08091FA079091FB075C
:106CF000A091FC07B091FD0742A953A964A975A909
:106D00005524859F112D969F9001A69F300DA59F1C
:106D1000200D311D869F100D211D351D959F100DD5
:106D2000211D351DA49F100D211D351D949F110D92
:106D3000251D351D789F110F201D311D799F300DA8
:106D40001124A90170E060E080910208909103088D
:106D5000A0910408B0910508FF960081118122815D
:106D60003381481759076A077B0758F4841B950B32
:106D7000A60BB70B081719072A073B0710F48C015D
:106D80009D01C901B8010E945AEA6B017C01809102
:106D9000FA079091FB07A091FC07B091FD078C0DBD
:106DA0009D1DAE1DBF1D8093FA079093FB07A09316
:106DB000FC07B093FD0790CD8091280290912902A5
:106DC000A0912A02B0912B02B7FF0EC067A970AD47
:106DD00081AD92AD0E945AEA609328027093290215
:106DE00080932A0290932B02C0902802D09029020F
:106DF000E0902A02F0902B026FCD8A819B8145960C
:106E00000E94968610921C0810921B0810920E0881
:106E10009091F6108091F710981709F464CD809145
:106E2000F7100E9498308093F7105DCD826086CD78
:106E30001C01B5CE80EDC82E87E0D82EE12CF12CB8
:106E400052CDFC0120813181428153816091B30890
:106E50007091B4088091B5089091B6080F94E5152B
:106E60000F94311C609318117093191180931A11AB
:106E700090931B119091F6108091F71098130D9438
:106E8000D1050E943BA10E945BA140911811509135
:106E9000191160911A1170911B1140932A08509397
:106EA0002B0860932C0870932D0881110C9468A115
:106EB00008954F925F926F927F928F929F92AF92BE
:106EC000BF92CF92DF92EF92FF92CF93DF93EC01CC
:106ED0002091B3083091B4084091B5085091B6089C
:106EE0006C857D858E859F850F94E5150F94311CEB
:106EF0006B017C012091AF083091B0084091B1083E
:106F00005091B208688579858A859B850F94E5152F
:106F10000F94311C4B015C012091AB083091AC08FF
:106F20004091AD085091AE086C817D818E819F812A
:106F30000F94E5150F94311C2B013C012091A708FB
:106F40003091A8084091A9085091AA0868817981D8
:106F50008A819B810F94E5150F94311C60930C116D
:106F600070930D1180930E1190930F114092101198
:106F7000509211116092121170921311809214119B
:106F800090921511A0921611B0921711C09218117B
:106F9000D0921911E0921A11F0921B119091F610F3
:106FA0008091F710981781F0DF91CF91FF90EF90CB
:106FB000DF90CF90BF90AF909F908F907F906F9019
:106FC0005F904F900D94D1050E943BA10E945BA160
:106FD000C82F8CE091E10E949686CC2381F0DF914E
:106FE000CF91FF90EF90DF90CF90BF90AF909F90A8
:106FF0008F907F906F905F904F900C9468A1DF917D
:10700000CF91FF90EF90DF90CF90BF90AF909F9087
:107010008F907F906F905F904F900895CF93DF9304
:10702000CDB7DEB760970FB6F894DEBF0FBECDBF09
:10703000FC0190E1DE01119601900D929A95E1F725
:10704000CE01019636DF60960FB6F894DEBF0FBE14
:10705000CDBFDF91CF9108950F931F93CF93DF930F
:1070600007EA18E0C4EBD7E0F80121913191419192
:1070700051918F0160E070E080E89FE30F94DC1A8B
:107080006993799389939993F7E0C43CDF0761F79B
:1070900088E094E0C3DFDF91CF911F910F910C94B2
:1070A000EDA0CF92DF92EF92FF92CF93DF93C82FA4
:1070B0000E945BA194E0C99FE0011124FE01E25E01
:1070C000F74FC080D180E280F38081110E9468A1D7
:1070D000CC54D84FC701B6010F9486152881398149
:1070E0004A815B810F94E515DF91CF91FF90EF907E
:1070F000DF90CF900895CF93DF9324E0829FC0016B
:107100001124EC01CE53D04FFC01E35AF74F8251CA
:10711000994FDC012D913D914D915C916081718180
:10712000828193810F94001A688379838A839B8379
:10713000DF91CF910895CF92DF92EF92FF92282FA7
:1071400030E041E050E0082E01C0440F0A94EAF715
:1071500090915B08942B90935B0890914608492B83
:1071600040934608811135C090910D09913061F02E
:1071700040915102423069F5C12CD12C30E4E32E0C
:1071800032ECF32E9923C1F0C090E708D090E808C4
:10719000E090E908F090EA0820E030E0A901C7019A
:1071A000B6010F94261C18163CF0C12C20E8D22EF4
:1071B00023EBE22E23E4F22EC0920804D0920904BD
:1071C000E0920A04F0920B04FF90EF90DF90CF90D2
:1071D0000895220F331F220F331FF901E85AF24D91
:1071E0004591559165917491F901E85FFB4F40839A
:1071F0005183628373832251394FF90110821182C6
:1072000012821382FF90EF90DF90CF9074CFCF93D4
:10721000DF931F92CDB7DEB7898360E0CE01019680
:107220000E94368761E0CE0101960E94368762E0B7
:10723000CE0101960E94368789810F90DF91CF9110
:1072400008950F931F931092EF091092F009109276
:10725000F1091092F2098093A907882381F18091A6
:10726000100490911104A0911204B0911304409164
:107270000C0450910D0460910E0470910F04009164
:1072800008041091090420910A0430910B04009322
:107290009D0710939E0720939F073093A00740936C
:1072A000A1075093A2076093A3077093A40780934C
:1072B000A5079093A607A093A707B093A8071F91CF
:1072C0000F9108958F929F92AF92BF92CF92DF92CB
:1072D000EF92FF92CF93DF9320915202222309F481
:1072E0008EC0EC0180914608E82E80FF2CC0809073
:1072F000540290905502A0905602B09057022881F7
:1073000039814A815B81C501B4010F94261C18168E
:1073100024F488829982AA82BB8280906002909035
:107320006102A0906202B0906302288139814A8193
:107330005B81C501B4010F94801587FF04C088826A
:107340009982AA82BB82E1FE2CC080905802909064
:107350005902A0905A02B0905B022C813D814E816F
:107360005F81C501B4010F94261C181624F48C8289
:107370009D82AE82BF828090640290906502A09050
:107380006602B09067022C813D814E815F81C5010C
:10739000B4010F94801587FF04C08C829D82AE8259
:1073A000BF82E2FE2CC0C0905C02D0905D02E090F3
:1073B0005E02F0905F02288539854A855B85C701AA
:1073C000B6010F94261C181624F4C886D986EA86BE
:1073D000FB86C0906802D0906902E0906A02F0904B
:1073E0006B02288539854A855B85C701B6010F94F4
:1073F000801587FF04C0C886D986EA86FB86DF91A0
:10740000CF91FF90EF90DF90CF90BF90AF909F9083
:107410008F9008958F929F92AF92BF92CF92DF92FA
:10742000EF92FF920F931F93CF93DF9300D000D082
:107430001F921F92CDB7DEB77C016B018A01F90163
:1074400080809180A280B38020E030E0A901B40167
:10745000C5010F948015882309F492C0582D492D39
:107460003A2D2B2D852F942FA32FB22F89839A830A
:10747000AB83BC8320E030E0A901B401C5010F94C7
:107480008015811106C0812C912C80E2A82E91E4F8
:10749000B92EC401D5018D839E83AF83B887F801CF
:1074A00080809180A280B380A50194016091100436
:1074B0007091110480911204909113040F9480151F
:1074C00087FF0CC08092100490921104A0921204C5
:1074D000B0921304CE0105960E946FB1F60180812F
:1074E0009181A281B381F7014081518162817381D1
:1074F000409308045093090460930A0470930B04AA
:1075000080930C0490930D04A0930E04B0930F0489
:10751000CE0101960E946FB1F801C080D180E28057
:10752000F380A7019601609110047091110480917D
:107530001204909113040F94261C181664F4C09240
:107540001004D0921104E0921204F0921304CE01C0
:1075500005960E946FB10E943BA128960FB6F89441
:10756000DEBF0FBECDBFDF91CF911F910F91FF9076
:10757000EF90DF90CF90BF90AF909F908F90089545
:1075800050E040E035E023E46DCFCF93DF9300D0AF
:1075900000D01F921F92CDB7DEB7AC019B0198E0DF
:1075A000E8E0F4E0DE01119601900D929A95E1F782
:1075B000BE016B5F7F4FCE0101962CDF28960FB680
:1075C000F894DEBF0FBECDBFDF91CF91089588E064
:1075D00094E024CD3F924F925F926F927F928F9270
:1075E0009F92AF92BF92CF92DF92EF92FF920F9352
:1075F0001F93CF93DF93CDB7DEB72C970FB6F894D8
:10760000DEBF0FBECDBF182F062F0E943BA1112356
:1076100009F1809151028230DCF0812F0E94918B20
:107620002C960FB6F894DEBF0FBECDBFDF91CF9181
:107630001F910F91FF90EF90DF90CF90BF90AF9090
:107640009F908F907F906F905F904F903F900895A4
:10765000123018F701112FC08091460887708730CB
:1076600009F450C0E0900D0901E01E1509F4BBC1FA
:1076700080E1E8E0F4E0AFEDB9E001900D928A9589
:10768000E1F74090330250903402609035027090E0
:10769000360280E090E0A5E0B3E48093330290935B
:1076A0003402A0933502B0933602612F80E00E942D
:1076B000A0E5312C9CC0E0900D09D7CF80912F021E
:1076C00090913002A0913102B0913202809308046F
:1076D00090930904A0930A04B0930B048091DF09EE
:1076E0009091E009A091E109B091E20980932F0205
:1076F00090933002A0933102B093320205C181E031
:10770000A0DD02C10E94B452E0900D0980915102A7
:10771000882309F4AACF1E1509F465C180E1E8E0C9
:10772000F4E0AFEDB9E001900D928A95E1F7409059
:10773000330250903402609035027090360280E03F
:1077400090E0A5E0B3E48093330290933402A093D9
:107750003502B0933602612F80E00E94A0E52091AF
:107760006B0730916C0740916D0750916E076091E7
:1077700010047091110480911204909113040F94DD
:10778000001A609310047093110480931204909374
:1077900013048090680290906902A0906A02B090F1
:1077A0006B02A50194010F94261C181644F48092D4
:1077B000100490921104A0921204B092130420E0DD
:1077C00030E040E05FE36091BF087091C0088091B5
:1077D000C1089091C2080F94E51569837A838B8361
:1077E0009C83CE0101960E946FB1332433948CE0C8
:1077F000819F90011124A9014552574F6A018E9D26
:1078000070011124C7018552974F7C01FC0124812E
:10781000358146815781F601648175818681978122
:107820000F94FF1969877A878B879C87F7012085DA
:10783000318542855385F601608571858285938502
:107840000F94FF194B015C0180910D09C12CD12CC3
:1078500090E4E92E92ECF92E8823C1F0C090E7085D
:10786000D090E808E090E908F090EA0820E030E0E5
:10787000A901C701B6010F94261C18163CF0C12CB3
:1078800080E8D82E83EBE82E83E4F82E8091510215
:10789000813071F58091FD09833050F1011128C0CC
:1078A0008091EF099091F009A091F109B091F2094E
:1078B000892B8A2B8B2B71F4A70196016091080408
:1078C0007091090480910A0490910B040F94801523
:1078D000882371F0C0920804D0920904E0920A044F
:1078E000F0920B0487EB98E00E946FB10E943BA1DD
:1078F00010930D0980E01FDC80915102882309F468
:10790000DDCE813009F4FBCE0E94E99B20E030E01F
:10791000A901609108047091090480910A04909172
:107920000B040F94001A6093080470930904809369
:107930000A0490930B0429853A854B855C856091F8
:107940000C0470910D0480910E0490910F040F941B
:10795000001A60930C0470930D0480930E049093AE
:107960000F04A5019401609110047091110480919D
:107970001204909113040F94001A609310047093F2
:107980001104809312049093130421DE011123C08B
:107990008091FD098330F8F08FED99E093DC33207E
:1079A000C1F088E0EFEDF9E0DE01119601900D9253
:1079B0008A95E1F727EB38E040E154E0BE016B5FC8
:1079C0007F4FCE01019626DD6FEB78E087EE99E0E0
:1079D000DCDD80E036DC409233025092340260926B
:1079E0003502709236020E943BA110910D0989E880
:1079F00091E30E945E5B812F0E9490388AE00E9492
:107A00005C5B0ECE4F925F926F927F928F929F92AD
:107A1000AF92BF92DF92EF92FF920F931F93CF939B
:107A2000DF93D82EC82FD0E0811109C080910D09B5
:107A300061E070E081110AC06FEF7FEF07C0FE01C7
:107A4000E852FF4B6491062E000C770B072E000CBA
:107A5000880B990B0F9486152B013C017E01EE0CCF
:107A6000FF1CEE0CFF1CF701EB56F24D25913591F2
:107A700045915491C301B2010F94E5154B015C018E
:107A8000F701E757F24D659175918591949120E04A
:107A900030E040EC5FE30F94E515A30192010F94F1
:107AA000E515AB01BC0100E010E098018D2D0E94AE
:107AB00085E620E030E0A901C501B4010F948015EE
:107AC000882309F446C0B501A401705800E010E015
:107AD00098018D2D0E9485E6A5019401C501B40190
:107AE0000F94001A4B015C01CA57D24DFE01C4919C
:107AF000C11107C00E94BE5E84E69DE20E945E5BEB
:107B0000CAE0DD2039F0F1E060E070E086E194E465
:107B1000DF1204C060E070EA8CE895E420E030E019
:107B200040E752E40F94DC1A2B013C016C2F70E00B
:107B300090E080E00F9484159B01AC01C301B20179
:107B40000F94DC1A8B019C01B501A4018D2D0E94BC
:107B500085E68D2DF0DA3BDDD701A152B64FF70156
:107B6000E85FFB4F40815181628173814D935D934A
:107B70006D937C931397DF91CF911F910F91FF909D
:107B8000EF90DF90BF90AF909F908F907F906F901D
:107B90005F904F9008958F929F92AF92BF92CF9235
:107BA000DF92EF92FF920F931F93CF93DF93CDB7A6
:107BB000DEB7E4970FB6F894DEBF0FBECDBF8FEDF2
:107BC00099E080DB8091160783FD75C02091140435
:107BD0003091150440911604509117046091EB09FF
:107BE0007091EC098091ED099091EE090F94801548
:107BF000882309F460C080910D090E94CE87182F58
:107C0000882331F00E94BE5E8DE39DE20E945E5BA0
:107C100020911404309115044091160450911704DA
:107C20006091EB097091EC098091ED099091EE095A
:107C30000F94FF196B017C0120E030E0A9010F9443
:107C4000261C87FF04C0F7FAF094F7F8F094E0914F
:107C50000D0924E0E29FF0011124E15EFD4F208137
:107C6000318142815381C701B6010F94E51520E0AF
:107C700030E048E453E40F94261C1816D4F40E9414
:107C8000BE5E8EE19DE20E945E5B8091EB09909169
:107C9000EC09A091ED09B091EE0980931404909342
:107CA0001504A0931604B09317048BEE99E0C9D87D
:107CB00002C01111EACF8091A907882349F0809171
:107CC0005102813009F44AC01CF084300CF456C1D2
:107CD0002AE037ED43E25CE36091330270913402B5
:107CE00080913502909136020F94E5156B017C016D
:107CF0006091190270911A02072E000C880B990BE3
:107D00000F9486159B01AC01C701B6010F94E515D0
:107D1000698B7A8B8B8B9C8B19821A821B821C82BB
:107D20001D821E821F82188619861A861B861C8653
:107D30009E012F5F3F4F40910D09BE016F5E7F4F47
:107D40008FED99E00E9448B180E1EFEDF9E0A8E005
:107D5000B4E001900D928A95E1F75BC0C0901404E5
:107D6000D0901504E0901604F09017048090A507B9
:107D70009090A607A090A707B090A8072091EB09C4
:107D80003091EC094091ED095091EE09C701B6011F
:107D90000F948015811150C08091EF099091F009E6
:107DA000A091F109B091F2098F3F9F4FAF4FBF4FA4
:107DB00009F442C080E1EFEDF9E0A8E0B4E0019001
:107DC0000D928A95E1F7C090E709D090E809E0901C
:107DD000E909F090EA09A5019401C701B6010F94E1
:107DE000261C181644F4C092A507D092A607E0926C
:107DF000A707F092A8070E948EEB68517C4F8F4F27
:107E00009F4F6093EF097093F0098093F10990936D
:107E1000F209E4960FB6F894DEBF0FBECDBFDF9136
:107E2000CF911F910F91FF90EF90DF90CF90BF9077
:107E3000AF909F908F9008958091BF089091C00857
:107E4000A091C108B091C20889AB9AABABABBCABF7
:107E500080919D0790919E07A0919F07B091A007E8
:107E6000898B9A8BAB8BBC8B8091A1079091A207D9
:107E7000A091A307B091A4078D8B9E8BAF8BB88F79
:107E8000898E9A8EAB8EBC8ECD8EDE8EEF8EF8A252
:107E900019821A821B821C821D821E821F821886F2
:107EA00019861A861B861C869E012F5F3F4F4091C4
:107EB0000D09BE016F5C7F4FCE0141960E9448B113
:107EC000882309F456C080E1E8E0F4E0DE01119671
:107ED00001900D928A95E1F78091A5079091A607F0
:107EE000A091A707B091A80789879A87AB87BC871D
:107EF00019A21AA21BA21CA21DA21EA21FA218A692
:107F000019A61AA61BA61CA6A0900D09E090BB08F6
:107F1000F090BC080091BD081091BE089090B70881
:107F2000B090B808C090B908D090BA08292D3B2D60
:107F3000A601B701C8010F94261C18161CF4E92CE1
:107F4000FB2C8601C701D8018DA79EA7AFA7B8ABB0
:107F50009E012F5D3F4F4A2DBE01635D7F4FCE01D5
:107F600001960E9448B1882321F0CE01C1960E945B
:107F70006FB10E94E99B80E064D9AACE80910D097F
:107F80008111A6CE109240070E94E99BC090080480
:107F9000D0900904E0900A04F0900B0480E1E8E03E
:107FA000F4E0DE01519601900D928A95E1F78091FF
:107FB0002F0290913002A0913102B0913202898B50
:107FC0009A8BAB8BBC8BCE01419628D880E1FE0109
:107FD0007196DE01119601900D928A95E1F78091DC
:107FE0005102A7019601823071F560914D027091A6
:107FF0004E0280914F02909150020F94001A6983B3
:108000007A838B839C8319A21AA21BA21CA21DA295
:108010001EA21FA218A619A61AA61BA61CA69E0180
:108020002F5D3F4F41E067EB78E0CE0101960E9463
:1080300048B1882309F44CCE0E943BA1C8DA81E004
:108040008093400796CF60E070E883E993E40F9453
:10805000FF196B017C0120E030E843E953E40F9401
:10806000801587FD07C0C12C80E8D82E83E9E82E53
:1080700083E4F82EC982DA82EB82FC82C4CF4F926D
:108080005F926F927F928F929F92AF92BF92CF92A8
:10809000DF92EF92FF920E945BA1F82E8091F71081
:1080A0008093F6108093F5108093F41084E680930B
:1080B000F3100E9497B181ED93E090939108809323
:1080C0009008F1100E9468A181E080931D080E9431
:1080D0003BA180E00E9451B82B013C0140929107E6
:1080E00050929207609293077092940781E00E94E9
:1080F00051B84B015C018092950790929607A0922F
:108100009707B092980782E00E9451B86B017C01FA
:10811000C0929907D0929A07E0929B07F0929C0731
:1081200083E00E9451B84092080450920904609282
:108130000A0470920B0480920C0490920D04A09299
:108140000E04B0920F04C0921004D0921104E09279
:108150001204F09213046093140470931504809336
:10816000160490931704FF90EF90DF90CF90BF908C
:10817000AF909F908F907F906F905F904F9027CAA5
:10818000CF93DF93CDB7DEB72C970FB6F894DEBF51
:108190000FBECDBF0E940DE50E945BA19CE0EEE109
:1081A000F8E0DE01119601900D929A95E1F78111A8
:1081B0000E9468A1CE0101960E94759B2C960FB675
:1081C000F894DEBF0FBECDBFDF91CF9108954F92DF
:1081D0005F926F927F928F929F92AF92BF92CF9257
:1081E000DF92EF92FF92CF93DF9300D01F921F9206
:1081F000CDB7DEB78091080490910904A0910A04DC
:10820000B0910B0489839A83AB83BC8340900C04A8
:1082100050900D0460900E0470900F048090100434
:1082200090901104A0901204B0901304C090140414
:10823000D0901504E0901604F09017040E94EDA071
:108240000E948A380E94B3861D828D810E947BB86D
:1082500060E08D810E94A0E59D819F5F9D839330AA
:10826000A1F70E942CB829813A814B815C816091F1
:1082700008047091090480910A0490910B040F94F2
:10828000801581112AC0A301920160910C047091A4
:108290000D0480910E0490910F040F9480158111AC
:1082A0001CC0A5019401609110047091110480918B
:1082B0001204909113040F94801581110EC0A70130
:1082C00096016091140470911504809116049091A8
:1082D00017040F9480158823A1F00F900F900F9032
:1082E0000F900F90DF91CF91FF90EF90DF90CF90A4
:1082F000BF90AF909F908F907F906F905F904F90C6
:108300003FCF0F900F900F900F900F90DF91CF9174
:10831000FF90EF90DF90CF90BF90AF909F908F90A5
:108320007F906F905F904F90089584E09DE20E944F
:108330005E5B86B16EEF7CE281700E94A18C86B19B
:1083400068EF7CE2869581700E94A18C86B162EF15
:108350007CE282FB882780F90E94A18C86B16CEEBA
:108360007CE2829581700C94A18C80915A088823BC
:1083700031F062E070E080E090E00C94C83808953D
:108380000F931F93A3E9B8E090E080E0FC01E05A6E
:10839000F04D45915591659174914D935D936D9319
:1083A0007D93FC01E05BF04D459155916591749191
:1083B00050964D935D936D937C935397FC01E05CD5
:1083C000F04D459155916591749190964D935D93C3
:1083D0006D937C939397049680319105B9F680E272
:1083E0009EE4A0E0B0E08093A3089093A408A0933B
:1083F000A508B093A60880E090E0AAEFB4E48093CB
:10840000C7089093C808A093C908B093CA0880E031
:1084100090E8ABE3B5E48093CB089093CC08A093AD
:10842000CD08B093CE088093CF089093D008A09346
:10843000D108B093D2081092D3081092D4081092A9
:10844000D5081092D6081092D7081092D80810922A
:10845000D9081092DA0880E090E0A0EAB1E48093B5
:10846000300790933107A0933207B093330780937E
:10847000340790933507A0933607B09337078DECF8
:108480009CECACECBEE38093380790933907A09343
:108490003A07B0933B0780E090E0A0EAB0E4809315
:1084A0003C0790933D07A0933E07B0933F0710927F
:1084B0005D0810925E0810925F081092600810929A
:1084C000610810926208109263081092640810927A
:1084D000650810926608109267081092680810925A
:1084E000DB081092DC081092DD081092DE08109272
:1084F000DF081092E0081092E1081092E208109252
:10850000E3081092E4081092E5081092E60880E073
:1085100090E0A0E0BFE38093EB089093EC08A09379
:10852000ED08B093EE081092EF081092F008109248
:10853000F1081092F20880E090E8A3EBB3E4809396
:10854000E7089093E808A093E908B093EA0880E070
:1085500090E0A0E0B0E480936B0790936C07A09349
:108560006D07B0936E078EEB90E090932507809394
:1085700024078CE390E0909327078093260780E6FA
:1085800090E0909329078093280781EE90E09093E4
:108590002B0780932A078AE590E090932D0780931C
:1085A0002C0710922F0710922E070AE919E921EBE8
:1085B00031E40093BB101093BC102093BD10309396
:1085C000BE1041EE5CE165E37EE34093BF10509343
:1085D000C0106093C1107093C21083E397E0AEE2C5
:1085E000B4E48093C3109093C410A093C510B093CB
:1085F000C6100093E7101093E8102093E910309311
:10860000EA104093EB105093EC106093ED107093D0
:10861000EE108093EF109093F010A093F110B093B0
:10862000F2101092230780E090E0A0E4B0E4809381
:108630001B0790931C07A0931D07B0931E07809300
:108640001F0790932007A0932107B0932207109251
:108650005A081092590889DEBADD0E94BE5E8DE08C
:108660009EE21F910F910C94896980916B08882379
:1086700019F010926B08089540E070E060E086EC1D
:108680009CE20C948E690F931F938091F60F8130BA
:1086900019F50E948EEB0091C4071091C507209137
:1086A000C6073091C707601B710B820B930B28EE36
:1086B00033E040E050E00F945A196091C807709180
:1086C000C9078091CA079091CB07620F731F841F5F
:1086D000951F1F910F9108956091170770911807CA
:1086E0008091190790911A07D6CFCF92DF92EF921F
:1086F000FF92CF93C82F8091F60F8150823008F0FF
:1087000064C01092F60F0E948EEB6093170770936F
:1087100018078093190790931A07C090F308D09018
:10872000F408E090F508F090F608ADDFAB01BC016D
:108730004093F3085093F4086093F5087093F6089B
:108740008091FB089091FC08A091FD08B091FE0873
:108750008C199D09AE09BF09840F951FA61FB71F6D
:108760008093FB089093FC08A093FD08B093FE084B
:10877000C1110AC0C1E00E949DA08C2FCF91FF9033
:10878000EF90DF90CF9008958091F9089091FA08CA
:1087900001969093FA088093F90875DFC090FF085E
:1087A000D0900009E0900109F0900209C616D706A2
:1087B000E806F906F8F667DF6093FF087093000992
:1087C0008093010990930209D5CFC0E0D4CF1092D5
:1087D000F60F1092C4071092C5071092C6071092A8
:1087E000C7071092170710921807109219071092D6
:1087F0001A071092C8071092C9071092CA07109260
:10880000CB070895CF93C091F60F80E0C13061F19E
:10881000C23061F538DF6093C8077093C907809351
:10882000CA079093CB0781E08093F60F0E948EEBEE
:108830006093C4077093C5078093C6079093C707DA
:10884000C23089F08091F7089091F80801969093D2
:10885000F8088093F7081092F3081092F408109229
:10886000F5081092F60881E0CF910895B0DFDBCFD4
:108870002091A3103091A4102C34310574F4209170
:10888000CF103091D0102C3431053CF42091670783
:1088900030916807263031051CF0882339F0B2CFBB
:1088A000662321F00E94465B0C94FAE308959C0134
:1088B000EAE0F0E0BF010F94D819805D8093EC06E8
:1088C0002A303105CCF0CB01BF010F94D819805D5F
:1088D0008093EB062436310594F0C90164E670E01C
:1088E0000F94D819CB01BF010F94D819805D8093E4
:1088F000EA068AEE96E008958CEE96E008958BEEF7
:1089000096E008959C018436910544F164E670E098
:108910000F94D819CB016AE070E00F94D819805DEC
:108920008093EA0680E22A3031055CF0EAE0F0E06C
:10893000C901BF010F94D819CB01BF010F94D819F9
:10894000805D8093EB06C9016AE070E00F94D8194E
:10895000805D8093EC068AEE96E0089580E237FF12
:10896000DFCF3195219531098DE2DACF94E6899FE9
:108970009001112421583F4FC9016FEF70E00F940F
:10898000D819462FE72F862F91E3643609F090E23D
:108990009093E9068A30E0F0C90166EF79E00F9420
:1089A000D819CB016AE070E00F94D819805D8093EC
:1089B000EA06842F9E2F6AE070E00F94D819805D3C
:1089C0008093EB0685E28093EC0689EE96E00895AD
:1089D00080E2EDCF8F929F92AF92BF92CF92DF92C3
:1089E000EF92FF926B017C01BA01550F880B990B36
:1089F0000F9486159B01AC0160E070E080E291E489
:108A00000F94611C4B015C0120E030E040E251E436
:108A1000C701B6010F94E515A50194010F94E51562
:108A20004B015C0120E030E0A901C701B6010F94C1
:108A3000801520E030E040EA50E487FF04C020E0E9
:108A400030E040EA50ECC501B4010F94001A20E078
:108A500030E040E251E40F94DC1A0F94441BFF9085
:108A6000EF90DF90CF90BF90AF909F908F90089540
:108A70008F929F92AF92BF92CF92DF92EF92FF922E
:108A8000CF93FC01608171818281938142E050E04B
:108A9000A1DF6B017C018BE2F7FE09C0F094E0944A
:108AA000D094C094C11CD11CE11CF11C8DE28093B8
:108AB000E606C701B60120E137E240E050E00F943E
:108AC0007C198AE0882E912CA12CB12CCA01B90105
:108AD000A50194010F947C19605D6093E706C701BE
:108AE000B60128EE33E040E050E00F947C19CA0153
:108AF000B901A50194010F947C19605D6093E806AB
:108B0000C701B60124E630E040E050E00F947C1944
:108B1000CA01B901A50194010F947C19605D6093AD
:108B2000E9068EE28093EA06C701B601A501940129
:108B30000F947C19C62FCA01B901A50194010F94A5
:108B40007C19605D6093EB06C05DC093EC0686EE19
:108B500096E0CF91FF90EF90DF90CF90BF90AF90D5
:108B60009F908F900895CF92DF92EF92FF92FC0139
:108B7000C080D180E280F38020E030E0A901C7010D
:108B8000B6010F94801587FF04C0F7FAF094F7F848
:108B9000F09450E040E0C701B6011CDF9B0160E2A9
:108BA0002031F7E23F0730F0C90160E177E20F942E
:108BB000C419605D6093E806283E83E03807F0F151
:108BC000C90168EE73E00F94C419CB016AE070E04C
:108BD0000F94C419805D8093E90680E22436310544
:108BE00058F0C90164E670E00F94C419CB016AE043
:108BF00070E00F94C419805D8093EA0680E22A3009
:108C0000310558F0EAE0F0E0C901BF010F94C41942
:108C1000CB01BF010F94C419805D8093EB06C9019D
:108C20006AE070E00F94C419805D8093EC0688EED2
:108C300096E0FF90EF90DF90CF90089580E2CBCF49
:108C4000FC01608171818281938141E050E0C2DE4C
:108C50009B018BE237FF05C022273327261B370BEA
:108C60008DE28093E706C90168EE73E00F94D8198E
:108C7000CB01EAE0F0E0BF010F94D819805D80934A
:108C8000E806C90164E670E00F94D819CB01BF0172
:108C90000F94D819805D8093E906C901BF010F9434
:108CA000D819282FCB01BF010F94D819805D80936C
:108CB000EA068EE28093EB06205D2093EC0687EEB9
:108CC00096E008951F93CF93DF9300D01F92CDB706
:108CD000DEB7182F8091E2061092E206882361F039
:108CE00010920C090E947F3A0F900F900F900F90F6
:108CF000DF91CF911F91089560917408709175086C
:108D0000809176089091770861157105810591052C
:108D100069F10F9486152091150230911602409149
:108D20001702509118020F94E51520911404309108
:108D3000150440911604509117040F94001A609383
:108D40001404709315048093160490931704612FF4
:108D500083E00E945E3081E080936D02109274087F
:108D600010927508109276081092770880916D0223
:108D7000882309F4B9CF10938B0810928F081092B2
:108D80008E0810928D0810928C08209171073091F6
:108D900072074091730750917407609114047091A9
:108DA000150480911604909117040F94FF1969839C
:108DB0007A838B839C83CE01019642DFBC0186E3DC
:108DC0009BE20E94DE3490CF81E07CCF80E07ACFBE
:108DD00080910D0977CFCF92DF92EF92FF920F93A0
:108DE0001F93CF93DF93FC01C080D180E280F3809A
:108DF00041E050E0C701B601EDDD9B012D593F4F29
:108E00002B34344008F457C0C701B6010F94441BFB
:108E10008B01FB0177FF1FC01195019511096D3979
:108E20007F4F0CF07CC08DE28093E906C80164E6B8
:108E300070E00F94D819CB012AE030E0B9010F940B
:108E4000D819805D8093EA06C801B9010F94D8193A
:108E5000CB01B90125C0083E83E018070CF45AC0C5
:108E6000C80168EE73E00F94D819CB01CAE0D0E0D6
:108E7000BE010F94D819805D8093E906C80164E6AD
:108E800070E00F94D819CB01BE010F94D819805D02
:108E90008093EA06C801BE010F94D819CB01BE0128
:108EA0000F94D819805D8093EB064FC08DE2F7FDDB
:108EB000FACF80E2F8CF9B0177FF1CC0222733272F
:108EC000261B370B8DE28093E906EAE0F0E0C9014A
:108ED000BF010F94D819282FCB01BF010F94D819C7
:108EE000805D8093EA068EE28093EB06205D2093FE
:108EF000EC0633C080E2243631052CF3C90164E668
:108F000070E00F94D819CB016AE070E00F94D81983
:108F1000805DD9CF80E2043611050CF085CF80E268
:108F20008093E9068093EA060A3011050CF4BECF5F
:108F30008DE2F7FF80E28093EA06C8016AE070E004
:108F40000F94D819605D6093EB06C8016AE070E089
:108F50000F94D819805D8093EC0689EE96E0DF913E
:108F6000CF911F910F91FF90EF90DF90CF900895D8
:108F70008F929F92AF92BF92CF92DF92EF92FF9229
:108F80000F931F93CF93DF93C82F8091E206109227
:108F9000E206882381F010920C09DF91CF911F9196
:108FA0000F91FF90EF90DF90CF90BF90AF909F9088
:108FB0008F900C947F3A8B016091740870917508C2
:108FC000809176089091770861157105810591056A
:108FD00071F0109274081092750810927608109231
:108FE000770821E020936D028C2F0E949D3880919C
:108FF0006D02882309F488C084E0C89FE001112431
:10900000CC54D84F6091DF067091E006072E000C1B
:10901000880B990B0F948615288139814A815B81D1
:109020000F94E51543E050E0D5DC6B017C018BE249
:10903000F7FE09C0F094E094D094C094C11CD11CF8
:10904000E11CF11C8DE28093E606C701B60120E128
:1090500037E240E050E00F947C198AE0882E912C92
:10906000A12CB12CCA01B901A50194010F947C195E
:10907000605D6093E706C701B60128EE33E040E08B
:1090800050E00F947C19CA01B901A50194010F9415
:109090007C19605D6093E8068EE28093E906C70163
:1090A000B60124E630E040E050E00F947C19CA019C
:1090B000B901A50194010F947C19605D6093EA06E3
:1090C000C701B601A50194010F947C19C62FCA01EE
:1090D000B901A50194010F947C19605D6093EB06C2
:1090E000C05DC093EC0666EE76E0C801DF91CF91DB
:1090F0001F910F91FF90EF90DF90CF90BF90AF90B6
:109100009F908F900C94DE34DF91CF911F910F913F
:10911000FF90EF90DF90CF90BF90AF909F908F9097
:1091200008956FE57CE281E023CF63E57CE280E097
:109130001FCF6BE67CE282E01BCF3F924F925F92A3
:109140006F927F928F929F92AF92BF92CF92DF9257
:10915000EF92FF920F931F93CF93DF9300D000D035
:1091600000D01F92CDB7DEB7382E8091E206109264
:10917000E2068823E1F010920C090E947F3A2A96B9
:109180000FB6F894DEBF0FBECDBFDF91CF911F9118
:109190000F91FF90EF90DF90CF90BF90AF909F9096
:1091A0008F907F906F905F904F903F900895609167
:1091B0007408709175088091760890917708611510
:1091C00071058105910509F459C0209152022223AD
:1091D00009F4B8C0209153022111B4C021E0321625
:1091E00009F48EC0A2E03A1609F49BC0C090540264
:1091F000D0905502E0905602F090570240906002E5
:109200005090610260906202709063020F94861524
:1092100020911502309116024091170250911802C8
:109220000F94E5156F83788789879A87B4E03B9E12
:1092300080011124F801E85FFB4FFE83ED8320815C
:109240003181428153810F94001A4B015C01A301CB
:109250009201C701B6010F948015811182C0F801F7
:10926000E85FFB4F80829182A282B38260910D09F8
:10927000832D0E945E3081E080936D02109274080D
:1092800010927508109276081092770880916D02FE
:10929000882309F474CF30928B08F4E03F9EC0011C
:1092A0001124FC01E85FFB4F8E53904FDC012D91A0
:1092B0003D914D915C9160817181828193810F9488
:1092C000001A6B017C01C982DA82EB82FC822DECF0
:1092D0003CEC4CEC5DE360911502709116028091BC
:1092E0001702909118020F94261C87FD65C0CE01CD
:1092F0000196A6DCBC018EE59BE20E94DE343FCFE6
:10930000C0905802D0905902E0905A02F0905B024F
:10931000409064025090650260906602709067020F
:1093200075CFC0905C02D0905D02E0905E02F0903C
:109330005F02409068025090690260906A027090EB
:109340006B0264CF412C20E5522E23EC622E27E4E1
:10935000722EC12C30E5D32E33ECE32E37ECF32EF6
:1093600055CF20E030E0A9016F81788589859A8505
:109370000F94801587FF10C0A7019601C501B401A5
:109380000F94801587FF6BCFAD81BE81CD92DD92AA
:10939000ED92FC9213976ACFA3019201C501B4012B
:1093A0000F94261C18160CF05ACFED81FE814082D6
:1093B0005182628273825ACF43E050E0C701B60106
:1093C00009DB6B017C0120EA36E841E050E00F94B4
:1093D0007C19CA01B9012AE030E040E050E00F9466
:1093E0007C19605DF7FE09C0F094E094D094C094BD
:1093F000C11CD11CE11CF11C6DE26093E606C701A3
:10940000B60120E137E240E050E00F947C198AE099
:10941000882E912CA12CB12CCA01B901A50194016F
:109420000F947C19605D6093E706C701B60128EED2
:1094300033E040E050E00F947C19CA01B901A50166
:1094400094010F947C19605D6093E8068EE280932E
:10945000E906C701B60124E630E040E050E00F9491
:109460007C19CA01B901A50194010F947C19605DB2
:109470006093EA06C701B601A50194010F947C1917
:10948000162FCA01B901A50194010F947C19605DE2
:109490006093EB06105D1093EC0686EE96E02ACF03
:1094A00082E04BCE81E049CE80E047CE2F923F92C2
:1094B0004F925F926F927F928F929F92AF92BF92E4
:1094C000CF92DF92EF92FF920F931F93CF93DF9390
:1094D00000D000D0CDB7DEB70E948EEB00915208CD
:1094E0001091530820915408309155080115110529
:1094F0002105310509F00AC320911E11222309F428
:109500004AC0E0911C11215020931E1121E02E0F22
:1095100020931C1130911F11231302C010921C11B3
:1095200024E0E29FF0011124E05EFE4E00811181F3
:109530002281338100934E0810934F0820935008E6
:1095400030935108600F711F811D911D6093520867
:109550007093530880935408909355088091500855
:1095600090915108892BB9F08FB78E83F894209091
:109570004E0830904F082101712C612C0091500849
:109580001091510880913A028C32F1F08F3F09F42A
:1095900095C09E819FBF26960FB6F894DEBF0FBE82
:1095A000CDBFDF91CF911F910F91FF90EF90DF9092
:1095B000CF90BF90AF909F908F907F906F905F9073
:1095C0004F903F902F900895E4E0F6E394919D83AF
:1095D00097FDDFCF8CE20E9472E58D81882321F018
:1095E0009D81923009F0BCC14801B12CA12C60E0F2
:1095F00072E18AE790E0A50198010F947C19298314
:109600003A834B835C8369017A0121E0C21AD10855
:10961000E108F1088FEFC816D104E104F10409F064
:109620000CF46EC160E472E48FE090E0A501980153
:109630000F947C1969017A0191E0C91AD108E108F7
:10964000F1082D81223009F00FC18FEFC816D10427
:10965000E104F10409F00CF4C3C260E970ED83E0A9
:1096600090E0A50198010F947C1969017A0191E0BD
:10967000C91AD108E108F10883E02FEFC216D1041E
:10968000E104F10409F00CF4A4C268E478EE81E08E
:1096900090E0A50198010F947C1969017A0181E09D
:1096A000C81AD108E108F1089FEFC916D104E104F6
:1096B000F10411F00CF0FCC084E08BC28CE28093CA
:1096C0003A02E4E0F6E324912D83822F2F3F09F440
:1096D00060CF223009F468C058F4222379F1213098
:1096E00009F444C087FD55CF8CE20E9472E578CF23
:1096F0009D81943009F49AC008F478C0953091F7B0
:1097000010922001109221018091210188608093A4
:10971000210180912101816080932101EEEAF3E42F
:10972000E491F0E0EE0FFF1FE25BFC4B859194911A
:10973000E4EFF3E4E491E09377074CCF14BC15BC5D
:1097400084B5826084BD85B5816085BDEEEAF3E4B1
:10975000E491F0E0EE0FFF1FE25BFC4B85919491EA
:10976000E4EFF3E4E491E0937B0734CF10928000C0
:1097700010928100809181008860809381008091A7
:109780008100816080938100EEEAF3E4E491F0E0EF
:10979000EE0FFF1FE25BFC4B85919491E4EFF3E445
:1097A000E491E0937A0716CF1092B0001092B100C6
:1097B0008091B00082608093B0008091B1008160A0
:1097C0008093B100EEEAF3E4E491F0E0EE0FFF1FC6
:1097D000E25BFC4B859194919093480880934708F5
:1097E000E4EFF3E4E491E0934908F4CE10929000A2
:1097F00010929100809191008860809391008091F7
:109800009100816080939100EEEAF3E4E491F0E04E
:10981000EE0FFF1FE25BFC4B85919491E4EFF3E4C4
:10982000E491E093790723E02D83D4CE1092A00039
:109830001092A1008091A10088608093A100809186
:10984000A10081608093A100EEEAF3E4E491F0E0EE
:10985000EE0FFF1FE25BFC4B85919491E4EFF3E484
:10986000E491E0937807B6CE8FEFC816D104E104F7
:10987000F10409F00CF472C068E478EE81E090E045
:10988000A50198010F947C1969017A0191E0C91A28
:10989000D108E108F1082D81222309F466C12FEFD8
:1098A000C216D104E104F10411F00CF067C104CF39
:1098B00064E274EF80E090E0A50194010F947C19BC
:1098C00069017A0181E0C81AD108E108F10885E050
:1098D0009FEFC916D104E104F10409F008F479C13D
:1098E00062E17AE780E090E0A50194010F947C1991
:1098F00069017A0181E0C81AD108E108F10850C174
:1099000081E02D81211165C195B5987F892B85BD99
:109910002FEF3FEFA90145284628472809F048C006
:109920009D81923009F4E2C00CF0C9C0992309F47A
:10993000CEC0913009F02DCED0928900C09288001F
:10994000209388073093890740938A0750938B07A9
:1099500080916F00826080936F001BCE82E0D1CF38
:10996000B12CA12C60E072E18AE790E0A50198019A
:109970000F947C1969017A0181E0C81AD108E108C5
:10998000F108C114D10491E0E906F104F4F491E086
:109990002D81213059F580918100887F892B80931A
:1099A00081002FEF3FEFA90145284628472821F2E3
:1099B0009801220F331FD1010F94A81928EE33E02C
:1099C00040E050E00F945A19ABCF68E478EE81E0A4
:1099D00090E0A50198010F947C1969017A0181E05A
:1099E000C81AD108E108F10893E0D2CF8D81833005
:1099F000F9F480919100887F892B809391002FEF5B
:109A00003FEFA90145284628472891F6D0929900B2
:109A1000C09298002093840730938507409386076F
:109A20005093870780917100826080937100B1CD5F
:109A30002D81243001F58091A100887F892B8093AE
:109A4000A1002FEF3FEFA90145284628472809F03C
:109A5000AFCFD092A900C092A80020938007309386
:109A60008107409382075093830780917200826040
:109A7000809372008ECD8D81853009F049CF809121
:109A80002101887F892B809321012FEF3FEFA901CE
:109A900045284628472809F08BCFD0922901C0924B
:109AA000280120937C0730937D0740937E075093D5
:109AB0007F07809173008260809373006ACD8D81EF
:109AC000843039F20CF4A2CF853039F362CDC7BCB3
:109AD00020938C0730938D0740938E0750938F0708
:109AE00080916E00826080936E0053CDC092B3006F
:109AF00020934A0830934B0840934C0850934D08EC
:109B00008091700082608093700043CD601B710B68
:109B1000820B930B97FD3FCD80910B018072809358
:109B20000901109252081092530810925408109292
:109B3000550831CDC980DA80EB80FC809AE0F5943D
:109B4000E794D794C7949A95D1F721E0C21AD10827
:109B5000E108F10885E0D8CE8FEFC816D104E10402
:109B6000F10409F038F784E0CFCE83E09FEFC91607
:109B7000D104E104F10409F00CF4C6CE62E17AE705
:109B800080E090E0A50194010F947C1969017A01AD
:109B900081E0C81AD108E108F1089D819923E1F21A
:109BA00086E02FEFC216D104E104F10491F088F0B1
:109BB000C980DA80EB80FC808AE0F594E794D79442
:109BC000C7948A95D1F791E0C91AD108E108F10844
:109BD00087E09091B100987F892B8093B10098CE57
:109BE00082E0F7CF0F931F93CF93DF938C01EB01AC
:109BF00090911E1120911F11921304C057DC0E94F6
:109C00003898F6CF80911D1134E0839FF001112424
:109C1000E05EFE4E11830083D383C2839F5F9093E7
:109C20001E118F5F281739F080931D11DF91CF919E
:109C30001F910F91089510921D11F8CFFC0180E043
:109C4000309749F09491992331F0907C903809F045
:109C50008F5F3196F7CF0895009751F0FC0180E0B7
:109C60009191992331F0907C9038D1F38F5FF8CFA8
:109C700080E00895AF92BF92CF92DF92EF92FF9271
:109C80000F931F93CF93DF93EC015B018A01FB01DC
:109C9000199587FD16C0C82ED12CF12CE12C2196E8
:109CA000F801C082D182E282F382CE01DF91CF91AE
:109CB0001F910F91FF90EF90DF90CF90BF90AF90EA
:109CC0000895982F907E903CA9F48F7190E0B0E0B9
:109CD000A0E06C017D0156E0CC0CDD1CEE1CFF1CED
:109CE0005A95D1F7CE010196F50119958F73C82ABF
:109CF0002296D6CF982F907F903E11F58F7090E0EE
:109D0000B0E0A0E06C017D0136E0CC0CDD1CEE1C67
:109D1000FF1C3A95D1F7CE010196F50119958F7385
:109D2000C82A46E0CC0CDD1CEE1CFF1C4A95D1F77E
:109D3000CE010296F50119958F73C82A2396B0CFEC
:109D4000982F987F903F79F5877090E0B0E0A0E081
:109D50006C017D0186E0CC0CDD1CEE1CFF1C8A959D
:109D6000D1F7CE010196F50119958F73C82A96E0B7
:109D7000CC0CDD1CEE1CFF1C9A95D1F7CE0102968F
:109D8000F50119958F73C82A26E0CC0CDD1CEE1C5A
:109D9000FF1C2A95D1F7CE010396F50119958F7313
:109DA000C82A24967DCF982F907C903841F4807CEF
:109DB000803869F42196CE01F5011995F8CF8E7F90
:109DC0008D3F28F02196CE01F5011995F8CFC12CD1
:109DD000D12C760165CFCF93DF93EC010E94832FC6
:109DE00020E040E070E060E0CE01DF91CF910C9484
:109DF000E2395F926F927F928F929F92AF92BF9261
:109E0000CF92DF92EF92FF920F931F93CF93DF9346
:109E100061E081E00E940E2FC091E406DC2FF5E0A6
:109E2000AF2EAC0E81E0D82EDC1A9C2E9194A2E0CD
:109E30008A2EBCE2BB2E7724739484E0C82ECC1A01
:109E4000C1117EC18091E306882309F45BC1809132
:109E50006D02882359F081E09091E306911180E032
:109E600024E046EB5CE2692D0E948DE7F12CE12CA9
:109E7000E2E06E2E5C2E5D1AC6112BC0E0928B08BC
:109E800010928F0810928E0810928D0810928C08F4
:109E90008091E3068C1709F48BC180916D028823B1
:109EA000C1F011E08091E306861110E0BE9CF00144
:109EB000BF9CF00D1124E556FF4E808591850E94D0
:109EC00082C400E09C0141EA5CE2652D812F0E9482
:109ED0008F35862D9FEFE91AF90A63E0662E8330ED
:109EE00059F6C430E9F48091E306843009F487C15F
:109EF00080916D028823A1F011E08091E306843007
:109F000009F010E080916707909168070E9482C471
:109F100000E09C014CE95CE26C2D812F0E948F35A2
:109F200080910F0980936D08C53031F510928B0830
:109F300010928F0810928E0810928D0810928C0843
:109F40008091E306853009F475C180916D02882304
:109F500099F0FC2EFD1A11E08091E3068C1310E0BD
:109F600080916D080E94B6C400E09C0141E95CE26A
:109F70006F2D812F0E948F35C63019F58091E30631
:109F8000863009F46CC180916D028823D1F0FC2EDB
:109F9000FD1A11E08091E3068C1310E0E0910D09A9
:109FA000F0E0EE0FFF1FE55EFD4F808191810E9482
:109FB00082C400E09C014BE85CE26F2D812F0E947F
:109FC0008F3537E0632EF12CE12C5C2E5D1AC61123
:109FD00029C0E0928B0810928F0810928E08109280
:109FE0008D0810928C088091E3068C1709F459C1F2
:109FF00080916D028823B1F011E08091E306861113
:10A0000010E0F701EE0FFF1FE55EFD4F80819181AB
:10A010000E9482C400E09C0143E85CE2652D812F30
:10A020000E948F35162D66246394610EEA94EF2802
:10A0300009F033C16C121DC010928B0810928F086A
:10A0400010928E0810928D0810928C08F090E30602
:10A05000FC1609F442C180916D02882351F06C2FE7
:10A060006D1B81E0FC1280E023E047E75CE20E9488
:10A070008DE782E0810F8C131DC070928B081092C7
:10A080008F0810928E0810928D0810928C08F09014
:10A09000E306FC1609F431C180916D02882351F06A
:10A0A0006C2F6D1B81E0FC1280E023E047E75CE24F
:10A0B0000E948DE783E0810F8C131DC080928B0876
:10A0C00010928F0810928E0810928D0810928C08B2
:10A0D000F090E306FC1609F420C180916D028823FC
:10A0E00051F06C2F6D1B81E0FC1280E023E047E70C
:10A0F0005CE20E948DE7CF5FAC12A2CE1C5F109392
:10A10000E1060EC08091E2061092E206882309F46F
:10A110009ECE0E947F3A80918408882309F497CECE
:10A12000DF91CF911F910F91FF90EF90DF90CF9033
:10A13000BF90AF909F908F907F906F905F900895A9
:10A14000C13009F093CE8091E3068130D1F0809147
:10A150006D02882309F48ACE11E08091E3068130F4
:10A1600009F010E08091190290911A020E9482C4B5
:10A1700000E09C014CEA5CE26D2D812F0E948F353E
:10A1800075CE8091E2061092E206882301F310E07A
:10A1900000E027EE33E04AE050E069E172E08CEA4B
:10A1A0009CE20E94DCE980918408882381F2B8CF88
:10A1B0008091E2061092E206882309F46ECE0E9496
:10A1C00012E8F701EE0FFF1FEB53FB4F20813181A7
:10A1D0002F503109BE9CB001BF9C700D11246D55EC
:10A1E0007F4E07EE1BE850E040E081EA9CE20E94CF
:10A1F000DCE980918408882309F44FCE91CF8091C7
:10A20000E2061092E206882309F472CE0E9412E858
:10A2100006E219E22EE630E050E040E067E677E043
:10A220008CE99CE20E94DCE980918408882309F48F
:10A230005FCE76CF8091E2061092E206882309F481
:10A2400084CE0E9412E865EC77E881E99CE20E94E6
:10A2500013EA80918408882309F477CE61CF809136
:10A26000E2061092E206882309F48DCE60910D0972
:10A2700070E0660F771F655E7D4F01E917E827EEF6
:10A2800033E04AE050E08BE89CE20E94DCE98091F8
:10A290008408882309F477CE43CFEE24E394F12C8D
:10A2A00096CE8091E2061092E206882309F4A0CEB1
:10A2B000B701660F771F655E7D4F0DE517E827EE46
:10A2C00033E04AE050E083E89CE20E94DCE98091C0
:10A2D0008408882309F48CCE23CF8091E206109263
:10A2E000E206882309F4B7CE87EC9CE874DD809100
:10A2F0008408882309F4AFCE13CF8091E206109230
:10A30000E206882309F4C8CE84EC9CE864DD8091E1
:10A310008408882309F4C0CE03CF8091E20610920E
:10A32000E206882309F4D9CE81EC9CE854DD8091C3
:10A330008408882309F4D1CEF3CE2F923F924F9216
:10A340005F926F927F928F929F92AF92BF92CF92C5
:10A35000DF92EF92FF920F931F93CF93DF93809141
:10A36000A3109091A41077247394892B39F48091D1
:10A37000CF109091D010892B09F4712C61E081E00D
:10A380000E940E2FC091E406DC2F55E0552E5C0E86
:10A390004C2E419483E0682E6C1A67E4A62E65E982
:10A3A000B62E76E1872E7CE2972EC11114C08091E3
:10A3B000E306882309F400C180916D02882359F0D7
:10A3C00081E09091E306911180E024E043E45CE2B7
:10A3D000642D0E948DE74BE9C42E40E1D42EF12C70
:10A3E000E12C332433942C2E2D1AF601808591858F
:10A3F00090936E0880936D08C31126C0E0928B087D
:10A4000010928F0810928E0810928D0810928C086E
:10A410008091E3068C1709F4F0C080916D028823C7
:10A4200099F011E08091E306831110E080916D08AE
:10A4300090916E080E9482C400E09C0148E35CE2B7
:10A44000622D812F0E948F35832DFFEFEF1AFF0AB7
:10A450009CE2C90ED11C22E0322E823031F6C3308C
:10A46000E9F48091E306833009F4E9C080916D023C
:10A470008823A1F011E08091E306833009F010E019
:10A4800080916707909168070E9482C400E09C0158
:10A4900043E35CE2662D812F0E948F3580910F0986
:10A4A00080936D08C43031F510928B0810928F089C
:10A4B00010928E0810928D0810928C088091E306FD
:10A4C000843009F4D7C080916D02882399F0FC2E66
:10A4D000FD1A11E08091E3068C1310E080916D0865
:10A4E0000E94B6C400E09C0148E25CE26F2D812F1F
:10A4F0000E948F3595E0F92E02E11CE2E12CDC2E62
:10A50000DD1AE0926D08CF111FC0F801859194917A
:10A5100010928B0890938F0880938E0810928D086C
:10A5200010928C08C090E306CC1609F4BBC0809151
:10A530006D02882349F081E0CF1080E023E04EE1F6
:10A540005CE26D2D0E948DE7CF2CF3940E5F1F4FC0
:10A55000E1E0EE12A4C08091670790916807892B13
:10A5600011F4772019F1FC121CC01091E3061C179E
:10A5700009F4A8C080916D02882399F0BF92AF9230
:10A580009F928F928C2F8D1B8F9381E01C1380E004
:10A590008F930E94002F0F900F900F900F900F90AD
:10A5A0000F9082E0F82EFC0C77247394CF5FC511D6
:10A5B000FCCEF092E1060EC08091E2061092E20617
:10A5C000882309F4F9CE0E947F3A80918408882379
:10A5D00009F4F2CEDF91CF911F910F91FF90EF9090
:10A5E000DF90CF90BF90AF909F908F907F906F90B3
:10A5F0005F904F903F902F9008958091E2061092C7
:10A60000E206882309F409CF0E9412E8F701EE0F51
:10A61000FF1FEB53FB4F208131812F5031090FED8C
:10A620001BE850E040E06DE678E088E39CE20E94A1
:10A63000DCE980918408882309F4EFCECBCF8091A8
:10A64000E2061092E206882309F410CF0E9412E875
:10A6500006E219E22EE630E050E040E067E677E0FF
:10A6600083E39CE20E94DCE980918408882309F45A
:10A67000FDCEB0CF8091E2061092E206882309F465
:10A6800022CF0E9412E865EC77E888E29CE20E9403
:10A6900013EA80918408882309F415CF9BCFEE2418
:10A6A000E3942FCF8091E2061092E206882309F40A
:10A6B0003ECF8CE39FE88FDB80918408882309F4E8
:10A6C00036CF88CF8091E2061092E206882309F403
:10A6D00051CF0E94479580918408882309F44ACF7E
:10A6E00079CF6F927F928F929F92AF92BF92CF92CB
:10A6F000DF92EF92FF920F931F93CF93DF9361E06E
:10A7000081E00E940E2FC091E4069C2E85E0C82EA9
:10A71000CC0E90E8A92E9BE2B92ED6E0DC1BEE24ED
:10A72000E39422E0D22E15E01C1B04E00C1B83E016
:10A73000F82EFC1A8D2C8C1A7E2C7C1AC11136C076
:10A740008091E3068823B9F080916D02882361F03F
:10A75000692D619581E09091E306911180E024E0FC
:10A760004AEB5BE20E948DE7CF5FCC11E7CF87E039
:10A770008093E1060CC08091E2061092E2068823E5
:10A7800019F30E947F3A809184088823E9F2DF91CF
:10A79000CF911F910F91FF90EF90DF90CF90BF90DE
:10A7A000AF909F908F907F906F900895C130F9F493
:10A7B0006090E30681E0681661F080916D02882365
:10A7C00099F281E0681280E023E04FEA5BE2672DB6
:10A7D000C9CF8091E2061092E206882371F381EDE1
:10A7E00094EDF9DA80918408882339F3D0CFC23010
:10A7F00009F0B9C09091E306923071F080916D023A
:10A80000882309F4B1CF81E0923009F080E020E2A2
:10A810004AE95BE2682DA6CF8091E2061092E2063B
:10A82000882361F32BEA3BE230936A08209369089E
:10A8300080918408882311F3AACF10928B0810927C
:10A840008F0810928E0810928D0810928C089091AB
:10A85000E306933071F080916D02882309F484CF70
:10A8600081E0933009F080E020E24EE85BE26F2D5A
:10A8700079CF8091E2061092E206882361F325E900
:10A880003BE230936A08209369088091840888230A
:10A8900011F37DCFE0928B0810928F0810928E08F2
:10A8A00010928D0810928C089091E306943071F00C
:10A8B00080916D02882309F457CF81E0943009F02C
:10A8C00080E020E24EE85BE2602F4CCF8091E20610
:10A8D0001092E206882361F329E83BE230936A088C
:10A8E0002093690880918408882311F350CFD09277
:10A8F0008B0810928F0810928E0810928D0810927B
:10A900008C089091E306953071F080916D02882358
:10A9100009F42ACF81E0953009F080E020E24EE88A
:10A920005BE2612F1FCF8091E2061092E20688233E
:10A9300061F324E83BE230936A0820936908809130
:10A940008408882311F323CF8091E2061092E20657
:10A950008823C9F0B0926A08A0926908809184089F
:10A96000882389F014CFC33009F467CFC43009F4C9
:10A9700091CFC53009F4BBCFC63009F0F5CE909128
:10A98000E306963009F380916D02882309F4ECCE3A
:10A9900081E0963009F080E020E241E75BE26D2F34
:10A9A000E1CE8F929F92AF92BF92CF92DF92EF92C1
:10A9B000FF920F931F93CF93DF9361E081E00E949A
:10A9C0000E2FC091E406DC2E85E0A82EAC0ED1E05F
:10A9D00017E01C1B06E00C1B85E0F82EFC1A84E037
:10A9E000E82EEC1A92E0C92E9C2C9C1A8D2E8C1A03
:10A9F000C11134C08091E3068823B9F080916D02C3
:10AA0000882361F06D2D619581E09091E3069111AD
:10AA100080E024E046E65BE20E948DE7CF5FAC1267
:10AA2000E7CF88E08093E1060CC08091E2061092A7
:10AA3000E206882319F30E947F3A809184088823D4
:10AA4000E9F2DF91CF911F910F91FF90EF90DF908E
:10AA5000CF90BF90AF909F908F900895C13049F5EF
:10AA600010928B0810928F0810928E0810928D0809
:10AA700010928C08B090E30681E0B81661F08091E6
:10AA80006D02882359F281E0B81280E023E04EE5A0
:10AA90005BE2682DC1CF8091E2061092E206882326
:10AAA00071F38FE098ED97D980918408882339F36A
:10AAB000C8CFC23009F0E6C0D0938B0810928F083F
:10AAC00010928E0810928D0810928C08B090E306B8
:10AAD00092E0B91671F080916D02882309F49ECF3F
:10AAE00081E092E0B91280E023E04EE55BE2692D5F
:10AAF00093CF8091E2061092E206882361F389E009
:10AB000098ED69D980918408882329F39ACFC0925F
:10AB10008B0810928F0810928E0810928D08109258
:10AB20008C08B090E30683E0B81679F080916D024E
:10AB3000882309F473CF63E06D1981E093E0B912C3
:10AB400080E023E04EE55BE267CF8091E206109261
:10AB5000E206882359F383E098ED3DD9809184087B
:10AB6000882321F36ECF80910D099D2F981B909320
:10AB70008B0810928F0810928E0810928D081092F8
:10AB80008C089091E306943071F080916D028823D7
:10AB900009F444CF81E0943009F080E020E24AE4F7
:10ABA0005BE26E2D39CF2091E2061092E20622235D
:10ABB00061F32BE53BE2811102C028E53BE23093D3
:10ABC0006A0820936908809184088823F1F239CFBC
:10ABD000B090E30685E0B81671F080916D0288238D
:10ABE00009F41CCF81E095E0B91280E023E041E454
:10ABF0005BE26F2D11CF8091E2061092E20688236E
:10AC000061F382ED9CE8E7D880918408882329F3DA
:10AC100018CF10928B0810928F0810928E08109205
:10AC20008D0810928C08B090E30686E0B81671F09B
:10AC300080916D02882309F4F1CE81E096E0B9128B
:10AC400080E023E046E35BE2602FE6CE8091E206FF
:10AC50001092E206882361F38EEF97EDBCD88091C5
:10AC60008408882329F3EDCE8091E2061092E20653
:10AC7000882331F189EF97EDAED88091840888233D
:10AC8000F9F0DFCEC33009F442CFC43009F46BCF02
:10AC9000C53009F49DCFC63009F4BBCFC73009F0E9
:10ACA000BDCED0938B0810928F0810928E08109210
:10ACB0008D0810928C08B090E30687E0B816A1F2D8
:10ACC00080916D02882309F4A9CE81E097E0B91242
:10ACD00080E023E046E35BE2612F9ECE7F928F927D
:10ACE0009F92AF92BF92CF92DF92EF92FF920F931B
:10ACF0001F93CF93DF93F82E842E70937607609383
:10AD0000750761E081E00E940E2FC091E40685E0A6
:10AD1000982E9C0ED1E00DEE1AE285E0E82EEC1A9A
:10AD200084E0D82EDC1A83E0C82ECC1A82E0B82E3C
:10AD3000BC1A7D2E7C1AAC2EA19483E0F81609F47F
:10AD400050C0C1119AC0F0928B0810928F081092D7
:10AD50008E0810928D0810928C08DD23D9F0809116
:10AD6000E3061816BCF04091740850917508609184
:10AD70007608709177084B5F5F4F6F4F7F4F40931E
:10AD800074085093750860937608709377088F5F06
:10AD90008093E30680916D02882341F030E020E04B
:10ADA00043E06EE57BE28A2D0E944B3482E0F8128C
:10ADB0005DC0C530A1F410928B0810938F080093EA
:10ADC0008E0810928D0810928C08D091E306D53031
:10ADD00009F4DDC080916D028111EAC0D0E086E007
:10ADE00046C08091140490911504A0911604B0916E
:10ADF00017048093710790937207A0937307B09321
:10AE00007407C1113AC080928B0810928F0810927B
:10AE10008E0810928D0810928C08DD23D9F0809155
:10AE2000E3061816BCF040917408509175086091C3
:10AE30007608709177084B5F5F4F6F4F7F4F40935D
:10AE400074085093750860937608709377088F5F45
:10AE50008093E30680916D02882341F030E020E08A
:10AE600043E066E37BE28A2D0E944B3485E0CF5FAE
:10AE70009C1263CF8093E10624C0C13081F580919C
:10AE8000E306813091F080916D02882361F081E0CA
:10AE90009091E306913009F080E024E04FEA5BE214
:10AEA000672D0E948DE7D0E081CF8091E20610925D
:10AEB000E206882341F30E947F3A80918408882328
:10AEC00011F3DF91CF911F910F91FF90EF90DF90E1
:10AED000CF90BF90AF909F908F907F900895C23099
:10AEE00009F071C0D091E306D23069F080916D0213
:10AEF0008823C9F281E0D23009F080E023E049E004
:10AF00005BE26B2DCECF8091E2061092E2068823A1
:10AF100069F387E49DE80E94EBCE80918408882342
:10AF200029F3CFCF8091E2061092E206882309F43C
:10AF300052C08FE29DE80E94EBCE80918408882366
:10AF400009F449C0BECFC43009F030CFD091E30638
:10AF5000D43071F080916D02882309F4A4CF81E090
:10AF6000D43009F080E023E043EF5AE26D2D99CF11
:10AF70008091E2061092E206882361F387E19DE862
:10AF80000E94EBCE80918408882321F39ACF809190
:10AF9000E2061092E206882309F41CCF8FEF9CE8AA
:10AFA0000E94EBCE80918408882309F413CF89CFC7
:10AFB00081E0D53009F080E023E043EE5AE26E2DC7
:10AFC0000E948DE70BCFC33009F0BDCFD091E306CF
:10AFD000D33009F4A7CF80916D02882309F463CFA1
:10AFE00081E0D33009F080E023E04FEF5AE26C2D8E
:10AFF00058CF41E064EE76EC83E070CE40E066EE40
:10B0000076EC83E06BCE40910D0960E57AEC82E04E
:10B0100065CE40910D0962E57AEC81E05FCE40910A
:10B020000D0964E57AEC80E059CE40910D0968EE97
:10B0300076EC83E053CE2F923F924F925F926F92C5
:10B040007F928F929F92AF92BF92CF92DF92EF92B8
:10B05000FF920F931F93CF93DF9300D000D0CDB713
:10B06000DEB70E94EC38382E80918E1284FB2227A6
:10B0700020F92A83412C84FF03C00E946855482E82
:10B0800061E081E00E940E2F7090E406572C85E06D
:10B09000870D8B835FE3E52E5AE2F52E81E0871959
:10B0A000898383E087198C8382E087198D8308E385
:10B0B00015E56EE6C62E6AE2D62E972D91959E83F3
:10B0C00071EDA72E79E2B72EE5E08E2EEAE29E2EF4
:10B0D00071103EC08091E3068823A9F080916D0233
:10B0E000882359F081E09091E306911180E024E0FB
:10B0F00040E85AE26E810E948DE7332009F4AAC02D
:10B1000024E0622EC1C08091E2061092E2068823FC
:10B1100029F30E947F3A809184088823F9F22696C9
:10B120000FB6F894DEBF0FBECDBFDF91CF911F9158
:10B130000F91FF90EF90DF90CF90BF90AF909F90D6
:10B140008F907F906F905F904F903F902F900895D9
:10B15000332009F47FC021E0721230C08091E306F1
:10B160008130E1F080916D028823A9F01F930F9345
:10B17000DF92CF9289818F9381E09091E3069130A5
:10B1800009F080E08F930E94002F0F900F900F9096
:10B190000F900F900F9094E0692E8BC08091E20683
:10B1A0001092E2068823F1F20115110511F00E94B8
:10B1B0003855809184088823A9F2B1CF92E07912A2
:10B1C00024C06090E306691689F080916D0288239F
:10B1D00051F081E022E0621280E023E04BE55AE288
:10B1E0006D810E948DE784E0682E7AC08091E2062E
:10B1F0001092E206882349F381E191E90E94EBCEA7
:10B2000080918408882309F38ACF83E0781278CF6D
:10B210006090E306681679F080916D02882319F337
:10B2200081E093E0691280E023E043E55AE26C811B
:10B230000E948DE7B0CF8091E2061092E20688234B
:10B2400059F389EF9EEC0E94EBCE8091840888230D
:10B2500019F365CF8091F60F823029F00E942E5BA2
:10B26000882309F4BCC021E032E0632E7212B9C019
:10B270008091E306813009F487C080916D028111CD
:10B2800096C042E0642E6394671013C02090E306DA
:10B29000261409F4CBC080916D02882351F0672DEC
:10B2A000651981E0271080E023E048E25AE20E941D
:10B2B0008DE781E0860D871113C02090E3062714E7
:10B2C00009F4C5C080916D02882351F0672D65197E
:10B2D00081E0271080E023E049E15AE20E948DE7F7
:10B2E00082E0860D871113C02090E306271409F42D
:10B2F000BFC080916D02882351F0672D651981E0F0
:10B30000271080E023E049E05AE20E948DE783E0C5
:10B31000860D9A81992309F4DEC041102EC0871151
:10B3200013C09091E306971509F4B3C080916D02A4
:10B33000882351F0672D651981E0971180E020E2A4
:10B3400047EF59E20E948DE784E0860D871113C014
:10B350002090E306271409F4ADC080916D02882384
:10B3600051F0672D651981E0271080E023E043EE5E
:10B3700059E20E948DE785E0860D73942B81271199
:10B38000A7CE8093E106CBCE8091E2061092E20632
:10B39000882309F472CF89E39BE5892B11F00E9481
:10B3A000395B80918408882309F467CFB8CE89E39C
:10B3B0009BE59F938F93FF92EF9289818F9381E01A
:10B3C0009091E306913009F080E08F930E94002F66
:10B3D0000F900F900F900F900F900F9052CF662408
:10B3E0006394671050CF2090E306261481F080917B
:10B3F0006D02882309F447CF672D651981E0271076
:10B4000080E023E044E35AE20E948DE73CCF809144
:10B41000E2061092E206882351F381E793ED0E9441
:10B42000EBCE80918408882311F379CE8091E206D7
:10B430001092E206882309F42ECF8DE991ED0E9447
:10B44000EBCE80918408882309F425CF68CE8091C3
:10B45000E2061092E206882309F434CF8BEF9CE3D6
:10B460000E94EBCE80918408882309F42BCF57CE1D
:10B470008091E2061092E206882309F43ACF85E92A
:10B480009AED0E94EBCE80918408882309F431CF95
:10B4900046CE8091E2061092E206882309F446CF58
:10B4A00090926A088092690880918408882309F440
:10B4B0003DCF35CE8091E2061092E206882309F452
:10B4C0004CCF8CEA9FED0E94EBCE809184088823BC
:10B4D00009F443CF24CE87111BC09091E306971542
:10B4E000C9F080916D02882399F01F921F92BF923C
:10B4F000AF92872D85198F9381E0971180E08F930C
:10B500000E94002F0F900F900F900F900F900F90B0
:10B5100084E032CF8091E2061092E206882309F39C
:10B52000809184088823E9F2FACDCF92DF92EF92DE
:10B53000FF920F931F93CF93DF9361E081E00E940E
:10B540000E2FC091E40685E0D82EDC0ED4E0DC1B83
:10B5500013E01C1B02E00C1B81E0F82EFC1ACC2E21
:10B56000C194C1112FC08091E3068823B1F080916E
:10B570006D02882359F081E09091E306911180E0FB
:10B5800024E042EB59E26C2D0E948DE7CF5FCD1194
:10B59000E8CF85E08093E1060CC08091E20610922E
:10B5A000E206882321F30E947F3A80918408882351
:10B5B000F1F2DF91CF911F910F91FF90EF90DF900B
:10B5C000CF900895C13001F5E090E30681E0E816E0
:10B5D00061F080916D028823C9F281E0E81280E079
:10B5E00023E042EA59E26F2DCFCF8091E20610921C
:10B5F000E206882371F388E391E90E94EBCE809103
:10B600008408882331F3D5CFC23009F053C0E090CD
:10B61000E30692E0E91671F080916D02882309F447
:10B62000B5CF81E092E0E91280E023E040E959E201
:10B63000602FAACF8091E2061092E206882361F380
:10B6400087EC91E90E94EBCE80918408882321F356
:10B65000B0CFE090E30683E0E81671F080916D02D0
:10B66000882309F493CF81E093E0E91280E023E09E
:10B6700044E859E2612F88CF8091E2061092E206F9
:10B68000882361F38EE99AE30E94EBCE80918408CF
:10B69000882321F38ECF8091E2061092E206882360
:10B6A00099F08DE89BE30E94EBCE8091840888237B
:10B6B00059F07FCFC33069F2C43009F067CFE09012
:10B6C000E30684E0E81639F380916D02882309F4DB
:10B6D0005DCF81E094E0E91280E023E041E759E2A8
:10B6E0006D2F52CF2F923F924F925F926F927F9227
:10B6F0008F929F92AF92BF92CF92DF92EF92FF9282
:10B700000F931F93CF93DF93CDB7DEB7C958D109FD
:10B710000FB6F894DEBF0FBECDBF2DB73EB7C857EA
:10B72000DF4F39832883C858D04001E02FEC37E041
:10B7300044E050E0BE0167587F4F8CEC97E00E94D8
:10B74000E06A43E050E0BE0167587F4F81ED94E02E
:10B750000F943E1E892B09F44BC0ED968FADED97EB
:10B76000882339F08FE3EA968FAFEA97EB961FAE06
:10B77000EB970E94BE5EBE0167587F4F8EE79FE247
:10B780000E945E5D80E79FE20E945E5B11E0809117
:10B79000CE07811107C08091FD09833018F080E049
:10B7A0000E94EC9C812FC857DF4F28813981C858EF
:10B7B000D0400FB6F8943EBF0FBE2DBFC757DF4F26
:10B7C0000FB6F894DEBF0FBECDBFDF91CF911F91B2
:10B7D0000F91FF90EF90DF90CF90BF90AF909F9030
:10B7E0008F907F906F905F904F903F902F90089533
:10B7F000CE018F579F4F0E94588CE9961CAE1DAE0C
:10B800001EAE1FAEE9971092D0071092CF07CE015F
:10B8100081589F4F0E94588CC158DF4F8881998171
:10B82000CF57D0408939924009F037C1CE018B57AC
:10B830009F4F0E944B8CADB6BEB6CB57DF4FC88032
:10B84000C558D040D12C83E0C80ED11CCC0CDD1CD7
:10B85000CC0CDD1CEDB7FEB7EC19FD090FB6F89462
:10B86000FEBF0FBEEDBF2DB73EB72F5F3F4FCA578C
:10B87000DF4F39832883C658D0408DB79EB78C19C7
:10B880009D090FB6F8949EBF0FBE8DBFEDB7FEB7F2
:10B8900031964F012DB73EB72C193D090FB6F894DC
:10B8A0003EBF0FBE2DBF8DB79EB701967C01B6017E
:10B8B000CA57DF4F88819981C658D0400E94658C55
:10B8C0000091CE0781E008272FEC37E044E050E0FC
:10B8D00063EA78E08CEC97E00E94E06AB601C4016C
:10B8E0000E94658CB601C7010E94658C0091CE074D
:10B8F000011157C0CB57DF4F8881C558D04090E029
:10B900000296A3E9B8E050E040E030E020E06CE6C9
:10B910007FE2ECE5CE2EEFE2DE2E821793070CF4E9
:10B92000D9C0CA57DF4FE881F981C658D040E40F2B
:10B93000F51F40805180628073804D925D926D92C0
:10B940007D92821793070CF4CBC0F401E40FF51F2E
:10B95000208031801281E3812101612E7E2E50965C
:10B960004D925D926D927C925397821793070CF4DF
:10B97000C0C0F701E40FF51F208031801281E38100
:10B980002101612E7E2E90964D925D926D927C9259
:10B9900093972F5F3F4F4C5F5F4F2430310509F085
:10B9A000BCCF87EC98E00E94EB8B8BEC98E00E9478
:10B9B000EB8B8FEC98E00E94EB8B83ED98E00E947C
:10B9C000EB8B87ED98E00E94EB8B81E008272FEC52
:10B9D00037E040E150E060E377E08CEC97E00E94D4
:10B9E000E06ACE018B589F4F0E94EB8B0FB6F89404
:10B9F000BEBE0FBEADBE8DE598E00E943B8C87EECB
:10BA000098E00E943B8CCE0183599F4F0E94FB8B94
:10BA1000FE0131967F01CF010E94EB8BCE018B5846
:10BA20009F4F0E94EB8BCE018B589F4F0E94EB8B58
:10BA3000CE0183599F4F0E944B8CCE0183589F4F5C
:10BA40000E944B8CC7010E94588CAE960FADAE97EA
:10BA5000EE964FADEE9783EC202F2827F0E12F9F35
:10BA600090011124842790E0982F88279295907F49
:10BA70008227932729813A818217930709F021C2EF
:10BA8000049F800111240150110908F43CC0CE012B
:10BA90008B589F4F0E94EB8BF6CF0E946C5E86EA1C
:10BAA0009EE20E945E5B0E94BE5E6091CC07709138
:10BAB000CD07645671098BE09FE20E947C6969E9B9
:10BAC00072E083E09FE20E9470698AE00E945C5B02
:10BAD00012E05DCEFB0145905590659074902DCF9E
:10BAE000F60145905590659074901201162DE72D42
:10BAF00033CFECE4FFE245905590659074901201CD
:10BB0000162DE72D3DCFC7010E943B8C1AE0115046
:10BB1000CE0129F08B589F4F0E94EB8BF8CF8D57A9
:10BB20009F4F0E944B8CCE018C579F4F0E944B8C95
:10BB3000CE0183589F4F0E94588CCD57DF4F88818C
:10BB4000C358D04033EC8327E0E18E9FC00111241D
:10BB5000CC57DF4F2881C458D040232730E0322F04
:10BB600022273295307F82279327EF962EAD3FAD67
:10BB7000EF978217930709F0A4C1C7010E942B8C8D
:10BB8000CE0183599F4F0E942B8CCD57DF4F0881E8
:10BB9000C358D040CC57DF4F8881C458D040089F4D
:10BBA000800111240150110930F0CE018B589F4FB4
:10BBB0000E94EB8BF7CFC7010E941B8CCE018359EB
:10BBC0009F4F0E94FB8BC7010E941B8C0091CE07E8
:10BBD00081E008272FEC37E04CE050E064E277E0AA
:10BBE0008CEC97E00E94E06A8BE9C82E80E1D82EA9
:10BBF00012E0772473940091CE0707252FEC37E0ED
:10BC000044E150E0B7018CEC97E00E94E06A0091BB
:10BC1000CE07011131C089809A80AB80BC80A5011C
:10BC20009401C501B4010F94F81C811125C0298429
:10BC30003A844B845C846D817E818F819885F60186
:10BC400080A291A2A2A2B3A221E732EB47E25EE377
:10BC50000F94E515F60164A375A386A397A321E7C6
:10BC600032EB47E25EE3C201B1010F94DC1AF60148
:10BC700060A771A782A793A7FCE2CF0ED11C113059
:10BC800009F003C101272FEC37E042E050E0B70193
:10BC90008CEC97E00E94E06AC7010E940B8CC70100
:10BCA0000E940B8CC7010E94FB8BC7010E94FB8B7B
:10BCB000C7010E94FB8B85E0F70111928A95E9F795
:10BCC0000091CE0701272FEC37E045E050E0B701A7
:10BCD0008CEC97E00E94E06AC7010E941B8C0091E7
:10BCE000CE0701272FEC37E040E250E0B7018CECA3
:10BCF00097E00E94E06ACE0183599F4F0E941B8CFF
:10BD00000091CE0701272FEC37E041E150E0B70169
:10BD10008CEC97E00E94E06A0091CE0701110CC004
:10BD200089818093230788E0FE013296ABE1B7E07A
:10BD300001900D928A95E1F711E001272FEC37E091
:10BD400044E150E0B7018CEC97E00E94E06A00917A
:10BD5000CE0701272FEC37E048E250E0B7018CEC2A
:10BD600097E00E94E06A0091CE0701272FEC37E0B0
:10BD700040E150E0B7018CEC97E00E94E06A00914E
:10BD8000CE0701272FEC37E042E050E0B7018CEC02
:10BD900097E00E94E06AC7010E94EB8B0091CE07FA
:10BDA00001272FEC37E040E150E0B7018CEC97E041
:10BDB0000E94E06A0091CE0701272FEC37E04CE6A5
:10BDC00050E0B7018CEC97E00E94E06A0091CE074A
:10BDD00001272FEC37E040E150E0B7018CEC97E011
:10BDE0000E94E06A0091CE0701272FEC37E044E083
:10BDF00050E06BE677E08CEC97E00E94E06AC701C8
:10BE00000E943B8CCE0183589F4F0E94FB8BCE013A
:10BE100083599F4F0E94EB8B8091CC079091CD0767
:10BE20008D3F924009F039CE2091CF073091D00755
:10BE3000CF57DF4F88819981C158D04028173907E3
:10BE400031F58091CE07811118C00E94BE5E81ED50
:10BE500094E00E94D03669E972E083E29FE20E949A
:10BE600070696091CF077091D00786E19FE20E94D0
:10BE7000706983E19FE20E945E5B8091CE07811131
:10BE800002C00E94E7C010E082CC11E0B4CE0E9454
:10BE90006C5ECF57DF4F68817981C158D04083ED08
:10BEA0009EE20E9470696091CF077091D0078EEC7E
:10BEB0009EE20E9470698EEB9EE20E945E5B13E040
:10BEC00066CC0E946C5E83EF9EE20E945E5B14E093
:10BED0005ECC84E690E09093CD078093CC071092DF
:10BEE000D0071092CF07FECBCF9381E08093CE078F
:10BEF000F0DFC82F1092CE078823D1F0EFEFE80FC4
:10BF000090E080E0E43038F4F0E0EE0FFF1FE753FC
:10BF1000FB4F8081918160E00E94D02FC0936D081B
:10BF200020E040E070E060E083EA91E50E94E239C1
:10BF300081E0C11180E0CF910895CF93D5DFC82F64
:10BF4000882339F0C6DFC1E08111C0E08C2FCF918A
:10BF500008950E94C0C1FACF2F923F924F925F92F4
:10BF60006F927F928F929F92AF92BF92CF92DF9209
:10BF7000EF92FF920F931F93CF93DF93CDB7DEB76E
:10BF8000EC970FB6F894DEBF0FBECDBF8091DC06F4
:10BF9000882351F080918E1284FF4AC00E94B8FC21
:10BFA0009093700780936F0761E081E00E940E2FED
:10BFB0001091E406312E85E0810F8CAF212E219463
:10BFC00088EF882E87E8982E9EEC692E9AE2792ECB
:10BFD00081E0482E411A111112C08091E306882396
:10BFE00051F180916D02882351F081E09091E30638
:10BFF000911180E024E043ED5AE2622D8ED78091CA
:10C000008E1286FD5FC084FF5DC0113009F058C0FC
:10C010000091E3060130A1F180916D0281113EC0D3
:10C0200082E01F5F9CAD9113D6CF8093E1060FC0D5
:10C0300090E080E0B5CF8091E2061092E20688237E
:10C0400081F20E947F3A80918408882351F2EC9615
:10C050000FB6F894DEBF0FBECDBFDF91CF911F9119
:10C060000F91FF90EF90DF90CF90BF90AF909F9097
:10C070008F907F906F905F904F903F902F9008959A
:10C080008091E2061092E206882331F20E94F8873E
:10C0900080918408882309F4BFCFD9CF9F928F92D3
:10C0A0007F926F924F9281E0013009F080E08F9390
:10C0B0000E94002F0F900F900F900F900F900F90F5
:10C0C00082E001C081E090916D02992309F4A9CF2B
:10C0D000082FD12CC12C512E5318802F20916F077F
:10C0E00030917007C216D3060CF09BCF0113BCC071
:10C0F00080918E1284FF99C00E94B8FC01977C0148
:10C10000EC18FD0884E490E10E9456938BE1E4E48E
:10C11000F0E1DE01919601900D928A95E1F7B12C44
:10C12000A12CBE016F5F7F4FCE0181960E943DF52D
:10C1300018168CF4CE0101960E9474F0882389F3BE
:10C14000EA14FB0409F074C0BE016F5F7F4F8EECF0
:10C150009FE00E9491F0CE0181960E945B938091B6
:10C160008E12F090E30685FF84C0F1126EC08091BC
:10C17000E2061092E206882309F467C019821C8245
:10C18000809147106FE570E1882311F064E470E15D
:10C1900021E04EEC5FE0CE0101960E94BBF88823BF
:10C1A00009F44AC08BE1FE013196A4E4B0E10190AC
:10C1B0000D928A95E1F780918E128F7B80938E127B
:10C1C000A0918412AA3080F481E08A0F80938412B7
:10C1D0008BE18A9FD0011124AA58BE4EE4E4F0E11D
:10C1E00001900D928A95E1F78FEF9FEF90933902BE
:10C1F00080933802CE0101960E945B931092E40670
:10C200008AE090E0A0E0B0E0809374089093750815
:10C21000A0937608B093770881E080938408109209
:10C22000DB0683E080936D0212CF90E080E066CF62
:10C230009FEFA91AB90A75CF0E94BE5E6EEC7FE02F
:10C2400088EB9AE20E9492F8D5CF80916D02882304
:10C2500059F0EE24E394F112E12C6E2D852D0E940D
:10C260009E3041E0811116C08FEFC81AD80A0F5FC7
:10C2700034CFF11699F080916D028823A9F3EE2452
:10C28000E394F112E12C6E2D852D0E949E308823BF
:10C2900059F340E0652D8E2D00D6E6CF8091E20661
:10C2A0001092E206882339F38AEE90E90E94EBCEE1
:10C2B000809184088823F9F2CACE80917F028F5F33
:10C2C000843040F480937F0280917D028F5F809361
:10C2D0007D02089510927F02F7CFFC0180810895BE
:10C2E0003FB7F8948091D7129091D812A091D912AB
:10C2F000B091DA1226B5A89B05C02F3F19F0019620
:10C30000A11DB11D3FBFBA2FA92F982F8827BC01AF
:10C31000CD01620F711D811D911D42E0660F771FD7
:10C32000881F991F4A95D1F70895AF92BF92CF9277
:10C33000DF92EF92FF920F931F93CF93DF936C01E5
:10C340007B018B01040F151FEB015E01AE18BF08C6
:10C35000C017D10759F06991D601ED91FC91019078
:10C36000F081E02DC6011995892B79F7C501DF9180
:10C37000CF911F910F91FF90EF90DF90CF90BF90E2
:10C38000AF900895089580E00895FC01849188237A
:10C3900021F0823011F083E0089586E00895EF9255
:10C3A000FF920F931F93CF93DF93EC01162FEC8036
:10C3B000FD80F7010491C701E8DFA82F013049F1A2
:10C3C0000FEF2C813D81F9013A96449131965491B9
:10C3D00033976491319684911136E8F070E0762FAE
:10C3E0006627860F972F911D0097A9F08E0D9F1D30
:10C3F00041E6511730F5188A1B8A1C8A198A1A8A55
:10C4000090E080E0DF91CF911F910F91FF90EF902E
:10C4100008950FE0D6CFF901369664913196849154
:10C42000113460F070E0762F6627860F972F911DEC
:10C43000009721F08E0D9F1D41E4DBCFC70141968F
:10C44000D8CF5417C0F2B0E0FC0164916F3F29F4DB
:10C450000196451781F24F5FF7CF411333C0F901C1
:10C460002491AC014F5F5F4FFC01222311F0223079
:10C4700091F424912B8BFA0144914C8BFC0133965F
:10C48000E491E88BFC013496E491E98BFC0135964C
:10C49000E491EA8BB7CF2491322F3F7032503A8B20
:10C4A00022952F70298BFA014491242F2F702C8B09
:10C4B00042954F704B8BFC013296E491E295EF7000
:10C4C000E88BA0CF3296649160236A0F7B2F711D99
:10C4D000860F971FBECF81E008950F93FC01015096
:10C4E000040F84A996A9941788F0081710F404176C
:10C4F00078F42150260F83A995A9961758F028178C
:10C5000060F481E0261720F40F910895081778F75A
:10C5100080E0FACF2817A8F7FBCF81E0F5CF8BE1B9
:10C52000EFE5F0E1A4E4B0E101900D928A95E1F726
:10C5300080918E12806480938E12109284128FEFFD
:10C540009FEF90933902809338020895FC01DB013C
:10C550008C9120813181382798E0A901220F331F67
:10C5600057FD05C09150C9F7318320830895B1E28A
:10C570002B27B0E13B27F6CF9091711190FF06C0B9
:10C580009091C00095FFFCCF8093C60090917111EF
:10C5900091FF06C09091300195FFFCCF809336014A
:10C5A00008952F923F924F925F926F927F928F9257
:10C5B0009F92AF92BF92CF92DF92EF92FF920F9332
:10C5C0001F93CF93DF93CDB7DEB766970FB6F8947E
:10C5D000DEBF0FBECDBF4C017B011A013E8B2D8B00
:10C5E000198A1A8AFB0180819181A281B3818F3FD0
:10C5F0009105A105B10521F118F11D861E861F8642
:10C60000188AAC01BD0137E0769567955795479537
:10C610003A95D1F75A87498780688B878C87009134
:10C6200027101091281080912510909126109C8B36
:10C630008B8BAA24A394B12C0115110509F050C0CD
:10C64000F7018081898BB401AE014F5E5F4FC1015C
:10C65000ED89FE89199566960FB6F894DEBF0FBE78
:10C66000CDBFDF91CF911F910F91FF90EF90DF90A1
:10C67000CF90BF90AF909F908F907F906F905F9082
:10C680004F903F902F9008958217930720F19C813F
:10C690008B85981708F445C09B818C858917D8F045
:10C6A0006091251070912610640D751D48E050E0D2
:10C6B000CE0109960F94A9146F85788961157105CB
:10C6C00009F4BECF8616970609F4BECFF701808124
:10C6D0008068898BB9CF86010A151B0508F4B0CF95
:10C6E0003501600E711E76946794630191E0C91A5A
:10C6F000D108260193E0440C551C9A95E1F76B890B
:10C700007C89640D751D48E050E0CE0101960F94C0
:10C71000A91429813A8189859A852817390708F053
:10C72000B3CF5301EFEFAE1ABE0AD6CF8F929F92CE
:10C73000AF92BF92CF92DF92EF92FF920F931F932F
:10C74000CF93DF9300D01F92CDB7DEB76C017B0192
:10C750004A015901AE014F5F5F4FB401C7010E940A
:10C760003ACE7C0189819A81AB81BC81892B8A2B4D
:10C770008B2B41F09801A501BE016F5F7F4FC60171
:10C7800010DFE8CF0F900F900F900F90DF91CF91B7
:10C790001F910F91FF90EF90DF90CF90BF90AF90DF
:10C7A0009F908F900895CF93DF93209124102111B3
:10C7B0001EC0FC0101900020E9F73197EF01C81B72
:10C7C000D90BCB32D1052CF02291207C2038E1F31B
:10C7D000F5CFBC01DD27AE0189EF9FE00F944C1E21
:10C7E000C750D04F18821092F80F1092F70FDF91B8
:10C7F000CF910895CF93C091F60FC230E1F00E941F
:10C800002E5B811118C080918E1282FF0DC087FDB2
:10C810000BC08091DB0F811104C08EEC9FE0CF91A3
:10C82000C2CF8BED9FE0FBCF8DE194E4C13029F4C2
:10C8300083E394E402C082E494E46FEFCF910C941C
:10C84000D02F8F929F92AF92BF92EF92FF921F9341
:10C85000CF93DF93CDB7DEB7A0970FB6F894DEBFC6
:10C860000FBECDBF611571058105910589F120E0ED
:10C870004AE0842E912CA12CB12C11E0120FEE2451
:10C88000E394F12CEC0EFD1EE20EF11C27FDFA9450
:10C89000A50194010F945A19F7016083B901CA01E7
:10C8A000212F611571058105910539F7115008F1A6
:10C8B000E1E0F0E0EC0FFD1FE10FF11D17FDFA952F
:10C8C000908187E39A3008F480E3890F55DEEECF3C
:10C8D00080E3A0960FB6F894DEBF0FBECDBFDF9108
:10C8E000CF911F91FF90EF90BF90AF909F908F904E
:10C8F00043CEA0960FB6F894DEBF0FBECDBFDF913A
:10C90000CF911F91FF90EF90BF90AF909F908F902D
:10C910000895CF92DF92EF92FF926B017C01F7FEB8
:10C920000AC0F094E094D094C094C11CD11CE11CC6
:10C93000F11C8DE221DEC701B601FF90EF90DF9080
:10C94000CF907FCF8F929F92AF92BF92CF92DF9284
:10C95000EF92FF92CF936B017C01B42E20E030E088
:10C96000A9010F94801587FF06C08DE205DEF7FA56
:10C97000F094F7F8F094C0E060E070E080E09FE3AE
:10C98000CB1541F02DEC3CEC4CEC5DE30F94E51540
:10C99000CF5FF6CFA70196010F94001A6B017C01BF
:10C9A0000F94491B4B015C014CDFCC2361F1C501A5
:10C9B000B4010F9484159B01AC01C701B6010F941B
:10C9C000FF196B017C018EE2D7DDC150E0F020E061
:10C9D00030E040E251E4C701B6010F94E5156B0168
:10C9E0007C010F94491B4B015C012BDFC501B40195
:10C9F0000F9484159B01AC01C701B6010F94FF1978
:10CA00006B017C01E2CFCF91FF90EF90DF90CF9050
:10CA1000BF90AF909F908F9008954F925F926F92CA
:10CA20007F928F929F92AF92BF92CF92DF92EF92BE
:10CA3000FF920F931F93CF93DF93C8E0D4E04C8411
:10CA40005D846E847F8402EC1FE0F80124813581CF
:10CA5000468157816C817D818E819F810F94001A60
:10CA60004B015C01F801208531854285538568853D
:10CA700079858A859B850F94001A6B017C01F801EA
:10CA80002081318142815381688179818A819B81B2
:10CA90000F94001AAB01BC018AE194E40E94A761E3
:10CAA000B501A40186E194E40E94A761B701A60143
:10CAB00082E194E40E94A761B301A2018EE094E4B4
:10CAC000DF91CF911F910F91FF90EF90DF90CF906A
:10CAD000BF90AF909F908F907F906F905F904F909E
:10CAE0000C94A76190E0FC01E853FC4B24918E5715
:10CAF0009C4BFC018491882399F090E0880F991F4A
:10CB0000FC01E859FC4BA591B491FC01E25BFC4BA4
:10CB1000859194918FB7F894EC91E22BEC938FBFB1
:10CB200008958091711180FF04C09091400F9093FF
:10CB3000410F81FF04C08091BE0E8093BF0E089507
:10CB4000CF92DF92EF92FF92CF93811130C0C62F28
:10CB5000C090E708D090E808E090E908F090EA0873
:10CB600020E030E843EB53E4C701B6010F94261CE4
:10CB700018163CF0C12C90E8D92E93EBE92E93E4E3
:10CB8000F92ECC23D1F080E090E0A8ECB1E48093C2
:10CB9000540290935502A0935602B0935702C0924C
:10CBA0006002D0926102E0926202F0926302CF9141
:10CBB000FF90EF90DF90CF900895809151028230E6
:10CBC00054F180E090E0A0E4B2EC809354029093A2
:10CBD0005502A0935602B093570220914D02309116
:10CBE0004E0240914F0250915002C701B6010F947E
:10CBF000FF196B017C0120E030E843E953E40F9416
:10CC0000261C181664F6C12C80E8D82E83E9E82E7D
:10CC100083E4F82EC4CF80E090E0A0E4B2EC8093EF
:10CC2000540290935502A0935602B093570280E0AD
:10CC300090E8A3E9B3E48093600290936102A0932B
:10CC40006202B0936302B3CFCF93C82F41E00E943A
:10CC500089618C2FCF910C94A361CF93DF9369E10D
:10CC600071E4F2DFC3E9D8E04C895D896E897F8980
:10CC700081E191E40E94A761488D598D6A8D7B8D79
:10CC80008EE091E40E94A7614C8D5D8D6E8D7F8D4D
:10CC90008BE091E40E94A76148A159A16AA17BA100
:10CCA00088E091E40E94A7618AE0DF91CF910C9423
:10CCB0005C5BCF93E0917E024E2F50E092E6E99FBD
:10CCC000F0011124EF51FD4F20812830E0F4C09194
:10CCD000711181E001C0880F2A95EAF780937111E4
:10CCE000949FF001959FF00D1124E052FD4F80813B
:10CCF000811107C085E091E40E945E5B8AE00E949A
:10CD00005C5BC0937111CF9108954F925F926F92C7
:10CD10007F928F929F92AF92BF92FF920F931F9339
:10CD2000CF93DF93CDB7DEB7A0970FB6F894DEBFF1
:10CD30000FBECDBFF82E4A015B012801390120E06A
:10CD400030E0A901C301B8010F948015811111C011
:10CD5000FF2019F081E0F8121BC060E070EA8CE857
:10CD600095E420E030E040E752E40F94DC1A2B0118
:10CD70003C014D8E5E8E6F8E78A20F2D10E0F1106B
:10CD80000CC080910D09E1E081110BC0EFEF09C0EB
:10CD900060E070E086E194E4E4CFF801E852FF4BF4
:10CDA000E491772473941E160CF4712CFF24F394F1
:10CDB00020E030E0A901C501B4010F94261C18162B
:10CDC0000CF0F12C80E00E9451B869837A838B8348
:10CDD0009C8381E00E9451B86D837E838F83988706
:10CDE00082E00E9451B869877A878B879C8783E0AD
:10CDF0000E9451B86D877E878F87988B000F111F17
:10CE0000000F111FE1E0F0E0EC0FFD1F0E0F1F1FE0
:10CE1000F8011082118212821382CE0101960E94C3
:10CE200059B7F80180829182A282B382198A1A8A44
:10CE30001B8A1C8A1D8A1E8A1F8A188E198E1A8EBA
:10CE40001B8E1C8E8091900890919108892B61F423
:10CE50009E012F5E3F4F40910D09BE01635E7F4FE3
:10CE6000CE0101960E94AAA30E943BA17F100E94BE
:10CE700035C3A0960FB6F894DEBF0FBECDBFDF91CD
:10CE8000CF911F910F91FF90BF90AF909F908F9087
:10CE90007F906F905F904F9008950F931F93CF9363
:10CEA000DF9300D01F92CDB7DEB705E1041B44230A
:10CEB00061F082E090E0A0E0B0E089839A83AB83E8
:10CEC000BC83CE0101960E946731E02FF0E086E03E
:10CED000089F800111248091DB0F81110FC08EEC1F
:10CEE0009FE0B8010E94F832081B190B07301105AA
:10CEF00058F086ED90E40E94BC32F6CFE552F04F38
:10CF000010828BED9FE0EDCF0F900F900F900F9060
:10CF1000DF91CF911F910F910895EF92FF920F93A0
:10CF20001F93CF93DF9300D01F92CDB7DEB7982F1A
:10CF3000862F7A01122F692F0E949E308823A9F133
:10CF400020918E0830918F0840918C0850918D0867
:10CF500004E160918B08C7010E94563396E0899FD7
:10CF60007001112487E0E816F10438F084ED90E4B4
:10CF70000E94BC32E81AF90AF5CF812F110F990BE4
:10CF8000AA0BBB0B89839A83AB83BC8380918A08ED
:10CF90009AE790936D1180936E11CE0101960E94D5
:10CFA000673182ED90E40E94C5320F900F900F9090
:10CFB0000F90DF91CF911F910F91FF90EF90089507
:10CFC000EF92FF920F931F93CF93DF93FB01D081DA
:10CFD000DD2331F17B018C016D2FE1D9F801C1898D
:10CFE000C195FFEFEF1AFF0AF70181917F01F80168
:10CFF000882339F09089C90FD82F682FC801CFD95D
:10D00000F3CFD03259F083899189890F8C0FDF914A
:10D01000CF911F910F91FF90EF9008958089F6CFE7
:10D0200080E0F5CF81E08093890810928508109206
:10D030008608109287081092880808952F923F92D0
:10D040004F925F926F927F928F929F92AF92BF9218
:10D05000CF92DF92EF92FF920F931F93CF93DF93C4
:10D0600000D000D0CDB7DEB71C017A8369832B8353
:10D070003C834D835E832701380181E080938408DF
:10D080000E94832F83E080936D0230928308209268
:10D09000820889819A8190938108809380088B818E
:10D0A0009C81AD81BE8180937C0890937D08A09384
:10D0B0007E08B0937F084092780850927908609279
:10D0C0007A0870927B08A0927408B0927508C0929A
:10D0D0007608D092770890923111809230118C8D21
:10D0E0009D8D909373088093720810927108269614
:10D0F0000FB6F894DEBF0FBECDBFDF91CF911F9169
:10D100000F91FF90EF90DF90CF90BF90AF909F90E6
:10D110008F907F906F905F904F903F902F900895E9
:10D120002F923F924F925F926F927F928F929F9237
:10D13000AF92BF92CF92DF92EF92FF920F931F9325
:10D14000CF93DF9300D000D0CDB7DEB71C017E8334
:10D150006D83E982FA820B831C83CA01B9010F94A3
:10D16000441B2B013C01ED81FE8160817181828134
:10D1700093810F94441B5B016C01A418B508C60889
:10D18000D708C801B7010F94441B7B018C01E41838
:10D19000F508060917091F921F9280EA882E82E57A
:10D1A000982EA30192016D817E81C10147DF0F900E
:10D1B0000F9026960FB6F894DEBF0FBECDBFDF915D
:10D1C000CF911F910F91FF90EF90DF90CF90BF9084
:10D1D000AF909F908F907F906F905F904F903F9017
:10D1E0002F9008952F923F924F925F926F927F926D
:10D1F0008F929F92AF92BF92CF92DF92EF92FF9267
:10D200000F931F93CF93DF931C01EB01902E812E80
:10D21000CA01B9010F9484152AE037ED43E25DE3BA
:10D220000F94E5150F94441B2B013C016881798113
:10D230008A819B810F9484152AE037ED43E25DE3F8
:10D240000F94E5150F94441B5B016C01A418B508FD
:10D25000C608D70818E7E12E1FE0F12E00E010E025
:10D26000E418F508060917098F929F9296E9892E0E
:10D2700092E5992EA3019201BE01C101DFDE0F905C
:10D280000F90DF91CF911F910F91FF90EF90DF9062
:10D29000CF90BF90AF909F908F907F906F905F9056
:10D2A0004F903F902F9008952F923F924F925F9210
:10D2B0006F927F928F929F92AF92BF92CF92DF92A6
:10D2C000EF92FF920F931F93CF93DF9300D000D084
:10D2D000CDB7DEB71C017E836D83CA01B901E98237
:10D2E000FA820B831C839C2C8D2C20E030E048ECD0
:10D2F00052E40F94E5152FE632E143E85AE30F9428
:10D30000001A0F94441B2B013C0120E030E048EC54
:10D3100052E4ED81FE8160817181828193810F945D
:10D32000E5152FE632E143E85AE30F94001A0F9413
:10D33000441B5B016C01A418B508C608D70820E09F
:10D3400030E048EC52E4C801B7010F94E5152FE630
:10D3500032E143E85AE30F94001A0F94441B7B0117
:10D360008C01E418F508060917098F929F9285EA47
:10D37000882E82E5982EA30192016D817E81C101E4
:10D380005DDE0F900F9026960FB6F894DEBF0FBEAD
:10D39000CDBFDF91CF911F910F91FF90EF90DF9064
:10D3A000CF90BF90AF909F908F907F906F905F9045
:10D3B0004F903F902F9008958F929F92AF92BF927F
:10D3C000CF92DF92EF92FF920F931F937901F801B2
:10D3D0009A01550F440B550BDB01AD90BC900B2C03
:10D3E000000CCC08DD08A21AB30AC40AD50A0F2C17
:10D3F000000C000B110BE21AF30A040B150BFF9340
:10D40000EF93EAEA8E2EE2E59E2E18DE0F900F9043
:10D410001F910F91FF90EF90DF90CF90BF90AF9052
:10D420009F908F9008958F929F92AF92BF92CF92CC
:10D43000DF92EF92FF920F931F93CF93DF93EC0154
:10D44000162F072F60916D0870E090E080E00F9438
:10D45000861529EC38EC48EC5EE30F94E51520E0E6
:10D4600030E040E05FE30F94001A0F94441B0F93E9
:10D470001F9322E8822E22E5922E5B016C0114E6B6
:10D48000E12EF12C00E010E020E030E0A9016DE693
:10D4900078E0CE01D3DD0F900F90DF91CF911F91F7
:10D4A0000F91FF90EF90DF90CF90BF90AF909F9043
:10D4B0008F900895CF92DF92EF92FF920F931F9378
:10D4C00022EB30E441E0F901C590D590E590F4906D
:10D4D000C616D706E806F90658F496958795779507
:10D4E0006795440F2C5F3F4F50E42E3C350759F7AA
:10D4F00040936C08613271058105910568F4E2EB97
:10D50000FCE36591749190E080E01F910F91FF9092
:10D51000EF90DF90CF900895DC01CB018097A109B7
:10D52000B109811528E09207A105B105C8F044E0D2
:10D53000949F900111242E54374CF9013296459155
:10D540005491F901259134916627859FF001849FBC
:10D55000000CE11DF61F11242E1B3F0BB901D3CF88
:10D560008C019D0136952795179507950C7F0E54D4
:10D57000134CF80125913491F8013296459154915C
:10D58000682F6770649FC001659F900D112443E070
:10D59000969587954A95E1F7281B390BDFCF282F01
:10D5A00030E0F901E459F74C9491F901E853FC4B50
:10D5B00044912E573C4BF9012491222309F435C0A4
:10D5C000992311F191509231F8F4E92FF0E0882776
:10D5D000E351F5418F4F0D94EB191EEB22EBFFEA5F
:10D5E00016EB1AEB04EB25EB2BEB2FEB35EB39EBC2
:10D5F0003DEB43EB47EB04EB4BEB51EB55EB8091F1
:10D6000080008F7780938000E22FF0E0EE0FFF1F05
:10D61000E25BFC4BA591B4918FB7F894EC9161114A
:10D6200048C040954E234C938FBF08958091800051
:10D630008F7DE8CF80918000877FE4CF84B58F779E
:10D6400084BDE2CF84B58F7DFBCF8091B0008F7712
:10D650008093B000D9CF8091B0008F7DF9CF8091B9
:10D6600090008F7780939000CFCF809190008F7D36
:10D67000F9CF80919000877FF5CF8091A0008F77C0
:10D680008093A000C1CF8091A0008F7DF9CF8091C1
:10D69000A000877FF5CF809120018F7780932001B4
:10D6A000B3CF809120018F7DF9CF80912001877FBA
:10D6B000F5CF4E2BB8CF8F929F92AF92BF92CF9261
:10D6C000DF92EF92FF926B017C010E9470E14B01AF
:10D6D0005C01C114D104E104F104B9F00E9470E1CD
:10D6E000681979098A099B09683E7340810591058B
:10D6F00080F321E0C21AD108E108F10888EE880E13
:10D7000083E0981EA11CB11CE4CFFF90EF90DF9046
:10D71000CF90BF90AF909F908F9008952FB7F894BF
:10D720006091D3127091D4128091D5129091D6123B
:10D730002FBF0895CF92DF92EF92FF92EFDF6B0140
:10D740007C0128E5C20E22E0D21EE11CF11C0E94E1
:10D75000FB6B8F3F69F0E2DF6C197D098E099F0931
:10D7600097FDF5CF80E0FF90EF90DF90CF90089588
:10D7700081E0F9CF1F920F920FB60F9211242F93D1
:10D780003F938F939F93AF93BF938091D3129091C8
:10D79000D412A091D512B091D6123091D21223E0BA
:10D7A000230F2D3758F50196A11DB11D2093D212DC
:10D7B0008093D3129093D412A093D512B093D61223
:10D7C0008091D7129091D812A091D912B091DA120B
:10D7D0000196A11DB11D8093D7129093D812A093EA
:10D7E000D912B093DA12BF91AF919F918F913F916F
:10D7F0002F910F900FBE0F901F90189526E8230FC2
:10D800000296A11DB11DD2CF1F920F920FB60F929B
:10D8100011240BB60F922F933F934F935F936F9307
:10D820007F938F939F93AF93BF93EF93FF938091D9
:10D830004A0890914B08A0914C08B0914D08892B53
:10D840008A2B8B2BE1F190914908E0914708F091E8
:10D85000480880818927808380914A0890914B08ED
:10D86000A0914C08B0914D08181619061A061B060F
:10D870009CF480914A0890914B08A0914C08B0917B
:10D880004D080197A109B10980934A0890934B086C
:10D89000A0934C08B0934D08FF91EF91BF91AF91C9
:10D8A0009F918F917F916F915F914F913F912F91B8
:10D8B0000F900BBE0F900FBE0F901F901895809188
:10D8C0003A02E4E0F6E3E4919FEF90933A02E2300B
:10D8D000E1F038F4EE2381F0E13089F060E05FDEC2
:10D8E000DBCFE43049F110F1E530C1F790917300DE
:10D8F0009D7F90937300F2CF10926E00EFCF9091C6
:10D900006F009D7F90936F00E9CF909170009D7F95
:10D910009093700091E09093B0009091B100987F47
:10D9200094609093B1001092B300D8CF90917100A1
:10D930009D7F90937100D2CF909172009D7F9093C4
:10D940007200CCCFFC01DB0111968C9111972281E2
:10D95000821770F19381981758F14C91958149176E
:10D9600038F514965C910680F781E02D821B883093
:10D9700018F0E90FF11D8770969596959695642F8E
:10D98000677020E830E002C0359527956A95E2F788
:10D99000989F802D1124469546954695840F99278A
:10D9A000991FE80FF91F8081552319F0282B208338
:10D9B000089520952823FBCFDB01ED91FC9119946C
:10D9C0000F931F93CF93DF931F92CDB7DEB70091D4
:10D9D000381110913911E0916711F091681182E0CE
:10D9E000199530E020E04AE0B80186E391E1E4DFF8
:10D9F000182FE0916711F091681183E01995E0917B
:10DA00006711F091681180E01995112399F16091E7
:10DA10003811709139119E012F5F3F4F46E486E324
:10DA200091E1CADF8981809336116091381170913C
:10DA300039119E012F5F3F4F47E486E391E1BCDF40
:10DA4000898180933711609138117091391130E0DC
:10DA500020E048E486E391E1AFDF809341116091DB
:10DA600038117091391129E631E147E186E391E1FE
:10DA7000A3DF11E0812F0F90DF91CF911F910F91C4
:10DA80000895DF92EF92FF920F931F93CF93DF934E
:10DA9000182F062FC42FD42FF62EF40EEE24E39465
:10DAA000DD24DA948F2D8D1BD83088F58C2F887F5C
:10DAB000800F9C2F96959695969528EF929FC00D76
:10DAC0001124CC23C1F197E0C927609138117091DE
:10DAD0003911109352118093531181E080935511A5
:10DAE000CF5FC7708FEF90E001C0880FCA95EAF74B
:10DAF0008093541122E531E14BE386E391E1DF911C
:10DB0000CF911F910F91FF90EF90DF9055CF6091D3
:10DB10003811709139111093521180935311E09282
:10DB20005511D092541122E531E14BE386E391E1A6
:10DB300043DFD850B7CFDF91CF911F910F91FF9066
:10DB4000EF90DF900895AF92BF92CF92DF92EF9265
:10DB5000FF920F931F93CF93DF93EC01E62EF42EE9
:10DB6000122F022FD62ED20ECC24CA945C012CE1A7
:10DB7000A20EB11C8D2D801B083068F5812F887F87
:10DB80008E0D912F96959695969528EF929F100D54
:10DB90001124112361F197E019276A817B818C8F11
:10DBA000FD8E1F8E1F5F17708FEF90E001C0880FF2
:10DBB0001A95EAF78E8F9E01245E3F4F4BE3CE010C
:10DBC000DF91CF911F910F91FF90EF90DF90CF9059
:10DBD000BF90AF90F1CE6A817B818C8FFD8E1F8EBE
:10DBE000CE8E95014BE3CE01E7DE0850C3CFDF9127
:10DBF000CF911F910F91FF90EF90DF90CF90BF904A
:10DC0000AF9008950F93CF93C82F01E020E8482FDD
:10DC100060E086E391E10E946DE2882341F020E814
:10DC20004C2F60E086E391E1CF910F918CCFCF91A3
:10DC30000F910895FF920F931F93CF93DF93D82FE7
:10DC4000162FF42EC22F022F242F462F682F86E383
:10DC500091E10E946DE28823E9F02F2D412F6D2F75
:10DC600086E391E170DF4C2F612F8D2F0ADF8FEF5C
:10DC70008F0D4C2F612F8D0F04DF4FEF4C0F410F95
:10DC80002F2D6D2F86E391E1DF91CF911F910F91A1
:10DC9000FF9059CFDF91CF911F910F91FF90089581
:10DCA000DF92EF92FF920F931F93CF93DF937C014C
:10DCB000162FC42FD22ED02F0E946DE2882349F058
:10DCC000DC0F2D2D4C2F612FC7013DDFCF5FDC1303
:10DCD000F8CFDF91CF911F910F91FF90EF90DF90E0
:10DCE0000895EF92FF920F931F93CF93DF93C82F66
:10DCF0007B01142FCB010E941ECE26E0C29FE001C3
:10DD00001124112381F091E090935611829F90018C
:10DD100011242E5F0CE042E36C2F615086E391E109
:10DD2000BFDF10925611A7016CE38C2F0E94BF3207
:10DD3000112319F081E080935611DF91CF911F914B
:10DD40000F91FF90EF900895EF92FF921F93CF9362
:10DD5000DF93EC01EE85FF85309709F01995EA8095
:10DD6000FB80E9A9FAA982E01995E9A9FAA981E05D
:10DD7000199530E020E045E1B701CE011DDE182FF6
:10DD8000882339F09E012D5C3F4F47E1B701CE015A
:10DD900013DEE9A9FAA980E01995812FDF91CF91CF
:10DDA0001F91FF90EF900895DC0114968D919C9146
:10DDB00015978617970709F43CC015967C936E93C8
:10DDC00014976115710579F157968C915797FB015E
:10DDD000811130C03596E4915896EC935897645F62
:10DDE0007F4FFB01649159966C93599758968C918B
:10DDF0005897082E000C990B59962C915997821B15
:10DE0000910927FD93955A962C915A97203441F009
:10DE1000829FC001112426E0969587952A95E1F707
:10DE20005B968C935B9783EC91EE56969C938E93C6
:10DE300055970895813041F43F96E4915896EC93BC
:10DE40005897605F7F4FCDCF3D96E4915896EC9305
:10DE50005897625F7F4FC5CF5F926F927F928F928C
:10DE60009F92AF92BF92CF92DF92EF92FF920F9369
:10DE70001F93CF93DF93EC01562E142F622F0E9435
:10DE8000CFE16C0180E0C114D104B1F08C819D819F
:10DE90000E94C5E1B82EFB88EC888989580E1E19AE
:10DEA0008A89181B0E2D2F2D412F652DCE010E9422
:10DEB0006DE2811111C08889DF91CF911F910F917F
:10DEC000FF90EF90DF90CF90BF90AF909F908F909A
:10DED0007F906F905F900895CB0CD11C87E0F80E77
:10DEE000F694F694F694E10E4E01ECE18E0E911C40
:10DEF0006F2C712C1E15F9F2052D560110C0F5017D
:10DF000084916A817B810C8F1D8F1F8E8E8F94016F
:10DF10004BE3CE0151DDFFEFAF1ABF0A085F8A2D38
:10DF20008C198F1560F3C60CD71C1F5FE3CFFF92CF
:10DF30000F931F93CF93DF93D82FF62E8A01E09192
:10DF40004B11F0914C1186E391E11995F80EC0E068
:10DF5000F8012491222351F04F2D6D2F86E391E19A
:10DF60007BDFD80FC80F0F5F1F4FF2CF8C2FDF91D1
:10DF7000CF911F910F91FF9008954F925F926F92F2
:10DF80007F928F929F92AF92BF92CF92DF92EF9249
:10DF9000FF920F931F93CF93DF93EC01562E142F14
:10DFA000622E402E220F220F220F0E946DE2882344
:10DFB00019F1410E4E018CE1880E911CA62CB12C5A
:10DFC0006701762C052D11C0F60184916A817B8151
:10DFD0000C8F1D8F1F8E8E8F94014BE3CE01ECDCD6
:10DFE000FFEFCF1ADF0A7A94085F7110EDCFEA0CC9
:10DFF000FB1C1F5F4112E4CFDF91CF911F910F9166
:10E00000FF90EF90DF90CF90BF90AF909F908F9058
:10E010007F906F905F904F90089580918E1284FF53
:10E0200004C08460877F80938E120895CF92DF9220
:10E03000EF92FF920F931F93CF93DF93CDB7DEB78D
:10E04000EDB6FEB6DC010D900020E9F79D01281B1E
:10E05000390B285F3F4FEDB7FEB7E21BF30B0FB64E
:10E06000F894FEBF0FBEEDBF0DB71EB70F5F1F4F79
:10E070009F938F9386E195E39F938F931F930F93C5
:10E080000F9419156801F4E0CF0ED11C0F900F907A
:10E090000F900F900F900F90D6018D916D018823F6
:10E0A00049F0082E000C990B0F94F41DF6013197DE
:10E0B0008083F2CF61E175E3C8010F94B2144FE39E
:10E0C00050E0B80181E992E10F944C1E0FB6F8942C
:10E0D000FEBE0FBEEDBEDF91CF911F910F91FF905D
:10E0E000EF90DF90CF900895FC01938591FF02C0DF
:10E0F00080E00895987121E0903109F020E080914E
:10E100008E1220FB85F980938E12903141F080852C
:10E11000873471F781E091859E3751F3089581E04E
:10E12000FDCFFC0120E03EE2DB014D91BD0140321C
:10E1300049F0283011F430833196DB0111974C916E
:10E14000408331962F5F2B3079F710820895CF935B
:10E150008091B215C1E08823C9F08091B3159091E8
:10E16000B4154091AA155091AB156091AC15709102
:10E17000AD15DC01ED91FC910288F389E02D2AEACE
:10E1800033E11995C82F811104C0C0E08C2FCF91C5
:10E1900008954091AE155091AF156091B0157091F2
:10E1A000B1154115510561057105B9F08091B3159F
:10E1B0009091B415DC01ED91FC910288F389E02D7A
:10E1C0002AEA33E11995882301F31092AE151092D3
:10E1D000AF151092B0151092B1151092B215D6CF9E
:10E1E000CF92DF92EF92FF92CF936B017C01C42F0D
:10E1F0008091AA159091AB15A091AC15B091AD1579
:10E200008C159D05AE05BF0519F1A1DF811107C071
:10E2100080E0CF91FF90EF90DF90CF9008958091B4
:10E22000B3159091B415DC01ED91FC910088F18952
:10E23000E02D2AEA33E1B701A6011995882341F3BD
:10E24000C092AA15D092AB15E092AC15F092AD1524
:10E2500081E0CC23F1F28093B215DBCF8F929F92B5
:10E26000AF92BF92CF92DF92EF92FF92CF93DF9364
:10E270009093B4158093B3151092CC1582E090E082
:10E28000A0E0B0E08093B5159093B615A093B715B4
:10E29000B093B8151092B2151092AE151092AF153A
:10E2A0001092B0151092B1158FEF9FEFDC018093A3
:10E2B000AA159093AB15A093AC15B093AD1566233A
:10E2C00009F46EC040E060E070E0CB0189DF8111AD
:10E2D0000DC0C0E08C2FDF91CF91FF90EF90DF90C9
:10E2E000CF90BF90AF909F908F90089580916815C8
:10E2F0008F7779F78091741590917515A0917615A7
:10E30000B091771584369105A105B10510F3C09041
:10E310007015D0907115E0907215F0907315C114BE
:10E32000D104E104F104A9F240E0C701B60158DFCD
:10E33000C82F882371F28091B5139091B61381157F
:10E34000924039F6A091BA13AA2319F26091B8133A
:10E350007091B9136115710509F4BBCF2091B71302
:10E36000222309F4B6CFA093C7152093B91590E0E6
:10E3700080E030E0E1E0F0E0D82FAF01082E02C0ED
:10E38000440F551F0A94E2F72417350769F041E05E
:10E39000480F01968930910579F74093C21599CFBE
:10E3A000C12CD12C7601C0CF8093C2152091C0130F
:10E3B0003091C11350E040E02115310541F4209126
:10E3C000CE133091CF134091D0135091D11320939D
:10E3D000BA153093BB154093BC155093BD1546013B
:10E3E0005701860E971EA11CB11C8092C8159092F1
:10E3F000C915A092CA15B092CB15E091BB13F0914C
:10E40000BC13F093CE15E093CD15B0E00F9498199E
:10E41000DC01CB01880D991DAA1DBB1D8093CF1572
:10E420009093D015A093D115B093D21525E0EE0F9F
:10E43000FF1F2A95E1F7E150FE4FEF2FFF27E695EA
:10E440008E0F9F1FA11DB11D8093C3159093C415FE
:10E45000A093C515B093C6158090BD139090BE13C0
:10E46000B12CA12C8114910441F48090CA13909096
:10E47000CB13A090CC13B090CD13C81AD90AEA0AD6
:10E48000FB0AC80CD91CEA1CFB1C04C0F694E794D8
:10E49000D794C794DA95D2F7C092BE15D092BF1523
:10E4A000E092C015F092C11585EFC8168FE0D8062E
:10E4B000E104F10420F48CE08093CC150ACF80E1D4
:10E4C00025EFC2162FEFD206E104F10488F0809107
:10E4D000D6139091D713A091D813B091D9138093EC
:10E4E000CF159093D015A093D115B093D21580E29B
:10E4F0008093CC15EFCE4F925F926F927F928F9266
:10E500009F92AF92BF92CF92DF92EF92FF920F93C2
:10E510001F93CF93DF93EC014230510561057105E4
:10E5200090F480E0DF91CF911F910F91FF90EF90D9
:10E53000DF90CF90BF90AF909F908F907F906F9023
:10E540005F904F90089589859A85AB85BC8501962B
:10E55000A11DB11D84179507A607B70710F38F8972
:10E560008031C1F5852E962EA72EBB248B899C89E0
:10E57000AD89BE89880E991EAA1EBB1E28013901CD
:10E580006A017B0141E0C501B4012ADE882349F21A
:10E590009F89903181F5DD24EE24FF24F601EE0FF2
:10E5A000FF1FE655FC4E118300839A89923008F4D0
:10E5B000B9CF4D815E816F817885840E951EA61E30
:10E5C000B71E8092AE159092AF15A092B015B09282
:10E5D000B115A8CF803209F0A4CF8B899C89AD8971
:10E5E000BE894A015B01E7E0B694A79497948794AB
:10E5F000EA95D1F7BFCFE894C7F8DD24EE24FF24D5
:10E60000F601EE0FFF1FEE0FFF1FE655FC4E408296
:10E61000518262827382C9CFCF92DF92EF92FF92D2
:10E620000F931F93CF93DF93FC0181859285A38580
:10E63000B4850196A11DB11D84179507A607B707DC
:10E6400050F480E0DF91CF911F910F91FF90EF90F8
:10E65000DF90CF90089587898031A9F5BB27A72F38
:10E66000962F852FC388D488E588F6888C0D9D1D4C
:10E67000AE1DBF1DE9016A017B018F014091AA1502
:10E680005091AB156091AC157091AD15841795073D
:10E69000A607B70749F5F8018789803161F5B70109
:10E6A000A601552766277727440F551F46555C4E10
:10E6B000FA0180819181B0E0A0E088839983AA83E8
:10E6C000BB8381E0BFCF803209F0BBCFC388D48841
:10E6D000E588F688DB01CA01C7E0B695A79597954E
:10E6E0008795CA95D1F7C2CF40E0BC01CD0178DD56
:10E6F0008111D1CFA6CFB701A6014F775527662745
:10E700007727440F551F440F551F46555C4EFA019D
:10E7100080819181A281B381BF70CFCF4F925F92F0
:10E720006F927F92AF92BF92CF92DF92EF92FF9261
:10E730000F931F93CF93DF9300D01F92CDB7DEB717
:10E740008C0149835A836B837C835901C12CD12C62
:10E750007601412C82E0582E612C712C49815A811E
:10E760006B817C819E012F5F3F4FC80155DF88235D
:10E7700019F1F8018585A301920104C0220F331F0E
:10E78000441F551F8A95D2F7DA01C901C80ED91E58
:10E79000EA1EFB1E49815A816B817C818789803109
:10E7A000F1F481E0483F5F4F61057105B8F2F50172
:10E7B000C082D182E282F3820F900F900F900F906F
:10E7C000DF91CF911F910F91FF90EF90DF90CF904D
:10E7D000BF90AF907F906F905F904F90089581E0D1
:10E7E000483F5F4F6F4F7F4008F4B8CFE0CF0F93A3
:10E7F0001F93CF93DF93FC012381222331F080E02C
:10E80000DF91CF911F910F9108958B01EC01FB01D6
:10E810008789803139F582E08B831D8A1E8A1F8AA1
:10E82000188E808D918DB0E0A0E025E0880F991FB3
:10E83000AA1FBB1F2A95D1F7898B9A8BAB8BBC8BF8
:10E840001A8F098F81E08983188619861A861B869C
:10E850001C821D821E821F82188A1C861D861E86AF
:10E860001F86CECF803259F683E08B83428D538D45
:10E87000648D758D4D8B5E8B6F8B788F9E012F5EB7
:10E880003F4FC8014BDF8111DBCFB9CF2F923F92B1
:10E890004F925F926F927F928F929F92AF92BF92B0
:10E8A000CF92DF92EF92FF920F931F93CF93DF935C
:10E8B000EC014B017A018B81811115C08FEF9FEF25
:10E8C000DF91CF911F910F91FF90EF90DF90CF904C
:10E8D000BF90AF909F908F907F906F905F904F9080
:10E8E0003F902F900895898180FFE8CF89899A8988
:10E8F000AB89BC89488559856A857B85841B950BC6
:10E90000A60BB70BA70170E060E084179507A60778
:10E91000B70708F47C0167011E0124E0220E311CB8
:10E92000C114D10409F4A7C0488559856A857B853F
:10E930005A0181E0B822898D9A8D2A013B0129E094
:10E9400076946794579447942A95D1F72B81FC01CC
:10E95000223079F5628D738D848D958D640D751DD2
:10E96000861D971D00E012E00A191B09C016D1068A
:10E9700008F486010115E2E01E0771F44090AA1523
:10E980005090AB156090AC157090AD156415750581
:10E990008605970509F04CC040E022DC882309F485
:10E9A0008DCFB50166557C4EA801C4010F94091E98
:10E9B00051C0148111501421A114B10471F411112A
:10E9C0000CC0452B462B472B51F58D899E89AF896D
:10E9D000B88D8C839D83AE83BF83E98DFA8D4C8087
:10E9E0005D806E807F8022E0421A510861087108C4
:10E9F000858504C0440C551C661C771C8A95D2F78B
:10EA000086859785A089B189480E591E6A1E7B1E8E
:10EA1000C301B201610F711D811D911DA3CF4C81F6
:10EA20005D816E817F819101F7DD8111D6CF46CF67
:10EA3000A091B315B091B415ED91FC911197008898
:10EA4000F189E02D9401AB01BC01CD01199588231A
:10EA500009F434CF800E911E88859985AA85BB85DF
:10EA6000800F911FA11DB11D88879987AA87BB8739
:10EA7000C01AD10A55CFC70123CFBF92CF92DF92E0
:10EA8000EF92FF920F931F93CF93DF93EB01FC0163
:10EA90002381223008F49CC04085518562857385AE
:10EAA0004F71552766277727452B462B472B09F0B3
:10EAB0008FC08C011092DC0F1092DB0FC12CDD2473
:10EAC000DA947E01FBE0EF0EF11C8DE0B82E40E2FF
:10EAD00050E0BE01C801DADE8032910581F021E00C
:10EAE000892B09F420E0822F8195DF91CF911F912E
:10EAF0000F91FF90EF90DF90CF90BF900895288105
:10EB0000222309F467C0253E11F02E3229F4109219
:10EB1000DC0F1092DB0FDBCF3B853F733F3009F0FA
:10EB200042C04A8D5B8D452B61F52F713FEF320F4F
:10EB3000323038F58D85213041F1C81229C021507D
:10EB4000330BB29EC001B39E900D1124DC01A5527F
:10EB5000B04FFE0120E02B30F0F0468157814F3F4F
:10EB6000510519F010F04FE550E04D932F5F3296AC
:10EB70002D3089F7288126FF04C0FC01E851F04FB1
:10EB800010822B8523FDA3CFB0CFC82ED12CD7CF99
:10EB9000DD24D394D4CF253018F044815581DFCFC4
:10EBA00041815281DCCFD1100EC0FE0120E020FB5C
:10EBB000279527F93191230FEE16FF06C1F7C216EC
:10EBC00001F3DD24D3941092DC0F1092DB0FD9CF28
:10EBD0008FEF8BCF80E089CF8F929F92AF92BF92C1
:10EBE000CF92DF92EF92FF920F931F93CF93DF9319
:10EBF000EC018B8181110EC080E0DF91CF911F91DC
:10EC00000F91FF90EF90DF90CF90BF90AF909F90CB
:10EC10008F90089509891A892B893C890417150753
:10EC20002607370748F34A015B01823031F48886B2
:10EC30009986AA86BB8681E0E0CF81149104A10465
:10EC4000B10449F4188619861A861B861C821D8217
:10EC50001E821F82F0CF088519852A853B85E98DA4
:10EC6000FA8D858590E00996B901A80141505109B6
:10EC700061097109082E04C07695679557954795E7
:10EC80000A94D2F775016401E1E0CE1AD108E108D7
:10EC9000F10804C0F694E794D794C7948A95D2F704
:10ECA000C416D506E606F70620F0012B022B032B2F
:10ECB00009F58D899E89AF89B88D8C839D83AE833C
:10ECC000BF838E010C5F1F4FC114D104E104F10416
:10ECD00009F4ADCF4C815D816E817F819801898D72
:10ECE0009A8D9ADC91E0C91AD108E108F1088111E6
:10ECF000EBCF82CFC41AD50AE60AF70AE2CFCF9348
:10ED0000DF93EC01462F41706C857D858E859F8554
:10ED100067DA882351F0888920E2829FC00111249C
:10ED200086559C4EDF91CF91089590E080E0FACF18
:10ED3000CF93DF93EC018B81882339F1898187FFA1
:10ED400021C061E0CE01DBDFFC01892BF1F0808185
:10ED5000853ED9F08B81823040F489899A89AB89CC
:10ED6000BC89848F958FA68FB78F8D899E89938F4D
:10ED7000828F8D899E89AF89B88DB58BA48B89814F
:10ED80008F778983DF91CF91E2C981E0888380E02A
:10ED9000DF91CF9108958F929F92AF92BF92CF92C1
:10EDA000DF92EF92FF920F931F93CF93DF9300D0E8
:10EDB0001F92CDB7DEB7FC018381813091F080E0F6
:10EDC0000F900F900F900F90DF91CF911F910F91A7
:10EDD000FF90EF90DF90CF90BF90AF909F908F907B
:10EDE0000895818181FFEBCF81899289A389B489BC
:10EDF000892B8A2B8B2B09F45BC07F0140E050E00C
:10EE0000BA01CF01E9DE8823D1F2F701C18CD28C9F
:10EE100085889688A788B08C82E090E0A0E0B0E07A
:10EE2000F60180839183A283B3839E012F5F3F4FBE
:10EE3000B501A401C601F0DB882309F4C0CF00E0CE
:10EE400010E09801B501A401C60155DB882309F43F
:10EE5000B6CF89809A80AB80BC80F60187898031EB
:10EE6000F1F4F8EF8F16FFEF9F06A104B104E8F26A
:10EE7000F701158A168A178A108E118A128A138A48
:10EE8000148A818180688183C70152DF882309F455
:10EE900096CF40E050E0BA01C7019EDE91CF88EFE7
:10EEA00088168FEF9806A8068FE0B80608F7BDCF42
:10EEB00081E086CFCF93DF93EC013ADF1B82DF91B5
:10EEC000CF91089589E290E133DF89E290E1F2DFAA
:10EED00080918E128D7F8E7F80938E1210928A1277
:10EEE00010928B1210928C1210928D1208958091B4
:10EEF0008E128F7780938E120E946855882319F0A6
:10EF000089E290E1D7CF0895CF93C0918E12C2FFCE
:10EF10001BC0C7FD19C00E94685580FBC7F9C0938C
:10EF20008E1280918E128F7E806480938E128FEF6E
:10EF30009FEF90933902809338020E94BE5E8FEF5C
:10EF400094E3CF910C945E5BD2DFEBCFCF93DF9352
:10EF500080918E128F7E80938E128FEF9FEF909311
:10EF600039028093380280916210882319F08FE56E
:10EF700090E1A0DF8091DE159091DF15DC01ED912D
:10EF8000FC910190F081E02D45E360E0199581113D
:10EF900012C00E94BE5E83EF94E30E945E5B80918C
:10EFA0008E1284FF31C00E948FE283E080936D0255
:10EFB000DF91CF910895C091DE15D091DF1561E00A
:10EFC000CE014CD981110AC060E0CE0147D9811130
:10EFD00005C00E946C5E8FED94E3DFCF65EB75E1B9
:10EFE0008FE590E104DC811105C00E946C5E8EEC1F
:10EFF00094E3D3CF80918E12806180938E120E9411
:10F00000BE5E82EC94E3C9CF8091FD09882369F24A
:10F0100061E08BEA94E30E94D02F0E94613AC5CF51
:10F02000CF93DF93EB01FC012381211104C080E029
:10F03000DF91CF9108952250223028F48FE2888307
:10F04000198281E0F5CF60E05ADE009781F3DC01A0
:10F0500060E080E09EE22D91203299F0883031F41A
:10F060009E01260F311DF90190836F5F9E01260FCF
:10F07000311DAD0141505109FA014081F901408330
:10F080006F5F8F5F8B3039F7FE01E60FF11D108245
:10F09000D8CFCF93DF93EC01CB01E881F981608178
:10F0A0007181BEDF28813981D901ED91FC91AA815E
:10F0B000BB818C919081992359F08936C8F4CF0196
:10F0C0000196F901918380838C918F5F8C93EACFB5
:10F0D000893670F48FE28083E881F98180819181A3
:10F0E000019691838083EA81FB8180818F5F808399
:10F0F000DF91CF910895BC0180E295E30E945E5DAF
:10F100008DE195E30C945E5B0E94BE5E6091F30915
:10F110007091F40982EF90E40E945E5D8FEE90E4BE
:10F120000C945E5B0E945E5D8AE00C945C5B0F93C6
:10F130001F93CF93DF93D82F8B01C09171118FEF65
:10F14000809371110E94BE5E85EF95E30E945E5B25
:10F1500081EE95E3D13011F487EE95E30E945E5B7A
:10F16000B8018DEE95E3DEDFC0937111DF91CF9191
:10F170001F910F9108952F923F924F925F926F923D
:10F180007F928F929F92AF92BF92CF92DF92EF9237
:10F19000FF920F931F93CF93DF93CDB7DEB7C45485
:10F1A000D1090FB6F894DEBF0FBECDBF7C014B0175
:10F1B0005A01222E19821C821C8E1F8E6115710528
:10F1C00011F410E0AEC1DC0113968C918111F9CFDE
:10F1D000FA0180818B018F32C9F4DB0113968C9187
:10F1E00013978250823058F059966D917C91CE01E0
:10F1F0004C96FDDA8E01045E1F4F882311F3C50182
:10F200005C010196F50120812F32D1F39E012F5F21
:10F210003F4F6901290130E2332E2496CFAE249767
:10F220002596DFAE25973E013CE1630E711C2296C8
:10F230003FAE229721963FAE21973FAE3EAE3DAE08
:10F240003CAE3BAE3AAE39AE38AE3FAA950190E047
:10F2500047E0D9018D91882361F18F3251F18E32CF
:10F2600039F44A3009F4ADCF98E04AE09D01F1CF7E
:10F27000EBE9F4E32491222321F031968213FACFB3
:10F28000A0CF491708F49DCF813208F49ACF8F3769
:10F2900009F497CF3FE9380F3A3108F420EEE7E35D
:10F2A000F0E0EC0FFD1FE90FF11D820F80839F5FDF
:10F2B000DDCF8FA9803209F484CF5901D9018C9117
:10F2C0002F5F3F4F8F32C9F38823A1F0081519052E
:10F2D00011F0C801EFDD24969FAD249725968FADE0
:10F2E00025974C145D0411F4962D872D8601C92EA7
:10F2F000D82E9DCFF801818D928DD7015A969C937F
:10F300008E935997C8010E945693C12CF8018085AD
:10F310009185A285B385418952896389748984174F
:10F320009507A607B70708F052C025E0B695A79540
:10F33000979587952A95D1F7F82FFF70DF2ED80182
:10F3400013968C91823008F43CCF41E050E0BE012E
:10F350006E5B7F4FC8019ADA019709F032CFF8014E
:10F3600080859185A285B3854F96A11DB11D8087AB
:10F370009187A287B387F0E2DF9EB0011124665522
:10F380007C4E6115710509F41CCFDB018C9188233B
:10F3900041F0853E09F04CC0CC2029F0CC24C39428
:10F3A000B5CFC1100EC08091AA159091AB15A09158
:10F3B000AC15B091AD15F70184879587A687B787FF
:10F3C000D08ADB018C918111E9CFCC24C394822DAA
:10F3D0008274823409F0F5CECC2009F4C5C0F7015F
:10F3E000D08861E0C7018BDC009709F4EACE20E207
:10F3F000DC011D922A95E9F72BE0FE01F796DC016E
:10F4000001900D922A95E1F721E238E2FC01318B5F
:10F41000208B40E058E057874687338B228B318F13
:10F42000208F578B468B0E94A7F081110AC0C9CE4E
:10F430004BE050E0CE01C7960F94FC1D892B09F0DC
:10F4400065CF2D2D30E0F901B5E0EE0FFF1FBA9525
:10F45000E1F7DF01A655BC4E1B968C91817121F01E
:10F46000822D827109F01EC1D70159968D919C9110
:10F470005A974091AA155091AB156091AC157091B7
:10F48000AD151C964D935D936D937C931F9750968D
:10F49000DC925097E655FC4E84889588B12CA12CBF
:10F4A00054019924882455968D929D92AD92BC92D8
:10F4B0005897428D538D70E060E0482959296A2998
:10F4C0007B2955964D935D936D937C935897A5E05A
:10F4D000220F331FAA95E1F7D901A655BC4E1B9602
:10F4E0002C91287109F0D1C0848D958DA68DB78D92
:10F4F000F701818B928BA38BB48B81E08383822D68
:10F500008F70F7018183148215821682178210860C
:10F5100011861286138611E024FE03C0C7013BDC6E
:10F52000182FCE014C960E945B93CE0101960E944B
:10F530005B93812FCC5BDF4F0FB6F894DEBF0FBE1D
:10F54000CDBFDF91CF911F910F91FF90EF90DF9092
:10F55000CF90BF90AF909F908F907F906F905F9073
:10F560004F903F902F900895D80113968C91139748
:10F57000823009F426CE51968D919D910D90BC91CB
:10F58000A02D803E9F4FAF41B10508F01ACEC801B3
:10F590000E945B92882309F414CE0E94A7F088236E
:10F5A00009F40FCED8015996ED91FC915A97149613
:10F5B0008D909D90AD90BC901797B2E08B1A9108FA
:10F5C000A108B108858504C0880C991CAA1CBB1C25
:10F5D0008A95D2F786859785A089B189880E991E6C
:10F5E000AA1EBB1E81E08093B2158092AA1590924C
:10F5F000AB15A092AC15B092AD15EAEAF3E180E04C
:10F6000092E0DF019C011D9221503040E1F7DD24A2
:10F61000D394D8015996ED91FC918481D816C0F409
:10F620008091B3159091B415DC01ED91FC910288A5
:10F63000F389E02D2AEA33E1B501A4014D0D511DF6
:10F64000611D711D1995882309F4BBCDD394E1CFB9
:10F65000258580E092E0A0E0B0E004C0880F991F0B
:10F66000AA1FBB1F2A95D2F7F801418952896389E5
:10F670007489840F951FA61FB71F818B928BA38B54
:10F68000B48B8AEA93E1D12CB2CE203159F49701A0
:10F690002F5E3F4F43D8882329F084E0D70113968B
:10F6A0008C932DCFD70113961C928BCD2F923F9226
:10F6B0004F925F926F927F928F929F92AF92BF9282
:10F6C000CF92DF92EF92FF920F931F93CF93DF932E
:10F6D0001F921F92CDB7DEB7382E7B012DB73EB7F4
:10F6E0003A8329838091A213811107C01092871356
:10F6F00010928A1381E08093A21380917F1381116D
:10F7000007C0109264131092671381E080937F13F7
:10F71000DA018C918F3209F080C08FE590E1F7011A
:10F72000918380834F5F5F4F311010928412F701F5
:10F73000408051808A0127E8C22E23E1D22E3BE18E
:10F74000232E01151105A9F16DB67EB66FE270E0AA
:10F75000C8010F942C1E5C010817190728F5AC018D
:10F76000401B510B5527CA0101962DB73EB7281BE8
:10F77000390B0FB6F8943EBF0FBE2DBF8DB79EB7A5
:10F7800001964C01B8010F944C1EC60193DBD701C2
:10F790006D917C9121E0A401C601EDDC811143C093
:10F7A000C401A9DC10E000E00FB6F8947EBE0FBEE5
:10F7B0006DBE3320A9F0D701ED91FC918BE1A4E45B
:10F7C000B0E101900D928A95E1F791E08091841269
:10F7D000811190E080918E1290FB86F980938E12B9
:10F7E000C801E981FA810FB6F894FEBF0FBEEDBFE4
:10F7F0000F900F90DF91CF911F910F91FF90EF909D
:10F80000DF90CF90BF90AF909F908F907F906F9040
:10F810005F904F903F902F90089584E490E1D7013E
:10F820008D939C9384CFF70180819181481659066E
:10F8300009F040DBD701CD92DC92332099F0A09102
:10F840008412AA3078F481E08A0F809384122A9E71
:10F85000D0011124AA58BE4EF601822D01900D92BE
:10F860008A95E1F7B7E8CB16B3E1DB0669F494E6D5
:10F87000C92E93E1D92E85010F5F1F4F0FB6F89463
:10F880007EBE0FBE6DBE5DCF87E8C82E83E1D82E49
:10F89000F2CFEF92FF920F931F93CF93DF93CDB7E9
:10F8A000DEB7A7970FB6F894DEBF0FBECDBF80912D
:10F8B0008E1284FF4BDB80918E1284FF55C08091A5
:10F8C000851290E08F969F938F938AEF95E39F9395
:10F8D0008F938E01045E1F4F1F930F930F94191582
:10F8E00080918E120F900F900F900F900F900F90AD
:10F8F00084FBFF24F0F884FF37C01FA21EA2A801DA
:10F90000BE016A5D7F4F80E0D1DE009769F1198208
:10F910001C826EA17FA121E0AC01CE0101962BDCFF
:10F92000E82E882319F0CE010196C4DACE010196A3
:10F930000E945B93EE20C1F00E948FE2C8010E94FA
:10F9400016F0809185128F5F809385128F2DA79678
:10F950000FB6F894DEBF0FBECDBFDF91CF911F91E0
:10F960000F91FF90EF90089510928512F12CEECF39
:10F970000F931F93CF93DF93CDB7DEB7EB970FB6FF
:10F98000F894DEBF0FBECDBF80913802909139024E
:10F9900097FF26C08BE1E4E4F0E1DE01919601904F
:10F9A0000D928A95E1F7CE0181960E94569310E060
:10F9B00000E0BE016F5F7F4FCE0181965ED81816C2
:10F9C0003CF4CE0101960E9474F0080F111DF1CF96
:10F9D0001093390200933802CE0181960E945B9306
:10F9E0008091380290913902EB960FB6F894DEBF01
:10F9F0000FBECDBFDF91CF911F910F9108950F934F
:10FA00001F93CF93DF93CDB7DEB7EB970FB6F89484
:10FA1000DEBF0FBECDBF8C0184E490E10E945693FF
:10FA20008BE1E4E4F0E1DE01919601900D928A957C
:10FA3000E1F7BE016F5F7F4FCE0181961ED8181689
:10FA4000A4F4CE0101960E9474F0882391F3BE01C4
:10FA50006F5F7F4F8EEC9FE00E9491F06EEC7FE035
:10FA6000C8010F94191E892B21F7CE0181960E949F
:10FA70005B93EB960FB6F894DEBF0FBECDBFDF9160
:10FA8000CF911F910F910895EF92FF920F931F93C3
:10FA9000CF93DF931F921F92CDB7DEB720918E12C6
:10FAA00024FF2FC07C01BC0182E041DB1092D51500
:10FAB00080918E12877F8B7F80938E1218DAA70138
:10FAC000BE016F5F7F4F80E0F1DD8C01C701011542
:10FAD000110509F169817A8126E5A80189E290E1A1
:10FAE0004ADB8823B9F080918E12816080938E1258
:10FAF000C80185DFB8018FEC95E314DBC8010E94D3
:10FB0000D3E30F900F90DF91CF911F910F91FF9052
:10FB1000EF900895C801EFDAF4CF8F929F92AF92E1
:10FB2000BF92EF92FF920F931F93CF93DF9300D07A
:10FB300000D01F92CDB7DEB77C01062F80918E12C8
:10FB400084FD03C0C701D7DA8DC0613009F46CC0F1
:10FB500008F464C0623009F404C180918E12877F7A
:10FB60008B7F80938E12C3D9A701BE016F5F7F4F39
:10FB700081E09CDD8C01009729F369817A8121E085
:10FB8000AC0189E290E1F7DA882309F4F1C08091B1
:10FB90003A1090913B10A0913C10B0913D10809391
:10FBA000861290938712A0938812B09389121092B4
:10FBB0008A1210928B1210928C1210928D12F09069
:10FBC00071118FEF80937111B8018BE495E30E945E
:10FBD0005E5D8090861290908712A0908812B090FF
:10FBE000891283E495E30E945E5BC501B4010E9423
:10FBF00021E48AE00E945C5B84E395E30E945E5B03
:10FC0000F0927111C801FBDE8091DB0F882311F0A7
:10FC10000BED1FE0C8010E94D3E324C0B70182E0CE
:10FC200086DA1092D51599CF0E946855811104C0CB
:10FC3000B70181E07CDA91CF1091D515112319F12C
:10FC40000E946C5E61E070E080EB95E30E947C694D
:10FC50008AE00E945C5B40E070E060E083E995E34D
:10FC60000E948E6927960FB6F894DEBF0FBECDBFF7
:10FC7000DF91CF911F910F91FF90EF90BF90AF90C8
:10FC80009F908F90089584EF92E19E838D838FE201
:10FC90008093F3120F83CE0105969A83898302968F
:10FCA0009C838B830BE180918412181750F4109F72
:10FCB000B00111246A587E4ECE010196EAD91F5F29
:10FCC000F2CF8F818B3550F469E270E1CE0101965D
:10FCD000E0D98D819E8101979E838D83ED81FE8188
:10FCE0001082E091D51584E0E89FF0011124E151E4
:10FCF000FD4E80918A1290918B12A0918C12B0913E
:10FD00008D1280839183A283B3830E94BE5EB7016C
:10FD10008AE795E30E945E5D6091D51589E6689F4C
:10FD2000B00111246D507D4E8FE695E30E945E5D1B
:10FD300080908A1290908B12A0908C12B0908D12AD
:10FD400089E695E30E945E5BC501B4010E9421E44F
:10FD50008AE00E945C5B8091D5158F5F8093D515FA
:10FD6000FCCE0E94BE5E89E595E30E945E5BF5CE07
:10FD7000C801E9CE2F923F924F925F926F927F928D
:10FD80008F929F92AF92BF92CF92DF92EF92FF92AB
:10FD90000F931F93CF93DF93CDB7DEB768970FB65E
:10FDA000F894DEBF0FBECDBF80917D0227E6E22E24
:10FDB00032E6332E22242394843008F442C50E9474
:10FDC0008EEB6B017C018091F5099091F609A09171
:10FDD000F709B091F8090097A105B10551F14091DB
:10FDE000F9095091FA096091FB097091FC09840F9F
:10FDF000951FA61FB71F97018601081B190B2A0B19
:10FE00003B0BD901C801B7FD14C00E946C5E8BE3A7
:10FE100093E40E945E5B6091F3097091F40980E1C4
:10FE200093E480D940E070E060E090E080E00E94E0
:10FE30008E699091F6108091F710981741F0C0925A
:10FE4000F909D092FA09E092FB09F092FC0980903E
:10FE5000790290907A02A0907B02B0907C0281148B
:10FE60009104A104B10429F0981709F486C21092F4
:10FE7000631320910901809161139091621323FD16
:10FE8000A5C20196909362138093611380916113D0
:10FE9000909162138E3E92408CF00E946C5E8DEFCA
:10FEA00092E40E945E5B8CEE92E40E945E5B40E016
:10FEB00070E060E090E080E00E948E698091EF0940
:10FEC0009091F009A091F109B091F2090097A10574
:10FED000B10531F1A7019601281B390B4A0B5B0BC9
:10FEE000DA01C901B7FD1CC08091FD098330C0F063
:10FEF0008FEF9FEFDC018093EF099093F009A093BF
:10FF0000F109B093F20980E1E8E0F4E0AFEDB9E087
:10FF100001900D928A95E1F70E94CBBD0E943BA112
:10FF200080915D1390915E13A0915F13B091601367
:10FF300097018601081B190B2A0B3B0BD901C8013D
:10FF4000B7FD31C49091F6108091F710209177029F
:10FF5000981709F441C2E091F7101CE4E19FF00109
:10FF60001124EB5BF54F8081281709F4B3C280930D
:10FF700077020E948EEB20917702211130C21092FD
:10FF8000E7121092E8121092E9121092EA124AC295
:10FF90008091BE0E9091BF0E61C4AF2CB12C8A30FF
:10FFA00019F08D3009F044C1EA9CF001EB9CF00D92
:10FFB0001124EF5EF64FDF01AA59BF4F1C928481D6
:10FFC0009581DF01A80FB91F16961C92892B19F491
:10FFD0000E94389861C4FE9CC00111248C01095E06
:10FFE000164F680115821482F8018191803209F45C
:10FFF00052C08E3409F0CAC00115110509F4C6C0FB
:020000022000DC
:1000000060EC72E4C8010F94FF144C01892B41F09D
:100010006EE470E0C80104960F942C1E009709F45A
:10002000C8014AE050E070E060E001960F9476125B
:100030002B013C01EA9CF001EB9CF00D1124EF5EDA
:10004000F64F80819181A281B381AC01BD014F5FE8
:100050005F4F6F4F7F4F4416550666067706E9F0EF
:100060008928D9F4AC01BD014150510961097109D8
:10007000441655066606770634F084159505A605E0
:10008000B7050CF009C46F2D8DE892E40E946F5EF5
:10009000F12C20E0D9C38F01A7CF6AE270E0C8013C
:1000A0000F945B1E9C01009709F1982F901B912CD7
:1000B000992339F09150F801E90FF11D80819826BC
:1000C000F7CF4AE050E070E060E0C90101960F947C
:1000D0007612292D30E050E040E062177307840764
:1000E000950741F06F2D8EE692E4D0CF6F2D84E41A
:1000F00092E4CCCFEA9CF001EB9CF00D1124EF5E72
:10010000F64F40825182628273828091FD09813074
:1001100041F567E470E0C8010F942C1E009709F1C7
:100120004AE050E070E060E001960F94761264308F
:10013000710581059105A8F4B0907111822D0F2CE5
:1001400001C0880F0A94EAF7809371118FE991E456
:100150000E945E5B60E086E991E40E94D02FB0923D
:100160007111F80180818D3489F58381823309F41E
:1001700051C0883309F1803349F58181843331F5E9
:100180008281813319F50E943FC020C080918E1278
:1001900080FFBBCF60E472E4C8010F94FF140097A6
:1001A00039F0DC0113968C9180538A3008F0ADCF82
:1001B0006F2D86E192E46ACF8281803339F48181A8
:1001C000813321F41092780210921009F601808197
:1001D0008B3309F461C380917D02843008F05CC3E5
:1001E00080917F02839DC0011124B60180589D4FEC
:1001F0000F94371E80917F02389EC0011124FC01AC
:10020000E052FD4F10828F519D4FDC01FC920E9405
:100210005DE142C382818133C9F681818133B1F6C8
:1002200041E070E060E088E891E40E948E69CECF02
:10023000FE9CB00111249B012B5E364FAB01495E41
:10024000564F6958764F0E94DC3626C340917F0294
:10025000242F30E09A2D9A3061F09D3051F08823A0
:1002600009F47DC089819A81009719F001969A83DB
:10027000898310925C1389819A81129FF001139FE8
:10028000F00D1124E358FD4FDF01A80FB91F13969D
:100290001C92892BA9F50E9438980E941437882354
:1002A00009F412C389E290E10E945AF78091D515B2
:1002B000882309F44AC081508093D5158F9DC001D1
:1002C000112462E08D509D4E28DCE091D51524E08C
:1002D000E29FF0011124E151FD4E40815181628184
:1002E000738140938A1250938B1260938C12709397
:1002F0008D1289E290E10E94ECF50E940DF0E4C2BB
:100300001A82198283818D3479F48481823361F475
:100310008581853349F4868180538A3028F0809125
:100320008E128B7F80938E12129FF001139FF00D1F
:100330001124E052FD4FE082419FF0011124EF5162
:10034000FD4FD0820E945DE1A8CF0E9477F7809197
:100350008E12886080938E120093FD09B5C2419F72
:10036000A001112440585D4F9E012F5F3F4F6CE567
:1003700073E18A2D0E94DC36A7C20E948EEBAB018E
:10038000BC018091F9099091FA09A091FB09B09103
:10039000FC09880D991DAA1DBB1D481B590B6A0B32
:1003A0007B0B77FD64CD80916313811162CD81E079
:1003B0008093631380E00E94939C81E00E94939C51
:1003C00082E00E94939C0E94819C53CD18161906CE
:1003D0000CF05CCD019756CD80910F09C5CD0091F1
:1003E000E7121091E8122091E9123091EA120115FA
:1003F00011052105310581F46C597F4F8F4F9F4FB7
:100400006093E7127093E8128093E9129093EA12D6
:1004100084EB8093770206C0601B710B820B930BF9
:1004200097FDF6CF209177022223B9F030E050E01B
:1004300040E02150310941095109AFEFB0E00F947C
:1004400098192EEF30E040E050E00F947C194901FC
:100450005A0189012115310511F460E003C161E001
:100460002F3F310509F4FEC067E0CE0101960E94DE
:100470001D6A8989882309F4F0C0E981FA818F8592
:1004800048898111AAC0608150E083E090E09C011E
:10049000241B350B220F331F022E01C0880F0A9434
:1004A000EAF78095862362E070E001C0660F2A9526
:1004B000EAF7862B8083FA013396EE0FFF1F21E0C7
:1004C00030E02C0F3D1FE20FF31F0190F081E02D73
:1004D0009182808280910E09882309F457C100918E
:1004E0000D09088FA0907502B09076021CE2019F62
:1004F000F0011124E556FF4EC50102972085318594
:10050000281739070CF442C19090F710712C812CF8
:100510001C8A612C8091F610891509F4A7C0892DD9
:1005200090E02CE4289FF001299FF00D1124E25067
:10053000F64F458956896789708D452B462B472B89
:1005400081F4418D528D638D748D452B462B472B45
:1005500041F4458D568D678D70A1452B462B472B59
:10056000B9F13CE4389F8001399F100D11240250ED
:10057000164FD80191966D917D918D919C91949794
:100580000F9484151B012C01F80165A176A187A1A8
:1005900090A50F9484159B01AC01C201B1010F9489
:1005A000DC1AD80111962D913D914D915C911497D3
:1005B0000F94E5152B018C01272D382D4C89562DD4
:1005C0000F94261C181624F4742C852C0C8B612E89
:1005D000892D0E949830982E9DCF9A8991117ACFBB
:1005E000AFEFB0E0823029F0AD85BE850D90BC91B3
:1005F000A02D608150E083E090E09C01241B350B2E
:10060000220F331F022E01C0880F0A94EAF780954B
:10061000862362E070E001C0660F2A95EAF7862B18
:1006200080834D5F5F4F440F551F81E090E08C0F3A
:100630009D1F480F591FFA0100811181A5019401E6
:100640000F9498192FEF30E040E050E00F945A19C2
:10065000D80111963C932E933DCF61E00F371105E1
:1006600008F4FBCE87E00E94CFEA34CFB501BB0C83
:10067000880B990B0F948615562E972E8C0120917E
:100680007102309172024091730250917402672D91
:10069000782D8C89962D0F94E515252D392DA801DF
:1006A0000F94001A362E472E782E892EA0906F02B6
:1006B000B0907002262F372F482F592F652D792D96
:1006C000C8010F94261C1816C4F0B501BB0C880B8A
:1006D000990B0F948615562E972E8C01262F372FA7
:1006E000AC01632D742D872D982D0F94261C1816A0
:1006F00024F0532C942C072D182D2091EB123091BF
:10070000EC124091ED125091EE122C8B3D8B4E8BE2
:100710005F8B252D392DA8016C897D898E899F8954
:100720000F94261C1816F4F420E037ED43EA5CE33E
:10073000652D792DC8010F94E5154B015C0128E466
:1007400031EE4AE75FE36C897D898E899F890F943A
:10075000E5159B01AC01C501B4010F94001A562E9A
:10076000972E8C01852D992DD8018093EB129093B3
:10077000EC12A093ED12B093EE12652D792DC80105
:100780000F94441BCB01688D0E94893634E6C30E5A
:10079000D11CE11CF11CC0925D13D0925E13E0925B
:1007A0005F13F09260130E9438988091FD098823AE
:1007B00009F4DEC110910901117000916E02101749
:1007C00009F4DEC080918E12806480938E121093A3
:1007D0006E02112381F064EF71E080E090E00E94EE
:1007E000C8380E94A6F780918E1284FDA6C000230F
:1007F00009F4C6C002C00E9484F7023010F010E075
:10080000A3C060E089E691E40E94D02F80910C099A
:100810008111F5CF0E94613AF2CF843009F0DBC03C
:100820000E94BE5E88E291E404C00E94BE5E87E53D
:1008300091E40E945E5BCFC00E94BE5E80E491E4C2
:10084000F8CF20E080E0F82E80917D02843050F5D2
:10085000F1109ECB8091400F9091410F891B8F77B3
:1008600090E0892BD1F08F2D0E94A33697FF95CB76
:1008700010917111822D0F2C01C0880F0A94EAF794
:10088000809371110E946C5E85EC92E40E945E5B25
:100890000E9491E51093711121E081E0F812D3CF0D
:1008A0002111CFCF80918E1283FD89CA82FF87CA22
:1008B00087FD85CA1A82198212E604E099E6F92EAC
:1008C000EE24E394DD24DA9480917D02843008F0F4
:1008D00076CA0E941437811172CA41E050E0BE010D
:1008E0006D5E7F4F89E290E10E9446F4AB88B12CA7
:1008F000019719F0AA24AA94BA2C809131109091F2
:100900003210A0913310B091341080938A129093DA
:100910008B12A0938C12B0938D120E941437BFEFEC
:10092000AB16BB0609F092CC811190CC0E946C5E94
:100930008DED92E40E945E5BC7CF023028F460E048
:1009400088E791E40E94D02F0E94D53083E0809305
:100950006D020E948EEB6C597F4F8F4F9F4F6093BB
:1009600008097093090980930A0990930B091123D0
:1009700039F0023029F481E0809385120E9449FC0D
:100980000E948EEB6B017C0180916C02882329F11F
:1009900080910709882309F14091E3125091E412F4
:1009A0006091E5127091E61297018601041B150B08
:1009B000260B370BB901A80177FD22C010917111E8
:1009C0009FEF90937111833009F436CF0CF025CF4F
:1009D00081300CF02ACF1093711120916C0230E01D
:1009E000A8EEB3E00F94A819C60ED71EE81EF91E94
:1009F000C092E312D092E412E092E512F092E61275
:100A00008091F60F813009F073C00E948EEB6B016C
:100A10007C018091DF129091E012A091E112B091DF
:100A2000E212A7019601281B390B4A0B5B0BDA0176
:100A3000C901B7FD3AC0D701C601805F984DAF4FDD
:100A4000BF4F8093DF129093E012A093E112B09316
:100A5000E2128090F3089090F408A090F508B0900E
:100A6000F6080E9443C3AB01BC014093F3085093C6
:100A7000F4086093F5087093F6088091FB08909154
:100A8000FC08A091FD08B091FE0888199909AA09EF
:100A9000BB09840F951FA61FB71F8093FB08909377
:100AA000FC08A093FD08B093FE088091DB129091A2
:100AB000DC12A091DD12B091DE1297018601081BB5
:100AC000190B2A0B3B0BD901C801B7FD11C010E867
:100AD000C10E1EEED11E16E3E11EF11CC092DB1208
:100AE000D092DC12E092DD12F092DE120E949DA004
:100AF0000E9456CA0E94B45280917E108823C1F190
:100B00000E948EEB6B017C0180917A1090917B109A
:100B1000A0917C10B0917D10A7019601281B390B84
:100B20004A0B5B0BDA01C901B7FD22C020917E1090
:100B300030E0A8EEB3E00F94A819C60ED71EE81E49
:100B4000F91EC0927A10D0927B10E0927C10F09245
:100B50007D101091711180917F108093711180919F
:100B60000D090E940A948AE00E945C5B1093711147
:100B700068960FB6F894DEBF0FBECDBFDF91CF9160
:100B80001F910F91FF90EF90DF90CF90BF90AF90AB
:100B90009F908F907F906F905F904F903F902F909D
:100BA0000895CF93DF939091F7108091F6108917F5
:100BB00028F0891B8F3021F4DDD8F5CF805FF9CF85
:100BC0008091F6100E949830A091F6109CE4A99FA5
:100BD000D0011124FD01E250F64FEF0119929A95D0
:100BE000E9F7908198609083AD5EB54F90E1ECE0BD
:100BF000F1E101900D929A95E1F72091F610909114
:100C0000F710291303C094E69093F3108093F61025
:100C1000DF91CF910C9468A16F927F928F929F92F7
:100C2000AF92BF92CF92DF92EF92FF920F931F93FA
:100C3000CF93DF93CDB7DEB7C655D1090FB6F89481
:100C4000DEBF0FBECDBF5C017B016DB67EB6BE01BF
:100C50006F5F7F4FC5010E943DF518160CF06AC00A
:100C60008C858871803109F080C08DB69EB610E009
:100C700000E0E114F10439F0F70101900020E9F7F8
:100C80008F010E191F09C8010D962DB73EB7281BFD
:100C9000390B0FB6F8943EBF0FBE2DBF8DB79EB770
:100CA00001966C01080F191FE114F10439F0B70126
:100CB0000F94371E8FE2F80131978083BE016F5F7A
:100CC0007F4FC8010E9491F01CAE1FAE21E0A80129
:100CD000B501CE01CC960E94BBF88823D9F08BE1F8
:100CE000FE01FC96DE01919601900D928A95E1F746
:100CF000B601CE01819690DFCE0181960E945B9372
:100D0000CE01CC960E945B930FB6F8949EBE0FBEA8
:100D10008DBE9DCF0E94BE5EB8018BED90E40E9417
:100D200092F8CE01CC960E945B930FB6F8949EBECB
:100D30000FBE8DBE0FB6F8947EBE0FBE6DBECA5AF2
:100D4000DF4F0FB6F894DEBF0FBECDBFDF91CF915E
:100D50001F910F91FF90EF90DF90CF90BF90AF90D9
:100D60009F908F907F906F900895CE0101960E9482
:100D700074F0882309F46BCFE114F10431F0C7015A
:100D80000E94D0368FE20E945C5BBE016F5F7F4F96
:100D90008EEC9FE00E9491F00E94D03680E20E948B
:100DA0005C5B6D8D7E8D8F8D98A10E9421E48AE021
:100DB0000E945C5B4CCF10925F10109262101092F8
:100DC000441010924710E6E7F1E184E892E11082C6
:100DD00013827B968E179F07D1F783EF94E0909351
:100DE000D7158093D6151092D81589E18093DA151E
:100DF0001092DD151092CC151092291010922C1023
:100E000081E08093A6101092A7101092A810109263
:100E1000A9101092AA101092AB101092AC10109260
:100E2000AD101092AE101092AF101092B010109240
:100E3000B1101092B2101092B3101092B410109220
:100E4000B5101092B6101092B7101092B810109200
:100E5000B9101092BA101092BB101092BC101092E0
:100E6000BD101092BE101092BF101092C0101092C0
:100E7000C1101092C2101092C3101092C4101092A0
:100E8000C5101092C6108093D2101092D3101092F9
:100E9000D4101092D5101092D6101092D710109234
:100EA000D8101092D9101092DA101092DB10109214
:100EB000DC101092DD101092DE101092DF101092F4
:100EC000E0101092E1101092E2101092E3101092D4
:100ED000E4101092E5101092E6101092E7101092B4
:100EE000E8101092E9101092EA101092EB10109294
:100EF000EC101092ED101092EE101092EF10109274
:100F0000F0101092F1101092F210109280101092C6
:100F100081101092821010928310109284101092FF
:100F2000891010928A1010928B1010928C101092CF
:100F30008D101092921010929310109294101092A3
:100F40009510109296108FEF80937F1010921811C9
:100F50001092191110921A1110921B111092141163
:100F60001092151110921611109217111092101163
:100F700010921111109212111092131110920C1163
:100F800010920D1110920E1110920F111092081163
:100F90001092091110920A1110920B111092041163
:100FA0001092051110920611109207111092001163
:100FB0001092011110920211109203111092FC1064
:100FC0001092FD101092FE101092FF101092F81067
:100FD0001092F9101092FA101092FB101092F71064
:100FE0001092F6101092F5101092F4101092F31067
:100FF00084E080931F1110921D1110921C11109209
:101000001E1186E795E5909331118093301110926F
:1010100035111092341181E195E090933311809352
:10102000321180E08E7F8D7F8B7F877F8093701160
:1010300083E08093711184ED95E190937311809317
:10104000721183ED95E1909375118093741186ED83
:1010500095E19093DF158093DE1580918E12847E4A
:101060008B7F80938E1210928A1210928B121092A4
:101070008C1210928D12109286121092871210927A
:101080008812109289121092D51510928512109222
:101090008412E6E7F1E18EE091E0DF019C011D9210
:1010A00021503040E1F780910A018E7F80930A0140
:1010B00080910B0180958170809309010895CF93F1
:1010C000DF93CDB7DEB7EE970FB6F894DEBF0FBE55
:1010D000CDBF789484B5826084BD84B5816084BDC1
:1010E00085B5826085BD85B5816085BD80916E00C6
:1010F000816080936E0010928100809181008260F7
:101100008093810080918100816080938100809133
:1011100080008160809380008091B1008460809322
:10112000B1008091B00081608093B0008091910007
:101130008260809391008091910081608093910002
:10114000809190008160809390008091A1008260E6
:101150008093A1008091A10081608093A100809183
:10116000A00081608093A000809121018260809323
:1011700021018091210181608093210180912001D2
:1011800081608093200180917A00846080937A004E
:1011900080917A00826080937A0080917A008160E9
:1011A00080937A0080917A00806880937A00109210
:1011B000C100C090E615CFA214BE1092C00080916D
:1011C000C00082608093C0001092C50080E18093CF
:1011D000C4008091C10080618093C1008091C100F2
:1011E00088608093C1008091C10080688093C100B5
:1011F0000E948EEB4B015C0128EE820E23E0921ED2
:10120000A11CB11C84ED95E10E941B6A882309F49E
:10121000D7C01092300180913001826080933001FC
:101220001092350180E18093340180913101806119
:1012300080933101809131018860809331018091E8
:1012400031018068809331010E948EEB4B015C017B
:1012500038EE830E33E0931EA11CB11C83ED95E1A3
:101260000E941B6A882309F4B4C08EE098E30E94B0
:101270005E5B80910A01877F80930A0180910B0158
:1012800080958870809309018091DD049091DE043F
:10129000A091DF04B091E00489A39AA3ABA3BCA3FF
:1012A000AE014F5D5F4F5EAB4DABCE0185969EA309
:1012B0008DA3812CB4E29B2EB4EFAB2EB12CADA943
:1012C000BEA96D91BEABADABCE0101960E941D6A69
:1012D0008A89811118C18989882309F414C1CF84AE
:1012E000CFA62C2D22242A94312C223019F022242E
:1012F0002A94322CC980DA80D8AECFAAEB80FC8049
:10130000FEA6EDA68EE0E1EEF4E0DE01539601903C
:101310000D928A95E1F7910150E040E0EBE0220F59
:10132000331F441F551FEA95D1F7C501B4010F942F
:101330005A1979018FEFE81AF80A9FA5923009F03F
:1013400051C0A1E0ABAFB3E0BCAF9E012D5E3F4FFB
:101350003AAF29AF11E031E038AB1CAA4FEF50E0B3
:101360005CA74BA7A9ADBAADCD90DD90BAAFA9AF40
:10137000C601B0E0A0E0EFA5E230C9F180329105EE
:10138000A105B10509F493C080389105A105B10507
:1013900009F48DC09601A8EEB3E00F94A8199B0143
:1013A000AC01C501B4010F945A19C90101973695D2
:1013B00027950097F1F441E050E05AAB49AB20C0CB
:1013C0000E948EEB681979098A099B0997FDF8CF6D
:1013D00020CF0E948EEB681979098A099B0997FD35
:1013E000F8CF43CFEAE0EBAFFEE0FCAFAECF910128
:1013F000C1013AAA29AA8215930510F49AAB89ABC8
:101400002115310509F4F4C12BAA032D221533054A
:1014100010F42BAB032F29A93AA92F5F3F4FD60118
:101420000F94A8199B01AC01C501B4010F945A197E
:1014300029013EAF2DAF9601ABA9B02F0F94A8198B
:101440009B01AC01220F331F441F551FC501B4017E
:101450000F945A19B90189EEE81683E0F80608F4EA
:10146000CBC1F70188EE93E0E81BF90BCDACDEAC05
:1014700089EEC81683E0D80608F4C2C1D20188EE0E
:1014800093E0A81BB90B693E734008F4BDC1C901C4
:1014900068EE73E0861B970BAE17BF0720F48A1720
:1014A0009B0708F0B5C18E179F0708F4BAC11F5FEC
:1014B000183009F057CFAFA9B8AD8C918C7F98A99F
:1014C0009370892B8C93EDA5FEA52081C8A88C2D47
:1014D00090E0959587959595879543E0880F991F9E
:1014E0004A95E1F7277E822B80838081887FDCA864
:1014F0008D2980832FA5223031F0ED85FE85CBA488
:10150000DCA4D182C082EDA0FEA0CDA8DEA8EC14A0
:10151000FD0409F0D4CEDFA0D0FE04C085E098E33E
:101520000E945E5BEFA0E1FE04C084EF97E30E949F
:101530005E5BFFA0F2FE04C082EE97E30E945E5B5A
:10154000CFA0C3FE04C081ED97E30E945E5BDFA0E5
:10155000D5FE04C080EC97E30E945E5B80EB97E3CE
:101560000E945E5B0E94BE5E8DE597E30E945E5B1B
:101570000E94BE5E85E497E30E945E5B0E94BE5EB1
:101580008091E0159091E1159E012F5F3F4F590129
:10159000B901009709F44DC1681B790B86E397E305
:1015A0000E947C6960EC74E08FE197E30E947069AF
:1015B0008AE00E945C5B80910A01806280930A014C
:1015C00080910B0180728093090110925208109251
:1015D000530810925408109255080E943D31809192
:1015E0009012811107C00E949DDF882319F081E0CD
:1015F0008093901282E391E10E94C6322AE1E22EAA
:1016000026E3F22E03E127E047E064E286E391E17E
:101610000E94BDEF83E00E94523142E156E36BE24B
:101620008BE20E94BF3245E056E367E38CE10E9403
:10163000BF3286E391E10E94A4EE8111DFCF0E94C8
:101640008EEB2B013C0120915D0830915E084091AA
:101650005F085091600860910804709109048091BE
:101660000A0490910B040F94001A6093080470937D
:10167000090480930A0490930B042091610830912F
:101680006208409163085091640860910C04709165
:101690000D0480910E0490910F040F94001A609332
:1016A0000C0470930D0480930E0490930F0420910A
:1016B000650830916608409167085091680860910C
:1016C00010047091110480911204909113040F94EE
:1016D000001A609310047093110480931204909385
:1016E00013040E94E7BA6C9A74986D9A7598809169
:1016F00001018860809301018091020188708093CC
:1017000000018091010180628093010180910201BA
:1017100080728093000180910101806480930101B7
:1017200080910201807480930001809101018061A9
:101730008093010187ED80937A0010927E001092D1
:101740007D0080917D00806880937D0080917D0088
:10175000806480937D0080917D00886080937D000F
:1017600080E887BD80916E00826080936E008091DA
:101770000101886080930101809101018062809362
:1017800001010DE117E3F801C590D49035E0C316CF
:10179000D1041CF495E0C92ED12CD0924202C09203
:1017A00041020D2C000CEE08FF0860E080913D0224
:1017B00090913E020E9461936FA378A789A79AA790
:1017C000C701B6010F9486159B01AC016FA178A5E6
:1017D00089A59AA50F94801587FF2EC080913D02A0
:1017E00090913E02409790933E0280933D02DDCF60
:1017F00051E05BAB00E00FCEC701E8EEF3E034CE82
:10180000C201A8EEB3E03DCEB90188EE93E042CE2E
:101810007201CCACC8AA1CABC9A8DAA8DCA6CBA6BE
:1018200046CE7901DBACD8AA1CABCBA8CBA60CA7C3
:101830003ECE665E7541B2CE81EA882E86E3982E52
:10184000F401C590D49041E0C41AD1085BEFC516ED
:10185000D1041CF0BAEFCB2ED12CD0924402C0920E
:1018600043020D2C000CEE08FF0860E080913F025F
:10187000909140020E9461936FA378A789A79AA7CD
:10188000C701B6010F9486159B01AC016FA178A525
:1018900089A59AA50F94261C181654F480913F022E
:1018A0009091400240969093400280933F02DDCF9A
:1018B000F801C590D49085E0C816D1041CF4A5E0C9
:1018C000CA2ED12CD0924A02C09249020D2C000C93
:1018D000EE08FF0861E080914502909146020E9467
:1018E00061936FA378A789A79AA7C701B6010F9440
:1018F00086159B01AC016FA178A589A59AA50F94C7
:10190000801587FF0AC0809145029091460240975A
:101910009093460280934502DDCFF401C590D490A8
:1019200091E0C91AD108ABEFCA16D1041CF0FAEF46
:10193000CF2ED12CD0924C02C0924B020D2C000C19
:10194000EE08FF0861E080914702909148020E94F2
:1019500061936FA378A789A79AA7C701B6010F94CF
:1019600086159B01AC016FA178A589A59AA50F9456
:10197000261C181654F48091470290914802409614
:101980009093480280934702DDCF80913B02909173
:101990003C020E944C9520E030E040EA50E40F9475
:1019A000801587FF0AC080913B0290913C024097CE
:1019B00090933C0280933B02E8CF8091560890912F
:1019C00057080E944C9520E030E040EF52E40F941D
:1019D000261C181654F4809156089091570840968A
:1019E0009093570880935608E8CF0E94E7C319A246
:1019F00082E390E09C8B8B8B1A82198201E0950127
:101A000041E050E0BE016F5D7F4FCE0143960E94E2
:101A1000E06A89A1863109F432C10E94BFA081E049
:101A2000809358083898409A3A98429A3C98449A39
:101A30003998419A10925A08109259080E94B5C1DB
:101A4000809101018260809301010E9A80910A01C8
:101A5000846080930A01829A089A0B9A80910A0105
:101A6000826080930A0180910B018095827080933F
:101A700009019A9AA29A819A899A809107018160B4
:101A80008093070180910801809581708093060101
:101A90000A9A129A0D9A159A0F9A17988091010135
:101AA0008160809301018091020181708093000127
:101AB00080910B018095827080930901A29A809198
:101AC0005B088E7F80935B08809A8898899A8091C2
:101AD0005B088D7F80935B08839A8B9880910801C7
:101AE000809581708093060180915B088B7F809345
:101AF0005B08099A1198129A0C9A1498159A809179
:101B000080008C7F8093800080918100877E886038
:101B100080938100809180008F73809380008091FA
:101B20008100887F82608093810080E090E49093C0
:101B300089008093880010928500109284000E9492
:101B400068A1789482E080935C080E94E99B88E118
:101B500098E20FB6F894A895809360000FBE90931A
:101B600060000E948EEBDC01CB0184199509A60967
:101B7000B709883BEBE09E07A105B10570F408EBBF
:101B80001BE020E030E068017901C81AD90AEA0AAE
:101B9000FB0AC701B6010E94C83883E08093FD09A3
:101BA00072E6972E212CE2E03E2E882483940E9438
:101BB000BAFE80918E1287FF19C010928512877F1E
:101BC0008B7F80938E120E9477F710927F02109283
:101BD0007E0210927D020E943FC080E00E9475C389
:101BE0000E94249510920F09109278028091FD09AD
:101BF000CDB6DEB610E000E0843009F452C0ADB6D8
:101C0000BEB66091690870916A0810E000E0611545
:101C1000710509F09BC080919112882309F409C1D4
:101C2000E1E9F2E18F0101591241F190FF2019F031
:101C30009AE0F912F7CF0115110559F0F801EF56A6
:101C4000FD4E108281E992E10E94303780E00E94CF
:101C5000136C81E0F11001C080E0080F802FE82FA5
:101C6000F0E0EF56FD4E9081E82FE01BF0E0EF56DC
:101C7000FD4E9083992309F4A3C08F5FF0CF83E3D7
:101C800090E09C8B8B8B1A82198201E0950140E1D8
:101C900050E067EF78E0CE0143960E94E06ABFCE45
:101CA0008C01F801EB5EF74CE491C8010196EE233C
:101CB00011F0EA30A9F7EDB6FEB6E81AF90A0FB648
:101CC000F894FEBE0FBEEDBE2DB73EB72F5F3F4F5F
:101CD0007901A80165E178E3C9013BD6F701E00F7E
:101CE000F11F1082D7018C918B3349F180917D02D5
:101CF000843028F580917F02899DC0011124B701AD
:101D000080589D4F0F94371E80917F02989EC0018E
:101D10001124FC01E052FD4F80828F519D4FEE2433
:101D2000EA94FC01E0820E945DE10FB6F894DEBE09
:101D30000FBECDBE63E0F62EF092FD0960CF0FB668
:101D4000F894DEBE0FBECDBE5ACF8601FB01E00F78
:101D5000F11F749068012FEFC21AD20A772019F090
:101D60003AE07312F2CF4DB75EB74C195D090FB66A
:101D7000F8945EBF0FBE4DBF8DB79EB701967C0134
:101D8000A801E7D5F701E00FF11F1082772009F4D1
:101D90004DC08091690890916A08C80ED91ED092F2
:101DA0006A08C0926908012B31F0C7010E943037E0
:101DB00080E00E94136C0FB6F894BEBE0FBEADBE9D
:101DC00090916B088091D112981709F4F0CE809110
:101DD0006B088093D11280916B08882309F4E7CEB9
:101DE0000E94BE5E8DE598E30E945E5B8AE00E94E1
:101DF0005C5B1F9280E28F931F928F931F928F9351
:101E00001F928F9385E498E39F938F938EE498E3DA
:101E10009F938F931F920E94AD2FEDB7FEB73D9613
:101E20000FB6F894FEBF0FBEEDBFBFCED12CC12CB4
:101E3000B6CF80917D02882319F280918E1280FFA7
:101E4000D1C100917E02099D8001112400581D4FCF
:101E500060E472E4C801D3D5009739F0DC01139631
:101E60008C9180538A3008F0B6C1F80101900020AF
:101E7000E9F731977F01E01AF10A109229106EE418
:101E800070E0C8010F942C1E6C01009709F086C009
:101E9000B1E0EB1AF108F801EE0DFF1D4DE0C42E84
:101EA000C1825AE0D52ED2821382F801019000201F
:101EB000E9F731976F01C01AD10A80912C10813057
:101EC00009F069C080912A1081FF65C082FF1CC0A3
:101ED00040913A1050913B1060913C1070913D1030
:101EE0008091311090913210A0913310B091341044
:101EF00084179507A607B70739F089E290E10E9499
:101F0000ECF5882309F447C040913110509132100C
:101F10006091331070913410C114D10409F425C1BB
:101F20008091421090914310DC0114967C902FEF29
:101F3000270D2A013B0139E0769467945794479422
:101F40003A95D1F742227A01B1E0FB22411056C006
:101F5000E114F10409F052C040912D1050912E105F
:101F600060912F1070913010411551056105710578
:101F700021F580913E1090913F10A0914010B091BA
:101F800041100097A105B10589F589E290E10E9411
:101F90005B92811133C0809229100CC160E270E025
:101FA0000F942C1E8C010F5F1F4F6AE270E0C60178
:101FB0000F942C1EFC01319771CF9E012F5F3F4F74
:101FC0000E940CF3882339F389819A81AB81BC810B
:101FD000E0914210F09143102789203109F085C02B
:101FE000883FEFEF9E07A105B10578F680932D108D
:101FF00090932E10A0932F10B09330105101AE1873
:10200000BF08CA14DB0408F45601E0914210F091B5
:10201000431080912D1090912E10A0912F10B0910F
:1020200030100297A109B109258504C0880F991FB6
:10203000AA1FBB1F2A95D2F74685578560897189EB
:10204000840F951FA61FB71F9C01AD01240D311DE4
:10205000411D511D29013A01A11432E0B30609F0D6
:102060004DC08091AA159091AB15A091AC15B0917F
:10207000AD15481659066A067B0669F41092B2152A
:102080008FEF9FEFDC018093AA159093AB15A0937F
:10209000AC15B093AD158091B3159091B415DC01DA
:1020A000ED91FC910288F389E02D9801B301A20122
:1020B0001995882309F46FCF8091311090913210D7
:1020C000A0913310B09134108A0D9B1DA11DB11D3C
:1020D0008093311090933210A0933310B09334104A
:1020E0000A0D1B1DCA18DB080FCF883FFFEF9F07A3
:1020F000AF07FFE0BF0708F479CF47CFE114F10441
:1021000061F540913110509132106091331070910F
:10211000341080913A1090913B10A0913C10B091F6
:102120003D10481759076A077B07B8F00E94A7F0CF
:10213000882309F430CF8092B2154092AA155092AC
:10214000AB156092AC157092AD15A501B801C70131
:1021500086559C4E0F94091EAFCF41E0C301B201DA
:102160000E94F0F08111F1CF16CF80913A1090913A
:102170003B10A0913C10B0913D1084179507A60725
:10218000B70768F480912A1040933A1050933B109F
:1021900060933C1070933D10806880932A1080916A
:1021A0002A1083FF07C089E290E10E9498F68823F5
:1021B00009F4F1CE80912910882331F00E946C5EE1
:1021C0008BE198E30E945E5B80918E1281FD0AC0D4
:1021D0000E9459E609C00E9462F782E398E30E94D8
:1021E0005E5BF6CF0E949E8580917D02882309F474
:1021F000E7CD90917E029F5F943030F490937E0201
:10220000815080937D02DCCD10927E02F9CFCF9376
:10221000DF9389E290E10E945B93C4E8D2E16B977F
:10222000CE010E945B9381E1C637D807C1F784E4F1
:1022300090E10E945B938FE590E1DF91CF910C9448
:102240005B938F929F92AF92BF92CF92DF92EF9269
:10225000FF920F931F93CF93DF935C017B01611576
:10226000710519F0DB018D939C9385010F5F1F4F62
:10227000F501D0818D2F90E064D36C01892BA9F5F5
:10228000DD32A9F50F5F1F4FD5011196DC91C1E03A
:102290005801F1E0AF1AB10843E050E062EC71E0A0
:1022A000C50186D3892B61F5680182E0C80ED11C77
:1022B00045E050E06DEB71E0C6017AD3892B21F443
:1022C000680197E0C90ED11CE114F10419F0D7019F
:1022D000CD92DC9260E070E080E89FEFC111F9C020
:1022E00060E070E080E89FE7F4C05801BECFDB32C9
:1022F00029F485010E5F1F4FF501D181C0E0C8CFE1
:1023000043E050E06AEB71E0C50152D3892BE9F05C
:10231000F80110E000E020E030E0A9015F01B0ED3D
:102320008B2E8D0E89E08815C0F19C2E689491F853
:102330008C2F8870C2FF16C0811102C00F5F1F4F23
:102340003196D501DC91C92DE9CFE114F10429F0D2
:102350000E5F1F4FF7011183008360E070E080EC97
:102360009FE7B7C0882311F001501109A5E0B0E044
:10237000DFD79B01AC01220F331F441F551F280DCF
:10238000311D411D511D283999E93907490799E146
:102390005907B0F2C6609C2ED3CFAEEF8A1206C0AA
:1023A000C3FD3CC09C2E689493F8CACFDF7DD53422
:1023B000A9F580818D3239F4C061DF0112968181E7
:1023C00062E070E006C0DF018B32C1F3119661E07C
:1023D00070E080535D01A61AB70A8A30F8F4E0E88D
:1023E000CE16ECE0DE065CF4B601660F771F660FD2
:1023F000771FC60ED71ECC0CDD1CC80ED11C5D018C
:10240000FFEFAF1ABF0A8C9180538A3098F1C4FF56
:1024100003C0D194C194D1080C0D1D1DC1FF09C08A
:10242000E114F10431F081E0A81AB108D701AD92AE
:10243000BC92CA01B90168D3C370C33009F4905883
:102440004B015C0120E030E0A9015AD3882309F454
:102450003EC0C1EFD1E017FF05C0119501951109EC
:10246000C9EDD1E06E01B8E1CB1AD10880E2E82EC7
:10247000F12C0EC0D501B3CFFE01259135914591C8
:1024800054910E191F09C501B4019FD34B015C0182
:10249000D501C4010E151F057CF72497F594E79428
:1024A000CC16DD06A9F78A2F880F8B2F881F8F3F48
:1024B00041F020E030E0A901C501B40121D3811130
:1024C00006C082E290E09093E5158093E415C50183
:1024D000B401DF91CF911F910F91FF90EF90DF90AA
:1024E000CF90BF90AF909F908F9008953F924F9262
:1024F0005F926F927F928F929F92AF92BF92CF9294
:10250000DF92EF92FF920F931F93CF93DF935C01C3
:102510006B017A016115710519F0FB0191838083CC
:10252000E114F10451F0C7010297839730F040E0C5
:1025300030E020E090E06AC05E01E5012196F501FF
:102540001081812F90E0FDD1892BB1F71D3201F56B
:102550002196F501118101E0E114F10409F4E4C0D0
:10256000F0E1EF16F10409F088C0103359F48881C6
:102570008F7D883509F07CC0198122960260F0E1D8
:10258000EF2EF12C812C912CA12C88E0B82E91C03B
:102590001B3221F4E5012296F501118100E0DCCF28
:1025A000EAE0EE16F10409F4C5C0F0E1EF16F1041B
:1025B00009F073C0E7CF78E0E72EF12C812C912C45
:1025C000A12C60E1B62E75C021E0ABC0302F317078
:1025D000C114D10431F0222371F12197F601D18386
:1025E000C08327FF2EC060E070E080E090E83111EA
:1025F00004C06FEF7FEF8FEF9FE722E230E0309370
:10260000E5152093E415462F372F282F642F732FBD
:10261000822FDF91CF911F910F91FF90EF90DF906C
:10262000CF90BF90AF909F908F907F906F905F9072
:102630004F903F90089501FF04C02297F601D18387
:10264000C083332341F090958095709561957F4FBD
:102650008F4F9F4FD8CF97FFD6CF82E290E09093D5
:10266000E5158093E4156FEF7FEF8FEF9FE7CBCFFA
:1026700010E3E114F10409F49ECF28E0E216F1041E
:1026800009F49CCF0CF08CCF812C912CA12CE0E490
:10269000BE2E82E0E816F10461F060E070E080E0B8
:1026A00090E897010F2C000C440B550B03D6490101
:1026B0005A0120E060E070E0CB0127010F2C000CF4
:1026C00066087708FE0150ED352E310E39E03315DE
:1026D00070F43FEB310F49EC342E3A3138F03FE9DA
:1026E000310F3A3108F072CF39EA332E310E3E14F1
:1026F0001F040CF06BCF27FD14C086169706A806A2
:10270000B90670F0A3019201C6D5630D711D811D3C
:10271000911D61307105810520E8920708F454CFBE
:102720002FEF21961081CECF103309F420CF2AE06D
:10273000E22EF12C9CEC892E982CA82C9CE0B92E32
:10274000B8CF3F924F925F926F927F928F929F92FB
:10275000AF92BF92CF92DF92EF92FF920F931F93AF
:10276000CF93DF935C016B017A016115710519F05C
:10277000FB0191838083E114F10449F0C7010297C2
:10278000839728F060E070E0CB0199C05E01E5011D
:102790002196F5011081812F90E0D3D0892BB1F7DC
:1027A0001D3209F05BC02196F501118101E0E114B1
:1027B000F10409F4B9C0F0E1EF16F10409F09AC090
:1027C000103341F488818F7D883509F08EC01981DE
:1027D00022960260E0E1EE2EF12C88248A94982C57
:1027E000A82CFFE0BF2E20E060E070E0CB012701C5
:1027F0000F2C000C66087708FE0150ED352E310EC7
:1028000039E0331568F43FEB310F49EC342E3A319F
:1028100030F03FE9310F3A31A8F539EA332E310E65
:102820003E141F047CF52F3FB1F086169706A806CC
:10283000B90630F1A30192012ED5232D30E050E0EE
:1028400040E0620F731F841F951F62177307840790
:102850009507B0F021E021961081CECF1B3221F4F4
:10286000E5012296F501118100E0A1CF78E0E72E85
:10287000F12C88248A94982CA82C6FE1B62EB3CF23
:102880002FEFE9CFC114D10431F0222351F1219768
:10289000F601D183C08300FF07C0909580957095A5
:1028A00061957F4F8F4F9F4F2F3F49F482E290E019
:1028B0009093E5158093E4156FEF7FEFCB01DF91E7
:1028C000CF911F910F91FF90EF90DF90CF90BF902D
:1028D000AF909F908F907F906F905F904F903F90C0
:1028E000089501FFD8CF2297D3CF10E3E114F1046C
:1028F00009F4BCCF3AE0E316F104E1F080E1E81618
:10290000F10409F467CFE8E0EE16F10409F4B1CF61
:102910006FEF7FEFCB0197010F2C000C440B550B91
:10292000C9D449015A015FCF103309F44BCF9AE063
:10293000E92EF12C89E9882E982CA82C89E1B82E53
:1029400052CF91119AC3803219F089508550D0F737
:102950000895FB01DC0102C005900D9241505040EA
:10296000D8F70895FB01DC010D900020E9F71197DD
:1029700005900D920020E1F70895FC0105900616E0
:1029800021F00020D9F7C00108953197CF010895B3
:10299000FB01DC0105900D920020E1F70895FC0198
:1029A00005900020E9F7809590958E0F9F1F089560
:1029B000FB01DC014150504088F08D9181341CF0C6
:1029C0008B350CF4805E659161341CF06B350CF432
:1029D000605E861B611171F3990B0895881BFCCF13
:1029E000FB01DC014150504048F005900D92002061
:1029F000C9F701C01D9241505040E0F70895FB0116
:102A000055915523A9F0BF01DC014D9145174111A6
:102A1000E1F759F4CD010590002049F04D914015A2
:102A20004111C9F3FB014111EFCF81E090E0019723
:102A300008950F931F93CF93DF93CDB7DEB72E97F3
:102A40000FB6F894DEBF0FBECDBF0E891F898EE092
:102A50008C831A8309838FEF9FE79E838D83AE015A
:102A6000465E5F4F688D798DCE01019611D12F8121
:102A70003885020F131FF80110822E960FB6F894B6
:102A8000DEBF0FBECDBFDF91CF911F910F91089593
:102A90000F931F93CF93DF93CDB7DEB72E970FB66B
:102AA000F894DEBF0FBECDBF8C01FA018EE08C839F
:102AB0001A83098377FF02C060E070E861507109F2
:102AC0007E836D83A901BF01CE010196E1D04D81C6
:102AD0005E8157FD0AC02F813885421753070CF4D9
:102AE0009A01020F131FF80110822E960FB6F89468
:102AF000DEBF0FBECDBFDF91CF911F910F91089523
:102B000040D008F481E00895E89409C097FB3EF4B2
:102B100090958095709561957F4F8F4F9F4F99232A
:102B2000A9F0F92F96E9BB279395F69587957795A8
:102B30006795B795F111F8CFFAF4BB0F11F460FF68
:102B40001BC06F5F7F4F8F4F9F4F16C0882311F0C0
:102B500096E911C0772321F09EE8872F762F05C0D4
:102B6000662371F096E8862F70E060E02AF09A956F
:102B7000660F771F881FDAF7880F9695879597F964
:102B80000895990F0008550FAA0BE0E8FEEF1616FE
:102B90001706E807F907C0F012161306E407F50751
:102BA00098F0621B730B840B950B39F40A2661F0C5
:102BB000232B242B252B21F408950A2609F4A14068
:102BC000A6958FEF811D811D08950BD014C305D3E9
:102BD00028F00AD318F0952309F0F6C2FBC211249D
:102BE0003EC31AD3A0F3959FD1F3950F50E0551F24
:102BF000629FF001729FBB27F00DB11D639FAA2752
:102C0000F00DB11DAA1F649F6627B00DA11D661FA0
:102C1000829F2227B00DA11D621F739FB00DA11DC1
:102C2000621F839FA00D611D221F749F3327A00D7B
:102C3000611D231F849F600D211D822F762F6A2F17
:102C400011249F5750408AF0E1F088234AF0EE0F9C
:102C5000FF1FBB1F661F771F881F91505040A9F7A9
:102C60009E3F510570F0B0C2FAC25F3FECF3983E50
:102C7000DCF3869577956795B795F795E7959F5F10
:102C8000C1F7FE2B880F911D9695879597F90895AA
:102C90002F923F924F925F926F927F928F929F926C
:102CA000AF92BF92CF92DF92EF92FF920F931F935A
:102CB000CF93DF9300D000D000D01F921F92CDB7EA
:102CC000DEB77C013B018A01FC01178216828381F9
:102CD00081FFD0C1CE0101965C01F7019381F30120
:102CE00093FD859193FF81913F01882309F449C1A8
:102CF000853239F493FD859193FF81913F018532AF
:102D000021F4B70190E0D2D1E8CF912C212C312CC5
:102D1000FFE1F31538F08B3211F190F4803209F1B4
:102D2000833229F137FC3CC020ED280F2A3050F5C2
:102D300036FE20C08AE0989E200D1124922E06C0F7
:102D40008D3291F0803371F7689430F8F30193FD80
:102D5000859193FF81913F018111DACF21C0689461
:102D600031F8689432F8F2CF689433F8EFCF689472
:102D700034F8ECCFEAE02E9E200D1124222E689428
:102D800035F8E4CF8E3229F436FCFBC0689436F86F
:102D9000DDCF8C3619F4689437F8D8CF8836B1F285
:102DA000982F9F7D95549330D8F0833691F18337D7
:102DB000B1F1833509F05EC02801F2E04F0E511CDD
:102DC000F801C080D180692D70E036FC02C06FEF41
:102DD0007FEFC60155D14C01689437F882010AC0D3
:102DE0000C5F1F4FFFE3F98388248394912C6501C6
:102DF000E89437F833FE2AC0522C8114910459F517
:102E0000552009F46ACFB70180E290E04FD15A947F
:102E1000F7CFF801808189830E5F1F4FE5CF28012E
:102E2000F2E04F0E511CF801C080D180692D70E096
:102E300036FC02C06FEF7FEFC6012DD14C0182013D
:102E4000D7CFB70180E290E031D12A942814190439
:102E500009F0B8F7D1CFF60137FC859137FE8191A3
:102E60006F01B70190E022D151105A94F1E08F1A0E
:102E70009108C3CF843619F0893609F073C0F80180
:102E800037FE67C060817181828193810C5F1F4F23
:102E9000F32DFF763F2E97FF09C090958095709592
:102EA00061957F4F8F4F9F4F689437F82AE030E04D
:102EB000A5012CD1C82ECA188C2C432C36FE0CC070
:102EC000E89440F8C91440F434FE05C032FC03C055
:102ED000F32DFE7E4F2E892C44FEA6C0FE01EC0D84
:102EE000F11D8081803309F098C0242D297E422E67
:102EF000842D8870582E43FCA5C040FE9FC09C2C9A
:102F0000821418F42C0C922C981844FEA1C0B7011E
:102F100080E390E0CBD042FE08C088E790E041FE1D
:102F200002C088E590E0B701C1D0C91408F49CC084
:102F3000CA94D12C9FEFC91AD90ACA0CDB1CF6011E
:102F400082916F01B70190E0B1D0AC14BD04B9F724
:102F500057CF60817181072E000C880B990B0E5F93
:102F60001F4F96CFD32CE894D4F82AE030E0853771
:102F7000E1F1232D297FD22E8F36A9F1F0F4883587
:102F800051F1F701868197812B960FB6F894DEBF39
:102F90000FBECDBFDF91CF911F910F91FF90EF90AA
:102FA000DF90CF90BF90AF909F908F907F906F9069
:102FB0005F904F903F902F900895803749F0883769
:102FC00001F7D4FE02C06894D2F820E130E00DC0D1
:102FD0006894D4F8F6CF34FE03C0822F8660D82ED2
:102FE00020E132E002C028E030E0F801D7FE0EC058
:102FF00060817181828193810C5F1F4FA50186D012
:10300000C82ECA183D2CE89437F856CF60817181DC
:1030100090E080E00E5F1F4FF1CF42FC02C083942E
:1030200067CF8394839464CF842D867809F460CF2E
:10303000F6CFB70180E290E039D083948214C8F3D0
:10304000512C63CF522C5818821408F45ECFF8CF5D
:10305000842D867809F469CF8BE241FE80E247FC3B
:103060008DE2B70190E060CFB70180E390E01ED021
:103070009A945BCF8FEF9FEF87CF9927882708958A
:10308000FC010590615070400110D8F78095909533
:103090008E0F9F1F0895FC01615070400190011038
:1030A000D8F7809590958E0F9F1F08950F931F93CB
:1030B000CF93DF93182F092FEB018B8181FD09C07E
:1030C0001FEF0FEF812F902FDF91CF911F910F9165
:1030D000089582FF14C02E813F818C819D81281725
:1030E00039073CF4E881F981CF01019699838883FF
:1030F00010838E819F8101969F838E83E3CFE88525
:10310000F985812F1995892BA1F3DACFFA01AA2726
:10311000283051F1203181F1E8946F936E7F6E5F1A
:103120007F4F8F4F9F4FAF4FB1E03ED0B4E03CD0C8
:10313000670F781F891F9A1FA11D680F791F8A1FAB
:10314000911DA11D6A0F711D811D911DA11D20D012
:1031500009F468943F912AE0269F11243019305DCC
:103160003193DEF6CF010895462F4770405D4193BD
:10317000B3E00FD0C9F7F6CF462F4F70405D4A330A
:1031800018F0495D31FD4052419302D0A9F7EACFD2
:10319000B4E0A6959795879577956795BA95C9F701
:1031A00000976105710508959B01AC010A2E0694F4
:1031B0005795479537952795BA95C9F7620F731FAD
:1031C000841F951FA01D089597F99F6780E870E000
:1031D00060E008959FEF80EC089500240A9416168D
:1031E000170618060906089500240A9412161306F5
:1031F000140605060895092E0394000C11F4882383
:1032000052F0BB0F40F4BF2B11F460FF04C06F5F9E
:103210007F4F8F4F9F4F089557FD9058440F551F74
:1032200059F05F3F71F04795880F97FB991F61F048
:103230009F3F79F087950895121613061406551FBF
:10324000F2CF4695F1DF08C0161617061806991F2B
:10325000F1CF86957105610508940895E894BB2720
:1032600066277727CB0197F90895F999FECF92BD8C
:1032700081BDF89A992780B50895262FF999FECF38
:103280001FBA92BD81BD20BD0FB6F894FA9AF99A83
:103290000FBE01960895DB018F939F9349D0BF9194
:1032A000AF91A29F800D911DA39F900DB29F900D95
:1032B00011240895A1E21A2EAA1BBB1BFD010DC00B
:1032C000AA1FBB1FEE1FFF1FA217B307E407F507D6
:1032D00020F0A21BB30BE40BF50B661F771F881FB2
:1032E000991F1A9469F760957095809590959B0148
:1032F000AC01BD01CF010895052E97FB16F4009493
:103300000FD057FD05D0D6DF07FC02D046F408C029
:1033100050954095309521953F4F4F4F5F4F089501
:1033200090958095709561957F4F8F4F9F4F089531
:103330000FD0A59F900DB49F900DA49F800D911D5F
:1033400011240895B7FFF4CFF3DF821B930B089588
:10335000A29FB001B39FC001A39F700D811D1124D6
:10336000911DB29F700D811D1124911D089587FB41
:10337000082E062687FD819567FD619534D00EF4F1
:10338000919507FC81950895AA1BBB1B51E107C0CD
:10339000AA1FBB1FA617B70710F0A61BB70B881FE5
:1033A000991F5A95A9F780959095BC01CD01089574
:1033B00097FB072E16F4009406D077FD08D0E4DFC3
:1033C00007FC05D03EF4909581959F4F0895709528
:1033D00061957F4F0895EE0FFF1F881F8BBF0790E9
:1033E000F691E02D1994991B79E004C0991F961766
:1033F00008F0961B881F7A95C9F780950895505854
:10340000BB27AA270ED0F7CEE8DE30F0EDDE20F0A5
:1034100031F49F3F11F41EF4DDCE0EF4E095E7FB8E
:10342000D3CEE92FF9DE80F3BA176207730784075A
:10343000950718F071F49EF511CF0EF4E0950B2E60
:10344000BA2FA02D0B01B90190010C01CA01A001F6
:103450001124FF27591B99F0593F50F4503E68F151
:103460001A16F040A22F232F342F4427585FF3CF92
:10347000469537952795A795F0405395C9F77EF463
:103480001F16BA0B620B730B840BBAF09150A1F0AC
:10349000FF0FBB1F661F771F881FC2F70EC0BA0F32
:1034A000621F731F841F48F4879577956795B795BA
:1034B000F7959E3F08F0B3CF9395880F08F09927B2
:1034C000EE0F97958795089588DE58F080E891E093
:1034D00009F49EEF89DE28F040E851E059F45EEFF0
:1034E00009C078CEBBCEE92FE07896DE68F3092ECE
:1034F000052AC1F3261737074807590738F00E2E5B
:1035000007F8E02569F0E025E0640AC0EF6307F8FA
:10351000009407FADB01B9019D01DC01CA01AD018C
:10352000EF9359D068DE0AD05F91552331F02BED2F
:103530003FE049E450FD49EC63CF0895DF93DD2778
:10354000B92FBF7740E85FE31616170648075B07F9
:1035500010F4D92F7FD19F938F937F936F9345D290
:10356000E4EEF0E0FED047DE2F913F914F915F9166
:1035700038DBDD2349F09058A2EA2AED3FE049EC20
:103580005FE3D0785D274DDFDF9135CE48D180F005
:103590009F3740F491110EF462CE60E070E080E855
:1035A0009FE3089526F01B16611D711D811DB0C09B
:1035B000CAC0FDD0E39522C10CD01DCE15DE40F06F
:1035C0000CDE30F021F45F3F19F0FECD511147CEF3
:1035D00001CE22DE98F39923C9F35523B1F3951B4D
:1035E000550BBB27AA2762177307840738F09F5F24
:1035F0005F4F220F331F441FAA1FA9F333D00E2E93
:103600003AF0E0E830D091505040E695001CCAF7FF
:1036100029D0FE2F27D0660F771F881FBB1F2617C4
:1036200037074807AB07B0E809F0BB0B802DBF0197
:10363000FF2793585F4F2AF09E3F510568F0C4CD95
:103640000ECE5F3FECF3983EDCF386957795679559
:10365000B795F7959F5FC9F7880F911D9695879548
:1036600097F90895E1E0660F771F881FBB1F621767
:1036700073078407BA0720F0621B730B840BBA0B25
:10368000EE1F88F7E095089504D06894B111E7CD56
:103690000895CADD88F09F5790F0B92F9927B75148
:1036A000A0F0D1F0660F771F881F991F1AF0BA9506
:1036B000C9F712C0B13081F0D1DDB1E00895CECDAF
:1036C000672F782F8827B85F39F0B93FCCF38695FC
:1036D00077956795B395D9F73EF490958095709559
:1036E00061957F4F8F4F9F4F089599D080F09F37FE
:1036F00040F491110EF0B3CD60E070E080E89FEBF4
:10370000089526F41B16611D711D811D01C01BC08B
:10371000882371F4772321F09850872B762F07C0E8
:10372000662311F499270DC09051862B70E060E05C
:103730002AF09A95660F771F881FDAF7880F9695FB
:10374000879597F908959F3F31F0915020F4879520
:1037500077956795B795880F911D9695879597F9F9
:103760000895DF93CF931F930F93FF92EF92DF9211
:103770007B018C01689405C0DA2EEF0132DAFE017C
:10378000E894A5912591359145915591AEF3EF01BE
:1037900048DEFE019701A801DA9479F7DF90EF90F7
:1037A000FF900F911F91CF91DF91089513CD3CDDD4
:1037B000E8F3E894E0E0BB279F57F0F02AED3FE004
:1037C00049EC06C0EE0FBB0F661F771F881F28F05D
:1037D000B23A62077307840728F0B25A620B730B80
:1037E000840BE3959A9572F7803830F49A95BB0F65
:1037F000661F771F881FD2F79048A7CFEF93E0FF8F
:1038000006C0A2EA2AED3FE049EC5FEB0ADEF3DCFA
:103810000F90039401FC9058E1E1F1E025C104DD33
:10382000A0F0BEE7B91788F4BB279F3860F41616DE
:10383000B11D672F782F8827985FF7CF86957795EA
:103840006795B11D93959639C8F308959AD908F4F0
:103850008FEF08959B01AC0160E070E080E89FE38A
:10386000ABCEE2DC58F19E5758F19851A0F0E9F048
:10387000983020F5092E9927660F771F881F991F0A
:103880000A94D1F712C0062E672F782F8827985FE9
:1038900011F4000C07C0993FB4F3869577956795AE
:1038A0009395D9F7611D711D811D3EF4909580950A
:1038B000709561957F4F8F4F9F4F08956894CFCC3F
:1038C000CDCCFA01EE0FFF1F30962105310599F19D
:1038D0006115710561F48038BFE39B0749F1689475
:1038E0009038810561F08038BFEF9B0741F0992344
:1038F00042F5FF3FE1053105210511F1E8940894F7
:10390000E795D901AA2329F4AB2FBE2FF85FD0F396
:1039100010C0FF5F70F4A695E0F7F73950F019F08A
:10392000FF3A38F49F779F930CD00F9007FC905884
:1039300008953EF04FCC60E070E080E89FE308958A
:103940004FE79F775F934F933F932F93D9D02F915A
:103950003F914F915F9139D954C09F9328DF0F90C9
:1039600007FCEE5F4BCF11F40EF434CCECCE5CDCF4
:10397000D0F39923D9F3CEF39F57550B87FF6DD022
:103980000024A0E640EA900180585695979528F4C7
:10399000805C660F771F881F20F0261737074807BF
:1039A00030F4621B730B840B202931294A2BA69516
:1039B00017940794202531254A2758F7660F771F5B
:1039C000881F20F026173707480730F4620B730B67
:1039D000840B200D311D411DA09581F7B901842F65
:1039E0009158880F9695879508959B01AC01EDC875
:1039F000C8D8880B990B089519F40EF0E5CB2ECC9E
:103A0000E9CB12DCC8F39638C0F707F80F92E894B8
:103A10002BE33AEA48EB5FE7E6D80F920F920F925A
:103A20004DB75EB70F92ADD0EFE2F1E09ADE4F9165
:103A30005F91EF91FF91E595EE1FFF1F49F0FE5753
:103A4000E0684427EE0F441FFA95E1F74195550BC6
:103A50001ED00F9007FEFECE089591505040660F85
:103A6000771F881FD2F708959F938F937F936F934B
:103A7000FF93EF939B01AC01A8D8EF91FF9171DE0A
:103A80002F913F914F915F91A0C89ECB5CCECCDB34
:103A9000E8F39923D9F3940F511DBBF39150504093
:103AA00094F059F0882332F0660F771F881F9150E9
:103AB0005040C1F79E3F510544F7880F911D9695E0
:103AC000879597F908955F3FACF0983E9CF0BB272F
:103AD000869577956795B79508F4B1609395C1F78A
:103AE000BB0F58F711F460FFE8CF6F5F7F4F8F4F28
:103AF0009F4FE3CFB4CB0EF026CE6CCB689464CB53
:103B000093DBC8F39923D1F3C6F3DF93CF931F93CD
:103B10000F93FF92C92FDD2788232AF02197660F84
:103B2000771F881FDAF720E030E040E85FEB9FE383
:103B3000883920F0803E30F021968F7761DCE7E510
:103B4000F1E003C05DDCE4E8F1E00BDE8B01BE01D7
:103B5000EC01FB2E6F5771097595771F880B990B38
:103B60000F94861528E132E741E35FE33AD8AF2DA1
:103B70009801AE01FF900F911F91CF91DF9151DC21
:103B80003ACBFA01DC01AA0FBB1F9B01AC01BF5766
:103B900028F422273327442750781FC0B75188F4D0
:103BA000AB2F0024469537952795011CA395D2F39A
:103BB000002069F0220F331F441FB395DAF30DD0B4
:103BC0001ECC61307105A0E88A07B94630F49B012C
:103BD000AC016627772788279078309621F02083DC
:103BE00031834283538308959111089581548A51FA
:103BF00008F4805E855A0895FB01DC0104C08D91B4
:103C00000190801921F441505040C8F7881B990B4E
:103C10000895FB01DC0102C001900D92415050401B
:103C2000D8F70895DC0101C06D9341505040E0F792
:103C30000895FB01DC018D9181341CF08B350CF46F
:103C4000805E619161341CF06B350CF4605E861B04
:103C5000611189F3990B0895FC018191861721F078
:103C60008823D9F7992708953197CF010895FB014B
:103C7000DC0101900D920020E1F70895FB01DC01C9
:103C80004150504030F08D910190801919F400207E
:103C9000B9F7881B990B0895FB01DC014150504096
:103CA00048F001900D920020C9F701C01D924150CB
:103CB0005040E0F70895FC0181E090E00190061685
:103CC00009F4CF010020D1F70197089512E2CCE268
:103CD000D2E200E005C0802FFE017DDB2196011DB0
:0E3CE000CD32D10780E00807B1F7F894FFCF8E
:103CEE00104000000080280564007F2900026BE26E
:103CFE00FFFF0196000000803F6400640064000036
:103D0E0000803F0000803FFFFFFFFFFFFF08010024
:103D1E0080B3435555854201FFFFFFFF3FFF3F0034
:103D2E00000000FF3FFF3F00000000FF3F000016B5
:103D3E0043010100000040C2000040C1000000002D
:103D4E00008093430080934300808943020302FA6C
:103D5E0000CDCCCC3DD2000D01C0D401000000003E
:103D6E000000000000000000000000000000000045
:103D7E000000000000000000000000000000000035
:103D8E000000000000000000000000000000000025
:103D9E000000000000000000000000000000000015
:103DAE000000000000000000000000000000000005
:103DBE0000000000000000000000000000000000F5
:103DCE0000FF0000000000000000000000000000E6
:103DDE0000000000000000000000000000000000D5
:103DEE0000000000000000000000000000000000C5
:103DFE0000000000000000000000000000000000B5
:103E0E0000000000000000000000000000000000A4
:103E1E000000000000000000000000000000000094
:103E2E00000000FF00000000000000000000000085
:103E3E000000000000000000000000000000000074
:103E4E000000000000000000000000000000000064
:103E5E000000000000000000000000000000000054
:103E6E000000000000000000000000000000000044
:103E7E000000000000000000000000000000000034
:103E8E000000000000FF0000000000000000000025
:103E9E000000000000000000000000000000000014
:103EAE000000000000000000000000000000000004
:103EBE0000000000000000000000000000000000F4
:103ECE0000000000000000000000000000000000E4
:103EDE0000000000000000000000000000000000D4
:103EEE0000000000000000FF000040C2000040C1C2
:103EFE000000000000000000003C1C46003C1C4678
:103F0E00003C1C46003C1C460080774400807744F1
:103F1E000080774400807744D82CFF38440000009E
:103F2E000000470048000000000000010101585940
:103F3E005A45000100FF0100FF0002020000A042EE
:103F4E000000A042000020410000C0400000C07FE1
:103F5E000000C07F0000C07FFF003C000100004059
:103F6E00400000344200000000000000000000008D
:103F7E0000000050410000000000000041640000FD
:103F8E0000640000000300000064000000640000F4
:103F9E00000300000003000000030000001E0000EC
:103FAE00001E000000FA00FA00E128CD28BD28A965
:103FBE002856383800FFFF20209F369F360A050608
:103FCE002E010008002000400080000001000400C7
:103FDE00000000A18A718BC3894F8AAB89CB884DB3
:103FEE0089B0885F8A6B89E58568866786000000E0
:103FFE0000B12C95E1D123678658595A004552528B
:02400E000000B0
:00000001FF
