:100000000C942D220C946D220C946D220C946D2274
:100010000C946D220C946D220C946D220C946D2224
:100020000C946D220C946D220C946D220C946D2214
:100030000C946D220C9492E90C946D220C946D2218
:100040000C946D220C942E990C946D220C946D22BC
:100050000C946D220C9471920C946D220C9448E9CE
:100060000C946D220C94C36A0C94B96A0C946D22A2
:100070000C946D220C946D220C946D220C946D22C4
:100080000C946D220C946D220C946D220C946D22B4
:100090000C946D220C946D220C946D220C946D22A4
:1000A0000C946D220C946D220C946D220C946D2294
:1000B0000C946D220C946D220C946D220C946D2284
:1000C0000C946D220C946D220C946D220C946D2274
:1000D0000C946D220C946D220C946D220C946D2264
:1000E0000C946D22084AD73B3BCE016E84BCBFFD09
:1000F000C12F3D6C74319ABD56833DDA3D00C77FF8
:1001000011BED9E4BB4C3E916BAAAABE0000008090
:100110003F05A84CCDB2D44EB93836A9020C50B91F
:10012000918688083CA6AAAA2ABE000000803F0744
:10013000634236B79BD8A71A39685618AEBAAB5582
:100140008C1D3CB7CC5763BD6DEDFD753EF6177247
:1001500031BF000000803F08000000BE9224491219
:100160003EABAAAA2ABECDCCCC4C3E00000080BE3D
:10017000ABAAAAAA3E00000000BF000000803F001A
:1001800000000000084178D3BB4387D1133D190E0E
:100190003CC3BD4282AD2B3E68EC8276BED98FE176
:1001A000A93E4C80EFFFBE01C4FF7F3F000000006E
:1001B00000000D94250F0D9434054E414E494E49D3
:1001C0005459494E46CDCCCC3D0AD7233C17B7D124
:1001D0003877CC2B329595E6241FB14F0A000020CA
:1001E000410000C84200401C4620BCBE4CCA1B0E49
:1001F0005AAEC59D74434F4D4D554E4943415449E8
:100200004F4E0044525952554E004552524F525390
:1002100000494E464F004543484F001FE020102341
:1002200010249010A011202210241037B008400490
:100230008003001FE0201021102310152011202121
:1002400010211031300840048003001FE03FF03CD3
:10025000F03B701F601EE03DF03BF038700FC007B0
:100260008003001FE03FF03EF03CF01AE01EE03E4D
:10027000F03EF03EF00FC0078003004572726F72CF
:100280002077726974696E6720746F2045455052FB
:100290004F4D210A00506F72206661766F722C20DC
:1002A0007265696E6963696500494D505245534FE7
:1002B000524120444554454E4944410025533A207B
:1002C0002553004D5545525441005072696E746576
:1002D000722068616C7465642E206B696C6C2829CF
:1002E0002063616C6C6564210A00006563686F3A85
:1002F000004572726F723A0020440020204D323067
:100300003020540020204D3230302053002028442B
:10031000697361626C6564293A0046696C616D6558
:100320006E742073657474696E67730020204D329B
:1003300030312058004D617820416363656C6572EF
:100340006174696F6E2028756E6974732F7332291A
:100350000020204D3230332058004D6178206665F2
:10036000656472617465732028756E6974732F7388
:10037000290020520020204D3230342050004163AB
:1003800063656C65726174696F6E2028756E69743F
:10039000732F7332292028503C7072696E742D615E
:1003A0006363656C3E20523C726574726163742DA8
:1003B000616363656C3E20543C74726176656C2D9C
:1003C000616363656C3E29002054002053002020A7
:1003D0004D323035204200416476616E63656420A1
:1003E00028423C6D696E5F7365676D656E745F74FE
:1003F000696D655F75733E20533C6D696E5F666520
:100400006564726174653E20543C6D696E5F747200
:100410006176656C5F66656564726174653E2058DF
:100420003C6D61785F6A65726B3E20593C6D617806
:100430005F6A65726B3E205A3C6D61785F6A6572D7
:100440006B3E20453C6D61785F6A65726B3E2900AA
:1004500020204D32313700546F6F6C2D6368616E10
:1004600067696E670020204D323138205400486F94
:1004700074656E64206F6666736574730020440053
:1004800020490020204D333031205000486F7465E2
:100490006E6420504944002058004F4646004F4E9D
:1004A0000020204D61783A2000200020204D696E08
:1004B0003A2000203B200020204D323131205300D3
:1004C000536F667420656E6473746F7073003B20A5
:1004D0000020496E76616C69642065787472756479
:1004E0006572200047322F473320626164207061BB
:1004F00072616D65746572730A005265706F736F17
:100500002E2E2E0050756C73617220706172612006
:100510005265616E756461720053696E206D6F760D
:10052000696D69656E746F00456E642066696C65FF
:10053000206C6973740A00426567696E2066696C95
:1005400065206C6973740A004E6F206D6564696183
:100550000A00286E6F2066696C6529004375727207
:10056000656E742066696C653A20004E6F74205386
:1005700044207072696E74696E670A00534420707B
:1005800072696E74696E67206279746520002E0A44
:100590000044656C6574696F6E206661696C6564A2
:1005A0002C2046696C653A200046696C65206465BC
:1005B0006C657465643A005072696E742074696D7C
:1005C000653A20000A53746174733A2046696C617D
:1005D0006D656E7420757365643A20002C204C6F35
:1005E0006E67657374206A6F623A2000546F74619D
:1005F0006C2074696D653A200053746174733A20FD
:10060000002C204661696C65643A20002C20466904
:100610006E69736865643A20005072696E74733A4B
:10062000200053746174733A20006F6B006F66662C
:1006300000160211020A020302F501444542554721
:100640003A004D313133205300534952495553201C
:100650003330302049444558204F46462E002F2F36
:10066000004D31343520533C696E6465783E206F0F
:100670007574206F662072616E67652028302D3199
:10068000290A00250A0046523A0020466C6F773A44
:100690002000496E76616C696420657874727564B7
:1006A00065720A0064697300656E0043290A00617F
:1006B000626C656420286D696E2074656D70200021
:1006C000436F6C6420657874727564657320617221
:1006D0006520004F726967656E202573205072692E
:1006E0006D2E00486F6D6520257320466972737406
:1006F00000446573666173652061706C6963616451
:1007000061004D494E2F4D415820546F6F20466176
:100710007200546F6F206661722066726F6D204D9B
:10072000494E2F4D41580A00454550524F4D204FDC
:100730004B0A0073706563696679696E6720445877
:10074000435F4D4952524F5245445F4D4F44452EF1
:100750000A005072696E746572206D757374206240
:100760006520696E204458435F4455504C494341CD
:1007700054494F4E5F4D4F4445207072696F72204F
:10078000746F200A00446F6E65207072696E746920
:100790006E672066696C650A004D3737004D33314E
:1007A000004163746976652045787472756465727A
:1007B0003A200020204D323036205800486F6D65B9
:1007C000206F6666736574004361703A00434F4E54
:1007D0004649475F4558504F5254004D454154508B
:1007E00041434B00434F4F4C45525F54454D50459C
:1007F000524154555245004348414D4245525F5481
:10080000454D50455241545552450042414259537D
:1008100054455050494E470041524353004D4F54A8
:10082000494F4E5F4D4F44455300544845524D414A
:100830004C5F50524F54454354494F4E0045585415
:10084000454E4445445F4D323000435553544F4D5F
:100850005F4649524D574152455F55504C4F4144B8
:10086000004C464E5F5752495445004C4F4E475F2F
:1008700046494C454E414D45004155544F52455017
:100880004F52545F53445F535441545553005344A3
:100890005F575249544500524550454154004D550B
:1008A0004C54495F564F4C554D45005344434152BB
:1008B000440050524F4D50545F535550504F525476
:1008C00000484F53545F414354494F4E5F434F4D8F
:1008D0004D414E445300454D455247454E43595FA7
:1008E00050415253455200434153455F4C4947489C
:1008F000545F4252494748544E45535300544F4762
:10090000474C455F4C494748545300534F46545752
:100910004152455F504F574552004255494C445F44
:1009200050455243454E54004C4556454C494E4760
:100930005F44415441005A5F50524F424500525566
:100940004E4F5554004155544F4C4556454C005060
:1009500052494E545F4A4F420050524F47524553FE
:1009600053004155544F5245504F52545F54454DDA
:1009700050004155544F5245504F52545F504F53C1
:1009800000564F4C554D4554524943004545505231
:100990004F4D0042494E4152595F46494C455F54C4
:1009A00052414E534645520053455249414C5F58BF
:1009B0004F4E5F584F4646004649524D57415245AB
:1009C0005F4E414D453A4D61726C696E20322E3159
:1009D0002E322E38202853657020203320323032BA
:1009E000362032333A34353A34352920534F555274
:1009F00043455F434F44455F55524C3A67697468BD
:100A000075622E636F6D2F4D61726C696E466972EF
:100A10006D776172652F4D61726C696E2050524F17
:100A2000544F434F4C5F56455253494F4E3A312E27
:100A300030204D414348494E455F545950453A5343
:100A400049524955532033303020494445582045B8
:100A5000585452554445525F434F554E543A3220F4
:100A6000555549443A63656465326132662D3431C7
:100A700061322D343734382D396231322D633535BA
:100A8000633632663336376666002569730025693A
:100A90006D20256973002569682025696D20256909
:100AA0007300256964202569682025696D20256902
:100AB00073002569792025696420256968202569E6
:100AC0006D202569730020573A00456E6672696192
:100AD0006E646F2E2E2E004525632025530020576F
:100AE0003A00456E667269616E646F2043616D61A4
:100AF0002E2E2E0043616C656E74616E646F204310
:100B0000616D612E2E2E0023646566696E6520443A
:100B1000454641554C545F004B4420004B49200052
:100B20004B5020002066696E69736865642120500F
:100B3000757420746865206C617374204B702C2070
:100B40004B6920616E64204B6420636F6E73746127
:100B50006E74732066726F6D2062656C6F772069AA
:100B60006E746F20436F6E66696775726174696F2A
:100B70006E2E680A00504944204175746F74756E7A
:100B80006500206661696C6564212074696D656F1C
:100B900075740A00504944204175746F74756E6510
:100BA00000206661696C6564212054656D70657212
:100BB000617475726520746F6F20686967680A00D8
:100BC000504944204175746F74756E6500504944F6
:100BD000204379636C65730025532025692F2569AF
:100BE00000204B643A2000204B693A2000204B70D3
:100BF0003A200020436C617373696320504944209C
:100C00000A002054753A2000204B753A2000206DD0
:100C100061783A2000206D696E3A200020643A2005
:100C20000020626961733A200043616C656E7461F3
:100C30006E646F2E2E2E002073746172740A005041
:100C40004944204175746F74756E65002066616952
:100C50006C6564212054656D706572617475726590
:100C600020746F6F20686967680A0050494420410A
:100C700075746F74756E6500504944204175746FCA
:100C80002D616A75737465003F28432979636C652B
:100C900073206E6F7420706C61757369626C65206F
:100CA000283E3D33292E0A00206661696C65642167
:100CB00020426164206865617465722069640A007D
:100CC000504944204175746F74756E6500457272A9
:100CD0003A207574663820666F6E74206E6F7420CB
:100CE000696E697469616C697A65642E0045727217
:100CF0003A207574663820666F6E74206E6F7420AB
:100D0000696E697469616C697A65642E00457272F6
:100D10003A207574663820666F6E74206E6F74208A
:100D2000696E697469616C697A65642E00200020BF
:100D30000020003A003A002568753A25303268757F
:100D40000025303268753A2530326875002530321A
:100D50006875272530326875002568756420253050
:100D60003268753A25303268750043616D61005212
:100D70006563696E746F0045002000250020202007
:100D800020202020002020202000657272003302E5
:100D90001B0263024B023FFFF038007030FC302032
:100DA000FC102078102030102C00D02E31D02F7B5A
:100DB000D02F7BD02E31D02C00D0203010207810B6
:100DC00020FC1030FC303800703FFFF03FFFF0385F
:100DD00000703186302387102787902F87D02F030C
:100DE000D02030102078102078102030102F03D021
:100DF0002F87D02787902387103186303800703FA7
:100E0000FFF01FFFF81FFFF804104002082002083F
:100E1000200410400820801041001041000820806C
:100E20000410400000001FFFF81FFFF8496D7072AA
:100E3000657369C3B36E2063616E63656C616461E1
:100E4000004D32350050617573696E672E2E2E008D
:100E50004D3234003F0049676E6F7265005265691C
:100E60006E696369617200496E696369616C697A70
:100E7000617220454550524F4D004469C3A16D65D4
:100E800074726F2046696C2E202A004469C3A16DDC
:100E90006574726F2046696C2E004520656E206D6A
:100EA0006DC2B300200820466163746F7200200891
:100EB000204D6178002008204D696E004170670068
:100EC000456E630054656D702E204175746F6D2EF4
:100ED0000056656C2E207669616A65206D696E002A
:100EE000566D696E004D61782040205370656564D1
:100EF000004163656C2E206D617845004163656C2F
:100F00002E206D617840004163656C2E205669612A
:100F10006A65004163656C2E207265747261632E90
:100F2000004163656C6572616369C3B36E004D61B6
:100F3000782040204A65726B0040207061736F73A7
:100F40002F6D6D00416A7573746573206176616EF3
:100F50007A61646F73003F0043616E63656C617218
:100F600000496E6963696172004D34323800496E20
:100F7000696369616C697A617220454550524F4DD1
:100F80000046696C616D656E746F0054656D7065C7
:100F9000726174757261005061736F732F6D6D00B3
:100FA0004A65726B00416363656C6572616369C316
:100FB000B36E004D61782056656C6F63696461643F
:100FC00000416A757374617220646573666173654C
:100FD0007300436F6E6669677572616369C3B36E50
:100FE0000041756D656E746172205A0032C2AA208C
:100FF0004675736F722040004475706C696361744C
:101000006520582D47617000436F6E74726F6C20BD
:10101000546F74616C004D36303553300A473238A6
:101020005800436F706961205265666C656A61643F
:1010300061004D36303553310A54300A4D36303563
:1010400053320A47323820580A473158300A4D3651
:1010500030355333004D36303553310A54300A475A
:1010600032380A4D36303553320A473238580A473B
:101070003158300A4D3630355333004475706C6941
:10108000636172004D36303553310A54300A4D36A3
:10109000303553320A473238580A47315830004DFC
:1010A00036303553310A54300A4732380A4D36301B
:1010B0003553320A473238580A47315830004175A3
:1010C000746F2D417061726361646F004D3630350D
:1010D00053310A473238580A473158300043616D5E
:1010E0006100426F7175696C6C610056656E746960
:1010F0006C61646F7200436F6E66696775726163DD
:1011000069C3B36E00526573742E2066C3A1627208
:101110006963610043617267617220454550524FB7
:101120004D004775617264617220454550524F4DC4
:101130000050726563616C2E202420416A757374BF
:10114000650043616D626961722048657272616D0C
:1011500069656E7461004D6F646F204944455800A5
:10116000446573666173652048657272616D696577
:101170006E746100416A7573746573206176616E87
:101180007A61646F73004D656EC3BA207072696EC8
:10119000636970616C003E2000256C642E25696DCA
:1011A00000546F74616C20457874727569646F00C7
:1011B0003E2000496D7072657369C3B36E206DC3C4
:1011C000A173206C61726761003E20005469656DF7
:1011D000706F20746F74616C20646520696D702E6F
:1011E00000436F6D706C657461646173003A200038
:1011F000436F6E742E20646520696D70726573692B
:10120000C3B36E003A20003132300035004245440D
:101210003A204550434F53203130304B0032353067
:1012200000350045323A2041544320313034475490
:101230002D32005669672E20467567612054C3A978
:10124000726D2E3A204F4E0054656D702E204DC3A6
:10125000A178696D61003235300054656D702E20C3
:101260004DC3AD6E696D6100350045313A20415482
:10127000432031303447542D320000091200FC0A5B
:1012800001E803D720FFFD0EFD0BFD000000090063
:101290000E010B0B0904008080808080808000009C
:1012A000808004040409030790909090080A0A09BA
:1012B0000000242424FF2424FF242424070B0B09EA
:1012C00001FF107C929050381412927C10070A0A89
:1012D00009010042A4A4481010244A4A84070A0ABB
:1012E0000901006090909060629488946201040407
:1012F00009040780808080030C0C0903FF20404014
:10130000808080808080404020030C0C0903FF8097
:10131000404020202020202040408007070709016E
:101320000310925438549210070707090101101056
:1013300010FE1010100204040904FEC0C040800713
:101340000101090104FE020202090400C0C0070AEB
:101350000A09010002040408101020404080070A16
:101360000A09010038448282828282824438070A54
:101370000A090100103050901010101010FE070ADA
:101380000A090100384482020408102040FE070ABE
:101390000A090100FE020408180402028478070A00
:1013A0000A090100040C14244484FE040404070AFE
:1013B0000A090100FE808080F80402028478070A8E
:1013C0000A0901003C408080B8C482824438070A80
:1013D0000A090100FE020404080810101010070A90
:1013E0000A09010038448244384482824438070A9A
:1013F0000A09010038448282463A02020478020750
:1014000007090400C0C0000000C0C00209090904A7
:10141000FEC0C0000000C0C04080050909090200EC
:10142000081020408040201008070404090102FE33
:101430000000FE0509090902008040201008102064
:101440004080070A0A09010038448202040810108B
:101450000010070A0A09010038449AAAAAAAAA9CFD
:10146000403C070A0A09010010282828447C4482CD
:101470008282070A0A090100F8848284F884828241
:1014800084F8070A0A0901003C428080808080803D
:10149000423C070A0A090100F88482828282828221
:1014A00084F8070A0A090100FE808080F8808080A5
:1014B00080FE070A0A090100FE808080F880808093
:1014C0008080070A0A09010038448280808E828267
:1014D0004438070A0A09010082828282FE828282DF
:1014E0008282050A0A090200F820202020202020FC
:1014F00020F8070A0A0901003E08080808080888B9
:101500008870070A0A09010082848890A0D0888424
:101510008282070A0A0901008080808080808080A2
:1015200080FE070A0A0901008282C6AA928282828C
:101530008282070A0A0901008282C2A2928A8682F6
:101540008282070A0A0901007C8282828282828268
:10155000827C070A0A090100F884828284F880806C
:101560008080080B0B0901FF384482828282828AC4
:10157000443A01070A0A090100F884828284F8903B
:10158000888482070A0A0901007C8280807C02022A
:1015900002827C070A0A090100FE101010101010C8
:1015A000101010070A0A0901008282828282828258
:1015B000824438070A0A090100828282444444288E
:1015C000282810070A0A09010082828282929292D8
:1015D00092AA44070A0A09010082824428101028AE
:1015E000448282070A0A09010082824428101010EE
:1015F000101010070A0A090100FE0204081020401A
:101600008080FE040C0C0903FFF0808080808080C5
:1016100080808080F0070A0A090100804040201085
:101620001008040402040C0C0902FFF01010101042
:10163000101010101010F0070404090106102844BF
:10164000820801010900FFFF03030309030A804028
:10165000200707070901007C02027E82867A070ABA
:101660000A090100808080BCC2828282C2BC070756
:10167000070901007C82808080827C070A0A0901B8
:10168000000202027A86828282867A0707070901AF
:10169000007C8282FE80827C070A0A0901001C22EB
:1016A000222020F820202020070A0A0901FD7A8440
:1016B000848478807C82827C070A0A090100808009
:1016C00080BCC28282828282050A0A09020060000E
:1016D00000E02020202020F8050D0D0902FD180053
:1016E0000038080808080808888870070A0A0901ED
:1016F00000808080848890B0C88482050A0A09022C
:1017000000E02020202020202020F80707070901E2
:1017100000EC929292929282070707090100BCC2E4
:1017200082828282820707070901007C828282828C
:10173000827C070A0A0901FDB8C4828282C4B8808B
:101740008080070A0A0901FD3A46828282463A02EF
:1017500002020707070901009C624240404040071F
:1017600007070901007C82807C02827C0709090945
:1017700001002020FC20202020221C07070709014F
:10178000008282828282867A0707070901008282AC
:101790004444282810070707090100828292929288
:1017A000AA44070707090100824428102844820739
:1017B0000A0A0901FD4242242424181810906007E7
:1017C0000707090100FE0408102040FE060B0B0964
:1017D00002001C20202020C0202020201C010C0CF6
:1017E0000904FF80808080808080808080808006E7
:1017F0000B0B090100E0101010100C10101010E07D
:1018000007030309010762928CFFFFFFFFFFFFFF41
:10181000FFFFFFFFFFFFFFFFFFFFFFFFFFFFFFFFD8
:10182000FFFFFFFFFFFFFFFFFFFF00000009000EAB
:10183000010B0B0904008080000080808080808084
:101840008006080809010008789490A0A478400751
:101850000A0A0901001C222020F8202060A25C074F
:101860000606090103827C44447C82070A0A0901B6
:1018700000828244287C107C101010010B0B09049C
:10188000FF8080808080008080808080040B0B0936
:1018900002FF609080609090906010906003020260
:1018A00009030BA0A00809090900013C4299A5A160
:1018B000A599423C050707090103609070907800E4
:1018C000F8070808090101122448909048241206DC
:1018D0000404090102FC040404050101090204F8DE
:1018E0000809090900013C42B9A5BDA9A5423C0669
:1018F0000101090109FC04040409030660909060D9
:10190000070909090101101010FE10101000FE0453
:1019100006060901046090106080F00406060901C3
:101920000460902010906003030309030A204080A4
:101930000709090901FE8282828282C6BA80800775
:101940000A0A0901007E8A8A8A7A0A0A0A0A0A02AF
:101950000202090404C0C00403030902FD209060D0
:1019600003060609010440C0404040E005060609A0
:1019700001047088887000F8070808090101904880
:10198000241212244890070A0A09010040C040406E
:1019900042E60A121A06070A0A09010040C040403E
:1019A0004CF2020C101E070A0A0901006090201078
:1019B00092660A121A06070A0A090100100010109E
:1019C00020408082827C070E0E0901002010080052
:1019D00010282828447C44828282070E0E090100C8
:1019E0000810200010282828447C44828282070E98
:1019F0000E0901001028440010282828447C448245
:101A00008282070D0D09010034580010282828444F
:101A10007C44828282070D0D0901002828001028CD
:101A20002828447C44828282070E0E090100102877
:101A3000281010282828447C44828282070A0A0938
:101A400001001E2828284E784888888E070D0D0929
:101A500001FD3C42808080808080423C0824180741
:101A60000E0E09010020100800FE808080F88080A2
:101A70008080FE070E0E09010008102000FE808005
:101A800080F880808080FE070E0E09010010284437
:101A900000FE808080F880808080FE070D0D0901A7
:101AA00000282800FE808080F880808080FE050E5F
:101AB0000E09020040201000F820202020202020C5
:101AC00020F8050E0E09020010204000F82020200A
:101AD0002020202020F8050E0E090200205088004A
:101AE000F82020202020202020F8050D0D090200DC
:101AF000505000F82020202020202020F8070A0A3B
:101B000009010078444242F24242424478070D0DF6
:101B10000901003458008282C2A2928A868282829F
:101B2000070E0E090100201008007C82828282824A
:101B30008282827C070E0E090100081020007C8240
:101B4000828282828282827C070E0E090100102826
:101B500044007C82828282828282827C070D0D090F
:101B600001003458007C82828282828282827C07D9
:101B70000D0D0901002828007C82828282828282E7
:101B8000827C070707090101824428102844820744
:101B90000C0C0901FF027C868A8A9292A2A2C27C66
:101BA00080070E0E090100201008008282828282C6
:101BB0008282824438070E0E09010008102000823C
:101BC000828282828282824438070E0E09010010CE
:101BD00028440082828282828282824438070D0DEC
:101BE000090100282800828282828282828244380F
:101BF000070E0E09010008102000828244281010F0
:101C000010101010070A0A0901008080FC828282ED
:101C1000FC808080060A0A09010038444448D04804
:101C200044444458070B0B090100201008007C02B3
:101C3000027E82867A070B0B090100081020007CC7
:101C400002027E82867A070B0B09010010284400ED
:101C50007C02027E82867A070A0A09010034580053
:101C60007C02027E82867A070A0A0901002828007F
:101C70007C02027E82867A070C0C0901001028285B
:101C800010007C02027E82867A0707070901006C39
:101C900012127E90926C070A0A0901FD7C828080F4
:101CA00080827C104830070B0B09010020100800CF
:101CB0007C8282FE80827C070B0B090100081020C9
:101CC000007C8282FE80827C070B0B0901001028B9
:101CD00044007C8282FE80827C070A0A0901002877
:101CE00028007C8282FE80827C050C0C0902008028
:101CF00040200000E02020202020F8050C0C0902E4
:101D0000001020400000E02020202020F8050C0CCE
:101D10000902002050880000E02020202020F80543
:101D20000B0B09020050500000E02020202020F87A
:101D3000070B0B090100483050083C448282824462
:101D400038070A0A090100345800BCC28282828224
:101D500082070B0B090100201008007C828282821E
:101D6000827C070B0B090100081020007C82828214
:101D700082827C070B0B090100102844007C8282C0
:101D80008282827C070A0A0901003458007C828220
:101D90008282827C070A0A0901002828007C82824C
:101DA0008282827C07090909010010381000FE00B8
:101DB0001038100709090901FF027C8A8A92A2A241
:101DC0007C80070B0B090100402010008282828278
:101DD00082867A070B0B090100081020008282829C
:101DE0008282867A070B0B09010010284400828248
:101DF000828282867A070A0A0901002828008282E4
:101E0000828282867A070E0E0901FD0408100042C4
:101E1000422424241818109060070B0B0901FE803F
:101E200080B8C4828282C4B88080070D0D0901FD8C
:101E300024240042422424241818109060000C0F1F
:101E400000FE07022503BB01FFFE0AFE08FE05088F
:101E50000806000040F0C888889878100508080631
:101E60000000C0F88888888888F805050506000104
:101E70002030F830200508080600002070F82020E7
:101E80002020E00509090600FF2070A8A8B888886E
:101E90007020070505070001D86C366CD8050909C4
:101EA0000600FFF8A88888888888A8F8050A0A0626
:101EB00000FE205050505088A8A8887003030306E5
:101EC000000340A040FFFFFFFFFFFFFFFFFFFFFFFA
:101ED000FFFFFFFFFFFFFFFFFFFFFF000000060502
:101EE000FF010707060200808080808000800303D6
:101EF00003060105A0A0A005060606000050F85044
:101F000050F8500509090600FF2070A8A07028A805
:101F10007020050707060000C8C8102040989805E3
:101F2000070706000040A0A040A890680103030630
:101F300002058080800309090601FF20404080805F
:101F4000804040200309090601FF804040202020F6
:101F500040408005070706000020A8702070A820D8
:101F60000505050600012020F820200203030601D4
:101F7000FFC04080050101060003F80202020601CD
:101F800000C0C00507070600000810102040408070
:101F9000050707060000708898A8C888700307071F
:101FA00006010040C040404040E005070706000031
:101FB000708808102040F8050707060000F8081090
:101FC0003008887005070706000010305090F810A0
:101FD00010050707060000F880F00808887005075C
:101FE00007060000304080F088887005070706006B
:101FF00000F8081010202020050707060000708850
:10200000887088887005070706000070888878083F
:102010001060020505060100C0C000C0C00206062F
:102020000601FFC0C000C040800305050601012075
:1020300040804020050303060002F800F803050570
:1020400006010180402040800507070600007088D7
:1020500010202000200507070600007088B8A8B8E7
:102060008070050707060000708888F88888880552
:102070000707060000F04848704848F005070706C3
:10208000000070888080808870050707060000F0D7
:102090004848484848F0050707060000F88080F0E7
:1020A0008080F8050707060000F88080F0808080B7
:1020B000050707060000708880809888700507076C
:1020C000060000888888F8888888030707060100CA
:1020D000E04040404040E00507070600003810108F
:1020E000101090600507070600008890A0C0A0901F
:1020F00088050707060000808080808080F805073B
:102100000706000088D8A888888888050707060081
:10211000008888C8A8988888050707060000708886
:102120008888888870050707060000F08888F08096
:10213000808005070706000070888888A8906805D9
:102140000707060000F08888F0A0908805070706BA
:10215000000070888070088870050707060000F886
:102160002020202020200507070600008888888876
:1021700088887005070706000088888888505020E6
:1021800005070706000088888888A8A85005070763
:102190000600008888502050888805070706000040
:1021A00088885020202020050707060000F8081026
:1021B000204080F80309090601FFE08080808080CC
:1021C0008080E005070706000080404020101008CE
:1021D0000309090601FFE020202020202020E0053F
:1021E00003030600052050880501010600FEF803E0
:1021F0000303060105804020050505060000700860
:102200007888780507070600008080F0888888F0C5
:102210000505050600007080808870050707060028
:102220000008087888888878050505060000708809
:10223000F08070050707060000304840E04040404D
:102240000507070600FE708888887808700507076C
:102250000600008080F08888888803070706010050
:102260004000C0404040E00409090601FE10003073
:1022700010101010906005070706000080808890FD
:10228000E09088030707060100C04040404040E05E
:10229000050505060000D0A8A8A8A80505050600A4
:1022A00000B0C88888880505050600007088888801
:1022B000700507070600FEF0888888F08080050713
:1022C000070600FE78888888780808050505060056
:1022D00000B0C88080800505050600007880700881
:1022E000F00507070600002020F82020201805052B
:1022F000050600008888889868050505060000889E
:10230000888850200505050600008888A8A8500583
:10231000050506000088502050880507070600FEC6
:1023200088888850204080050505060000F81020A8
:1023300040F80309090601FF20404040804040402A
:10234000200109090602FF808080808080808080D3
:102350000309090601FF80404040204040408005BD
:10236000030306000248A890FFFFFFFFFFFFFFFFE7
:10237000FFFFFFFFFFFFFFFFFFFFFFFFFFFFFFFF6D
:10238000FFFFFFFFFFFFFFFFFF0000000605FF014B
:10239000070706020080008080808080050707060E
:1023A00000FF2070A8A0A8702005070706000030D5
:1023B0004840E04048B0050505060000A850885098
:1023C000A80507070600008850F820F8202001071C
:1023D00007060200808080008080800408080601D3
:1023E0000070806090906010E0030101060107A07A
:1023F0000607070600007884B4A4B48478030505B2
:1024000006010460A06000E00505050600002850F4
:10241000A05028050303060001F80808030101067F
:102420000103E00607070600007884B4A4A48478BA
:10243000050101060007F8040404060105609090F8
:10244000600507070600002020F8202000F803059B
:102450000506010440A02040E0030505060104C074
:10246000204020C003030306010520408005070724
:102470000600FE88888898E8808005080806000025
:1024800078E8E8E868282828020202060203C0C0AB
:102490000302020601FE20C003050506010440C038
:1024A0004040E003050506010540A04000E00505A9
:1024B00005060000A0502850A0050A0A06000040AA
:1024C000C048506050B0507810050A0A060000401D
:1024D000C048506050A8081038050A0A060000C01D
:1024E000204830E050B05078100507070600002063
:1024F000002020408870050A0A0600004020007075
:102500008888F8888888050A0A060000102000706C
:102510008888F8888888050A0A060000205000701C
:102520008888F8888888050A0A06000068B0007064
:102530008888F88888880509090600005000708896
:1025400088F8888888050A0A0600002050207088CC
:1025500088F888888805070706000078A0A0F0A002
:10256000A0B80509090600FE708880808088701078
:1025700060050A0A060000402000F88080F0808094
:10258000F8050A0A060000102000F88080F080801C
:10259000F8050A0A060000205000F88080F08080CC
:1025A000F80509090600005000F88080F08080F8E6
:1025B000030A0A060100804000E04040404040E03D
:1025C000030A0A060100204000E04040404040E08D
:1025D000030A0A06010040A000E04040404040E0FD
:1025E000030909060100A000E04040404040E0052A
:1025F0000707060000704848E8484870050A0A06C0
:10260000000068B0008888C8A8988888050A0A066B
:10261000000040200070888888888870050A0A06B3
:10262000000010200070888888888870050A0A06D3
:10263000000020500070888888888870050A0A0683
:10264000000068B0007088888888887005090906CD
:10265000000050007088888888887005050506008D
:102660000188502050880509090600FF087098A8C5
:10267000A8A8C87080050A0A0600004020008888C3
:102680008888888870050A0A06000010200088885B
:102690008888888870050A0A06000020500088880B
:1026A0008888888870050909060000500088888895
:1026B00088888870050A0A06000010200088885063
:1026C0002020202004070706010080E0909090E081
:1026D00080050707060000708890A09088B0050864
:1026E0000806000040200070087888780508080671
:1026F000000010200070087888780508080600009F
:10270000205000700878887805080806000068B036
:1027100000700878887805070706000050007008E8
:10272000788878050808060000205020700878880E
:1027300078050505060000702870A07805070706D3
:1027400000FE708880887010600508080600004050
:1027500020007088F0807005080806000010200036
:102760007088F0807005080806000020500070880E
:10277000F0807005070706000050007088F0807038
:10278000030808060100804000C0404040E0030804
:1027900008060100204000C0404040E00308080651
:1027A000010040A000C0404040E0030707060100D0
:1027B000A000C0404040E00509090600005020503C
:1027C00008788888887005080806000068B000B09E
:1027D000C88888880508080600004020007088889E
:1027E000887005080806000010200070888888702E
:1027F00005080806000020500070888888700508C9
:102800000806000068B00070888888700507070611
:1028100000005000708888887005050506000120BA
:1028200000F800200505050600007898A8C8F00506
:10283000080806000040200088888888700508087D
:1028400006000010200088888888700508080600A7
:10285000002050008888888870050707060000500F
:10286000008888888870050A0A0600FE1020008803
:102870008888502040800509090600FE8080F08885
:102880008888F080800509090600FE500088888845
:102890005020408041425300504C41004572723AF2
:1028A00020454550524F4D20436F72727570740031
:1028B0004572723A20454550524F4D2043524300D5
:1028C0004572723A20454550524F4D2054616D611A
:1028D000C3B16F004572723A205665727369C3B313
:1028E0006E20454550524F4D00462E20416C696D7B
:1028F000656E742E0047656E657269630050726F75
:10290000746F636F6C6F00312E30004261756469C3
:102910006F73003131353230300052756D626100B5
:102920004578747275736F7265730032006D6172F1
:102930006C696E66772E6F72670053495249555322
:1029400020333030204944455800323032362D3063
:10295000362D323400322E312E322E38004D617237
:102960006C696E004573746164C3AD7374696361AF
:102970007320496D702E005465726D6973746F72A7
:10298000657300496E666F2E20436F6E74726F6CB4
:1029900061646F7200496E666F2E20496D707265BA
:1029A000736F7261004D656EC3BA207072696E6399
:1029B0006970616C003F00417472C3A17300506183
:1029C0007261720053442F4644206E6F207072650E
:1029D00073656E746500496D7072696D2E20646553
:1029E0007364652053442F46440043616D626961FE
:1029F000722053442F4644004D323100496E666FB9
:102A00002E20496D707265736F726100436F6E6640
:102A100069677572616369C3B36E0054656D7065F3
:102A2000726174757261004D6F76696D69656E745F
:102A30006F005265616E7564617220696D707265B8
:102A40007369C3B36E00416A757374617200446543
:102A500074656E657220696D7072657369C3B36E5B
:102A60000050617573617220696D7072657369C31E
:102A7000B36E0050616E74616C6C612064652049B6
:102A80006E662E003F00496E696369617220696D50
:102A90007072657369C3B36E0043616E63656C6188
:102AA0007200496D7072696D69720043616E6E6F7C
:102AB0007420656E746572207375626469723A2061
:102AC0000002202E2E004D656EC3BA207072696E12
:102AD000636970616C004D6F76657220246D6D00C6
:102AE000302E303235004D6F76657220302E316DCC
:102AF0006D004D6F76657220316D6D004D6F76659E
:102B0000722031306D6D002100486F74656E642055
:102B10006D7579206672696F00417472C3A173008C
:102B200050726F6365646572004578747275736F77
:102B300072202A004578747275736F720053656C49
:102B4000656363696F6E6172202A005431005430EE
:102B5000004D6F7665722040004D6F76696D696536
:102B60006E746F00417061676172206D6F746F7277
:102B70006573004D3834004732385A0047323859AF
:102B800000486F6D6520400047323858004C6C6536
:102B900076617220616C206F726967656E004732E2
:102BA00038004D6F76657220656A6573004D656EFD
:102BB000C3BA207072696E636970616C005072658F
:102BC00063616C2E20242043616D61005072656347
:102BD000616C2E202420546F646F00507265636115
:102BE0006C2E2024204675736F72207E0050726513
:102BF00063616C2E2024207E0054656D70657261C7
:102C0000747572610098289428456E6672696172C5
:102C10000050726563616C2E20240056656E7469E5
:102C20006C61646F720043616D6100426F71756920
:102C30006C6C61207E004D656EC3BA207072696E47
:102C4000636970616C004D6963726F7061736F20AE
:102C500058004D6963726F7061736F2059004D6940
:102C600063726F7061736F205A004D6963726F7089
:102C700061736F204000466C756A6F207E00466C61
:102C8000756A6F0056656E74696C61646F7200439B
:102C9000616D6100426F7175696C6C61207E0056D8
:102CA000656C6F6369646164004D656EC3BA2070C2
:102CB00072696E636970616C0049722061206F7285
:102CC0006967656E2046616C6C61646F006F70654A
:102CD0006E00545249474745524544003A20007A15
:102CE0005F6D696E00795F6D696E00785F6D617808
:102CF00000785F6D696E005265706F7274696E67FF
:102D000020656E6473746F70207374617475730AD8
:102D10000020746F6F206C6F6E6720657874727519
:102D200073696F6E2070726576656E7465640A00F3
:102D300020636F6C6420657874727573696F6E20A0
:102D400070726576656E7465640A00000040C200AA
:102D50000040C1000000005761726E696E673A2042
:102D6000486F6D696E672042756D702044697669A1
:102D7000736F72203C20310A000404020080AB43D0
:102D8000008099430080894300004040000040409B
:102D90000000004020746F6F206C6F6E67206578B4
:102DA00074727573696F6E2070726576656E746586
:102DB000640A0020636F6C642065787472757369AF
:102DC0006F6E2070726576656E7465640A00536577
:102DD0007474696E67732053746F72656400290A96
:102DE000002062797465733B206372632000536531
:102DF0007474696E67732053746F72656420280061
:102E000048617264636F6465642044656661756CD3
:102E1000742053657474696E6773204C6F616465C8
:102E2000640020286D6D29002046002042002048C3
:102E30000020204D3134352053004D617465726996
:102E4000616C2068656174757020706172616D6578
:102E5000746572730020204D3134392043203B20AB
:102E6000556E69747320696E2043656C7369757360
:102E70000A0054656D706572617475726520556ED7
:102E8000697473002020473231203B004C696E6525
:102E9000617220556E69747300454550524F4D2044
:102EA0006461746173697A65206572726F722E0A4B
:102EB00000202863616C63756C6174656429210A64
:102EC0000020213D2000454550524F4D20435243A4
:102ED000206D69736D61746368202D202873746F91
:102EE000726564292000454550524F4D20436F7252
:102EF000727570740A002053697A653A2000496E31
:102F00006465783A2000290A002062797465733B71
:102F10002063726320002073746F72656420736590
:102F20007474696E6773207265747269657665641E
:102F300020280000007A4300001643000070410082
:102F400000A0424861A0424861A0420000C843007E
:102F500000C042D00700008403000064000000109D
:102F6000270000204D61726C696E3D563838290A81
:102F700000454550524F4D2076657273696F6E2043
:102F80006D69736D617463682028454550524F4DDB
:102F90003D0020436F756E7420583A0000014532A1
:102FA0000043616D61004531004500626564002C9D
:102FB0002073797374656D2073746F70706564210C
:102FC000204865617465725F49443A200045727219
:102FD0003A54454D502E204DC38158004D41585410
:102FE000454D50207472696767657265640043617E
:102FF0006C656E742E2066616C6C69646F00486548
:103000006174696E67206661696C656400200140C7
:103010000130013B01400136016001310170012C9A
:103020000190012701B0012201C0011D01F001182A
:10303000011002130130020E016002090190020426
:1030400001C002FF000003FA004003F5008003F016
:1030500000D003EB002004E6007004E100E004DC93
:10306000004005D700C005D2004006CD00D006C8FC
:10307000008007C3003008BE00F008B900C009B4E2
:1030800000B00AAF00B00BAA00D00CA500000EA043
:1030900000500F9B00C01096005012910000148C3D
:1030A00000C0158700B0178200B0197D00D01B78D2
:1030B00000001E730040206E0090226900F024641E
:1030C0000040275F0090295A00E02B5500102E5039
:1030D0000020304B0010324600E033410090353C78
:1030E000001037370070383200A0392D00B03A2870
:1030F00000A03B2300603C1E00103D1900903D14D1
:1031000000103E0F00703E0A00C03E0500003F0068
:1031100000403FFBFF803FF6FFC03FF1FF4572726A
:103120003A54454D502E204D494E004D494E544580
:103130004D50207472696767657265640046554733
:10314000412054C389524D49434100546865726D12
:10315000616C2052756E6177617900202F002040EC
:10316000002042403A0020403A00496E76616C6986
:10317000642065787472756465720A0041637469CD
:1031800076652045787472756465723A200000098E
:10319000121B242D363F48415A536C657E77191017
:1031A0000B023D342F265158434A757C676E323BE3
:1031B0002029161F040D7A7368615E574C452B2237
:1031C00039300F061D14636A7178474E555C646D83
:1031D000767F4049525B2C253E3708011A137D74D7
:1031E0006F6659504B42353C272E1118030A565F23
:1031F000444D727B60691E170C053A3328214F46F7
:103200005D546B627970070E151C232A31384148D2
:10321000535A656C777E09001B122D243F36585196
:103220004A437C756E671019020B343D262F737A62
:103230006168575E454C3B3229201F160D046A63B6
:1032400078714E475C55222B3039060F141D252C02
:10325000373E0108131A6D647F7649405B523C3556
:103260002E2718110A03747D666F5059424B171EA2
:10327000050C333A21285F564D447B7269600E0776
:103280001C152A233831464F545D626B707900005B
:103290002110422063308440A550C660E770088149
:1032A00029914AA16BB18CC1ADD1CEE1EFF13112C0
:1032B000100273325222B5529442F772D662399399
:1032C00018837BB35AA3BDD39CC3FFF3DEE3622410
:1032D000433420040114E664C774A44485546AA5E9
:1032E0004BB528850995EEE5CFF5ACC58DD55336A0
:1032F000722611163006D776F6669556B4465BB739
:103300007AA719973887DFF7FEE79DD7BCC7C4486F
:10331000E5588668A7784008611802282338CCC988
:10332000EDD98EE9AFF9488969990AA92BB9F55AFF
:10333000D44AB77A966A711A500A333A122AFDDBD8
:10334000DCCBBFFB9EEB799B588B3BBB1AABA66CCF
:10335000877CE44CC55C222C033C600C411CAEED28
:103360008FFDECCDCDDD2AAD0BBD688D499D977EDF
:10337000B66ED55EF44E133E322E511E700E9FFF78
:10338000BEEFDDDFFCCF1BBF3AAF599F788F88912E
:10339000A981CAB1EBA10CD12DC14EF16FE1801012
:1033A000A100C230E3200450254046706760B98315
:1033B0009893FBA3DAB33DC31CD37FE35EF3B10262
:1033C0009012F322D2323542145277625672EAB525
:1033D000CBA5A89589856EF54FE52CD50DC5E234B2
:1033E000C324A01481046674476424540544DBA7F5
:1033F000FAB79987B8975FE77EF71DC73CD7D32602
:10340000F2369106B01657667676154634564CD984
:103410006DC90EF92FE9C899E9898AB9ABA9445851
:10342000654806782768C018E1088238A3287DCB54
:103430005CDB3FEB1EFBF98BD89BBBAB9ABB754AA1
:10344000545A376A167AF10AD01AB32A923A2EFDE4
:103450000FED6CDD4DCDAABD8BADE89DC98D267CF1
:10346000076C645C454CA23C832CE01CC10C1FEF34
:103470003EFF5DCF7CDF9BAFBABFD98FF89F176E41
:10348000367E554E745E932EB23ED10EF01E7C3CBD
:103490003E5E2B3D3F2F5B5D3B2C2A225C0046614C
:1034A0006C6C6F20616C20696E6963696172205376
:1034B000442F46440053442063617264206F6B0ABA
:1034C000006F70656E526F6F74206661696C656421
:1034D0000A00766F6C756D652E696E697420666181
:1034E000696C65640A004E6F205344206361726406
:1034F0000A00534420636172642072656C656173D5
:1035000065640A000A4D3234004D323320257300C1
:103510002E0A006F70656E206661696C65642C20F0
:1035200046696C653A200046696C652073656C6578
:10353000637465640A002053697A653A200046691D
:103540006C65206F70656E65643A2000454E4420BE
:10355000535542524F5554494E450A002220706F30
:1035600073002220706172656E743A2200535542D6
:10357000524F5554494E452043414C4C2074617282
:103580006765743A2200446573626F7264616D69A5
:10359000656E746F206465207375626C6C616D611B
:1035A0006461004578636565646564206D617820B9
:1035B000535542524F5554494E45206465707468C6
:1035C0003A0057726974696E6720746F2066696C7F
:1035D000653A2000667265736800646F696E670003
:1035E0002066696C653A20004E6F7720002F617568
:1035F000746F25632E6700026D61726C696E667769
:103600002E6F726700322E312E322E38001FFFFFD0
:10361000FFFFFFFF600000000001FF40000000000E
:1036200000FF8000000000007F83CF00000C303FCF
:1036300087FF80000C301F867980000C000F8C30D3
:10364000C7838C30E78C30CFC7CC31F38C30DCECC7
:10365000EC33B98C30D86C6C33198C30D06C0C33A3
:10366000198C30D86C0C33198C30DC6C0E3B198CF7
:1036700030CF7C079F198C30C77C038F1940000026
:1036800000000002600000000000061FFFFFFFFFB7
:10369000FFF81000C90210012C0140012201700145
:1036A0001801B0010E01F00104015002FA00B0024D
:1036B000F0003003E600D003DC009004D200700577
:1036C000C800A006BE000008B400B009AA00D00BD4
:1036D000A000600E960060118C0000158200201979
:1036E0007800C01D6E00A0226400B0275A00902C04
:1036F000500000314600E0343C0010383200903A6F
:103700002800603C1E00A03D1400803E0A00203FBF
:1037100000002020506C616E6E65724275666665B1
:103720007242797465733A20002046726565204DB7
:10373000656D6F72793A200020436F6D70696C651A
:10374000643A2053657020203320323032360A002C
:10375000204C61737420557064617465643A203242
:103760003032362D30362D3234207C20417574684D
:103770006F723A20534952495553203330307833D1
:1037800030302049444558202D206F646F736C669B
:10379000202D204D61726C696E20322E312E322E1A
:1037A000380A004D61726C696E20322E312E322E35
:1037B000380A0020536F6674776172652052657312
:1037C00065740A00205761746368646F67205265EE
:1037D0007365740A002042726F776E206F757420D3
:1037E00052657365740A002045787465726E616C69
:1037F0002052657365740A00506F77657255700AC0
:103800000073746172740A004D31303031006F6B97
:10381000006572726F722077726974696E672074C6
:103820006F2066696C650A00446F6E65207361766F
:10383000696E672066696C652E0A00456E64737454
:103840006F70730025532025632025632025632096
:10385000256300656E6473746F7073206869743AD1
:10386000200000000A0B02090C0D0E0807030401DA
:103870000000000000000000000000000000000048
:103880000000000000000000000000000000121115
:103890001000000000000000000000000000000018
:1038A000000000000000000024F404D9201BC40C18
:1038B0005C0E9804C4095F0265077101F405F90004
:1038C000FB04B30048048700C10369005803550096
:1038D00003034500BE023A008402310053022A006D
:1038E0002902250004022000E4011C00C80119007F
:1038F000AF0117009801140084011300710110003A
:103900006101100051010E0043010D0036010B0052
:103910002B010B0020010B00150109000C0109000F
:1039200003010800FB000800F3000800EB0007009B
:10393000E4000600DE000600D8000600D200060003
:10394000CC000500C7000500C2000500BD00040052
:10395000B9000400B5000400B1000400AD0004008B
:10396000A9000400A5000300A20003009F000400BA
:103970009B000300980003009500020093000300E1
:10398000900003008D0002008B00030088000200FD
:103990008600020084000300810002007F00020014
:1039A0007D0002007B000200790002007700010028
:1039B0007600020074000200720001007100020033
:1039C0006F0002006D0001006C0002006A0001003F
:1039D0006900020067000100660001006500010047
:1039E000640002006200010061000100600001004B
:1039F0005F0002005D0001005C0001005B0001004F
:103A00005A00010059000100580001005700010050
:103A10005600010055000100540001005300000051
:103A2000530001005200010051000100500001004C
:103A30004F0001004E0000004E0001004D0001004B
:103A40004C0001004B0000004B0001004A00010047
:103A50004900010048000000480001004700010043
:103A6000460000004600010045000000450001003E
:103A70004400010043000000430001004200000038
:103A8000420001004100000041000100400001002F
:103A90003F0000003F0001003E0000003E0001002A
:103AA0003D0000003D0001003C0000003C00000023
:103AB0003C0001003B0000003B0001003A00000018
:103AC0003A00010039000000390001003800000010
:103AD0003800000038000100370000003700010006
:103AE00036000000360000003600010035000000FE
:103AF00035000000350001003400000034000000F3
:103B000034000100330000003300000033000100E6
:103B100032000000320000003200010031000000DD
:103B200031000000310001003000000030000000D2
:103B3000300001002F0000002F0000002F000000C7
:103B40002F0001002E0000002E0000002E000100BA
:103B50002D0000002D0000002D0000002D000100B0
:103B60002C0000002C0000002C0000002C000100A4
:103B70002B0000002B0000002B0000002B00010098
:103B80002A0000002A0000002A0000002A0001008C
:103B90002900000029000000290000002900000081
:103BA0002900010028000000280000002800000073
:103BB0002800000028000100270000002700000066
:103BC0002700000027000000270001002600000059
:103BD000260000002600000026000000260001004C
:103BE0002500000025000000250000002500000041
:103BF0002500000025000100240000002400000032
:103C00002400000024000000240001002300000024
:103C10002300000023000000230000002300000018
:103C20002300000023000100220000002200000009
:103C300022000000220000002200000022000100FB
:103C400021000000210000002100000021000000F0
:103C500021000000210000002100010020000000E0
:103C600020000000200000002000000020000000D4
:103C70002000000020000000200001001F000000C4
:103C80001F0000001F0000001F0000001F000000B8
:103C90001F0000001F0001001E0000001E000000A9
:103CA0001E0000001E00000024F4D43050C38E20FB
:103CB000C2A24017828B7011127A910D816CD90AC1
:103CC000A861E108C7586607615143061E4B5D05B0
:103CD000C145A7041A411104093D98037139310304
:103CE0004036DB0265339102D4305402802E1D022F
:103CF000632CEE01752AC501B028A00110278101AF
:103D00008F2564012B244B01E0223401AC211F01DB
:103D10008D200D01801FFC00841EED00971DDF002B
:103D2000B81CD200E61BC600201BBC00641AB200FF
:103D3000B219A8000A19A0006A189900D1179100B9
:103D400040178B00B516840031167E00B31579003C
:103D50003A157300C7146F0058146A00EE1366001A
:103D60008813630025135E00C7125B006C125700B6
:103D700015125400C111510070114F0021114B0058
:103D8000D61049008D104700461044000210420032
:103D9000C00F4000800F3E00420F3C00060F3B006A
:103DA000CB0E3800930E37005C0E3500270E340022
:103DB000F30D3200C10D3100900D3000600D2E006A
:103DC000320D2D00050D2C00D90C2B00AE0C290056
:103DD000850C29005C0C2700350C27000E0C2600F2
:103DE000E80B2400C40B2400A00B23007D0B230050
:103DF0005A0B2100390B2100180B2000F80A1F0074
:103E0000D90A1E00BB0A1E009D0A1D00800A1D0063
:103E1000630A1C00470A1B002C0A1B00110A1A0027
:103E2000F7091A00DD091900C4091900AB091900C6
:103E3000920917007B091800630917004C09160046
:103E400036091600200916000A091500F5081500A4
:103E5000E0081400CC081400B8081400A4081400EA
:103E6000900813007D0812006B0813005808120018
:103E7000460812003408110023081100120811002E
:103E800001081100F0071000E0071000D007100033
:103E9000C0071000B0070F00A107100091070E0027
:103EA00083070F0074070F0065070E0057070E0009
:103EB00049070E003B070D002E070E0020070D00DE
:103EC00013070D0006070D00F9060C00ED060D00A6
:103ED000E0060C00D4060C00C8060C00BC060C0062
:103EE000B0060C00A4060B0099060C008D060B0012
:103EF00082060B0077060B006C060B0061060A00B9
:103F000057060B004C060A0042060A0038060A0053
:103F10002E060A0024060A001A060A0010060900E6
:103F200007060A00FD050900F4050900EB05090074
:103F3000E2050900D9050900D0050900C7050900F7
:103F4000BE050900B5050800AD050800A505090076
:103F50009C050800940508008C05080084050800ED
:103F60007C050800740508006C050700650508005D
:103F70005D050700560508004E05070047050700C8
:103F80004005080038050700310507002A0507002D
:103F9000230507001C050600160507000F0507008E
:103FA0000805060002050700FB040600F5040700EB
:103FB000EE040600E8040600E2040700DB04060045
:103FC000D5040600CF040600C9040600C304060099
:103FD000BD040600B7040600B1040500AC040600E9
:103FE000A6040600A00405009B0406009504050035
:103FF000900406008A04050085040500800406007C
:104000007A04050075040500700405006B040500C2
:1040100066040500610405005C0405005704050002
:10402000520405004D040500480405004304050042
:104030003E0404003A040500350405003004040081
:104040002C04050027040400230405001E040400BA
:104050001A04040016040500110404000D040400F1
:10406000090405000404040000040400FC03040027
:10407000F8030400F4030400F0030400EC0304005C
:10408000E8030400E4030400E0030400DC0304008C
:10409000D8030400D4030400D0030400CC030400BC
:1040A000C8030300C50303005D2E00006E2300005B
:1040B00013180000AF0E00003D080000630400006C
:1040C0004502000027010000200020002000FFFF23
:1040D000FF43616E6E6F74206F70656E2073756242
:1040E0006469722000220A00556E6B6E6F776E2035
:1040F000636F6D6D616E643A202200204500205A86
:104100000020590020204D3932205800537465702A
:10411000732070657220756E697400627573793AE8
:104120002070617573656420666F7220696E7075AA
:10413000740A00627573793A207061757365642042
:10414000666F7220757365720A00627573793A2022
:1041500070726F63657373696E670A0053442F460C
:104160004420726574697261646F0053442F464441
:1041700020696E7365727461646F004D3131322055
:1041800053687574646F776E00444554454E4944D6
:1041900041005072696E7465722073746F7070653F
:1041A000642064756520746F206572726F72732E5F
:1041B0002046697820746865206572726F7220618C
:1041C0006E6420757365204D39393920746F207203
:1041D0006573746172742E202854656D7065726108
:1041E000747572652069732072657365742E20532F
:1041F00065742069742061667465722072657374D9
:10420000617274696E67290A004E6F2043686563A6
:104210006B73756D2077697468206C696E65206EAC
:10422000756D6265722C204C617374204C696E65EB
:104230003A20004D3239004E6F20436865636B733E
:10424000756D2077697468206C696E65206E756D78
:104250006265722C204C617374204C696E653A2043
:1042600000636865636B73756D206D69736D617450
:1042700063682C204C617374204C696E653A200091
:104280004C696E65204E756D626572206973206E93
:104290006F74204C617374204C696E65204E756D8F
:1042A0006265722B312C204C617374204C696E65F1
:1042B0003A20004D3131300053657269616C2073D2
:1042C0007461747573206D69736D617463680A003D
:1042D00053442072656164206572726F720A004BEC
:1042E000494C4C20627574746F6E2F70696E0A00B1
:1042F0002121204B494C4C20636175736564206219
:10430000792000746F6F206D75636820696E61633A
:10431000746976652074696D65202D2063757272ED
:10432000656E7420636F6D6D616E643A20002121AB
:10433000204B494C4C206361757365642062792081
:10434000006F6B0A00526573656E643A20000000CE
:104350002200250028002B002E003100340002012D
:104360000000050108010B010000210024002700C6
:104370002A002D0030003300010100000401070174
:104380000A010505050507050808080802020202DA
:104390000A0A0808040404040101010101010101E1
:1043A0000303030303030303040707070C0C0C0CAC
:1043B0000C0C0C0C02020202060606060606060695
:1043C0000B0B0B0B0B0B0B0B010210202008081022
:1043D0002040102040800201020108040201010275
:1043E000040810204080804020100804020180044E
:1043F00002018040201008040201080402010102A9
:10440000040810204080010204081020408020454C
:104410003A00205A3A0020593A00583A005349527B
:10442000495553203330302049444558204C697356
:10443000746100496D7072696D69656E646F2E2ECE
:104440002E00496D7072657369C3B36E205061753B
:10445000736164610000DB00D90011241FBECFEF3F
:10446000D1E2DEBFCDBF00E00CBF84B78093EF1474
:1044700014BE0FB6F894A89580916000886180936F
:104480006000109260000FBE13E0A0E0B2E0EAE22C
:10449000F9E302E00BBF02C007900D92A639B10705
:1044A000D9F724E1A6E9B3E001C01D92AF3EB207FF
:1044B000E1F712E2CCE2D2E200E006C02197010966
:1044C000802FFE010F940918CB32D10780E0080736
:1044D000A9F70F94A6060D94841C0C940000CF93AA
:1044E000DF93EC01642F70E090E080E00F94A41360
:1044F00029EC38EC48EC5EE30F94FA1820E030E049
:1045000040E05FE30F941E180F9467196883DF91F2
:10451000CF910895E091FE0686E0E802F0011124B3
:10452000EB56FA4F8091E00690E0958384830895DE
:1045300080918507882369F08091CD068770873048
:1045400041F48EE99BE29093DD068093DC061092A5
:1045500085070895CF93DF93EC01CB01BA010F9447
:10456000A41320E030E048EC52E40F94FA182FE650
:1045700032E143E85AE30F941E18688379838A83F3
:104580009B83DF91CF910895CF93DF93EC01CB0113
:10459000BA010F94A41320E030E048EC52E40F94E9
:1045A000FA182FE632E143E85AE30F941E186883A5
:1045B00079838A839B83DF91CF910895CF93DF9393
:1045C000EC01CB01BA010F94A413688379838A8329
:1045D0009B83DF91CF910895CF93DF93EC01CB01C3
:1045E000BA010F94A413688379838A839B83DF9134
:1045F000CF910895CF93DF93EC01CB01BA010F94D3
:10460000A41320E030E048EC52E40F94FA182FE6AF
:1046100032E143E85AE30F941E18688379838A8352
:104620009B83DF91CF910895CF93DF93EC01CB0172
:10463000BA010F94A2132AE037ED43E25DE30F9431
:10464000FA180F946719688379838A839B83DF91B3
:10465000CF910895CF93DF93EC01CB01BA010F9472
:10466000A4132AE037ED43E25DE30F94FA18688360
:1046700079838A839B83DF91CF910895FC015183D5
:1046800040830895CF93DF93EC01CB01BA010F94DF
:10469000A41320E030E04AE754E40F94FA1827E12D
:1046A00037EB41ED58E30F941E18688379838A83B2
:1046B0009B83DF91CF910895FC01A081B1811C9271
:1046C000A281B3818C918F5F8C930280F381E02D66
:1046D00090818CE0989F800D1124E2E4F0E113AE0C
:1046E00084AF08955B9800C090910B0187FD909571
:1046F0009078909309015B9A00C000C05B9800C05D
:1047000090910B0186FD90959078909309015B9AAA
:1047100000C000C05B9800C090910B0185FD909592
:104720009078909309015B9A00C000C05B9800C02C
:1047300090910B0184FD90959078909309015B9A7C
:1047400000C000C05B9800C090910B0183FD909564
:104750009078909309015B9A00C000C05B9800C0FC
:1047600090910B0182FD90959078909309015B9A4E
:1047700000C000C05B9800C090910B0181FD909536
:104780009078909309015B9A00C000C05B9800C0CC
:1047900080910B018078809309015B9A00C000C072
:1047A000089590E080E00895CF93DF93C091D805FD
:1047B000D091D90581E0CE31D105E4F020E030E0A0
:1047C00040E05FE36091D4057091D5058091D605F6
:1047D0009091D7050F941E180F9462196C1B7D0BD6
:1047E00077FF03C071956195710981E063307105B0
:1047F0000CF080E0DF91CF91089590E080E0089583
:1048000020918010833021F425FD0CC024FD0CC0C4
:1048100030E0A90102C0559547958A95E2F7CA0193
:104820008170089581E0089580E008958091BB042F
:1048300084FD0BC08091BD0487FD07C09091BE042C
:10484000937081E019F480E0089581E008952FEBE2
:10485000280F2A3108F047C0E22FF0E08091BB0416
:104860009091BC04A091BD04B091BE0404C0B69563
:10487000A795979587952A95D2F780FD02C08170FC
:104880000895EF55FB4FE081EE2341F180919D07A4
:1048900090919E07E80FF92FF11D808190ED980F00
:1048A0009A3030F08E3251F4818180538A3098F4FE
:1048B000F093A004E0939F0481E008958D3211F0FD
:1048C0008B3249F4818190ED980F9A3088F38E32C3
:1048D00011F48281EACFF0E0E0E0EACF1092A00488
:1048E00010929F04E9CF80E00895B1DF882341F062
:1048F00081E020919F043091A004232B09F480E0F3
:1049000008952F923F924F925F926F927F928F9273
:104910009F92AF92BF92CF92DF92EF92FF920F934E
:104920001F93CF93DF93D62FC72FFC0180809180F8
:10493000A280B380C501B40120E831E541E050E038
:104940000F947817C9016DE671E00F94E2176B01BF
:104950007C01C501B40120E13EE040E050E00F944D
:104960007817CA01B90128E130E040E050E00F9427
:104970007817362E272E062F172F8CE3482E512C12
:10498000612C712CC501B401A30192010F94781719
:10499000B62EA72ECA01B901A30192010F94781770
:1049A000CB01C114D10479F1AF92BF927F936F9381
:1049B0002F923F92FF92EF92DF92CF9282EB9AE09A
:1049C0009F938F93CF93DF930F9437138DB79EB739
:1049D0000E960FB6F8949EBF0FBE8DBF8D2F9C2FE5
:1049E000DF91CF911F910F91FF90EF90DF90CF90CB
:1049F000BF90AF909F908F907F906F905F904F90FF
:104A00003F902F900895E114F104C9F0AF92BF9246
:104A10007F936F932F923F92FF92EF9282EA9AE0F8
:104A20009F938F93CF93DF930F943713EDB7FEB718
:104A30003C960FB6F894FEBF0FBEEDBFCFCF012B53
:104A4000B9F0AF92BF927F936F932F923F9286E916
:104A50009AE09F938F93CF93DF930F9437138DB783
:104A60009EB70A960FB6F8949EBF0FBE8DBFB6CF05
:104A7000892BA9F0AF92BF927F936F938EE89AE053
:104A80009F938F93CF93DF930F943713EDB7FEB7B8
:104A900038960FB6F894FEBF0FBEEDBF9FCFAF9212
:104AA000BF928AE89AE09F938F93CF93DF930F94FE
:104AB00037130F900F900F900F900F900F908ECF95
:104AC0008F929F92AF92BF92CF92DF92EF92FF921E
:104AD000CF936B017C0120E030E0A9010F949E137D
:104AE00087FF8BC06DEB77E386E095EBA70196011E
:104AF0000F941E184B015C0142E050E00E94AFC6CB
:104B00006B017C0120E030E040E251ECC501B401D2
:104B10000F949E13181654F420E030E048EC52E451
:104B2000C501B4010F94441A87FD6CC0C701B601DA
:104B300020E137E240E050E00F949A17CA01B90132
:104B40002AE030E040E050E00F949A17605DF7FEF5
:104B500009C0F094E094D094C094C11CD11CE11C15
:104B6000F11C6DE260935805C701B60128EE33E0F1
:104B700040E050E00F949A179AE0892E912CA12CD6
:104B8000B12CCA01B901A50194010F949A17605D77
:104B900060935905C701B60124E630E040E050E0DB
:104BA0000F949A17CA01B901A50194010F949A179D
:104BB000605D60935A058EE280935B05C701B60184
:104BC000A50194010F949A17C62FCA01B901A50136
:104BD00094010F949A17605D60935C05C05DC0936B
:104BE0005D0588E595E0CF91FF90EF90DF90CF9045
:104BF000BF90AF909F908F9008956DEB77E386E024
:104C000095E374CF20E030E0A901C501B4010F9411
:104C1000441A87FD0BC020E030E040E251E4C501BA
:104C2000B4010F949E1360E287FD1CC0C701B6015A
:104C300028EE33E040E050E00F949A17CA01B90122
:104C40002AE030E040E050E00F949A17605DF7FEF4
:104C500009C0F094E094D094C094C11CD11CE11C14
:104C6000F11C6DE260935905C701B60124E630E0FE
:104C700040E050E00F949A178AE0882E912CA12CE6
:104C8000B12CCA01B901A50194010F949A17605D76
:104C900060935A058EE280935B05C701B601A501BA
:104CA00094010F949A17C62FCA01B901A501940166
:104CB0000F949A17605D60935C05C05DC0935D05BD
:104CC00089E595E090CF0F94A41320E030E048EC04
:104CD00052E40F94FA182FE632E143E85AE30F94B6
:104CE0001E18EECE8F929F92AF92BF92CF92DF921C
:104CF000EF92FF92CF936B017C0120E030E0A9019D
:104D00000F949E1387FDC3C06DEB77E386E095E3B8
:104D1000A70196010F941E186B017C0120E030E082
:104D2000A9010F949E1387FF04C0F7FAF094F7F8D7
:104D3000F09442E050E0C701B6010E94AFC66B019B
:104D40007C0160E280E4C81682E4D8068FE0E806C1
:104D5000F1048CF0C701B60120E432E44FE050E0EA
:104D60000F949A17CA01B9012AE030E040E050E000
:104D70000F949A17605D6093560560E280EAC8164A
:104D800086E8D80681E0E806F1048CF0C701B60198
:104D900020EA36E841E050E00F949A17CA01B901C1
:104DA0002AE030E040E050E00F949A17605D609395
:104DB000570560E280E1C81687E2D806E104F104F5
:104DC0008CF0C701B60120E137E240E050E00F94DB
:104DD0009A17CA01B9012AE030E040E050E00F9490
:104DE0009A17605D6093580560E288EEC81683E00C
:104DF000D806E104F1048CF0C701B60128EE33E0D7
:104E000040E050E00F949A17CA01B9012AE030E05F
:104E100040E050E00F949A17605D60935905C70118
:104E2000B60124E630E040E050E00F949A178AE0A3
:104E3000882E912CA12CB12CCA01B901A501940195
:104E40000F949A17605D60935A058EE280935B051C
:104E5000C701B601A50194010F949A17C62FCA0184
:104E6000B901A50194010F949A17605D60935C05E8
:104E7000C05DC0935D0586E595E0CF91FF90EF9012
:104E8000DF90CF90BF90AF909F908F9008956DEB83
:104E900077E386E095EB3CCF0F94A41320E030E05D
:104EA00048EC52E40F94FA182FE632E143E85AE353
:104EB0000F941E1817CF8F929F92AF92BF92CF92EE
:104EC000DF92EF92FF92CF936B017C0120E030E004
:104ED000A9010F949E1387FD6AC06DEB77E386E00E
:104EE00095E3A70196010F941E1843E050E00E943D
:104EF000AFC66B017C01C114D104E104F10409F4D3
:104F00005BC0F7FE59C0F094E094D094C094C11CEB
:104F1000D11CE11CF11C8DE280935805C701B6013C
:104F200028EE33E040E050E00F949A178AE0882E94
:104F3000912CA12CB12CCA01B901A50194010F94A7
:104F40009A17605D609359058EE280935A05C701F8
:104F5000B60124E630E040E050E00F949A17CA0111
:104F6000B901A50194010F949A17605D60935B05E8
:104F7000C701B601A50194010F949A17C62FCA0163
:104F8000B901A50194010F949A17605D60935C05C7
:104F9000C05DC0935D0588E595E0CF91FF90EF90EF
:104FA000DF90CF90BF90AF909F908F9008956DEB62
:104FB00077E386E095EB95CF80E2AECF0F94A41314
:104FC00020E030E04AE754E40F94FA1827E137EB89
:104FD00041ED58E30F941E186ECFCF92DF92EF92FF
:104FE000FF926B017C0120E030E0A9010F949E1339
:104FF00087FD26C06DEB77E386E095E3A701960178
:105000000F941E186B017C0120E030E0A9010F9481
:105010009E1320E030E040E05FE387FF04C020E023
:1050200030E040E05FEBC701B6010F941E180F940B
:105030006219CB01FF90EF90DF90CF900C9447C6A0
:105040006DEB77E386E095EBD9CF0F94A413C5CF32
:10505000CB010C9447C670E090E080E00F94A4135D
:1050600029EC38EC48EC5EE30F94FA1820E030E0CD
:1050700040E05FE30F941E180F946719862F0C947D
:105080007BC6CF93DF9300D01F92CDB7DEB70F94CE
:10509000A21369837A838B839C83CE0101960E943D
:1050A00078C70F900F900F900F90DF91CF910895D8
:1050B0000F94A2132AE037ED43E25DE30F94FA1850
:1050C0000F946719DECFCF92DF92EF92FF92CF93CA
:1050D000DF9300D01F92CDB7DEB76B017C0120E0DB
:1050E00030E0A9010F949E1387FD1BC06DEB77E3A1
:1050F00086E095E3A70196010F941E1869837A83D1
:105100008B839C83CE0101960E9478C70F900F90ED
:105110000F900F90DF91CF91FF90EF90DF90CF90A5
:1051200008956DEB77E386E095EBE4CF0F94A4133D
:105130002AE037ED43E25DE30F94FA18C4CF0F94F1
:10514000A413C1CFCF92DF92EF92FF92CF93DF9360
:1051500000D01F92CDB7DEB70F94A41320E030E04B
:1051600048EC52E40F94FA182FE632E143E85AE390
:105170000F941E186B017C0120E030E0A9010F9410
:105180009E132DEB37E346E055E387FF04C02DEB7C
:1051900037E346E055EBC701B6010F941E1869834B
:1051A0007A838B839C83CE0101960E94FDC60F906B
:1051B0000F900F900F90DF91CF91FF90EF90DF90C5
:1051C000CF9008950C94B1B50C94B1B50C94729E27
:1051D0000C94729E0C94729E0C94729ECF92DF92ED
:1051E000EF92FF920F931F930E9401E90091CB046D
:1051F0001091CC042091CD043091CE046B017C0140
:10520000C01AD10AE20AF30A9701860137FD11C0DC
:105210002091CA0420952093CA046A547C4F8F4F72
:105220009F4F6093CB047093CC048093CD049093F4
:10523000CE0481E09091CA04911101C080E01F91D9
:105240000F91FF90EF90DF90CF900895CF93DF9371
:10525000C091D805D091D905209729F16091D40546
:105260007091D5058091D6059091D7050F9462195C
:105270006E5F7F4F24976C177D07ACF47093B30576
:105280006093B2050E9401E9605A75418F4F9F4FAC
:105290006093B4057093B5058093B6059093B705F8
:1052A000DF91CF9108951092B4051092B505109238
:1052B000B6051092B705F4CF63E972E084E690E09A
:1052C0000E94B7CF70E060E08AE090E00E94B7CF24
:1052D0006AEB72E084E690E00C94B7CF0E9477C34B
:1052E000EBCF8111E9CF68E270E080E991E00C94A6
:1052F000B7CF0E94F79AF5CF0E94ECC4F2CFBF92CD
:10530000CF92DF92EF92FF920F931F93CF93DF9391
:105310006B01E9014A3009F4D6C0453109F081C07A
:10532000DB011296ED91FC911281C681D7815A9AC8
:1053300000C0000086E290E00197F0F7012F02958F
:10534000007F20E1B22EB10E88EFCCD900C0000062
:1053500086E290E00197F0F7103208F0A1C0812FAB
:1053600080778068BFD9802FBDD900C0000086E259
:1053700090E00197F0F780E8B5D980E0B3D900C09C
:10538000000086E290E00197F0F78AEFABD900C009
:10539000000086E290E00197F0F77E01B0E1EB0EAD
:1053A000F11C8881807F9ED989918295807F9AD9CE
:1053B000CE15DF05B1F700C0000086E290E001974E
:1053C000F0F71F5F005F1B11BFCF5A98D6011296EE
:1053D000ED91FC9180819281980F928321819217A7
:1053E00008F0DFC194819F5F94839381890F8217B6
:1053F00010F08FEF820F8383458150E0440F551FDB
:1054000070E060E0868197810F94301C81E0DF912D
:10541000CF911F910F91FF90EF90DF90CF90BF90B1
:105420000895FB0102811381423309F4BCC108F4E1
:10543000C4C1463409F4B1C1473409F4B9C14B338E
:1054400029F789812B81D80112966C9112971396B6
:105450004C91213009F4F6C1233009F0D7C138EF5F
:10546000380F582F91E0431708F490E041E05317AC
:1054700008F040E031E0561708F430E0592F542B83
:10548000352319F4942309F4C1CFFA8030E0F901EF
:10549000E553FD4FD08029533D4FF901E080CFC146
:1054A00080EE810F8068807F1DD9812F8295807F5B
:1054B00019D900C0000086E290E00197F0F780E87B
:1054C00011D980E85BCF529A5A9880910A0180687E
:1054D00080930A0180910B01807880930901539A8F
:1054E0005B9A5A9A00C0000086E290E00197F0F7BC
:1054F00088E790E0CEE9DFE0FE013197F1F7019710
:10550000D9F788EFEFD800C0000086E290E001975D
:10551000F0F780E2E7D880E0E5D800C0000086E23E
:1055200090E00197F0F780E0DDD880E8DBD800C09C
:10553000000086E290E00197F0F780E0D3D880E1A8
:10554000D1D800C0000086E290E00197F0F7CE01CC
:105550000197F1F7CE010197F1F7CE010197F1F72D
:10556000CE010197F1F7CE010197F1F7CE01019736
:10557000F1F7CE010197F1F7CE010197F1F7CE01D6
:105580000197F1F7CE010197F1F7CE010197F1F7FD
:10559000CE010197F1F7CE010197F1F7CE01019706
:1055A000F1F72197F1F780E29DD880E49BD800C005
:1055B000000086E290E00197F0F780E293D880E661
:1055C00091D800C0000086E290E00197F0F7D0E0AB
:1055D000C0E08C2F8077806885D88D2F83D800C05D
:1055E000000086E290E00197F0F780E87BD880E049
:1055F00079D800C0000086E290E00197F0F78AEFCA
:1056000071D800C0000086E290E00197F0F790E2C8
:105610005B9800C080910B018078809309015B9AB0
:1056200000C000C05B9800C080910B01807880931F
:1056300009015B9A00C000C05B9800C080910B011B
:105640008078809309015B9A00C000C05B9800C01D
:1056500080910B018078809309015B9A00C000C0A3
:105660005B9800C080910B018078809309015B9A60
:1056700000C000C05B9800C080910B0180788093CF
:1056800009015B9A00C000C05B9800C080910B01CB
:105690008078809309015B9A00C000C05B9800C0CD
:1056A00080910B018078809309015B9A00C000C053
:1056B0005B9800C080910B018078809309015B9A10
:1056C00000C000C05B9800C080910B01807880937F
:1056D00009015B9A00C000C05B9800C080910B017B
:1056E0008078809309015B9A00C000C05B9800C07D
:1056F00080910B018078809309015B9A00C000C003
:105700005B9800C080910B018078809309015B9ABF
:1057100000C000C05B9800C080910B01807880932E
:1057200009015B9A00C000C05B9800C080910B012A
:105730008078809309015B9A00C000C05B9800C02C
:1057400080910B018078809309015B9A00C000C0B2
:1057500000C00000E6E2F0E03197F0F7915009F068
:1057600057CF88EF0E94722300C0000086E290E0CD
:105770000197F0F7CF5FD05FC03209F02ACF80E009
:105780000E94722380EC0E94722300C0000086E217
:1057900090E00197F0F75A9839CEF8018581888317
:1057A00035CE80E034CEB901C8010E9430EA2ECE59
:1057B000D80111968C91888329CE443191F04731DC
:1057C00009F024CE1882D80112968C911297898301
:1057D00015968C91159781508A8313968C918B83A3
:1057E00015CED80115964C91159750E0440F551FD2
:1057F00070E060E016968D919C910F94301CF8013A
:105800001282808181508383148200CE481708F46D
:10581000FDCD861708F4FACDFA80E12CD12C243086
:1058200070F434CEBE01C8010E9430EA89819881AB
:105830009D0D98838E0D8983FF0C09F4E7CDF7FE4B
:10584000F6CFF0CF58E0580F382F0CCEEF92FF92E2
:105850000F931F93CF93DF93EC018B017A018A851D
:105860009B858617970731F0888199810E9462ECA9
:105870001B870A87B701888199810E9453E52E8191
:105880003F81820F932F911D9F838E8390E080E054
:10589000DF91CF911F910F91FF90EF9008959F920C
:1058A000AF92BF92CF92DF92EF92FF920F931F932E
:1058B000CF93DF93EC018B01942EA52E8A859B85D7
:1058C0008617970731F0888199810E9462EC1B87C7
:1058D0000A8788859985019649F5BC800A818E8161
:1058E000080FC880D980D6015596ED91FC91C6016C
:1058F0001995B80EE92CFA2C10E0F70121917F01DF
:10590000211127C08E819F81810F911D9F838E83DE
:1059100090E080E0DF91CF911F910F91FF90EF9089
:10592000DF90CF90BF90AF909F9008950E811F8120
:10593000692D7A2D888199810E9453E5800F912FDE
:10594000911D288539852817390738F681E090E0C0
:10595000E1CF4B2D602FC6010E94BAEC080F180F43
:10596000CCCFDF92EF92FF920F931F93CF93DF93F1
:10597000EC01D62E1CAD0BAD7C0184E0E80EF11CD1
:10598000E98DFA8DC7011995412F480F2D2D602FF4
:10599000C7010E94BAEC9BAD890F8BAF81E090E00C
:1059A000DF91CF911F910F91FF90EF90DF900895BD
:1059B000CF93C091DF04CC23C9F14CE050E060E20A
:1059C00070E081ED94E00F94301C2C2F30E060E209
:1059D000C43630F0C90164E670E00F94F617605DDC
:1059E00060935B0580E2CA3058F0EAE0F0E0C9015C
:1059F000BF010F94F617CB01BF010F94F617805D1E
:105A000080935C05C9016AE070E00F94F617805D31
:105A100080935D0583E0EBE5F5E0A5EDB4E0019052
:105A20000D928A95E1F785E28093D804CF9108958D
:105A3000CF92DF92EF92FF920F931F93CF93DF935A
:105A4000CDB7DEB72C970FB6F894DEBF0FBECDBF33
:105A5000F0907D10E0907E102091C90421111DC0AE
:105A60004DEE5CE06E2D8F2D0E9425ED90E080E0E4
:105A7000F80EF0927D10E0927E1099272C960FB6CA
:105A8000F894DEBF0FBECDBFDF91CF911F910F9174
:105A9000FF90EF90DF90CF900895C0904A10D09083
:105AA0004B1026E430E13A8329832F2D30E03C83EC
:105AB0002B832E2D30E03E832D8318861F827A871C
:105AC00069871C861B860FE41CE29E012F5F3F4FF7
:105AD0004AEF55E8BC01C6010E9455E1B60186E4D3
:105AE00090E10E9462EC8F819885C2CF80919F04E3
:105AF0009091A004009731F04AE050E070E060E03F
:105B00000D94BF1160E070E0CB01089580919F0477
:105B10009091A004009731F04AE050E070E060E01E
:105B20000D94941060E070E0CB010895EFDFCB019D
:105B30000895CF93DF93EB010E947524882319F019
:105B4000DF91CF91F3CFCE01DF91CF910895DEDFCA
:105B500097FD0AC0DBDF6F3F71058105910509F0F4
:105B60002CF4D4DF862F089580E008958FEF0895F8
:105B700080919F049091A004892B39F0E8DF91E097
:105B8000811101C090E0892F089591E0FCCFCF935F
:105B9000DF93C82FD62F0E947524882319F0DF9138
:105BA000CF91E6CF8C2F0E942724811101C08D2F29
:105BB000DF91CF9108950F931F93CF9380919F040E
:105BC0009091A004009709F1FC018F01C1912C2F45
:105BD0002F7DA1F0C53431F0C53621F0C83511F064
:105BE000C83799F7F801108270E060E00F943F0F1A
:105BF000F801C083CF911F910F91089570E060E08C
:105C0000CF911F910F910D943F0F60E070E0CB0199
:105C1000F1CF4F925F926F927F92AF92BF92CF92ED
:105C2000DF92EF92FF920F931F93CF9383ECA82EF6
:105C300082E0B82E99E8E92E97E0F92E0DE712E000
:105C400028EDC22E2EE0D22EC0E0F50181915F0139
:105C50000E947524882309F4A6C0ADDF2B013C0106
:105C60008C2F0E940024882309F493C0F80120811E
:105C7000318142815381C301B2010F941E18F70193
:105C80006083718382839383CF5FF4E0EF0EF11C16
:105C90000C5F1F4F84E0C80ED11CC330B1F685E401
:105CA0000E947524882309F489C085DF6B017C017B
:105CB00083E00E940024882371F0209189023091B2
:105CC0008A0240918B0250918C02C701B6010F9459
:105CD0001E186B017C01C0929507D0929607E09246
:105CE0009707F092980786E40E9475248823B9F0FC
:105CF00062DF20E030E0A9010F94441A18167CF40A
:105D00005ADF20E030E040E752E40F94FA18609345
:105D1000330270933402809335029093360280915F
:105D2000870583FD28C08091CA06882321F1209130
:105D3000890230918A0240918B0250918C026091CD
:105D400095077091960780919707909198070F9407
:105D50001D18209176073091770740917807509170
:105D600079070F941E1860937607709377078093D6
:105D7000780790937907CF911F910F91FF90EF9043
:105D8000DF90CF90BF90AF907F906F905F904F90DB
:105D90000895F6012081318142815381C301B2010E
:105DA0000F941D186CCFF80180819181A281B3817D
:105DB000F70180839183A283B38366CF80918902A8
:105DC00090918A02A0918B02B0918C0280939507EA
:105DD00090939607A0939707B093980784CFCF939B
:105DE000DF93CDB7DEB720E2488559856F818E817C
:105DF0000E9400E5DF91CF910895CF93DF93D82FD4
:105E0000C62F1092FC068091E7069091E806A091BB
:105E1000E906B091EA06B7FF08C01092E7061092B3
:105E2000E8061092E9061092EA0680914D05882353
:105E300091F06091E7067091E8068091E9069091F3
:105E4000EA0625E030E040E050E00F947817209318
:105E500054051092F7068091520518162CF5082E5D
:105E6000000C990B8D1B910920915405022E000CFA
:105E7000330B28173907C4F097FF02C090E080E089
:105E80008093540545E0489F9001499F300D1124AF
:105E9000C901330FAA0BBB0B8093E7069093E8066A
:105EA000A093E906B093EA0680915405CC23A9F0AB
:105EB00090915505891714F4809355052091550547
:105EC000022E000C330B2C5F3F4F482F082E000C86
:105ED000550B241735071CF4845080935505DF912A
:105EE000CF910895E0914405E63028F581E08E0FCA
:105EF000809344054091E7065091E8066091E906D9
:105F00007091EA06209155059091520580917F0786
:105F100039E0E39FF0011124E25FFA4FA0914010B5
:105F2000B0914110B183A08342835383648375830E
:105F30002683978380870895CF93DF93CDB7DEB70D
:105F40008E81282F082E000C330B90913A0F921758
:105F5000130609F08CF480933A0F9E01275F3F4FA0
:105F60004F8158856AE270E08FE09FE00F946613DE
:105F700010920E0F10920D0FDF91CF9108950F9395
:105F80001F93CF93DF938C016F3F19F410923A0F58
:105F900060E020913A0F862F062E000C990B2817EF
:105FA000190609F014F560933A0FC8010F94ED1229
:105FB000800F911FEC01C01BD10BCB32D1053CF0FF
:105FC0000197FC012491207C2038D1F3F3CFDD2709
:105FD000AE01B8018FE09FE00F940E13C15FD04F68
:105FE000188210920E0F10920D0FDF91CF911F911A
:105FF0000F9108950F931F930E9401E900910205EC
:10600000109103052091040530910505601B710B6B
:10601000820B930B97FD0EC083B185FB882780F917
:1060200091E089271E9B82609091090196FF846010
:10603000809301058091010581709091010591FD8A
:10604000826090910005981749F0813009F148F07D
:10605000823079F0833091F0809300051F910F9189
:106060000895913079F09230B9F79091FF049150F2
:106070000CC0992339F09330C1F3EECF9130A9F3DE
:10608000923051F79091FF049F5F9093FF04E4CF0B
:10609000992359F3933001F7F5CFCF92DF92EF9226
:1060A000FF92CF93C82F833011F46093F3040E94C2
:1060B00001E96B017C0124EA30E74DE75FE3609181
:1060C00015027091160280911702909118020F9498
:1060D0009E1387FD18C08AEF90E0A0E0B0E08C0D21
:1060E0009D1DAE1DBF1D8093F4049093F504A093F5
:1060F000F604B093F704C0931102CF91FF90EF9094
:10610000DF90CF90089580E090E0DC01E8CF8F3001
:1061100010F48F5F08958F5008959CE0899F802D23
:10612000112491E0980F9093C8042CE0280F20933D
:10613000FD0630E02E5F3F4F40917A104217130664
:1061400019F014F080E0089520917C109217D0F798
:10615000662341F08E5F0E9490EB8091FD068E5F7A
:106160000E9490EB8091FD0690917A10891750F370
:1061700020917C109091C804291720F310927D1073
:1061800080937E1081E00895CF938091C7048111A0
:1061900054C010927D1010927E1010927F101092B9
:1061A0004B1010924A1010924D1010924C101092F9
:1061B0004F1081E080934E1082E280935010109235
:1061C000551010925410E9E6F0E127E730E18FEF27
:1061D00081932E173F07E1F7C1E0C09366102EE4CC
:1061E0003FED30935C1020935B10C0935D101092D4
:1061F0005E1010925F1090E4909360101092611006
:106200002DE43FED30937810209377102AE032E0B0
:10621000309349102093481092E190936D109AE2C8
:1062200090936E1093E190936B1080936A1080931B
:1062300069100E946EEAC093C70481E08093C9048C
:106240008DE29DE090933C0F80933B0F10923E0FA8
:1062500010923D0FCF91089597DF25982D9A26989B
:106260002E9AEAE0F1E080818F7B808380910B01A0
:106270008095807480930901BDDE1092FF040C9418
:10628000B9E12091C604022E000C330B82171306CD
:1062900061F08093C6046DE37EE1823011F46AE719
:1062A00072E186E490E10C9462EC0895EF92FF9223
:1062B0000F931F93CF93DF93CDB7DEB72C970FB615
:1062C000F894DEBF0FBECDBFFC0160817181828179
:1062D00093816F3F71058105910509F0B8F482E45F
:1062E00090E13FDBE0914A10F0914B1031968491A0
:1062F00090E02C960FB6F894DEBF0FBECDBFDF91B5
:10630000CF911F910F91FF90EF90089510917D1004
:1063100000917E102091C90421110FC04DE05DE075
:10632000602F812F0E9425ED90E080E0180F1093E0
:106330007D1000937E109927DCCFE0904A10F090FA
:106340004B1026E430E13A832983212F30E03C834F
:106350002B83202F30E03E832D8318861F822FEF62
:106360003FEF3A8729871C861B862FE43CE2AE016B
:106370004F5F5F4FBF01C7010E9490E0B70186E405
:1063800090E10E9462EC8F819885D0CF4F925F920E
:106390006F927F928F929F92AF92BF92CF92DF9235
:1063A000EF92FF920F931F93CF93DF9300D000D013
:1063B0001F921F92CDB7DEB76C015A014901FB0154
:1063C00090818CE0989F800D1124982FF6012081F8
:1063D000822F880F820F880F80937D1090937E10FC
:1063E0004115510509F4A0C0DA82C9827C836B8310
:1063F000011122C0AE014B5F5F4FB401C5010E9485
:10640000FFCF5C018D819E81AF81B885892B8A2B5E
:106410008B2B09F489C0CE01059648DFF6018081F7
:106420008F5F8083853130F3CE0101960E945C231B
:10643000E1CF10E075010DC07A0110E00AC0E1144F
:10644000F104B9F38FEFE81AF80A10E0E114F1044F
:1064500089F3AE014B5F5F4FB401C5010E94FFCFCE
:106460005C014D805E806F8078844114510461042A
:106470007104E9F0F0E24F16510461047104A9F0CF
:10648000D301C2018D97A109B1090297A105B105F8
:1064900070F04BE2441651046104710441F05AE07B
:1064A0004516510461047104E9F5112341F2F60126
:1064B0008081482F410F5527551F4631510534F033
:1064C000853020F0CE0101960E945C2381E04114CA
:1064D00051046104710409F480E0180FF601808111
:1064E000810F8083112369F01150AE014B5F5F4F24
:1064F000B401C7010E94FFCF7C01CE010596D6DE14
:10650000F1CF411451046104710471F0FAE04F16A7
:1065100051046104710409F08CCFCE0101960E94F0
:106520005C2388CF1F5F92CF28960FB6F894DEBF0A
:106530000FBECDBFDF91CF911F910F91FF90EF90D4
:10654000DF90CF90BF90AF909F908F907F906F9093
:106550005F904F9008956FEF7FEF6ACAE2E4F0E139
:1065600083AF64AFCA01F7CFF6CFCF93DF93FC01BF
:1065700025AD211104C021E025AF0E946EEAC09133
:106580004810D0914910E0917710F091781082E096
:106590001995E0917710F091781081E0199530E02D
:1065A00020E044E1BE0186E490E10E946AEA29E726
:1065B00030E147E1BE0186E490E10E946AEAE091A1
:1065C0007710F091781080E0DF91CF911994CF92FD
:1065D000DF92EF92FF920F931F93CF93DF93CDB78C
:1065E000DEB72C970FB6F894DEBF0FBECDBFF0908C
:1065F0007D10E0907E102091C90421111DC04DEC4A
:106600005CE06E2D8F2D0E9425ED90E080E0F80E6D
:10661000F0927D10E0927E1099272C960FB6F89498
:10662000DEBF0FBECDBFDF91CF911F910F91FF90C5
:10663000EF90DF90CF900895C0904A10D0904B100B
:1066400026E430E13A8329832F2D30E03C832B83ED
:106650002E2D30E03E832D8318861F827A8769872E
:106660001C861B860FE41CE29E012F5F3F4F4DEFFF
:1066700055E8BC01C6010E9455E1B60186E490E1EF
:106680000E9462EC8F819885C2CF6F927F928F9229
:106690009F92AF92BF92CF92DF92EF92FF920F93B1
:1066A0001F93CF93DF9300D000D01F921F92CDB7DE
:1066B000DEB77C01162F5A014901862F660F990B10
:1066C0009C012D533D4F690186E0682E712C1016F8
:1066D0000CF03CC0AE014B5F5F4F6AEF75E8C7013D
:1066E0000E94FFCF7C018D819E81AF81B88500978C
:1066F000A105B10559F18B379105A105B10509F443
:1067000072C08E379105A105B10509F46CC08A32BB
:106710009105A105B10581F517FF11C08FE69DE038
:106720001E3F11F08AE69DE036E00302B00111241D
:106730007FD966E070E00F94F617061B8CC087E7E0
:106740009DE012DF015009F050C000E0802F289634
:106750000FB6F894DEBF0FBECDBFDF91CF911F9172
:106760000F91FF90EF90DF90CF90BF90AF909F90F0
:106770008F907F906F90089584329105A105B105A7
:10678000C1F48114910459F0E6E00E02B001112425
:10679000C4014ED9B3010F94F617061B98CFA1146C
:1067A000B104E1F0F6E00F02B0011124C5010FDFE2
:1067B000F1CF80349105A105B10581F40150F601B6
:1067C0008081082E000C990BAA0BBB0B89839A833E
:1067D000AB83BC83CE01019669DD79CFCE010596EE
:1067E00065DD015074CF17FD99CF81E04D815E8149
:1067F0006F8178854B3751056105710509F480E09B
:10680000810F8A30C4F001506AE00F94D517D92E59
:10681000082E000C990BC096092E000CAA0BBB0B7E
:1068200089839A83AB83BC83CE0101963FDD00232D
:1068300009F48BCF8D2D082E000C990BC096092ED4
:10684000000CAA0BBB0B89839A83AB83BC83CE015C
:1068500001962CDD0150002309F477CF86E0080271
:10686000B0011124C701E4D866E070E00F94F61778
:10687000061B6CCF8F929F92AF92BF92CF92DF9206
:10688000EF92FF920F931F93CF93DF935B01C42F7F
:10689000690141FB662760F940DC882309F45FC089
:1068A00010E000E0A114B10439F0C5010E94E3CF6B
:1068B00066E0869F80011124F12CE12CC114D104E3
:1068C00029F0C6010E94F1CFE82EF12CC0FF1FC0B5
:1068D00080E890E0801B910B4AEFB70146039001DE
:1068E000479F300D1124820F931F6CE070E00F94CE
:1068F000F6174B01C0E8D0E071E0871A910897FCC9
:1069000008C08FE29DE027DEC81BD90BF5CFC0E899
:10691000D0E0012BB1F0CE0166E070E00F94E217F9
:1069200020910107309102074091FF065091000726
:10693000062F6091FE06C501A8DE96E0899FE00162
:106940001124EF2829F0BE01C60141DEC81BD90B76
:10695000C730D10520F08DE29DE0FDDDF7CFDF915E
:10696000CF911F910F91FF90EF90DF90CF90BF904C
:10697000AF909F908F90089580916D02882349F089
:106980006091490570914A0530E020E041E081E0E6
:1069900071CF08956FEF7FEF1ACE8F929F92AF92D3
:1069A000BF92CF92DF92EF92FF920F931F93CF93FC
:1069B000DF9300D01F921F92CDB7DEB74C016B0161
:1069C0000E94E3CF182FC6010E94F1CF212F30E0A3
:1069D000E82EF12C83E190E08E199F09AA24A3945C
:1069E000821793070CF0A12C1E3008F05EC02E0D0C
:1069F0003F1D2E30310514F0AA24A39482E041DC1F
:106A000099E0B92E2FE02D8315E2A1101FE1812F0F
:106A100090E09C012D5F3F4F40917A104217130682
:106A200011F00CF049C0099720917C102817190625
:106A30000CF442C020910107309102074091FF06FB
:106A4000509100076091FE0610927D1010937E1009
:106A500005E1C4011ADE01E0C114D10491F085E31F
:106A60009DE082DDAA2051F1145F80917A10181701
:106A700040F020917C10412F4950550B24171506EA
:106A8000FCF483E0FEDB0F900F900F900F900F90BF
:106A9000DF91CF911F910F91FF90EF90DF90CF90FA
:106AA000BF90AF909F908F90089583E0EADB86E0DF
:106AB000B82E35E13D83A8CF00E0CECF002309F307
:106AC00080E290E0A0E0B0E089839A83AB83BC834E
:106AD0002D812150330BC9013FEFE31AF30A8E19C0
:106AE0009F09B89E802D112480937D1010937E10F5
:106AF000CE010196DBDBC6014DDFC3CF8F929F92A3
:106B0000AF92BF92CF92DF92EF92FF920F931F93BB
:106B1000CF93DF93CDB7DEB72C970FB6F894DEBFD7
:106B20000FBECDBF982F862F5A017901C02E692F35
:106B3000F4DA882309F485C0C701002379F10E94A3
:106B4000E3CFD82E80904A1090904B108091C904CA
:106B5000811142C01FEF03E10D192091010730910F
:106B600002074091FF06509100076091FE06C501A3
:106B70008CDDDD2009F465C0B6E08B9F5001112447
:106B800083E39DE0F1DC57E0A516B10408F441C0B1
:106B900081E39DE0E0DCA81AB90AF5CF0E94F1CFAD
:106BA000D82E80904A1090904B108091C904882371
:106BB00089F2FE0133968AE0DF011D928A95E9F79A
:106BC00086E490E19A83898306E21CE29E012F5FAE
:106BD0003F4F4DEF55E812C0FE0133968AE0DF01CA
:106BE0001D928A95E9F786E490E19A83898306E20B
:106BF0001CE29E012F5F3F4F4AEF55E8B701C401E9
:106C00000E9455E1B40186E490E10E9462EC1F818C
:106C1000A2CF4091FD06212F30E0A6E0DA9EC00110
:106C200011242E5F3F4F281739070CF49C0180E890
:106C3000821B80937D1040937E10C701CC20A1F071
:106C40008ADC2C960FB6F894DEBF0FBECDBFDF9165
:106C5000CF911F910F91FF90EF90DF90CF90BF9059
:106C6000AF909F908F90089595DEEBCF0F931F9379
:106C7000CF93DF93082F10E09CE2899FF00111244D
:106C8000E555F04FC085D185209729F16481758144
:106C9000868197810F9462196E5F7F4F24976C17DE
:106CA0007D07CCF486E0809FE001819FD00D112408
:106CB000C454DA4F798368830E9401E9605E714BA6
:106CC0008F4F9F4F6A837B838C839D83DF91CF910E
:106CD0001F910F91089586E0809FF001819FF00D34
:106CE0001124E454FA4F1282138214821582EECFDB
:106CF000E62FF0E02CE2629FD0011124A555B04FA1
:106D0000EE0FFF1FE65CFC4F208131812F503109CF
:106D1000821793070CF49C0119963C932E931897B5
:106D2000862FA4CF0C944AE2CF93DF93DB01F901C5
:106D30009C919130C1F0943080F094509C938830B5
:106D4000D1F480819181009771F0019791838083C4
:106D5000480F591FEA01188206C08C3539F49C5F30
:106D60009C93943041F4DF91CF9108958B3339F7A0
:106D700081E08C93F8CF20813181B9016F5F7F4F23
:106D800071836083420F531FEA0188838081918160
:106D90008F3591056CF7E7CF0F931F9381E000913A
:106DA0009511109196112091971130919811409161
:106DB0009111509192116091931170919411041757
:106DC00015072607370708F480E01F910F910895F3
:106DD0008F929F92AF92BF92CF92DF92EF92FF92EB
:106DE0000F931F93CF93DF931092C3041092C204AA
:106DF0002FE32093C1041092C0041092BF0410929C
:106E0000BB041092BC041092BD041092BE049C01FD
:106E1000F90190812F5F3F4F9032D1F39E34C1F43E
:106E2000818190ED980F9A3020F08D3211F08B32E5
:106E300079F432969F012F5F3F4F808180538A30D3
:106E400008F441C09F012F5F3F4F80818032E9F1FC
:106E5000F0939E07E0939D078F010F5F1F4FC08146
:106E60006AE270E0C8010F944A1C009731F0FC01FF
:106E7000319780818032E1F31182CD3421F0C43525
:106E800011F0C73499F4D801FD018D918032E1F3FE
:106E900080538A30E0F0C43549F48AE2808311825D
:106EA000F093C304E093C204C093C104DF91CF9177
:106EB0001F910F91FF90EF90DF90CF90BF90AF9018
:106EC0009F908F900895F901B5CFF901BBCFC09382
:106ED000C10430E020E06AE0AF014F5F5F4F629F86
:106EE000C001639F900D11249C01205331098081C2
:106EF000280F311D87FD3A95FA01808180538A3031
:106F000058F33093C0042093BF04DF0131968C9175
:106F10008032D9F3CD34C9F42E31310539F058F42B
:106F20002731310519F02C31310579F4B093C304C0
:106F3000A093C204BBCF2537310538F02737310580
:106F4000A8F3203A83E0380789F3D0919D0740E009
:106F500050E0BA0110E000E0C12CD12C7601C394BE
:106F6000FD0131968C91882309F47FC08132E1F4D0
:106F7000CD34D1F420323105B9F44093BB045093A1
:106F8000BC046093BD047093BE04F093C304E0930B
:106F9000C20463E270E0CF010F944A1C009709F429
:106FA00085CFFC01108282CF81548A3108F058C00D
:106FB000DF019D91903291F0A0EDA90FAA30E8F089
:106FC0009E3271F4918190539A30B8F001151105F9
:106FD00019F48F010150110990E013C0FD01E8CFB1
:106FE0009D3211F09B3291F79181A0EDA90FAA304B
:106FF00020F09E3259F79281E6CF9E2F9D1B30974D
:1070000059F3A82FB0E04601570104C0880C991C21
:10701000AA1CBB1C8A95D2F7482959296A297B29C1
:10702000AF55BB4F9C9380818154DF018A3108F4B6
:1070300097CFDF018191882309F492CF90ED980FCB
:107040009A30B8F393ED980F923098F38B3289F31E
:10705000CD010196EC91E03209F082CFDC01F8CF4E
:107060000115110501F78D01DECF1093C3040093C4
:10707000C2044093BB045093BC046093BD0470935E
:10708000BE0414CFEBEAFFE081E0838787AB08956D
:107090000F931F93CF93DF938B01C82FD0E091E024
:1070A00001C0990F8A95EAF7892F0E9494B6811141
:1070B00015C08091500590915105800F911F9093BC
:1070C000510580935005FE01EE0FFF1FE653FA4F66
:1070D00060817181600F711F71836083DF91CF9137
:1070E0001F910F910895CF92DF92EF92FF926B0163
:1070F0007C0183E3C816D104E104F10470F082E35B
:10710000C81AD108E108F10862E370E080E090E07D
:107110000E94CEE80E94BD95ECCFC701B6010E9447
:10712000CEE8FF90EF90DF90CF900C94BD958091CA
:107130000C0F813069F09091991192FB882780F9AA
:1071400092FF07C097FB882780F991E0892708956F
:1071500081E008952F923F924F925F926F927F92BB
:107160008F929F92AF92BF92CF92DF92EF92FF9257
:107170000F931F93CF93DF93CDB7DEB72D970FB645
:10718000F894DEBF0FBECDBFD2DF882309F46CC0F8
:107190000E9408C54B015C0145E050E060E270E0F0
:1071A00083ED94E00F94301C85E48093D1048AE34E
:1071B0008093D204C501B40120E13EE040E050E0FC
:1071C0000F947817D22EC32E022F132F8CE3282E64
:1071D000312C412C512CC501B401A20191010F9415
:1071E0007817762E672ECA01B901A20191010F947A
:1071F00078179E012F5F3F4F790130E8831631E504
:10720000930631E0A306B10408F447C07F936F935F
:10721000C80168E170E00F94E2179F938F93C50156
:10722000B40120E831E541E050E00F9478173F9336
:107230002F9389E59DE09F938F93FF92EF920F9498
:107240003713C7010F94ED120FB6F894DEBF0FBECF
:10725000CDBF2CE030E0A901481B5109CA01B7019C
:107260008F529B4F0F94551C2D960FB6F894DEBF8E
:107270000FBECDBFDF91CF911F910F91FF90EF9087
:10728000DF90CF90BF90AF909F908F907F906F9046
:107290005F904F903F902F9008950115110599F43C
:1072A0006F927F927F936F938DE49DE09F938F9376
:1072B000FF92EF920F9437130FB6F894DEBF0FBE14
:1072C000CDBF85E0C6CF0436110538F47F936F93A8
:1072D000CF92DF9281E49DE0E9CF7F936F93CF92CD
:1072E000DF9287E39DE09F938F93FF92EF920F943D
:1072F00037130FB6F894DEBF0FBECDBF86E0A9CF1F
:107300009091071080910610891718F0891B19F4C5
:107310000ECF805FFBCF81E008958F929F92AF9256
:10732000BF92EF92FF920F931F93CF93DF93EC01E5
:107330008B01E42EF22E80914010909141108C1719
:107340009D07D9F110924F0529EDC03ED20709F0F3
:107350003FC08052954571F40E9401E96E517B4F08
:107360008F4F9F4F60934505709346058093470567
:1073700090934805D0934110C093401030E020E036
:107380000093E7061093E8062093E9063093EA0697
:10739000E0925505F0925205C052D54521F4109265
:1073A0007F071092440582E080936D0281E0809314
:1073B000F70610924C0510924B05DF91CF911F916B
:1073C0000F91FF90EF90BF90AF909F908F90089596
:1073D00025E5C032D20771F6805E994DD1F40E9446
:1073E00001E98090450590904605A0904705B09032
:1073F0004805681979098A099B0997FF0AC0809195
:10740000CD068770873029F47BDFC1ECD7E8811186
:10741000B1CFC0E2D5E5AECF20E040E070E060E063
:1074200080E295E57ACFCF930E9477C30E94F79AC6
:10743000C82F882319F080E00E94719A8C2F0E9437
:107440007129CF91E9CF89E69FE09093DD06809383
:10745000DC06E2CFCF93DF93C0914405CC23B1F09B
:10746000C150C093440589E0C89FE0011124C25F68
:10747000DA4F6A817B812F814E81888199814DDF2E
:10748000888580937F07DF91CF910895DF91CF9119
:10749000C3CFEF92FF920F931F93CF93DF93CDB79C
:1074A000DEB765970FB6F894DEBF0FBECDBF8091F3
:1074B000530510925305882371F0CCDF65960FB603
:1074C000F894DEBF0FBECDBFDF91CF911F910F911A
:1074D000FF90EF90089560E085E00E94FD2E0091FE
:1074E000550510E08AE3F82E90E2E92E01110EC056
:1074F00080916D02882339F030E020E042E06AE6B6
:1075000072E1812FB7D90B3049F573C0013009F012
:1075100052C0F982EA8242E150E068E672E1CE01AF
:1075200003960F940E138C8987FD1C8A80916D023F
:10753000882349F39E012F5F3F4F40E06AE572E1E7
:10754000E0CF043099F480916D02882339F030E067
:1075500020E042E063E272E1812F8CD90F5F1F5F70
:10756000153021F68CE080935205A8CF053009F044
:107570005AC0F982EA8242E150E061E272E1CE0152
:1075800003960F940E138C8987FD1C8A80916D02DF
:10759000882321F39E012F5F3F4F40E06AE572E1AF
:1075A000DBCF093009F05AC0F982EA8242E150E0AB
:1075B0006BE072E1E4CF0230C9F4F982EA8242E181
:1075C00050E066E572E1CE0103960F940E138C89AC
:1075D00087FD1C8A80916D02882309F494CF9E0157
:1075E0002F5F3F4F40E068E472E18BCF033009F03A
:1075F000A8CF80916D02882309F4B0CF30E020E05D
:1076000040E063E372E1A8CF073099F3083049F610
:1076100080916D02882309F4A1CF30E020E042E0A0
:107620006DE072E199CF063079F7F982EA8242E1A2
:1076300050E06DE172E1CE0103960F940E138C8938
:1076400087FD1C8A80916D02882309F487CF9E01F3
:107650002F5F3F4F40E068E472E17ECF0A3009F0CF
:1076600052CFF982EA8242E150E067E072E1E3CF73
:107670002F923F924F925F926F927F928F929F9242
:10768000AF92BF92CF92DF92EF92FF920F931F9330
:10769000CF93DF93CDB7DEB7E2970FB6F894DEBF96
:1076A0000FBECDBF80915305109253058823D1F0B2
:1076B000D1DEE2960FB6F894DEBF0FBECDBFDF91EC
:1076C000CF911F910F91FF90EF90DF90CF90BF90DF
:1076D000AF909F908F907F906F905F904F903F9072
:1076E0002F90089580916A0790916B079CA78BA7B4
:1076F000A0916C07B0916D07BEA7ADA740906E0733
:1077000050906F07609070077090710780917207BA
:1077100090917307A0917407B09175078FA798ABEC
:10772000A9ABBAAB8090760790907707A0907807C6
:10773000B090790760E085E00E94FD2E009155052C
:1077400010E0DE0156967D018AE0C82ED12C99E921
:10775000292E91E1392E64E072E1CE0101960F9459
:10776000E6128BA59CA50E941CC6BC01CE01039607
:107770000F94551C01110CC080916D02882341F0BB
:107780009E012F5F3F4F40E060EF71E1812F72D883
:107790006DEE71E1CE0101960F94E6128DA59EA5C6
:1077A0000E941CC6BC01CE0103960F94551C0130EB
:1077B00009F04AC080916D02882341F09E012F5F3D
:1077C0003F4F40E061EE71E1812F54D820E030E07E
:1077D00048EC52E4C501B4010F94FA180F946219F1
:1077E000CB01B6010F94F6179F938F9320E030E002
:1077F0004AE754E4C501B4010F94FA180F946219D2
:107800009F938F937F936F933F922F92FF92EF926C
:107810000F9437130FB6F894DEBF0FBECDBF0730FD
:1078200051F480916D02882331F0970140E066E9C0
:1078300071E1812F1FD80F5F1F5F153009F08BCFCB
:1078400088E08093520535CF023059F480916D0263
:10785000882309F4BBCF30E020E040E06CEC71E11C
:10786000B3CF033099F480916D02882309F4AECF31
:1078700049825A826B827C82B701CE0101960E94B6
:1078800081249C0140E069EC71E19ECF043009F055
:107890004CC080916D02882341F030E020E040E050
:1078A00063EB71E1812F0E943A3420E030E048EC34
:1078B00052E4C501B4010F94FA180F946219CB0178
:1078C000B6010F94F6179F938F9320E030E04AE7BC
:1078D00054E4C501B4010F94FA180F9462199F93F0
:1078E0008F937F936F933F922F92FF92EF920F941B
:1078F00037130FB6F894DEBF0FBECDBF9CCF80917B
:107900006D02882391F28FA598A9A9A9BAA98983A4
:107910009A83AB83BC83B701CE0101960E94812478
:107920009C0140E060EB71E14FCF053041F3063040
:1079300009F04CCF80916D02882309F4B6CF30E076
:1079400020E040E061EA71E13FCF2F923F924F92F9
:107950005F926F927F928F929F92AF92BF92CF92DF
:10796000DF92EF92FF920F931F93CF93DF9300D09C
:107970001F92CDB7DEB7C4DC782E61E081E00E94B3
:10798000FD2E209155052B8312E0711001C014E0EB
:107990000B81802F8B5F898381E0801B8A8383E04A
:1079A000582E501A82E0482E401A302E319429E782
:1079B000C22E29E2D22E32E2A32E31E1B32E4EE6C0
:1079C000842E49E2942E2B81211112C180915405FD
:1079D000882309F4CBC080916D02882309F4EAC0A2
:1079E00081E090915405911180E024E046E851E156
:1079F000632D0E9400E5772009F411C11C838C815E
:107A00008F5F8C83F12CE12C2B80201A9B812C81A1
:107A1000921327C0F701EE0FFF1FEB5FF34D859127
:107A20009491E092FE0690930207809301071092D2
:107A300000071092FF06809154059B81891709F475
:107A400065C180916D02882361F081E090915405B9
:107A50002C81921380E023E041E351E1622D0E94EA
:107A600000E56C8081E0860D8C83EA94EF2809F0B4
:107A700049C12B8182131FC080915405821709F4DC
:107A800056C180916D028823B1F0DF92CF92BF92F0
:107A9000AF928B81801B8F9381E0909154052B8155
:107AA000921380E08F930E94EF2E0F900F900F9013
:107AB0000F900F900F9082E0860D71104EC09B8149
:107AC000891323C080915405891709F43FC180911F
:107AD0006D028823D1F08CE799E29F938F9384E124
:107AE00091E19F938F938B81801B8F9381E0909185
:107AF00054052B81921380E08F930E94EF2E0F90FC
:107B00000F900F900F900F900F9083E0860D9B8148
:107B1000891321C080915405891709F426C18091E9
:107B20006D028823C1F09F928F9285E091E19F932F
:107B30008F938B81801B8F9381E0909154052B81D3
:107B4000921380E08F930E94EF2E0F900F900F9072
:107B50000F900F900F9084E0860D9B819F5F9B8319
:107B60002981291330CF809352050DC08091530590
:107B700010925305882309F42ECF6CDC8091F70610
:107B8000882309F428CF0F900F900F900F90DF916A
:107B9000CF911F910F91FF90EF90DF90CF90BF900A
:107BA000AF909F908F907F906F905F904F903F909D
:107BB0002F900895711033C09B81923009F06AC0F4
:107BC00080915405823009F454C080916D0288235D
:107BD00061F081E090915405923009F080E023E05B
:107BE00040E651E1642D0E9400E584E08C8307CFDC
:107BF0008B818130F9F680915405813059F1809163
:107C00006D028823B9F281E090915405913009F01A
:107C100080E023E044E751E16A810E9400E59B8116
:107C20001913ECCE80915405811709F45AC0809144
:107C30006D02882309F4E2CE6B81601B81E0909194
:107C400054052B81921380E023E042E451E10E942D
:107C500000E5D4CE8091530510925305882379F224
:107C600084EC9EE30E94B0D08091F706882339F21D
:107C70008ACF8091530510925305882309F4A5CF2C
:107C800086E990E40E94B0D08091F706882309F439
:107C90009CCF79CF2B81233009F0C1CF809154053F
:107CA000833081F080916D02882309F49ECF81E0BA
:107CB00090915405933009F080E023E046E551E1CE
:107CC000652D91CF8091530510925305882351F370
:107CD00085E292E40E94B0D08091F706882311F3E8
:107CE00052CF8091530510925305882309F49FCFFA
:107CF0008DE893E40E94B0D08091F706882309F4C0
:107D000096CF41CFEE24E394F12C80CE80915305A1
:107D100010925305882309F494CE80E394E40E94E2
:107D2000B0D08091F706882309F48BCE2CCF8091B8
:107D3000530510925305882309F4A3CE0E94792994
:107D40008091F706882309F49CCE1DCF80915305BE
:107D500010925305882309F4BACE0E947C298091A1
:107D6000F706882309F4B3CE0ECF80915305109205
:107D70005305882309F4D3CE0E946E298091F7061B
:107D8000882309F4CCCEFFCE4F925F926F927F9200
:107D90008F929F92AF92BF92CF92DF92EF92FF921B
:107DA0000F931F93CF93DF93ABDA682E61E081E0EE
:107DB0000E94FD2EC091550515E0611001C016E02E
:107DC0000C2F85E0582E5C0E85E0F82EFC1A84E01E
:107DD000E82EEC1A83E0982E9C1A82E0882E8C1AEA
:107DE00099E6A92E9FE0B92E21ECC22E2FE0D22ECB
:107DF00081E0782E7C1A4C2E4194C11131C08091C3
:107E00005405882389F080916D02882309F446C0C7
:107E100081E090915405911180E024E042ED5FE013
:107E2000642D0E9400E53AC08091530510925305DD
:107E3000882349F30FDB8091F706882321F3DF9134
:107E4000CF911F910F91FF90EF90DF90CF90BF9057
:107E5000AF909F908F907F906F905F904F9008951C
:107E6000C13009F073C080915405813009F45CC0C1
:107E700080916D02882391F01F92DF92CF927F92C2
:107E800081E090915405913009F080E08F930E9439
:107E9000EF2E0F900F900F900F900F90611091C0E8
:107EA000C53009F08EC080915405853009F4B6C004
:107EB00080916D028111C3C0D6E081E08D0F8C13DB
:107EC00015C0809154058C1709F4E4C080916D02AF
:107ED000882361F06C2F601B81E0909154059C1306
:107EE00080E023E041E85FE00E9400E582E08D0F42
:107EF0008C1313C0909154059C1709F4DCC0809139
:107F00006D02882351F06C2F601B81E09C1380E090
:107F100023E04EE65FE00E9400E5CF5F5C126DCF8C
:107F2000DD5FD09352058BCF80915305109253059E
:107F3000882309F49DCFB092DD06A092DC066CDAAE
:107F40008091F706882309F493CF79CFC23009F0E6
:107F5000D2C080915405823081F080916D028823D7
:107F600009F49CCF81E090915405923009F080E0B3
:107F700023E043EB5FE0682D54CF809153051092CE
:107F80005305882351F389ED95E40E94B0D0809188
:107F9000F706882311F353CF809154058330F1F015
:107FA00080916D02882309F479CF81E09091540586
:107FB000933009F080E023E045EA5FE0692D0E94FC
:107FC00000E51C1309C080915405811709F444C0D1
:107FD00080916D02811151C0D12F6FCF80915305D7
:107FE000109253058823E1F284E897E40E94B0D010
:107FF0008091F7068823A1F222CF80915305109239
:108000005305882309F482C089E59AE40E94B0D020
:108010008091F706882309F479C011CF8091530528
:1080200010925305882309F443CF83E19CE40E9416
:10803000B0D08091F706882309F43ACF00CF81E0D1
:1080400090915405953009F080E023E047E95FE026
:108050006F2D0E9400E530CF80915305109253059B
:10806000882309F4B5CF8FE79DE40E94B0D08091BA
:10807000F706882309F4ACCFE2CE6C2F601B81E0B9
:10808000909154059C1380E023E04BE85FE00E9450
:1080900000E5A2CF8091530510925305882309F47F
:1080A00015CF81EB9EE40E94B0D08091F706882323
:1080B00009F40CCFC4CE8091530510925305882348
:1080C00009F41DCF0E94722F20E040E070E060E0D4
:1080D0008FE291E5DF91CF911F910F91FF90EF908B
:1080E000DF90CF90BF90AF909F908F907F906F90D8
:1080F0005F904F9012C9C33009F44ECFC43009F0DD
:10810000CDCE80915405843009F477CF80916D02F3
:10811000882309F4C3CE81E090915405943009F08E
:1081200080E023E040EA5FE06E2D49CF2F923F923E
:108130004F925F926F927F928F929F92AF92BF9277
:10814000CF92DF92EF92FF920F931F93CF93DF9323
:1081500000D0CDB7DEB761E081E00E94FD2E8091B6
:1081600055058A838B5F898369E7862E69E2962E9F
:1081700072E2672E71E1772E94E08A81981B9B83CF
:10818000AA24A394E2E05E2E83E0B82E9A81B91A65
:10819000452C491A3A2C391A292E21948A818111A9
:1081A0003EC0809154058823C9F080916D028823D8
:1081B00059F081E090915405911180E024E046EF60
:1081C00050E1622D0E9400E58A818F5F8A83998148
:1081D0009813E4CF85E0809352050BC0809153053E
:1081E00010925305882309F335D98091F706882327
:1081F000E1F20F900F900F90DF91CF911F910F91AF
:10820000FF90EF90DF90CF90BF90AF909F908F90B6
:108210007F906F905F904F903F902F9008959A813C
:10822000913009F04BC01092FE0610920207109296
:108230000107109200071092FF06809154058130CB
:10824000F1F080916D02882309F4BECF11E0809196
:108250005405813009F010E060915A0770915B0776
:1082600080915C0790915D070E94602500E09C0171
:108270004CEE5FE0632D812F0E947E35A5CF80916B
:108280005305109253058823E1F20E9485E548E9E1
:10829000C42E42E2D42EE12CF12C00EC13E420E0B9
:1082A00030E047EA53E46AE577E08CEE9FE00E9415
:1082B000C7E68091F706882321F29BCF8A8182301E
:1082C00009F09DC0A092FE061092020710920107CD
:1082D000109200071092FF06809154058230D9F069
:1082E00080916D02882309F46FCF11E080915405CD
:1082F000823009F010E060915E0770915F07809115
:108300006007909161070E94602500E09C014CEE9F
:108310005FE0642DB0CF8091530510925305882300
:10832000F9F20E9485E528E9C22E22E2D22EE12C44
:10833000F12C06EC12E420E030E046EC52EC6EE565
:1083400077E08CEE9FE00E94C7E68091F7068823D5
:1083500039F24FCF5092FE06109202071092010799
:10836000109200071092FF06809154058330D9F0D7
:1083700080916D02882309F427CF11E08091540584
:10838000833009F010E0609162077091630780917B
:108390006407909165070E94602500E09C014CEE07
:1083A0005FE06B2D68CF80915305109253058823B1
:1083B000F9F20E9485E588E9C82E82E2D82EE12CE8
:1083C000F12C00E211E420E030E040E251EC62E602
:1083D00077E08CEE9FE00E94C7E68091F706882345
:1083E00039F207CF8091530510925305882391F0FD
:1083F0000E9479298091F706882361F0FACE8A815C
:10840000833009F4A7CF843009F0DECE8091540583
:10841000843041F380916D02882309F4D5CE9F9278
:108420008F927F926F929B819F9381E090915405F0
:10843000943009F080E08F930E94EF2E0F900F9000
:108440000F900F900F900F90BFCE2F923F924F92B0
:108450005F926F927F928F929F92AF92BF92CF92D4
:10846000DF92EF92FF920F931F93CF93DF9300D091
:1084700000D0CDB7DEB786E00E9494B6898361E074
:1084800081E00E94FD2E509055052981222309F498
:1084900041C08FE990E19E838D8345E5A42E40E1A4
:1084A000B42E35E0350D398385E085198A8396E150
:1084B000892E90E1992E84E085198B8383E08519BC
:1084C0008C8382E0482E45182CEC622E20E1722E1F
:1084D00081E0382E3518252C2194511049C0809107
:1084E0005405882301F180916D02882359F081E0C1
:1084F00090915405911180E024E046EF50E1622D07
:108500000E9400E5539439815312E7CF86E08093AF
:10851000520515C024E830E13E832D8332E3A32EBB
:1085200030E1B32EBECF80915305109253058823BE
:10853000D1F20E942A3A8091F7068823A1F226966A
:108540000FB6F894DEBF0FBECDBFDF91CF911F9164
:108550000F91FF90EF90DF90CF90BF90AF909F90E2
:108560008F907F906F905F904F903F902F900895E5
:1085700081E0581221C090915405913071F08091A2
:108580006D02882309F4BECF81E0913009F080E0CC
:1085900020E24EEB50E1632DB3CF80915305109252
:1085A0005305882361F37092DD066092DC068091AA
:1085B000F706882321F3C3CF92E0591281C090912E
:1085C0005405923071F080916D02882309F49ACF9E
:1085D00081E0923009F080E020E24BE750E1642D29
:1085E0008FCF8091530510925305882361F32D811D
:1085F0003E813093DD062093DC068091F7068823C8
:1086000011F39DCF90915405933071F080916D02DC
:10861000882309F477CF81E0933009F080E020E2ED
:1086200042E250E16C816CCF80915305109253056A
:10863000882361F3B092DD06A092DC068091F706F4
:10864000882321F37CCF90915405943071F0809170
:108650006D02882309F456CF81E0943009F080E060
:1086600020E248E050E16B814BCF8091530510929E
:108670005305882361F39092DD068092DC06809199
:10868000F706882321F35BCF8091530510925305A1
:10869000882329F1D12CC12CE12C10E8F12E09E816
:1086A00013E420E030E042E952E46DE472E088EF48
:1086B0009FE00E94C7E68091F706882381F03FCFB4
:1086C00083E0581609F49ECF94E0591609F4BBCF05
:1086D00025E0521217CF809154058530A9F2809180
:1086E0006D02882309F40ECF11E080915405853086
:1086F00009F010E060914D0270914E0280914F029E
:10870000909150020E94602500E09C0148EF5FE0DC
:108710006A81812F0E947E35F5CE6F927F928F9273
:108720009F92AF92BF92CF92DF92EF92FF920F9300
:108730001F93CF93DF9361E081E00E94FD2EC091F3
:10874000550545E0742E7C0ED1E0DC1B6C2E619447
:10875000C11135C0809154058823B1F080916D021C
:10876000882359F081E090915405911180E024E034
:1087700046EF50E1662D0E9400E5CF5F7C12E8CF06
:1087800082E0809352050CC08091530510925305EE
:10879000882321F30E942A3A8091F7068823F1F278
:1087A000DF91CF911F910F91FF90EF90DF90CF90CD
:1087B000BF90AF909F908F907F906F900895C13041
:1087C000E1F6809154058130E9F080916D028823B3
:1087D000A1F211E080915405813009F010E0609120
:1087E000DC057091DD058091DE059091DF050E942A
:1087F000ED2700E09C0141EE5FE06D2F812F0E948C
:108800007E35BBCF80915305109253058823E9F242
:108810006091DC057091DD058091DE059091DF05AA
:108820000F9462191F921F9221E3822E22E5922E4D
:108830005B016C011AE0E12EF12C00E010E020E079
:1088400030E0A9016CED75E081EE9FE00E9491E5BA
:108850000F900F908091F706882309F4B6CFA0CF30
:108860002F923F924F925F926F927F928F929F9240
:10887000AF92BF92CF92DF92EF92FF920F931F932E
:10888000CF93DF9300D000D01F921F92CDB7DEB7F9
:108890002091FE06288761E081E00E94FD2E309144
:1088A00055053F83E8858E2F90E0880F991F9C0126
:1088B0002B5F334D3C832B8336E0E39FC0011124B3
:1088C000FC01E956FA4FFA83E9839C012B563A4F93
:1088D00079015F8035E0432E450C11E0312E3518CB
:1088E000252C2194FE82ED82570134E0A30EB11CA9
:1088F00049E7C42E49E2D42E85E0782E7518470149
:10890000E2E08E0E911C82E0682E6518FF81F11165
:1089100063C01123D9F0809154051816BCF0409122
:10892000E7065091E8066091E9067091EA064B5F10
:108930005F4F6F4F7F4F4093E7065093E806609379
:10894000E9067093EA068F5F8093540580916D026B
:10895000882351F0EB81FC816591749130E020E037
:1089600043E0822D0E943A34F50180818093E00635
:10897000FF81F23009F082C028852093FE06109214
:10898000020710920107109200071092FF068091D3
:108990005405823009F45FC080916D02882391F004
:1089A00011E080915405823009F010E08091E006DA
:1089B0000E947BC600E09C014BEE50E1662D812FAA
:1089C0000E947E3510E02F812F5F2F8342129ECFB1
:1089D00086E08093520519C02F81213029F68091BD
:1089E0005405813031F080916D02811127C010E073
:1089F000BBCF80915305109253058823A1F30E94A9
:108A00002A3A8091F706882371F328960FB6F894D6
:108A1000DEBF0FBECDBFDF91CF911F910F91FF90B1
:108A2000EF90DF90CF90BF90AF909F908F907F900E
:108A30006F905F904F903F902F90089581E09091BC
:108A40005405913009F080E024E046EF50E1632DB9
:108A50000E9400E5CCCF80915305109253058823E6
:108A600009F49ACF6AE872E28BEE90E10E9486E701
:108A70008091F706882309F48FCFC7CF3F81333029
:108A800091F5809154058330C1F080916D02882367
:108A900009F498CF11E080915405833009F010E07B
:108AA000ED81FE81808191810E9447C663E0651956
:108AB00000E09C0142EE50E182CF8091530510927C
:108AC0005305882311F310E000E02BEE30E045E081
:108AD00050E0B70182EE90E10E944FE78091F706E7
:108AE000882399F292CFFF81F43091F5809154055B
:108AF0008430B9F080916D02882309F463CF11E0CE
:108B000080915405843009F010E0F4018081918156
:108B10000E9447C664E0651900E09C014DED50E1FC
:108B20004ECF8091530510925305882319F310E01E
:108B300000E02EE630E045E050E069817A818DED7D
:108B400090E10E944FE78091F706882399F25DCF6C
:108B5000FF81F53009F037CF809154058530E1F081
:108B600080916D02882309F42DCFDF92CF9282E2AB
:108B700091E19F938F937F9281E09091540595307E
:108B800009F080E08F930E94EF2E0F900F900F90CE
:108B90000F900F900F9016CF8091530510925305B0
:108BA0008823F1F20E9479298091F7068823C1F287
:108BB0002CCF5F926F927F928F929F92AF92BF92D3
:108BC000CF92DF92EF92FF920F931F93CF93DF9399
:108BD000CDB7DEB760970FB6F894DEBF0FBECDBF3E
:108BE00080E1EDE8F2E0DE01119601900D928A95A8
:108BF000E1F761E081E00E94FD2ED09055059D2CAB
:108C000065E0862E8D0C7D2C719473E0672ED1105B
:108C100014C080915405882309F4D0C080916D025E
:108C2000882359F081E090915405911180E024E06F
:108C300044E45FE0672D0E9400E5AA24A394B12CD0
:108C40005D2C5918DA102FC08FEF8A0D8093FE0625
:108C50001092020710920107109200071092FF066F
:108C6000809154058D1509F4CDC080916D02882343
:108C7000D1F011E0809154058D1110E0F501EE0F57
:108C8000FF1FEE0FFF1FEA5FF84F60A171A182A1E5
:108C900093A10E94632800E09C0145EE5EE0652DF3
:108CA000812F0E947E35CA2C81E08A0D9FEFA91A80
:108CB000B90A94E0A916B10429F68D112CC060926E
:108CC000FE06109202071092010710920007109200
:108CD000FF06809154058D1509F4BEC080916D0288
:108CE0008823C9F0BD2CB91811E0809154058D116D
:108CF00010E06091360770913707809138079091A6
:108D000039070E94632800E09C0145EE5EE06B2D70
:108D1000812F0E947E3582E08C0D8D1122C08091C2
:108D200054058D1509F4B6C080916D028823C9F0F1
:108D3000BD2CB91811E0809154058D1110E060919F
:108D400046077091470780914807909149070E9414
:108D5000632800E09C0140EE5EE06B2D812F0E94B5
:108D60007E3583E08C0D8D1121C0809154058D15C9
:108D700009F4ADC080916D028823C1F011E08091AB
:108D800054058D1110E060914A0770914B07809156
:108D90004C0790914D070E94632800E09C0141ED33
:108DA0005EE06D2D6919812F0E947E35D3948D1060
:108DB0002ECF84E08C0D809352050EC08091530518
:108DC00010925305882309F429CF0E942A3A8091F2
:108DD000F706882309F422CF60960FB6F894DEBF19
:108DE0000FBECDBFDF91CF911F910F91FF90EF90FC
:108DF000DF90CF90BF90AF909F908F907F906F90BB
:108E00005F9008958091530510925305882309F4CB
:108E10002CCF0E9485E5B501660F771F660F771F7F
:108E2000FB01349781E090E08C0F9D1FE80FF91F44
:108E3000E080F180028113816A5D784F20E030E0AC
:108E400040E85FE385EE9EE00E9403E68091F7062E
:108E5000882309F40ACFC0CF80915305109253059F
:108E6000882309F43BCF0E9485E5E12C1CE3F12E19
:108E70000CE116E420E030E040E85FE366E377E0F1
:108E800085EE9EE00E9403E68091F706882309F4B0
:108E900025CFA2CF8091530510925305882309F462
:108EA00043CF0E9485E5E12C1CE3F12E0CE116E492
:108EB00020E030E0A90166E477E080EE9EE00E94C9
:108EC00003E68091F706882309F42ECF85CF8091A1
:108ED000530510925305882309F44CCF0E9485E571
:108EE000E12C1CE3F12E0CE116E420E030E0A901B6
:108EF0006AE477E081ED9EE00E9403E68091F70648
:108F0000882309F437CF68CF2F923F924F925F9218
:108F10006F927F928F929F92AF92BF92CF92DF9289
:108F2000EF92FF920F931F93CF93DF9300D000D067
:108F30001F921F92CDB7DEB700910A0710910B0761
:108F400020910C0730910D0780910E0790910F072B
:108F5000A0911007B091110780179107A207B307DE
:108F600010F4D901C801009106071091070720915C
:108F7000080730910907BC01CD016017710782070E
:108F8000930710F4C901B8010F94A2132B013C01FF
:108F900061E081E00E94FD2E2091550528872A83FB
:108FA000822F8B5F898387E0922F821B8B8386E0E1
:108FB000821B8C8385E0821B8D8384E0821B8E83E1
:108FC00083E0821B8F8322E0322E391A292E2194CE
:108FD0002885211142C0809154058823C9F08091D1
:108FE0006D02882359F081E090915405911180E041
:108FF00024E044E45FE0622D0E9400E598859F5FD5
:10900000988729812913E4CF88E0809352050CC00A
:109010008091530510925305882309F30E942A3A40
:109020008091F7068823D9F228960FB6F894DEBF10
:109030000FBECDBFDF91CF911F910F91FF90EF90A9
:10904000DF90CF90BF90AF909F908F907F906F9068
:109050005F904F903F902F9008958885813009F060
:109060006BC0809154058130F9F080916D028823A6
:1090700029F211E080915405813009F010E06091EF
:109080003A0770913B0780913C0790913D070E9401
:10909000632861E02A81621B00E09C0141E25FE0FD
:1090A000812F0E947E35AACF8091530510925305DF
:1090B0008823D9F20E9485E52AE037ED43E25DE39B
:1090C00060913A0770913B0780913C0790913D0772
:1090D0000F9403140F9462195B016C0121E0A21A32
:1090E000B108C108D1082AE037ED43E25DE3C301CE
:1090F000B2010F9403140F9462197B018C0121E0DB
:10910000E21AF108010911091F921F9295E4892EB4
:1091100092E5992E21E030E040E050E06AE377E00C
:1091200081E29FE00E9491E50F900F908091F706F9
:10913000882309F49ACF78CF8885823009F08AC1D4
:10914000809154058230D9F080916D02882309F412
:1091500055CF11E080915405823009F010E0609104
:109160003E0770913F0780914007909141070E9410
:10917000632800E09C0143E15FE0632D91CF809183
:109180005305109253058823F9F20E9485E56091FA
:1091900012077091130780911407909115070F948F
:1091A000A2137B018C0120E030E048EC52E46EE336
:1091B00077E083E19FE00E9403E68091F706882331
:1091C00019F232CF809154058330D9F080916D022D
:1091D000882309F413CF11E080915405833009F0FE
:1091E00010E060914207709143078091440790918D
:1091F00045070E94632800E09C0147E05FE06F8123
:109200004FCF80915305109253058823F9F20E94A5
:1092100085E52AE037ED43E25DE360914207709116
:10922000430780914407909145070F9403140F94CE
:1092300062195B016C0121E0A21AB108C108D108D2
:109240002AE037ED43E25DE3C301B2010F9403145A
:109250000F9462197B018C0121E0E21AF1080109E7
:1092600011091F921F9285E4882E82E5982E21E035
:1092700030E040E050E062E477E087E09FE00E9469
:1092800091E50F900F908091F706882309F49ECF07
:10929000CBCE1092FE061092020710920107109298
:1092A00000071092FF06809154058430D9F0809118
:1092B0006D02882309F4A2CE11E080915405843018
:1092C00009F010E060910607709107078091080788
:1092D000909109070E94412800E09C014CEF5EE05C
:1092E0006E81DECE80915305109253058823F9F2EA
:1092F0000E9485E50CEE18E224E630E040E050E004
:1093000066E077E08CEF9EE00E9465E68091F706CC
:10931000882369F289CE81E08093FE0610920207CD
:1093200010920107109200071092FF0680915405D9
:109330008530D9F080916D02882309F45FCE11E069
:1093400080915405853009F010E060910A07709112
:109350000B0780910C0790910D070E94412800E0B7
:109360009C014CEF5EE06D819BCE80915305109285
:1093700053058823F9F20E9485E50AEE18E224E6F7
:1093800030E040E050E06AE077E08CEF9EE00E9441
:1093900065E68091F706882369F246CE82E08093E5
:1093A000FE06109202071092010710920007109219
:1093B000FF06809154058630D9F080916D02882394
:1093C00009F41CCE11E080915405863009F010E0BC
:1093D00060910E0770910F0780911007909111070F
:1093E0000E94412800E09C014CEF5EE06C8158CE69
:1093F00080915305109253058823F9F20E9485E568
:1094000008EE18E22AE030E040E050E06EE077E05D
:109410008CEF9EE00E9465E68091F706882369F252
:1094200003CE8091530510925305882339F10E9491
:1094300085E506EE18E224E630E040E050E062E127
:1094400077E081EF9EE00E9465E68091F706882331
:10945000A9F0EACD8885833009F4B4CE843009F4CC
:1094600018CF853009F457CF863009F497CF87306D
:1094700009F0C4CD80915405873099F280916D0236
:10948000882309F4BBCD11E080915405873009F0A1
:1094900010E060911207709113078091140790916A
:1094A00015070E94412800E09C0141EF5EE06B81BE
:1094B000F7CD2F923F924F925F926F927F928F9251
:1094C0009F92AF92BF92CF92DF92EF92FF920F9353
:1094D0001F93CF93DF93CDB7DEB766970FB6F8949F
:1094E000DEBF0FBECDBF61E081E00E94FD2E709017
:1094F00055057D8A25E0270D2E8B272C2194711090
:1095000014C080915405882309F480C080916D02B5
:10951000882359F081E090915405911180E024E076
:1095200044E45FE0622D0E9400E580E1EDE9F2E0B5
:10953000DE01119601900D928A95E1F76EEF362EBD
:1095400044244394512C672C8D89681A91E093151B
:1095500008F4E9C074104AC08FEF840D8093FE06B2
:109560001092020710920107109200071092FF0656
:1095700080915405871509F470C080916D0288238D
:10958000A9F111E080915405871110E0F201EE0F6E
:10959000FF1FEE0FFF1FE356FA4FC080D180E2801D
:1095A000F38020E030E0A901C701B6010F949E13BB
:1095B0002DEB37E346E055E387FF04C02DEB37E39F
:1095C00046E055EBC701B6010F941E18698B7A8BE4
:1095D0008B8B9C8BCE0141960E94FDC600E09C01C6
:1095E0004EE25FE0662D812F0E947E3581E0840D82
:1095F0009FEF491A590A339422E03212A7CF73948D
:109600009E8997117CCF809352050EC0809153059F
:1096100010925305882309F479CF0E942A3A809149
:10962000F706882309F472CF66960FB6F894DEBF6A
:109630000FBECDBFDF91CF911F910F91FF90EF90A3
:10964000DF90CF90BF90AF909F908F907F906F9062
:109650005F904F903F902F90089580915305109206
:109660005305882309F489CF0E9485E54201880CBF
:10967000991C880C991C840104501109F801EF55BC
:10968000FA4F20E030E048EC52E460817181828141
:1096900093810F9403142FE632E143E85AE30F94C9
:1096A0001E180F9462195B016C012AE0A21AB1081E
:1096B000C108D108E1E0F0E0EC0FFD1FE00FF11F61
:1096C00020E030E048EC52E4608171818281938136
:1096D0000F9403142FE632E143E85AE30F941E1867
:1096E0000F9462197B018C012AE0E21AF10801094A
:1096F0001109C40183569A4F1F921F925BE3852E76
:1097000052E5952E2AE030E040E050E0BC018EE2C8
:109710009FE00E9491E50F900F908091F7068823BB
:1097200009F42BCF81CF74102EC08FEF840D80935E
:10973000FE06109202071092010710920007109285
:10974000FF0680915405871509F180916D028823E9
:10975000D1F011E080915405871110E0F201EE0F75
:10976000FF1FEE0FFF1FE356FA4F60817181828168
:1097700093810E94ED2700E09C014EE25FE0662DA0
:10978000812F0E947E3584E0830D32CF8091530576
:10979000109253058823C9F20E9485E54201880C86
:1097A000991C880C991C840104501109F801EF558B
:1097B000FA4F60817181828193810F9462195B01FC
:1097C0006C0121E0A21AB108C108D108E1E0F0E083
:1097D000EC0FFD1FE00FF11F608171818281938189
:1097E0000F9462197B018C0121E0E21AF108010952
:1097F0001109C40183569A4F1F921F9221E3822EB2
:1098000022E5922E21E030E040E050E0BC018EE203
:109810009FE00E9491E50F900F908091F7068823BA
:1098200009F493CF01CF2F923F924F925F926F92A4
:109830007F928F929F92AF92BF92CF92DF92EF92E0
:10984000FF920F931F93CF93DF9300D01F921F922D
:10985000CDB7DEB761E081E00E94FD2E2091550575
:109860002C832A83822F8B5F8983922F91959B83F0
:1098700084E0482E421AFC81F11114C080915405F5
:10988000882309F48AC080916D02882359F081E011
:1098900090915405911180E024E044E45FE06B81F5
:1098A0000E9400E546E0642E47E0742E21E02D83FF
:1098B0003C803A942C808A81281A9C81ED819E13E9
:1098C00028C03092FE0610920207109201071092F3
:1098D00000071092FF0680915405891709F483C090
:1098E00080916D028823A9F011E080915405FD81DB
:1098F0008F1310E0F30164897589868997890E9426
:10990000722600E09C0149E35FE0622D812F0E94F6
:109910007E355D80F4E06F0E711C21E0250D2D83F6
:10992000243059F68C81843069F593E09093FE06DB
:109930001092020710920107109200071092FF0682
:1099400080915405843009F493C080916D0288237E
:10995000C9F0F1E0FD8380915405843009F01D8247
:109960006091260770912707809128079091290719
:109970000E94722600E09C0149E35FE0642D8D8126
:109980000E947E352C812F5F2C838981821373CFB7
:1099900053945394509252050EC0809153051092E7
:1099A0005305882309F46FCF0E942A3A8091F70665
:1099B000882309F468CF0F900F900F900F900F90AD
:1099C000DF91CF911F910F91FF90EF90DF90CF909B
:1099D000BF90AF909F908F907F906F905F904F90CF
:1099E0003F902F900895809153051092530588233E
:1099F00009F476CF0E9485E520E030E048EC52E49F
:109A0000F30164897589868997890F9403142FE679
:109A100032E143E85AE30F941E180F9462195B0178
:109A20006C01F4EFAF1AF1E0BF0AC108D10884EE6F
:109A300098E29F938F9326E3822E22E5922E18EED2
:109A4000E12E1FE3F12E0FE010E024EF31E040E0C3
:109A500050E0B3016C5E7F4F89E39FE00E9491E587
:109A60000F900F908091F706882309F439CFA3CF88
:109A70008091530510925305882309F466CF0E9404
:109A800085E520E030E048EC52E4609126077091D3
:109A9000270780912807909129070F9403142FE638
:109AA00032E143E85AE30F941E180F9462195B01E8
:109AB0006C01E4EFAE1AE1E0BE0AC108D10882EE03
:109AC00098E29F938F9386E3882E82E5982E18EE76
:109AD000E12E1FE3F12E0FE010E024EF31E040E033
:109AE00050E066E277E089E39FE00E9491E50F9005
:109AF0000F908091F706882309F427CF5CCF6F92EF
:109B00007F928F929F92AF92BF92CF92DF92EF920D
:109B1000FF920F931F93CF93DF9361E081E00E9448
:109B2000FD2EC091550595E0892E8C0ED4E0DC1BEE
:109B300023E0922E792C7C1A82E0B82EBC1A81E0A8
:109B4000A82EAC1A6C2E6194C11135C080915405B9
:109B50008823B1F080916D02882359F081E09091C3
:109B60005405911180E024E044E45FE0662D0E94FA
:109B700000E5CF5F8C12E8CF85E0809352050CC0E2
:109B80008091530510925305882321F30E942A3AAD
:109B90008091F7068823F1F2DF91CF911F910F9109
:109BA000FF90EF90DF90CF90BF90AF909F908F90FD
:109BB0007F906F900895C13069F590915405913070
:109BC000B9F080916D028823A1F281E0913009F013
:109BD00080E09091860720EC3EE0911102C02CEBD2
:109BE0003EE001E044EC5EE06A2D0E947E35C1CF8C
:109BF0008091530510925305882319F380918607AD
:109C00008C278093860790926D028091F7068823B7
:109C1000C1F2C2CFC23009F07FC0809154058230BA
:109C2000C1F080916D02882309F4A3CF11E08091E7
:109C30005405823009F010E080917502909176020F
:109C40000E9447C600E09C0145EB5EE06B2D812F32
:109C5000CCCF8091530510925305882311F310E067
:109C600000E02BEE30E050E040E065E772E085EB8D
:109C70009EE00E944FE78091F706882391F28CCFF7
:109C8000809154058330B9F080916D02882309F4E6
:109C900070CF11E080915405833009F010E080917D
:109CA0006F02909170020E9447C600E09C014EEA4C
:109CB0005EE0672DCCCF8091530510925305882329
:109CC00019F310E000E02BEE30E050E040E06FE6EA
:109CD00072E08EEA9EE00E944FE78091F7068823AB
:109CE00099F25ACF80915305109253058823F1F0D1
:109CF000D12CC12CE12CF12C00E211E420E030E069
:109D0000A90161E772E084EA9EE00E94C7E68091C3
:109D1000F706882359F040CFC33009F4B1CFC430DF
:109D200009F027CF809154058430E1F280916D02D3
:109D3000882309F41ECF11E080915405843009F086
:109D400010E06091710270917202809173029091A3
:109D500074020E94602500E09C0144EA5EE06D2FE1
:109D600076CF2F923F924F925F926F927F928F9217
:109D70009F92AF92BF92CF92DF92EF92FF920F939A
:109D80001F93CF93DF9300D000D0CDB7DEB761E053
:109D900081E00E94FD2E309055053A8225E0230D8A
:109DA000298381E083198C83332D31953D8382E0B3
:109DB00083198E833110ADC080915405882309F436
:109DC00081C080916D02882359F081E09091540503
:109DD000911180E024E044E45FE06D810E9400E5A1
:109DE00080919405882309F46AC1F2E03F1225C0EE
:109DF00080915405823009F4C6C080916D02882399
:109E0000E1F011E080915405823009F010E0E0911A
:109E1000850794E0E99FF0011124E457FA4F60812F
:109E20007181828193810E945B2700E09C014BE855
:109E30005EE06E81812F0E947E35712C612C63E083
:109E4000262EE32DFA81EF1BEB8332102DC060929A
:109E5000FE0610920207109201071092000710925E
:109E6000FF0680915405831509F4DDC080916D02D1
:109E70008823D1F011E080915405821110E0F301A4
:109E8000EE0FFF1FEE0FFF1FE457FA4F6081718145
:109E9000828193810E945B2700E09C014AE75EE09B
:109EA0006B81812F0E947E359FEF691A790AE4E069
:109EB0002E12B6C085E03394F981F3117BCF8093E5
:109EC00052050EC08091530510925305882309F462
:109ED00078CF0E942A3A8091F706882309F471CF3F
:109EE00026960FB6F894DEBF0FBECDBFDF91CF919F
:109EF0001F910F91FF90EF90DF90CF90BF90AF90A8
:109F00009F908F907F906F905F904F903F902F9099
:109F1000089581E0381264CF809154058130D1F0EA
:109F200080916D02882309F45BCF81E09091540504
:109F3000913009F080E09091940520EC3EE0911181
:109F400002C02CEB3EE001E04AE95EE06C810E9439
:109F50007E3546CF8091940590915305109253051C
:109F60009923F1F283258093940593E090936D02F9
:109F7000E6E5F5E8EF2B11F00E9456858091F70693
:109F8000882371F2ADCF8091530510925305882339
:109F900009F433CF0E9485E56090850724E0629E36
:109FA00030011124C30184579A4F3C0120E030E076
:109FB0004AE754E4FC0160817181828193810F94AE
:109FC000031427E137EB41ED58E30F941E180F946B
:109FD00062195B016C01FCEDAF1AF5E0BF0AC10824
:109FE000D10826E535E83F932F9379E5872E72E572
:109FF000972E16EDE12E16E0F12E00E010E02CED8C
:10A0000035E040E050E0B3018BE89EE00E9491E52E
:10A010000F900F908091F706882309F4EECE60CF61
:10A0200054E0252E12CF80915305109253058823BA
:10A0300009F41CCF0E9485E5C301880F991F880F82
:10A04000991F9C0124573A4F290120E030E04AE74C
:10A0500054E4F20160817181828193810F94031431
:10A0600027E137EB41ED58E30F941E180F94621966
:10A070005B016C01FCEDAF1AF5E0BF0AC108D10825
:10A0800026E535E83F932F9339E5832E32E5932E6D
:10A0900016EDE12E16E0F12E00E010E02CED35E09B
:10A0A00040E050E0B2018AE79EE00E9491E50F9007
:10A0B0000F908091F706882309F4D8CE11CF82E063
:10A0C000FACE2F923F924F925F926F927F928F9231
:10A0D0009F92AF92BF92CF92DF92EF92FF920F9337
:10A0E0001F93CF93DF9300D0CDB7DEB74C013B0178
:10A0F0005A012B83232E280181E080937F07409112
:10A10000E7065091E8066091E9067091EA0641156C
:10A1100051056105710571F0141615060CF080E00B
:10A1200080934B051092E7061092E8061092E9061C
:10A130001092EA0610914B0530905305109253058A
:10A14000311005C080916D02882309F46FC0C201EF
:10A150000E94E3CF082F80E0C114D10419F0C6019A
:10A160000E94E3CF1A821982E114F104B1F4402F66
:10A1700050E0282F30E0CA01820F931F46976CF4FD
:10A1800085E190E0841B950B821B930B97FD019654
:10A19000959587958A8381E0898301E02AEF35E8E8
:10A1A000A201BE016F5F7F4FCE0102960E94C631B1
:10A1B000E114F10491F08A81882321F01A828981C7
:10A1C0008F5F898300E02DEF35E8A701BE016F5F47
:10A1D0007F4FCE0102960E94C631C114D10459F0BE
:10A1E00000E02AEF35E8A601BE016F5F7F4FCE0188
:10A1F00002960E94C63141E04127B30181E00E94EE
:10A20000FFEBC4010E94E3CF412FB40194E1981BFE
:10A21000892F0E94FFEB332049F0111102C0AB805F
:10A22000B22CA114B104C1F0F50119950F900F9053
:10A230000F90DF91CF911F910F91FF90EF90DF90E2
:10A24000CF90BF90AF909F908F907F906F905F90D6
:10A250004F903F902F9008950E942A3AE7CFCF92D7
:10A26000DF92EF92FF920F931F9386E5C82E8FE047
:10A27000D82EF12CE12C0EE61FE030E020E043E187
:10A280005AE368E57FE081E69FE01BDF1F910F91B5
:10A29000FF90EF90DF90CF900895AF92BF92CF9252
:10A2A000DF92EF92FF920F931F93CF93DF93CDB77F
:10A2B000DEB7ADB6BEB687E69EE00E94E3CF90E083
:10A2C00001962DB73EB7281B390B0FB6F8943EBF49
:10A2D0000FBE2DBF8DB79EB701967C0167E67EE06D
:10A2E0000F94E612E091E006E15010E000E0E43067
:10A2F00038F4F0E0EE0FFF1FE25CFC4F00811181AB
:10A3000084E5C82E8EE0D82E2CE03AE343E15AE3F0
:10A3100066E57EE08DE59EE0D4DE0FB6F894BEBE25
:10A320000FBEADBEDF91CF911F910F91FF90EF90C7
:10A33000DF90CF90BF90AF9008950F931F93CF936E
:10A34000DF93FC01EB018091E7069091E806A09174
:10A35000E906B091EA06B7FD76C04091EB06509150
:10A36000EC066091ED067091EE06481759076A07F2
:10A370007B0714F4DB01CA018093E7069093E8069B
:10A38000A093E906B093EA0620916D022223C1F062
:10A390004091EF065091F0066091F1067091F2063F
:10A3A0008C019D01040F151F261F371FC901B8011D
:10A3B0001995BC018091F5069091F6060E94CD3466
:10A3C00080915305811109C08091E406882309F426
:10A3D0003EC080916D028823D1F18091F306909167
:10A3E000F4060097B1F04091E7065091E8066091BD
:10A3F000E9067091EA060091EF061091F0062091AF
:10A40000F1063091F206400F511F621F731FFE01CB
:10A410001995E091E506F091E606309741F08091BC
:10A42000E406811103C08091530581111995809133
:10A43000530510925305882351F0DF91CF911F915E
:10A440000F910C942A3A80E090E0DC0195CFDF91E7
:10A45000CF911F910F9108956FE672E28BE298E21F
:10A460006CCF6CEE72E285E298E267CF64EC72E248
:10A470008CE497E262CF6AEF72E282EA98E25DCF03
:10A4800064E173E288E598E258CF6AE273E286E914
:10A4900098E253CF6EED72E28FE998E24ECF6AEA0E
:10A4A00072E283E696E249CF6EE373E288E298E2D5
:10A4B00044CF62E473E28EED97E23FCF4F925F921A
:10A4C0006F927F928F929F92AF92BF92CF92DF92C4
:10A4D000EF92FF921F93CF93DF93CDB7DEB76097D4
:10A4E0000FB6F894DEBF0FBECDBF0E9401E96B012D
:10A4F0007C01809111028F3F09F44DC00E9401E957
:10A500008090F4049090F504A090F604B090F704C5
:10A51000681979098A099B0997FD3DC08091061049
:10A520000E948730909107108917A9F1809111023C
:10A5300040E050E065E073E4843050F424E0829F12
:10A54000F0011124EF52FD4F4081518162817381EE
:10A550004D875E876F87788B19821A821B821C82D7
:10A560001D821E821F82188619861A861B861C86EB
:10A570004091F304833011F0409185079E012F5FD5
:10A580003F4FBE01635F7F4F8DE792E00E94CDAEEB
:10A590008FEF809311020E94FA2F8091010582FFB4
:10A5A00033C08091FE04811131C091E09093FE048C
:10A5B000809188078927809353051092880783E04C
:10A5C00080936D02109201050E9401E96C507E4F4C
:10A5D0008F4F9F4F6093020570930305809304058E
:10A5E0009093050568E873E182E090E00E94B7CFA0
:10A5F00016E0115059F00E941BCC62E070E080E040
:10A6000090E00E94CEE8F5CF1092FE0480917B0787
:10A6100090917C07A0917D07B0917E07A7019601DC
:10A62000281B390B4A0B5B0BDA01C901B7FF05C0C8
:10A6300080914C05882309F492C1D701C6018C5939
:10A640009F4FAF4FBF4F80937B0790937C07A093A2
:10A650007D07B0937E076091FF04062E000C770BF8
:10A6600077FF03C071956195710961115AC080919E
:10A6700053058111CEC080914010909141108052BD
:10A68000954541F480911202882309F4D4C0815089
:10A69000809312020E94E09E809083059090840532
:10A6A000A0908505B090860581110E94ED9ED50190
:10A6B000C4013AE0B695A795979587953A95D1F755
:10A6C0008F3F4FEF9407A105B10520F08FEF9FEF6B
:10A6D000A0E0B0E09695879520916D022111BDC054
:10A6E00030914C0531116AC1809140109091411018
:10A6F0008052954509F449C180917F07811145C178
:10A700008091FA049091FB04A091FC04B091FD04A7
:10A71000C81AD90AEA0AFB0AF7FC45C10E940C3A9A
:10A7200042C18091FC0621E030E040E050E0882307
:10A7300009F450C08090F8069090F906A090FA06AF
:10A74000B090FB0681149104A104B104B9F170E04A
:10A7500090E080E00F94A2132B013C01C701B601E9
:10A76000681979098A099B090F94A2139B01AC010E
:10A77000C301B2010F94FA1820E030E04AE754E434
:10A780000F9403144B015C0120E030E040E253E4FD
:10A790000F94441A24E630E040E050E087FF12C0F6
:10A7A00020E030E046E952E4C501B4010F94441AB8
:10A7B0002AE030E040E050E087FF04C021E030E0D4
:10A7C00040E050E0C092F806D092F906E092FA0616
:10A7D000F092FB06A091FF040A2E000CBB0B0F9415
:10A7E000C0178090E7069090E806A090E906B09028
:10A7F000EA06DC01CB01880D991DAA1DBB1D8093C3
:10A80000E7069093E806A093E906B093EA06109253
:10A81000FF04D701C601805A9541AF4FBF4F8093C7
:10A82000FA049093FB04A093FC04B093FD0481E030
:10A8300080936D0220CF8CE0809312028091F80407
:10A840009091F904009729F001979093F90480936F
:10A85000F80481E080936D021DCF009741F0409194
:10A86000F8045091F9044817590708F03DCF80913A
:10A870004C05811112C0223038F0243008F441C058
:10A88000243011F410926D0282E490E10E94B532FE
:10A8900081E080934D0580934C0583E00E94413117
:10A8A00081E080936610E0914010F091411019957D
:10A8B00010924D0580914C05811127C010925305CF
:10A8C00080914010909141108052954509F014CF2D
:10A8D0000E9401E9DC01CB018C199D09AE09BF0979
:10A8E0008090F8049090F904B12CA12C8816990658
:10A8F000AA06BB0608F0F8CE9093F9048093F804FA
:10A90000F3CE81E080936D02BFCF86E490E10E9498
:10A9100032EC91E0811101C090E090934C058823C6
:10A9200069F2809140109091411080529545B9F4A0
:10A930000E9401E9DC01CB018C199D09AE09BF0918
:10A94000C090F804D090F904F12CE12CC816D90677
:10A95000EA06FB0620F49093F9048093F8046096CD
:10A960000FB6F894DEBF0FBECDBFDF91CF911F9120
:10A97000FF90EF90DF90CF90BF90AF909F908F901F
:10A980007F906F905F904F90089540E6C40E4AEE1E
:10A99000D41EE11CF11CC092FA04D092FB04E09298
:10A9A000FC04F092FD0480914C058111D8CF809178
:10A9B0006D028130A1F610926D02D1CF009709F49B
:10A9C0006CCF4DCFCF9380910605811109C085E4EE
:10A9D0009EE090934A058093490581E080930605A7
:10A9E0000E94722F20E040E070E060E08CEB94E386
:10A9F0000E948D39C1E0C0937F070E94C09E1092D3
:10AA00007F070E942A3AC0937F0760E082E494E4C3
:10AA10000E94BF2F81E49EE09093DD068093DC06C8
:10AA2000CF9108959091991194FB882780F994FF14
:10AA300006C081E09091420F911101C080E008951D
:10AA40002F923F924F925F926F927F928F929F923E
:10AA5000AF92BF92CF92DF92EF92FF920F931F932C
:10AA6000CF93DF93CDB7DEB760970FB6F894DEBF14
:10AA70000FBECDBF1092FC06E0910D0FF0910E0FAE
:10AA8000309721F0199581110E94B9E18091530509
:10AA900010925305882319F120E040E070E060E057
:10AAA00080EE99ED0E948D390E94C43060960FB6F9
:10AAB000F894DEBF0FBECDBFDF91CF911F910F91F4
:10AAC000FF90EF90DF90CF90BF90AF909F908F90CE
:10AAD0007F906F905F904F903F902F9008952091BE
:10AAE000190230911A024091E7065091E806CA0116
:10AAF000820F931F2436310509F0EAC34730510510
:10AB000044F006978A3091050CF0F1C38AE090E09A
:10AB1000F8C306964A3F5F4FACF380914D058823FA
:10AB200009F467C16091B30F7091B40F072E000C48
:10AB3000880B990B0F94A41311E02091AF0F309163
:10AB4000B00F4091B10F5091B20F0F94441A1816E4
:10AB50000CF010E06091DF0F7091E00F072E000CF9
:10AB6000880B990B0F94A4132091DB0F3091DC0F0D
:10AB70004091DD0F5091DE0F0F94441A18160CF41B
:10AB800012606091D8057091D905072E000C880BD2
:10AB9000990B0F94A4132091D4053091D5054091C1
:10ABA000D6055091D7050F94441A18160CF414606A
:10ABB0001093F2042091DC0E3091DD0E4091DE0EF8
:10ABC0005091DF0E60918102709182028091830228
:10ABD000909184020F941E186B017C012091E00E6D
:10ABE0003091E10E4091E20E5091E30E60918502AA
:10ABF0007091860280918702909188020F941E18AE
:10AC00004B015C012091D80E3091D90E4091DA0EA3
:10AC10005091DB0E60917D0270917E0280917F02E7
:10AC2000909180020F941E1869837A838B839C8392
:10AC3000CD82DE82EF82F88689869A86AB86BC86D4
:10AC400042E050E0C501B4010E94AFC64B015C0177
:10AC500080E2B7FE09C0B094A09490948094811CC7
:10AC6000911CA11CB11C8DE28093570560E2B0E1FC
:10AC70008B16B7E29B06A104B1048CF0C501B401A8
:10AC800020E137E240E050E00F949A17CA01B90181
:10AC90002AE030E040E050E00F949A17605D609346
:10ACA000580560E2E8EE8E16E3E09E06A104B104CA
:10ACB0008CF0C501B40128EE33E040E050E00F9481
:10ACC0009A17CA01B9012AE030E040E050E00F9441
:10ACD0009A17605D60935905C501B40124E630E020
:10ACE00040E050E00F949A176AE0462E512C612CF8
:10ACF000712CCA01B901A30192010F949A17605DEA
:10AD000060935A05C501B401A30192010F949A17EB
:10AD1000162FCA01B901A30192010F949A171123AA
:10AD200009F4FFC28EE280935B05605D60935C0571
:10AD3000105D10935D0567E575E08AEE94E00F9471
:10AD4000551CCE0101960E94B0C8BC0185EE94E06E
:10AD50000F94551CCE0105960E94B0C8BC0180EE30
:10AD600094E00F94551C8091991124E683FD27C02F
:10AD700059DE882309F4E7C28091911190919211D4
:10AD8000A0919311B09194110097A105B10509F418
:10AD9000DAC2BC01CD016D597F4F8F4F9F4F24E622
:10ADA00030E040E050E00F94781760919511709179
:10ADB000961180919711909198110F947817209384
:10ADC000DF04809110028217A1F020931002F8E4B2
:10ADD0002F9FB001112490E080E00F94A2132AE08D
:10ADE00037ED43E25CE30F9403140F94671960930B
:10ADF000DE0481E00E9441318091F204982F94702A
:10AE000042E102E082FF02C048E00CE080917A104B
:10AE1000843180F480917C10841760F0992309F4C8
:10AE200094C288E09EE07C0123E060E586E490E146
:10AE30000E944BED0E94EE28382E80917A108431CA
:10AE4000B8F480917C10823098F0332009F480C2ED
:10AE500080918707882309F47BC28CEC9DE07C01FC
:10AE600002E123E042E068E686E490E10E944BEDD7
:10AE700080917A108C3108F0D7C02BEA822E2FE017
:10AE8000922E1FE0D12CC12C39E0432E512C612C85
:10AE9000712C4CE1242E3C2DD40114968D919D9162
:10AEA0000D90BC91A02D8D879E87AF87B88BF40144
:10AEB000A084B18480917A10843118F580917C103F
:10AEC0008830F8F062E2C11001C068E0F601E15399
:10AED000FD4F20818091F20490E002C09595879506
:10AEE0003A95E2F7F601EE0FFF1F80FF34C2EE56EF
:10AEF000F24FE590F4900CE048E086E490E10E9487
:10AF00004BED80917A10883048F4B7FE27C24AE8AA
:10AF10005DE067E087EF810F0E94AE3280917A108A
:10AF20008C31C8F480917C108431A8F020E030E0AE
:10AF300040E05FE36D857E858F8598890F941E18AC
:10AF40000F94621977FF35C24AE85DE06CE187EF44
:10AF5000810F0E94AE323FEFC31AD30A4CE2840E37
:10AF6000911C165E133409F096CF8090D405909012
:10AF7000D505A090D605B090D70580917A1088307D
:10AF800060F48091D8059091D90597FF3CC24AE8BA
:10AF90005DE067E081E50E94AE3280917A108C31ED
:10AFA000B0F480917C10843190F020E030E040E0FB
:10AFB0005FE3C501B4010F941E180F94621977FF67
:10AFC00050C24AE85DE06CE181E50E94AE328091BA
:10AFD0007A108C3148F580917C10843128F1809171
:10AFE0008707882309F1B4E68B9FC001112481589B
:10AFF0009F4F6FEF70E00F94F617CB010E9447C68A
:10B0000027E620937D102CE120937E100E94CA3405
:10B0100085E290E0A0E0B0E089839A83AB83BC83B3
:10B02000CE0101960E945631FDDC882379F1809192
:10B030007A10843358F580917C108A3238F107E019
:10B0400028E04AE26AE286E490E10E94DEEB05E055
:10B0500022E04CE262E386E490E10E94DEEB24E031
:10B060004AE061E38AE20E94A8EB60914810709187
:10B07000491082E3809362108BE28093631022E692
:10B0800030E142E386E490E10E946AEA80917A101E
:10B09000853350F480917C10813330F024E04AE411
:10B0A00061E386E30E94A8EB80917A10843368F410
:10B0B00080917C10823348F002E02091DE0442E36C
:10B0C00067E386E490E10E94DEEB80917A108033A2
:10B0D000B8F580917C10883298F18091AD02909102
:10B0E000AE02A091AF02B091B00289839A83AB8384
:10B0F000BC830E94EE289091D0048917B9F00E9479
:10B10000EE288093D0048091CF048F5F823008F0C6
:10B11000D7C18093CF04E091CF04F0E0EE0FFF1F82
:10B12000EC0FFD1F0180F281E02D199586E38093DD
:10B130007D1080E380937E1081ED94E00E94CA34FC
:10B1400080917A10883208F06FC080917C108D3128
:10B1500008F46AC02BE040E86DE180E00E94A8EBB3
:10B1600080917A10873208F05FC080917C108F3117
:10B1700008F45AC088E590E0A0E0B0E089839A83A3
:10B18000AB83BC8383E080937D1016E210937E1026
:10B19000CE0101960E9456318BE080937D10109372
:10B1A0007E10332009F48FC185EE94E00E94CA34EA
:10B1B00089E590E0A0E0B0E089839A83AB83BC830B
:10B1C00088E280937D1016E210937E10CE010196E6
:10B1D0000E94563180E380937D1010937E103320BF
:10B1E00009F498C180EE94E00E94CA348AE590E0A8
:10B1F000A0E0B0E089839A83AB83BC838DE4809325
:10B200007D1016E210937E10CE0101960E945631F9
:10B2100085E580937D1010937E10332009F4A1C141
:10B220008AEE94E00E94CA3480917A10833368F5E4
:10B2300080917C108B3248F183E00E94413186E09E
:10B2400090E0A0E0B0E089839A83AB83BC8383E085
:10B2500080937D1013E310937E10CE0101960E941F
:10B26000563181E00E9441318091190290911A0279
:10B270000E9447C62CE020937D1010937E100E9400
:10B28000CA348BE79DE00E94B43280917A108134F9
:10B2900008F00CCC80917C10863308F407CC109217
:10B2A0007D108EE380937E108FE09FE00E94F1CFAF
:10B2B000182F60E870E08FE09FE00E94E7321531C0
:10B2C00008F0F4CB89E79DE00E94B4321F5FF7CF0E
:10B2D000243631054CF48536910504F58A30910504
:10B2E00034F48AE090E009C084369105BCF0883ED1
:10B2F000A3E09A0714F087EE93E02817390709F4C2
:10B300000CCC90931A02809319021092E7061092C7
:10B31000E8061092E9061092EA06FFCB84E690E078
:10B32000F0CF662351F08EE280935B05605D609301
:10B330005C0580E280935D05FECC80E280935C0535
:10B3400080935B05F6CF20E03ACD82E09EE06BCDA6
:10B3500086E99DE084CDE257F24FCBCDC5010E9436
:10B3600047C6FC01808193E0803229F4818192E01C
:10B37000803209F491E0892F880F880F292F281B2C
:10B38000822F810F80937D1037E030937E10A3E0F1
:10B39000B0E0A91BB109CD018E0F9F1F0E94CA34D6
:10B3A00049825A826B827C82CE0101960E9456317C
:10B3B000B5CDCB010E9447C6FC01808193E080326D
:10B3C00029F4818192E0803209F491E0892F880F7D
:10B3D000880FB92FB81B8B2F810F80937D1020927F
:10B3E0007E1023E030E0291B3109C9018E0F9F1F19
:10B3F0000E94CA3449825A826B827C82CE010196B5
:10B400000E945631A8CD0E9447C6FC01808193E07E
:10B41000803229F4818192E0803209F491E0892F11
:10B42000880F880F692F681B862F865A80937D109E
:10B4300087E080937E1023E030E0291B3109CF01A3
:10B44000820F931F0E94CA3489E090E0A0E0B0E030
:10B4500089839A83AB83BC83CE0101960E945631C7
:10B460009CCDCB010E9447C6FC01808193E08032D5
:10B4700029F4818192E0803209F491E0892F880FCC
:10B48000880FA92FA81B8A2F865A80937D108CE1E4
:10B4900080937E1023E030E0291B3109CF01820F19
:10B4A000931F0E94CA3489E090E0A0E0B0E0898355
:10B4B0009A83AB83BC83CE0101960E94563187CD1F
:10B4C0001092CF0428CE87E00E9494B680FF19C066
:10B4D00005EE14E0F80181918F01882309F468CE0C
:10B4E0008F320CF08FE3082E000C990BAA0BBB0BCC
:10B4F00089839A83AB83BC83CE0101960E94563127
:10B50000E9CF8091CD0680FD4FCE85E89DE00E9479
:10B51000B4324ECE87E00E9494B681FF19C000EE8F
:10B5200014E0D8018D918D01882309F45FCE8F320C
:10B530000CF08FE3082E000C990BAA0BBB0B898330
:10B540009A83AB83BC83CE0101960E945631E9CF2A
:10B550008091CD0681FD46CE85E89DE00E94B43203
:10B5600045CE87E00E9494B682FF19C00AEE14E02F
:10B57000F80181918F01882309F456CE8F320CF0A7
:10B580008FE3082E000C990BAA0BBB0B89839A83BF
:10B59000AB83BC83CE0101960E945631E9CF8091E6
:10B5A000CD0682FD3DCE8DE79DE00E94B4323CCEBB
:10B5B00039DA882339F08091991182FB882780F944
:10B5C00091E0892708950E94B9E1F2DF882331F0E4
:10B5D00080E59EE09093DD068093DC060C94C7C561
:10B5E00081E00C943AC510928807109278021ADA1A
:10B5F0009091991180FB97F990939911F1DF60E098
:10B600008CE29EE00E94BF2F0C940C3A81E00895DA
:10B61000CF93DF93EC01E62F660FFF0BEE59F74C4B
:10B62000E491E250E13108F0B0C0F0E08827E45E38
:10B63000F44A8F4F0D9409182D5BC55BC55BC55B44
:10B64000C55B575B395B7B5B795B595B9F5B9D5B44
:10B650007D5BC55BC35BC15BA15B82E1E1EBF2E0BB
:10B66000DE0101900D928A95E1F7CE01DF91CF9135
:10B67000089581E020EB30E03983288321EB30E02E
:10B680003B832A831D821C8223EB30E03F832E8381
:10B6900024EB30E0398728871B861A861D861C8696
:10B6A00092E09E878F8781E0888B198ADECF80E0C9
:10B6B000E1CF81E08F5F20E930E03983288321E901
:10B6C00030E03B832A8322E930E03D832C8328E964
:10B6D00030E03F832E832AE930E0398728872CE940
:10B6E00030E03B872A8726E930E03D872C8793E0CE
:10B6F000D8CF80E0DFCF80E0DECF81E08F5F20EA2F
:10B7000030E03983288321EA30E03B832A8322EA30
:10B7100030E03D832C8328EA30E03F832E832AEA01
:10B7200030E0398728872CEA30E03B872A8726EAF1
:10B7300030E03D872C8794E0B4CF80E0DFCF80E01D
:10B74000DECF81E08F5F20E231E03983288321E280
:10B7500031E03B832A8322E231E03D832C8328E2DF
:10B7600031E03F832E832AE231E0398728872CE2BB
:10B7700031E03B872A8726E231E03D872C8795E040
:10B7800090CF80E0DFCF80E0DECF82E1FE0111923A
:10B790008A95E9F76ACF8F929F92AF92BF92CF922C
:10B7A000DF92EF92FF920F93CF93DF931F92CDB76B
:10B7B000DEB75C017B0149016B01C40ED51EF501AA
:10B7C000808191810F9453178983002311F0F70131
:10B7D0008083BE016F5F7F4FC4010E947AE0F50154
:10B7E00080819181019691838083FFEFEF1AFF0A98
:10B7F000EC14FD0421F780E00F90DF91CF910F91C1
:10B80000FF90EF90DF90CF90BF90AF909F908F9080
:10B8100008959091C00095FFFCCF8093C6000895D5
:10B82000CF93DF93EC01FE0184912196882311F0E0
:10B83000F0DFF9CFDF91CF9108952F923F924F9291
:10B840005F926F927F928F929F92AF92BF92CF92B0
:10B85000DF92EF92FF920F931F93CF93DF93CDB7B9
:10B86000DEB763970FB6F894DEBF0FBECDBF9091E1
:10B87000870593FDABC1898389E40E9475248823E1
:10B8800009F4BDC10E94A72D90E01816190614F402
:10B8900081E090E026E0289FF001299FF00D11241F
:10B8A000EB56FA4F828193811A828E36910514F0FD
:10B8B0008EE690E09093D9058093D8050E942629C2
:10B8C0006091D8057091D905072E000C880B990B53
:10B8D0000F94A4132091D4053091D5054091D6053D
:10B8E0005091D7050F94441A60E018160CF029C146
:10B8F00084EF9AE00E94BF2F11E06981612789815E
:10B900000E94FDC53981332309F45AC1109378028E
:10B910001C821D821E821F8219861A861B861C8627
:10B920001E864CE34F875CE1588B86E4898B1B8A2B
:10B93000312C90E89983AFEBAA8B1B82B1E0BD87D5
:10B94000812C912C54016091D8057091D905072E56
:10B95000000C880B990B0F94A4137B018C012B898D
:10B96000332D49815A890F949E138823B9F0209171
:10B97000D4053091D5054091D6055091D7058A81DF
:10B98000B7018111E1C0C8010F949E13881F882759
:10B99000881F8B83EB8A3F2C09831A8B0E9401E955
:10B9A0006B017C01DC01CB0129853A854B855C85E7
:10B9B000821B930BA40BB50BB7FD2DC0D701C6019D
:10B9C00088519C4FAF4FBF4F89879A87AB87BC8701
:10B9D000809185070E948E918EED9AE021DF81147F
:10B9E0009104A104B10409F4DAC0C501B401605F97
:10B9F000784D8F4F9F4F6C197D098E099F0928EE56
:10BA000033E040E050E00F947817CA01B9010E947A
:10BA100092368AE0FEDE0E9449FE0E9401E96093B0
:10BA2000A3077093A4078093A5079093A60720907F
:10BA3000D4059091D50598870091D6051091D7052A
:10BA4000222D392FA8016B89732D89819A890F9432
:10BA50001D182B013C0120E030E0A9010F94441A8D
:10BA600087FF04C077FA709477F87094811491047A
:10BA7000A104B10409F096C020E030E040E85FE3A3
:10BA8000C301B2010F949E1387FF10C0AD85812CB6
:10BA9000912C5401AA2331F085E0882E8DE0982E58
:10BAA000A12CB12C8C0C9D1CAE1CBF1CBB81BB23DC
:10BAB00089F12C813D814E815F8121153105410540
:10BAC000510541F0D701C601821B930BA40BB50BA6
:10BAD000B7FD20C0222D3885A8016E857F85888915
:10BAE00099890F941D1820E030E040E85FE30F943F
:10BAF0009E1387FD2EC0D701C601805A9541AF4FD6
:10BB0000BF4F8C839D83AE83BF832E8698859F878E
:10BB1000088B198B809178028823D9F081149104C5
:10BB2000A104B10461F0A0E1CA1AA7E2DA0AE108AF
:10BB3000F108C818D908EA08FB08F7FE0AC01D86F4
:10BB400002CF82EE9AE0D6CEC8010F949E1387FFF3
:10BB500020C0809178028823C9F110927802639600
:10BB60000FB6F894DEBF0FBECDBFDF91CF911F910E
:10BB70000F91FF90EF90DF90CF90BF90AF909F908C
:10BB80008F907F906F905F904F903F902F900C948C
:10BB9000B9E1EB8A3F2C09831A8B1B82FFCE8FE31E
:10BBA00038DE37CF20E030E040E450E4C301B2019A
:10BBB0000F94441A18160CF079CF4601570176CF2E
:10BBC00084ED93E290930E0F80930D0F63960FB662
:10BBD000F894DEBF0FBECDBFDF91CF911F910F91C3
:10BBE000FF90EF90DF90CF90BF90AF909F908F909D
:10BBF0007F906F905F904F903F902F90089583E5D6
:10BC00000E9475248A83811108C029812223F1F2C0
:10BC100082E50E9475248823C9F20E94962D45CEA4
:10BC20000F931F93CF938C01C62F88EC97E0F8DD1C
:10BC3000C801F6DD8AE3EDDD80E38C0FEADD8AE002
:10BC4000CF911F910F91E5CD88EB99E0E9DD8AE076
:10BC5000E0DD60E088EA99E0E3DF60E083E999E015
:10BC6000DFDF61E08CE899E0DBDF61E081E899E00B
:10BC7000D7DF60E082E799E0D3DF61E082E699E018
:10BC8000CFDF60E089E599E0CBDF61E08FE499E008
:10BC9000C7DF60E085E499E0C3DF60E08EE399E010
:10BCA000BFDF60E086E399E0BBDF60E088E299E017
:10BCB000B7DF60E08AE199E0B3DF60E08BE099E014
:10BCC000AFDF60E08DEF98E0ABDF60E087EE98E0FB
:10BCD000A7DF60E086ED98E0A3DF60E081EC98E00C
:10BCE0009FDF60E082EB98E09BDF61E08BEA98E009
:10BCF00097DF60E08EE998E093DF60E087E998E005
:10BD00008FDF61E08EE898E08BDF60E089E798E004
:10BD100087DF60E08BE698E083DF60E081E698E013
:10BD20007FDF60E08AE498E07BDF60E08DE398E00D
:10BD300077DF61E08AE298E073DF60E08DE198E010
:10BD40006FDF61E088E198E06BDF61E08BE098E015
:10BD500067DF60E087EF97E063DF60E084EE97E005
:10BD60005FDF60E08BED96E00E94FD23682F61703D
:10BD70008BED97E055DF60E08DEC97E051CFE091DF
:10BD8000520D81E6E89FF0011124EC54F24F8081BE
:10BD9000811105C08EE098E343DD8AE03ACD089535
:10BDA00081EF92E03DCD8BEE92E03ACDCF9384E5EA
:10BDB0000E947524C09185078823E9F00E94A72D71
:10BDC000C82F8230C4F0EFDF8DE423DD6091BF0423
:10BDD0007091C00490E080E00E94E0E181ED94E089
:10BDE0001FDD6C2FCC0F770B880B990B0E944AE25A
:10BDF0008AE00FDDCFEF8C2FCF9108952F923F92E5
:10BE00004F925F926F927F928F929F92AF92BF926A
:10BE1000CF92DF92EF92FF920F931F93CF93DF9316
:10BE2000CDB7DEB769970FB6F894DEBF0FBECDBFB2
:10BE30009091870593FDB1C0F82EB8DF888F87FDFC
:10BE4000ACC089E40E947524882309F4D6C00E94FE
:10BE5000A72D90E01816190614F481E090E026E072
:10BE6000289FF001299FF00D1124EB56FA4F008115
:10BE70001181312C688DC8010E9478368091510261
:10BE8000823084F0288D21110DC00115110531F08B
:10BE90008091C4049091C504080F191F61E0C80186
:10BEA0000E94783661E08F2D0E94FDC5388D032FEA
:10BEB000032E000C110B4CE23402C0011124DC01F2
:10BEC000A555B04F6D0118966D917C91072E000C11
:10BED000880B990B0F94A4134B015C01F60144806D
:10BEE000558066807780A30192010F94441A18163A
:10BEF00014F031103AC00F5C1F4FF11017C2A301AC
:10BF00009201C501B4010F94441A18160CF0E8C14F
:10BF1000F1E0F98389E29CE09F938F931F930F9345
:10BF200087ED9AE09F938F931F920E949C2F0FB6EC
:10BF3000F894DEBF0FBECDBF39813323C1F0488DE9
:10BF40004093DB058EE095E890930E0F80930D0FE4
:10BF500051E0598F5BC082E50E947524882309F463
:10BF600054C00E94962D8C0185CF398E4FC081E040
:10BF7000898F4CC060E070E0CB0166C00F949E13C7
:10BF800087FF24C080917802882321F010927802E4
:10BF90000E94B9E1EE81E093860769960FB6F894A6
:10BFA000DEBF0FBECDBFDF91CF911F910F91FF90EC
:10BFB000EF90DF90CF90BF90AF909F908F907F9049
:10BFC0006F905F904F903F902F9008952E2CFB82A2
:10BFD0000C831D831F82AAC08FE31BDCE1C020E01D
:10BFE00030E040E450E4C301B2010F94441A181643
:10BFF0000CF029C14601570126C183E50E94752432
:10C00000382E8111AECFF110A6CF198E83E50E9494
:10C010007524882331F00E94962D909376028093A8
:10C02000750282E40E947524882331F00E94962DC7
:10C030009093700280936F0286E40E9427248823E5
:10C0400009F498CF0E94DB2D609371027093720205
:10C050008093730290937402A1E0AE8320E030E0FD
:10C06000A9010F949E13811101C01E82BE81B0935D
:10C070008607FF2009F491CFE98DEE2309F48DCFD7
:10C080001092860781E080937802188619861A86B6
:10C090001B861E861F86188A198A1A8AFCE3FB8B68
:10C0A0002CE12C8B36E43D8B212C1B8240E84C8309
:10C0B0005FEB5D831F82812C912C5401A88DBCE223
:10C0C000AB02C00111248555904FFC013896FF8BBF
:10C0D000EE8B9C012C5F3F4F3A832983AE89BF8949
:10C0E0006D917C91072E000C880B990B0F94A41373
:10C0F0007B018C01222D3B814C815D810F949E132D
:10C100008823A1F0E981FA81208131814281538124
:10C11000B701C801311032CF0F949E13881F8827B2
:10C12000881F8F832E2CFB820C831D830E9401E9C4
:10C130006B017C01DC01CB012E853F854889598943
:10C14000821B930BA40BB50BB7FD2CC0D701C60106
:10C1500088519C4FAF4FBF4F8E879F87A88BB98B5D
:10C16000888D0E948E9186EC9AE05ADB81149104AE
:10C17000A104B10409F430CFC501B401605F784D6A
:10C180008F4F9F4F6C197D098E099F0928EE33E070
:10C1900040E050E00F947817CA01B9010E9492362E
:10C1A0008AE037DB0E9449FE0E9401E96093A30701
:10C1B0007093A4078093A5079093A607A981BA81DD
:10C1C000BC91BC87E981FA81F181FD87A981BA819F
:10C1D00012960C91129713961C912C853F2FA80153
:10C1E000622D7B818C819D810F941D182B013C0158
:10C1F00020E030E0A9010F94441A87FF04C077FAC9
:10C20000709477F8709481149104A104B10409F03A
:10C21000E6CE20E030E040E85FE3C301B2010F94D6
:10C220009E1387FF10C0B98D85E0882E8DE0982E73
:10C23000A12CB12CB11103C0812C912C54018C0C78
:10C240009D1CAE1CBF1CEF81EE2391F12885398522
:10C250004A855B85211531054105510541F0D7011E
:10C26000C601821B930BA40BB50BB7FD21C02C8517
:10C270003D85A8016A897B898C899D890F941D1849
:10C2800020E030E040EC5FE30F949E1387FD7ACE10
:10C29000D701C601805A9541AF4FBF4F8887998714
:10C2A000AA87BB879C859A8BAD85AB8B0C8B1D8B2E
:10C2B00080917802882309F465CE81149104A10449
:10C2C000B10461F0B0E1CB1AB7E2DB0AE108F10892
:10C2D000C818D908EA08FB08F7FE54CE198EFECE1E
:10C2E0008AEC9AE09F938F931F930F9387ED9AE0C8
:10C2F0009F938F931F920E949C2F0FB6F894DEBFDE
:10C300000FBECDBF1CCE89E29CE09F938F931F93FD
:10C310000F9387ED9AE09F938F931F920E949C2F1B
:10C320000FB6F894DEBF0FBECDBF12CEA3019201AF
:10C33000C501B4010F94441A18162CF319828AEC23
:10C340009AE0EACD0F931F93CF93811111C0C42FB0
:10C350008B0129DD8EEC94E063DAC80161DACC232D
:10C3600039F08AE356DA8AE0CF911F910F9151CAD2
:10C37000CF911F910F910895811101C014CD08959F
:10C38000CF92DF92EF92FF926A017B0149DA42E09D
:10C39000C701B601FF90EF90DF90CF900C94EC9026
:10C3A0004F925F926F927F928F929F92AF92BF92C5
:10C3B000CF92DF92EF92FF92CF93DF93CDB7DEB7AC
:10C3C0002C970FB6F894DEBF0FBECDBF83E50E9459
:10C3D00027248823C9F00E94B82D809352022C96FE
:10C3E0000FB6F894DEBF0FBECDBFDF91CF91FF90A7
:10C3F000EF90DF90CF90BF90AF909F908F907F9005
:10C400006F905F904F90089560EC74E081E00E941F
:10C41000C3E380915202805D898387EB94E000DA68
:10C420008981F7D983EB94E0FBD980915202811185
:10C43000BAC08AE994E0F4D98AE0EBD94090D80EEA
:10C440005090D90E6090DA0E7090DB0E209154025D
:10C45000309155024091560250915702C301B201EA
:10C460000F941E1869837A838B839C838090DC0EE3
:10C470009090DD0EA090DE0EB090DF0E209158025D
:10C480003091590240915A0250915B02C501B401AA
:10C490000F941E186D837E838F839887C090E00E63
:10C4A000D090E10EE090E20EF090E30E20915C025D
:10C4B00030915D0240915E0250915F02C701B6016A
:10C4C0000F941E1869877A878B879C87209160025A
:10C4D000309161024091620250916302C301B20146
:10C4E0000F941E182B013C012091640230916502CB
:10C4F0004091660250916702C501B4010F941E1865
:10C500004B015C01209168023091690240916A02FE
:10C5100050916B02C701B6010F941E186B017C018C
:10C520008BEA94E07DD949815A816B817C8187E9CE
:10C5300094E026DF4D815E816F81788581E091E412
:10C540001FDF49855A856B857C858EEF90E418DF67
:10C5500089EA94E065D981EA94E062D9B301A20145
:10C5600087E994E00DDFB501A40181E091E408DFE3
:10C57000B701A6018EEF90E403DF8AE02C960FB698
:10C58000F894DEBF0FBECDBFDF91CF91FF90EF904B
:10C59000DF90CF90BF90AF909F908F907F906F90E3
:10C5A0005F904F9036C98EE994E045CFFF920F938C
:10C5B0001F93CF93DF93082FF62E41E06CE874E0D1
:10C5C000C1DECBEADFE010E0F11619F08FEFF812D0
:10C5D00029C0802FD1DE48A159A16AA17BA183E89F
:10C5E00094E0CEDE21E732EB47E25EE36CA17DA171
:10C5F0008EA19FA10F94FA18AB01BC0180E894E0D2
:10C60000BFDE21E732EB47E25EE368A579A58AA5A4
:10C610009BA50F940314AB01BC018DE794E0B0DE41
:10C620008AE0F7D8AC96113031F4DF91CF911F91A9
:10C630000F91FF90089511E0C7CFCF93DF93C82FDC
:10C640006EE674E00E94C3E38C2F96DE85E694E0EC
:10C65000E7D881E00E942C90CEE4D7E04C855D8540
:10C660006E857F8587E994E08BDE488959896A89E0
:10C670007B8981E091E484DE8EEF90E4D1D86C89EF
:10C680007D898E899F8943E00E94EC908AE0DF914A
:10C69000CF91BFC875DE8AE0BCC82F923F924F92FF
:10C6A0005F926F927F928F929F92AF92BF92CF9242
:10C6B000DF92EF92FF920F931F93CF93DF93CDB74B
:10C6C000DEB7C455D1090FB6F894DEBF0FBECDBF9B
:10C6D00070E060E085E40E94992DB82E88A3823036
:10C6E00060F465E070E083E40E94992D9A83898369
:10C6F000039714F588E89CE005C080EC9CE090D896
:10C7000088EA9CE0CC5ADF4F0FB6F894DEBF0FBE2C
:10C71000CDBFDF91CF911F910F91FF90EF90DF90F0
:10C72000CF90BF90AF909F908F907F906F905F90D1
:10C730004F903F902F9074C883E50E947524882302
:10C7400009F45DC00E94962D988F8F8B60E085E57F
:10C750000E94C72D23968FAF239760E088E79CE067
:10C760000E94BF2F59815F8F533074F10E9401E9FD
:10C770006D837E838F839887DC01CB018C53964F2A
:10C78000AF4FBF4F8093B8059093B905A093BA05FA
:10C79000B093BB05EB2C0B2C000CFF08F701B3E0AA
:10C7A000EE0FFF1FBA95E1F7E35CFD4F868197819D
:10C7B0000E97AF89B88DA817B90734F18BE69CE0C6
:10C7C0002FD88CE49CE02CD8CC5ADF4F0FB6F894CD
:10C7D000DEBF0FBECDBFDF91CF911F910F91FF90B4
:10C7E000EF90DF90CF90BF90AF909F908F907F9011
:10C7F0006F905F904F903F902F900C94B9E14EEB6B
:10C8000050E0588F4F8BA2CF2D813E814F815885AC
:10C81000205E314B4F4F5F4F2BAF3CAF4DAF5EAF04
:10C820008FE39CE00E94105C87E39CE00E94105C18
:10C830000E94A992FCE2AF2EAE9CA001AF9C500DCD
:10C8400011244555504F22965FAF4EAF22978FE788
:10C85000DA011A968C9360E089E29CE00E94BF2F77
:10C8600081E0809378022D813E814F8158852AABEB
:10C870003BAB4CAB5DAB2B8B3C8B4D8B5E8B1DA2D6
:10C880001EA21FA218A619A21AA21BA21CA2412C0A
:10C89000512C32018FE790E0A0E0B0E08F87988BB9
:10C8A000A98BBA8B198290E49987ACE1A98FB6E481
:10C8B000BA8F1B8E1C8E1D8E1E8EAFE7CA2ED12CFA
:10C8C000E12CF12C1EAA4FAA58AE69AE7AAE1EA674
:10C8D0001FA618AA19AAE1E0EDA71E861D86212C25
:10C8E00010E0312C00E0BA9CC00111249C012155BC
:10C8F000304F3AA729A78F89988D092E000CAA0BD3
:10C90000BB0B27968CAF9DAFAEAFBFAF27972296DC
:10C91000AEADBFAD22971A962296BFAFAEAF2297AB
:10C920008F89988D4E969C01990F440B550B2B9631
:10C930002CAF3DAF4EAF5FAF2B978F89988D4E9741
:10C940009C01990F440B550B2F962CAF3DAF4EAF6A
:10C950005FAF2F9780917802882309F4C9C00E94A5
:10C9600001E94B015C013091C8053FAF332309F465
:10C97000A7C00E948C941092C805A9A5BAA52C90B6
:10C9800011961C91119712963C90129713960C9148
:10C990002B8D3C8D4D8D5E8D622D712F832D902FB3
:10C9A0000F94441A181624F42B8E1C8F3D8E0E8F74
:10C9B00029813985498D5A8D622D712F832D902FB4
:10C9C0000F949E1387FF04C029821987398E0A8F1E
:10C9D0008091B8059091B905A091BA05B091BB05B9
:10C9E000A5019401281B390B4A0B5B0BDA01C90125
:10C9F000B7FD10C0D501C4018C53964FAF4FBF4F48
:10CA00008093B8059093B905A093BA05B093BB0580
:10CA10000E94459527966CAD7DAD8EAD9FAD279755
:10CA20000F94A41360966FAF609761967FAF619784
:10CA30008BA79CA73DA5332309F4B0C19B01AC0192
:10CA4000622D712F832D902F0F94441A1816C4F560
:10CA5000B501A4018B899C89AD89BE89481B590BFE
:10CA60006A0B7B0BDB01CA0188589341A109B1090C
:10CA7000B7FD26C08F859889A989BA898C199D0927
:10CA8000AE09BF09B595A795979587952296EEAD06
:10CA9000FFAD229780834EA75FA768AB79AB609606
:10CAA000FFAD6097FB8F61962FAD61972C8F3BA5F3
:10CAB0003D8F4CA54E8F8D829E82AF82B8861DA67B
:10CAC0002B966CAD7DAD8EAD9FAD2B970F94A413BF
:10CAD000222D312F432D502F0F949E1387FF24C0FA
:10CAE00080EC9BE00E94105C81EA9BE00E94105C5D
:10CAF0000E94A9924DC14BEEC42ED12CE12CF12CF9
:10CB0000AFC184E190E0A0E0B0E08F87988BA98B63
:10CB1000BA8B34E1C32ED12CE12CF12CB1C1CF86DC
:10CB2000D88AE98AFA8AACC1D501C4012AA93BA9ED
:10CB30004CA95DA9821B930BA40BB50BB7FD4CC090
:10CB400088A10E948E918AE00E94095CD501C401EF
:10CB50008053984FAF4FBF4F8AAB9BABACABBDABD5
:10CB60009EA991117FC02FA938AD49AD5AAD622D54
:10CB7000712F832D902F0F94441A18160CF05EC05D
:10CB800020E030E040E050E4622D712F832D902FA3
:10CB90000F941E186FAB78AF89AF9AAFA5019401BF
:10CBA000205E314B4F4F5F4F2BAF3CAF4DAF5EAF71
:10CBB0006F89788D66507109072E000C880B990BD0
:10CBC0000F94A413222D312F432D502F0F949E1319
:10CBD000881F8827881F8EAB8D819E81AF81B88585
:10CBE00065968CAF9DAFAEAFBFAF65972B893C8983
:10CBF0004D895E89281739074A075B0730F4659627
:10CC00002CAF3DAF4EAF5FAF659765968CAD9DADD8
:10CC1000AEADBFAD6597881A990AAA0ABB0A91E81A
:10CC200089169FE4990692E1A906B10490F184E97E
:10CC30009BE00E94105C82E89BE058CFD501C401C4
:10CC40002BAD3CAD4DAD5EAD821B930BA40BB50B74
:10CC50004EEE5FE26EEF7FE2B7FDBECF88A10E948D
:10CC60006193BACF2F966CAD7DAD8EAD9FAD2F97F2
:10CC70000F94A4139B01AC01622D712F832D902F73
:10CC80000F949E1387FFA8CF4DE351E36BE471E34C
:10CC9000E5CFAF8D8A2FAA0F990BED85FE858E17F4
:10CCA0009F070CF078C085E79BE00E94105C84E24F
:10CCB0009BE00E94105C87E09BE00E94105CB30147
:10CCC000A20180E29BE0E6DC87E09BE00E94105C32
:10CCD00049A15AA16BA17CA18CE19BE0DBDC87E040
:10CCE0009BE00E94105C4DA15EA16FA178A588E138
:10CCF0009BE0D0DC2396FFAD2397FF2309F448C0C7
:10CD000021E732EB47E25EE369A17AA18BA19CA106
:10CD10000F9403146B017C0121E732EB47E25EE3E1
:10CD20006DA17EA18FA198A50F94FA184092CB0F08
:10CD30005092CC0F6092CD0F7092CE0FC092CF0F59
:10CD4000D092D00FE092D10FF092D20F6093D30F18
:10CD50007093D40F8093D50F9093D60F4092F70F16
:10CD60005092F80F6092F90F7092FA0FC092FB0F79
:10CD7000D092FC0FE092FD0FF092FE0F6093FF0F38
:10CD80007093001080930110909302100E9442381B
:10CD90001092780219CD0E945E52DCCD60962FADC4
:10CDA000609761963FAD61974BA55CA5622D712F91
:10CDB000832D902F0F949E1387FF82CED501C4013F
:10CDC0002D813E814F815885821B930BA40BB50B9F
:10CDD000AC01BD01485853416109710977FD70CE1E
:10CDE0004D855E85452B09F4FDC02EA53FA548A9BC
:10CDF00059A9280F391F4A1F5B1F2B8B3C8B4D8B6A
:10CE00005E8B2EA53FA548A959A9281B390B4A0BB3
:10CE10005B0BC701B6010F9469172B893C894D89BB
:10CE20005E890F949A17CF84D888E988FA88C20E51
:10CE3000D31EE41EF51E34E1C316D104E104F1044F
:10CE40000CF45FCE4CEEC416D104E104F1040CF0F6
:10CE500052CE50E8C516D104E104F1040CF45FCEC3
:10CE6000CF86D88AE98AFA8A8EEF90E0A0E0B0E017
:10CE70009C01AD012C193D094E095F0969017A0138
:10CE800081E29CE00E94105C6F85788989899A898B
:10CE90000E9492368CE19CE00E94105CC701B601B2
:10CEA0000E94923649815985698D7A8D85E19CE091
:10CEB00067DA4B8D5C8D6D8D7E8D8EE09CE060DA47
:10CEC000AD85BE8513970CF48DC0C701B6010F94D4
:10CED000A41320E030E040E850E40F9403142B0149
:10CEE0003C0129813985498D5A8D6B8D7C8D8D8DC5
:10CEF0009E8D0F941D182BED3FE049E450E40F94F4
:10CF0000031420E030E040E05FE30F9403149B0142
:10CF1000AC01C301B2010F94FA1869877A878B8735
:10CF20009C876B897C898D899E890F94A4132FE639
:10CF300032E143E85AE30F94031469837A838B83C5
:10CF40009C832AE939E949E15FE369857A858B8524
:10CF50009C850F9403142B013C01AC019B010F94A1
:10CF60001E1829813A814B815C810F94FA1869A3BC
:10CF70007AA38BA39CA3A301920169817A818B81FF
:10CF80009C810F94031420E030E040E05EE30F94B6
:10CF900003146DA37EA38FA398A749855A856B853B
:10CFA0007C8588E09CE0ECD949815A816B817C8149
:10CFB00082E09CE06FDB83EF9BE00E94105CB3019A
:10CFC000A2018DEE9BE0DCD949A15AA16BA17CA105
:10CFD00087EE9BE0D5D94DA15EA16FA178A581EE2A
:10CFE0009BE058DB8F859889A989BA898C0D9D1D96
:10CFF000AE1DBF1DB595A795979587952296EEAD69
:10D00000FFAD22978083FF8D8F2F0F2E000C990B81
:10D010009F93FF932E852F933D853F938DEC9BE04F
:10D020009F938F9388ED9BE09F938F931F920E9415
:10D030009C2F4D855E854F5F5F4F5E874D870FB696
:10D04000F894DEBF0FBECDBF60969FAD6097998309
:10D050006196AFAD6197A987BBA5B98FECA5EA8FA3
:10D060008B8A9C8AAD8ABE8AFFADFDA729CDCF935E
:10D07000DF936CEB77E00E94C3E3CFECD6E048810E
:10D0800059816A817B8183EB97E07AD94C815D81FC
:10D090006E817F8181E091E473D9488559856A85E5
:10D0A0007B858EEF90E4DF91CF91F4CA67E574E061
:10D0B0000E94C3E380E594E00E94105C4091DC058F
:10D0C0005091DD056091DE057091DF058EEF90E4F3
:10D0D000E1CACF93DF93C82F811112C040E06AE10B
:10D0E00073E080E02FD980919405811104C08DE018
:10D0F00093E00E94105C8AE00E94095C0E94D35E6B
:10D10000D091940584E093E00E94105C6D2F70E054
:10D1100090E080E00E944AE28AE00E94095C8C2F45
:10D120002BD98BEF92E00E94105C60E070E0CB01A5
:10D130000E944AE240918C0550918D0560918E05C8
:10D1400070918F0588EF92E0A5DA8C2F15D98BEFBF
:10D1500092E00E94105C61E070E080E090E00E944C
:10D160004AE240919005509191056091920570912D
:10D17000930588EF92E0DF91CF918CCACF93DF9334
:10D1800067ED73E00E94C3E3609116077091170783
:10D1900080911807909119070F94A213AB01BC015D
:10D1A0008EEC93E0EDD8409146075091470760918F
:10D1B0004807709149078BEC93E0E2D840914A0709
:10D1C00050914B0760914C0770914D0788EC93E0AC
:10D1D000D7D8C1EAD5E0488159816A817B8187E946
:10D1E00094E0CED84C815D816E817F8181E091E4B5
:10D1F000C7D8488559856A857B858EEF90E4C0D86D
:10D200004C855D856E857F858BEF90E4DF91CF91B6
:10D2100041CACF93DF936EE773E00E94C3E3C6E099
:10D22000D7E04CA95DA96EA97FA985E793E0A8D8AE
:10D2300048AD59AD6AAD7BAD82E793E0A1D84CAD66
:10D240005DAD6EAD7FAD88EC93E0DF91CF9122CAEA
:10D25000CF93DF936AE573E00E94C3E3C6E0D7E0B3
:10D260004CA15DA16EA17FA181E593E089D848A57D
:10D2700059A56AA57BA581E091E482D84CA55DA55E
:10D280006EA57FA58EEF90E47BD848A959A96AA91D
:10D290007BA98BEF90E474D88AE0DF91CF910C9456
:10D2A000095CCF93DF9365E373E00E94C3E3C6E0BC
:10D2B000D7E0688179818A819B810F94A213AB01A9
:10D2C000BC018CE293E05CD86C817D818E819F8172
:10D2D0000F94A213AB01BC0181E091E451D86885A1
:10D2E00079858A859B850F94A213AB01BC018EEFD3
:10D2F00090E446D86C857D858E859F850F94A2131A
:10D30000AB01BC018BEF90E43BD88AE0DF91CF9179
:10D310000C94095CCF93DF93EB010E94105CBE017B
:10D3200090E080E0DF91CF910C94E0E1CF93DF9328
:10D33000EB010E94105CBE01DD0F880B990BDF91A1
:10D34000CF910C944AE25F926F927F928F929F925C
:10D35000AF92BF92CF92DF92EF92FF920F931F9303
:10D36000CF93DF931F92CDB7DEB77C0139018B01DC
:10D370005B01A40EB51ED12CC12CA016B10609F478
:10D3800050C0F70180809180F80151908F0159823F
:10D39000C4010F9453175816B9F1652DC4010F94A9
:10D3A0005B17FFEFCF1ADF0AC6018F779927892B0A
:10D3B00021F162E070E080E090E00E94CEE8C401DC
:10D3C0000F94531799818917F9F00E94D35E8BE768
:10D3D00092E00E94105C81E00F90DF91CF911F914D
:10D3E0000F91FF90EF90DF90CF90BF90AF909F9004
:10D3F0008F907F906F905F90089562E070E080E082
:10D4000090E00E947338DBCFBE016F5F7F4FC30196
:10D410000E947AE0F7018081918101969183808357
:10D42000ACCF80E0D9CF0E94105C8AE00C94095CFC
:10D43000EC018B01F42E0E94A992209709F47DC083
:10D440000E94D35ECE01EFDF0115110511F40AEE43
:10D4500012E00E942C311F930F93DF93CF938CEB3C
:10D4600092E09F938F9381E08F930E949C2F0E9464
:10D470000C3AC0914710C695C69582E490E10E948F
:10D48000B532DC2FDD0F1D2F1C0F8DB79EB7079611
:10D490000FB6F8949EBF0FBE8DBF83E00E9441314E
:10D4A00010927D10C0937E108FE09FE00E94CA34DE
:10D4B00049EA52E06D2F80E00E94AE3245E952E029
:10D4C000612F80E00E94AE3286E490E10E9432EC4F
:10D4D0008111E3CF0E94D05E8AEC92E00E94105C42
:10D4E00089EE93E0019739F000C00000EEE5F9E025
:10D4F0003197F0F7F7CFF89489EE93E0019739F080
:10D5000000C00000E6EEF3E03197F0F7F7CF0E949D
:10D51000A992FF2041F00E944A9A8091090183FD5F
:10D5200005C0A895FACF0E94069AF7CF809109010D
:10D5300083FF02C0A895FACFFFCF0115110511F4A2
:10D540000AEE12E0C3ECD2E084CF8091680C909197
:10D55000690C2FEF3FEF981751F0E92FF0E0E859F1
:10D56000F34F228130E09F5F9F779093690CC90150
:10D5700008951F920F920FB60F9211240F900FBEB5
:10D580000F901F9018951F920F920FB60F921124B3
:10D590000BB60F922F938F939F93EF93FF939091DE
:10D5A000C6002091690CE091680C81E08E0F8F77A6
:10D5B000281729F0F0E0E859F34F9283E82FE09321
:10D5C000680CFF91EF919F918F912F910F900BBE5F
:10D5D0000F900FBE0F901F9018958EBD0DB407FED3
:10D5E000FDCF08958FEF8EBD0DB407FEFDCF8EB534
:10D5F0000895909164009B7F90936400982F906AA7
:10D6000096959CBD80FD03C091E0863009F490E0C2
:10D610009DBD0895CF93DF93EB010E94105CCE0176
:10D62000DF91CF910C949BED2F923F924F925F929E
:10D630006F927F928F929F92AF92BF92CF92DF9222
:10D64000EF92FF920F931F93CF93DF93CDB7DEB787
:10D65000C558D1090FB6F894DEBF0FBECDBFCB576A
:10D66000DF4F8883C558D040C0907A07A996CFAEC7
:10D67000A99721E020937A078091C1048D3411F499
:10D680000C947773843511F40C941B82873489F5DC
:10D690000091BF041091C0040430110509F425C69F
:10D6A000E0F48091A7070230110508F095C083309F
:10D6B00020F00E94092E0E9458BBCB57DF4FC88034
:10D6C000C558D040C11002C00E94BF5EA996DFAC11
:10D6D000A997D0927A070C94E6790A35110509F4D6
:10D6E000F3C750F40531110541F30C31110509F46C
:10D6F0003BC60E94DFFBE1CF0B35110509F4E8C7FB
:10D700000C351105B1F7E3ECCE2EE2E0DE2EF12C64
:10D71000E12C00E010E0D6018D916D010E9475248E
:10D72000382E882309F448C00E94DB2D4B015C0190
:10D73000133059F0F701E852F14F208131814281D5
:10D7400053810F941D184B015C01F701E358FD4F05
:10D750002081318142815381C501B4010F941D188C
:10D760002B013C012DEB37E346E855EB0F94441AAF
:10D7700087FD0AC02DEB37E346E855E3C301B2014C
:10D780000F949E131816C4F4133009F4A6C7F701BA
:10D79000E15AFA4F5F01A301920160817181828198
:10D7A00093810F941E18D5016D937D938D939C9357
:10D7B0001397812F0E9408B61F5FB4E0EB0EF11C97
:10D7C000143009F0A8CF002321F089E892E00E94EC
:10D7D000A6B40E944DBE71CF833008F46ECF3324BF
:10D7E00033940230110509F0312C0E94092E82E594
:10D7F0000E947524882309F421C10E94DB2D6B014E
:10D800007C0120E030E0A9010F949E13882309F4E5
:10D8100005C140907D0250907E0260907F02709022
:10D8200080022091810230918202409183025091C6
:10D8300084022BAB3CAB4DAB5EAB809089079090E4
:10D840008A07A0908B07B0908C0780918D079091EC
:10D850008E07A0918F07B09190078FAB98AFA9AFBB
:10D86000BAAFA5019401C301B2010F949E138111B7
:10D870000DC02FA938AD49AD5AAD6BA97CA98DA9B2
:10D880009EA90F949E13882309F4C8C0A301920196
:10D89000C501B4010F941D1820E030E040E05FE3C3
:10D8A0000F9403146FA778AB89AB9AAB2BA93CA953
:10D8B0004DA95EA96FA978AD89AD9AAD0F941D18D9
:10D8C00020E030E040E05FE30F9403146BAB7CABEF
:10D8D0008DAB9EAB20E030E0A901C701B6010F94EB
:10D8E0009E13881F8827881F381609F49EC020E0E1
:10D8F00030E040E85FEB2FAB38AF49AF5AAF2FA510
:10D9000038A949A95AA9CA01B9010F9403144B01B6
:10D910005C012BA93CA94DA95EA9CA01B9010F94CC
:10D9200003149B01AC01C501B4010F941E180F94A0
:10D93000D51A4B015C01AC019B01C701B6010F94E4
:10D940001D182B013C01A5019401C701B6010F94DC
:10D950001E189B01AC01C301B2010F9403146B01AB
:10D960007C0120E030E0A9010F94441A412C512C95
:10D97000320187FD06C0C701B6010F94D51A2B01ED
:10D980003C016BA97CA98DA99EA99058A501940181
:10D990000F94FA182FA938AD49AD5AAD0F9403145E
:10D9A000A30192010F9403142FA538A949A95AA9DC
:10D9B0000F941E186B017C01A50194016FA578A935
:10D9C00089A99AA90F94FA182FA938AD49AD5AAD73
:10D9D0000F940314A30192010F9403142BA93CA9E3
:10D9E0004DA95EA90F941E186FA778AB89AB9AABAF
:10D9F00020E030E0A901C701B6010F949E13811108
:10DA00000C947E8220E030E0A9016FA578A989A955
:10DA10009AA90F949E1381110C947E820E94D05E6D
:10DA200084EE94E00E94105C48CE80E090E0A0E894
:10DA3000BFE38FAB98AFA9AFBAAF61CF89E40E94C3
:10DA40007524C12CD12C7601882321F00E94DB2D76
:10DA50006B017C018AE40E947524882311F40C94E4
:10DA60006F820E94DB2DC0CF2BAD3CAD4DAD5EADC6
:10DA70006BA97CA98DA99EA90F9403146B017C014D
:10DA800027962CAD3DAD4EAD5FAD27976FA978AD14
:10DA900089AD9AAD0F9403149B01AC01C701B60187
:10DAA0000F941E186B017C0127962CAD3DAD4EAD39
:10DAB0005FAD27976BA97CA98DA99EA90F9403142C
:10DAC0004B015C012BAD3CAD4DAD5EAD6FA978ADAA
:10DAD00089AD9AAD0F9403149B01AC01C501B4014B
:10DAE0000F941D18A70196010F9491186B017C01EA
:10DAF00020E030E0A9010F949E13882311F40C94C8
:10DB0000EF8320E030E0A901C701B6010F949E1316
:10DB100087FF2CC082E090E083298130910549F194
:10DB2000029791F120E030E0A901C701B6010F94FE
:10DB3000441A4601570187FF04C0B7FAB094B7F8FA
:10DB4000B0942BED3FE049EC50E4C501B4010F94D3
:10DB5000FA1820E030E040E952E40F9403140F94E7
:10DB6000E4180F9467198B010C94618390E080E0B6
:10DB7000D3CF2BED3FE049EC50E4C701B6010F9441
:10DB80001D186B017C01CECF2BED3FE049EC50E43A
:10DB9000C701B6010F941E18F4CF08E410E06BED36
:10DBA000862E6FE0962E69ECA62E60E4B62E7501E7
:10DBB00064010C9461832AE037ED43E25CE36091F9
:10DBC00033027091340280913502909136020F94A5
:10DBD00003144B015C016091190270911A02072E27
:10DBE000000C880B990B0F94A4139B01AC01C50189
:10DBF000B4010F9403146BA77CA78DA79EA723964F
:10DC00006CAD7DAD8EAD9FAD23970F9493194B01F5
:10DC10005C01B80190E080E00F94A2131B018C011D
:10DC20009B01AC01B401C5010F94441A181614F4F9
:10DC3000140185019101A80123966CAD7DAD8EADD7
:10DC40009FAD23970F94FA184B015C0120E030E060
:10DC500040E85FE30F94441A18160CF0C3C22396F1
:10DC60006CAD7DAD8EAD9FAD23970F94E4180F94EE
:10DC7000671929967FAF6EAF29971F8E18A219A238
:10DC80001AA21BA21CA21DA21EA21FA218A619A6A0
:10DC90001AA62996AEADBFAD2997A230B10508F4FA
:10DCA00075C2BD0190E080E00F94A21364966CAF42
:10DCB0007DAF8EAF9FAF64979B01AC01C701B601EA
:10DCC0000F94FA182D966CAF7DAF8EAF9FAF2D9746
:10DCD0009B01AC010F9403146B017C01AC019B010F
:10DCE0002D966CAD7DAD8EAD9FAD2D970F94031429
:10DCF00020E030E040EC50E40F94FA189B01AC01B6
:10DD00002D966CAD7DAD8EAD9FAD2D970F941D18EA
:10DD1000E9966CAF7DAF8EAF9FAFE99720E030E022
:10DD200040E05FE3C701B6010F9403149B01AC010F
:10DD300060E070E080E89FE30F941D18ED966CAFF3
:10DD40007DAF8EAF9FAFED9764962CAD3DAD4EADE0
:10DD50005FAD64976BAD7CAD8DAD9EAD0F94FA1841
:10DD6000C358DF4F688379838A839B83CD57D04024
:10DD700064962CAD3DAD4EAD5FAD6497C301B2016D
:10DD80000F94FA18CF57DF4F688379838A839B8378
:10DD9000C158D040A096CCACDDACEEACFFACA097A7
:10DDA000C986DA86EB86FC86A496CCACDDACEEACFC
:10DDB000FFACA497CD86DE86EF86F88A0E9401E943
:10DDC0009B01AC0128533F4F4F4F5F4FAD962CAF97
:10DDD0003DAF4EAF5FAFAD970091060710910707BB
:10DDE000209108073091090760910A0770910B078D
:10DDF00080910C0790910D07061717072807390720
:10DE000010F4C901B8010F94A213A8966CAF7DAFAE
:10DE10008EAF9FAFA897E0902E07F0902F0700914C
:10DE2000300710913107A0902A07B0902B07C090BF
:10DE30002C07D0902D079501A601B701C8010F94BA
:10DE4000441A181614F4750186016BA57CA58DA5DE
:10DE50009EA59B01AC010F9403146BAF24967FAF7A
:10DE600024971C01A8962CAD3DAD4EAD5FADA89793
:10DE70006C966CAD7DAD8EAD9FAD6C970F94031419
:10DE80005B016C019701A801B701C8010F9403144D
:10DE90007B018C019501A6016BAD24967FAD249783
:10DEA000C1010F94441A18162CF4ABAE2496BFAEE1
:10DEB000249716012BAD24963FAD2497A101B701FD
:10DEC000C8010F949E1387FF05C0EBAE2496FFAEEA
:10DED000249718014BA85CA86DA87EA839E160962C
:10DEE0003FAF609741E050E02F965FAF4EAF2F9766
:10DEF0000E94BD950E9401E98B019C01AD96CCACBE
:10DF0000DDACEEACFFACAD970C191D092E093F0935
:10DF100037FD0EC09B01AC0128533F4F4F4F5F4F61
:10DF2000AD962CAF3DAF4EAF5FAFAD970E9449FEAF
:10DF300060963FAD6097315060963FAF60972F96E7
:10DF4000CEACDFAC2F97B60190E080E00F94A21327
:10DF500068966CAF7DAF8EAF9FAF68976096DFAC71
:10DF60006097DD2009F46CC1E9962CAD3DAD4EAD56
:10DF70005FADE997B201C3010F9403146B017C01FB
:10DF8000ED962CAD3DAD4EAD5FADED976FA978AD83
:10DF900089AD9AAD0F9403149B01AC01C701B60182
:10DFA0000F941E187B018C01ED962CAD3DAD4EAD4E
:10DFB0005FADED97B201C3010F9403144B015C01F7
:10DFC000E9962CAD3DAD4EAD5FADE9976FA978AD4B
:10DFD00089AD9AAD0F9403149B01AC01C501B40146
:10DFE0000F941D182B013C01C701D8018FAB98AFCE
:10DFF000A9AFBAAF9201A301E1966CAD7DAD8EAD34
:10E000009FADE1970F941E1869837A838B839C835D
:10E010002FA938AD49AD5AADE5966CAD7DAD8EAD4D
:10E020009FADE5970F941E186D837E838F8398872D
:10E0300068962CAD3DAD4EAD5FAD6897C358DF4FD0
:10E04000688179818A819B81CD57D0400F940314D8
:10E05000A0962CAD3DAD4EAD5FADA0970F941E18B0
:10E0600069877A878B879C8768962CAD3DAD4EADCE
:10E070005FAD6897CF57DF4F688179818A819B8137
:10E08000C158D0400F940314A4962CAD3DAD4EADB5
:10E090005FADA4970F941E186D877E878F87988B2E
:10E0A000CE0101960E94EFB664962CAD3DAD4EAD0B
:10E0B0005FAD649723966CAD7DAD8EAD9FAD23971C
:10E0C0000F94FA1868962CAD3DAD4EAD5FAD6897D4
:10E0D0000F9403149B01AC0123966CAD7DAD8EAD06
:10E0E0009FAD23970F941D186B017C01A8962CAD52
:10E0F0003DAD4EAD5FADA897CA01B9010F941E1892
:10E100009B01AC01C701B6010F9403147B018C0184
:10E110002BAD24963FAD2497A1010F94441A1816F5
:10E120002CF4EBAC2496FFAC24978101C701D801F5
:10E130008FA398A7A9A7BAA79E01215E3F4F409140
:10E140008507BE01655D7F4FCE0101960E94CDAE71
:10E150008823E1F06C96CCACDDACEEACFFAC6C97F8
:10E16000CBA2DCA2EDA2FEA22F962EAD3FAD2F9743
:10E170002F5F3F4F2F963FAF2EAF2F972996CEACF4
:10E18000DFAC2997C216D30609F0B2CE80E1E9E8E8
:10E19000F7E0DE01119601900D928A95E1F7CE012C
:10E1A00001960E94EFB61BA21CA21DA21EA21FA2D6
:10E1B00018A619A61AA69E01215E3F4F4091850719
:10E1C000BE01655D7F4FCE0101960E94CDAE80E11C
:10E1D000E9E8F7E0ADE7B2E001900D928A95E1F74A
:10E1E0000C94EF832DEC3CEC4CEC5DE3C501B401E9
:10E1F0000F949E1387FF21C02DEC3CEC4CEC5DE3AB
:10E2000023966CAD7DAD8EAD9FAD23970F94FA181C
:10E210000F9493194B015C0120E030E040E85FE38C
:10E220000F949E1387FF06C0812C912C50E8A52ED9
:10E230005FE3B52EC501B4011ACDB101C80117CDF8
:10E2400068962CAD3DAD4EAD5FAD68972D966CAD2B
:10E250007DAD8EAD9FAD2D970F9403144B015C01E6
:10E260000F94F7186B017C01C501B4010F94CB1A10
:10E270004B015C01A70196016BA97CA98DA99EA900
:10E280000F9403142B013C01A50194016FA578A9FB
:10E2900089A99AA90F9403149B01AC01C301B2018F
:10E2A0000F941E182B013C01A50194016BA97CA9B8
:10E2B0008DA99EA90F9403144B015C01A70196013F
:10E2C0006FA578A989A99AA90F9403149B01AC01A1
:10E2D000C501B4010F941D186FAB78AF89AF9AAF29
:10E2E00029E160962FAF609785CE80E50E94752466
:10E2F000C12CD12C7601882321F00E94762D6B0150
:10E300007C0183E50E947524882361F00E94DB2D47
:10E3100020E030E04AE754E40F9403140F946719A7
:10E320006B017C010E94C09EC114D104E104F10480
:10E3300009F4C3C980910F0F811105C060E08AEF15
:10E3400094E00E94BF2F0E9401E9C60ED71EE81E6E
:10E35000F91E0E9401E96C197D098E099F0997FF3A
:10E36000ACC90E9449FEF5CFB090B105A090510212
:10E3700087E00E9494B6811111C08091BB049091F6
:10E38000BC04A091BD04B091BE044EE0B695A79523
:10E39000979587954A95D1F780FD8FC90E94C09EB9
:10E3A000109253020E9401E96093A3077093A4079F
:10E3B0008093A5079093A6079090850761E080E081
:10E3C0000E9477B81092B1050E946E998091330235
:10E3D00090913402A0913502B091360280939B0453
:10E3E00090939C04A0939D04B0939E048091190285
:10E3F00090911A0290939A048093990484E690E095
:10E4000090931A028093190281E08093CC060E94B7
:10E410006CC38091BB049091BC04A091BD04B091E9
:10E42000BE04A7FBFF24F0F80B2F0170B1FB882777
:10E4300080F9F01203C08F1509F441C1182F82E54D
:10E440000E947524882311F40C9455820E94DB2DC0
:10E45000862EC72ED82EE92E20E030E0A9010F9499
:10E460009E138823E1F140908502509086026090CF
:10E47000870270908802282D3C2D4D2D5E2DB20113
:10E48000C3010F94441A181624F0482C5C2C6D2CF0
:10E490007E2C80E090E0A0E2B1E48F8F98A3A9A346
:10E4A000BAA320E030E849E853E4B201C3010F9475
:10E4B0009E1387FD07C0412CB0E85B2E89E8682ECB
:10E4C00093E4792EC201D30189839A83AB83BC8301
:10E4D000BE01615E7F4FCE0101960E9452B8FF20BF
:10E4E00009F492C0002309F471C010927D021092C9
:10E4F0007E0210927F02109280021092810210928E
:10E50000820210928302109284020E9474B8809159
:10E510008507EE24E394F12C811103C0EE24EA94E4
:10E52000FE2C8DEC91E2A4EDB2E48BA79CA7ADA7E5
:10E53000BEA7E0E8FDE2659175918591949120E098
:10E5400030E040EC5FE30F940314905869837A83C2
:10E550008B839C83ECE7FDE26591759185919491A5
:10E5600020E030E040EC5FE30F9403142B013C010A
:10E57000B701FF0C880B990B0F94A4139B01AC01FE
:10E58000C301B2010F9403146F8F78A389A39AA3D8
:10E590009E01255D3F4F45E852E0BE016F5F7F4F12
:10E5A000CE014F960E9497B70E94FAC410927D0246
:10E5B00010927E0210927F021092800210928102CD
:10E5C00010928202109283021092840281E0809362
:10E5D000850780E00E948FBA80917D0290917E0233
:10E5E000A0917F02B091800280932F02909330021D
:10E5F000A0933102B09332021092850780E00E940E
:10E600008FBA81E00E94AEB6002319F081E00E942B
:10E610008FBA112319F082E00E948FBA0E9474B859
:10E6200080915102823024F181E08093850780E05F
:10E630000E948FBA80917D0290917E02A0917F020C
:10E64000B091800280932F0290933002A093310208
:10E65000B09332021092850780E00E948FBA81E069
:10E660000E94AEB6A0925102B092B1050E946E997E
:10E670008091CB068093CC0680919B0490919C0462
:10E68000A0919D04B0919E04809333029093340234
:10E69000A0933502B09336028091990490919A0428
:10E6A00090931A028093190260E0892D0E9477B836
:10E6B00083E080936D020E944DBE0C945D6BFF243D
:10E6C000F39401E011E0BBCE109280100C945D6BCE
:10E6D0008FE0809380100C945D6B80928902909201
:10E6E0008A02A0928B02B0928C02032D65C88091A1
:10E6F000BF049091C0048337910511F40C941A7CE7
:10E7000008F02FC18C34910509F4A1C508F0C4C0EC
:10E710008831910509F42EC408F090C0823191052A
:10E7200009F462C708F041C08230910508F483C340
:10E73000419711F00C94796B0E941624882309F4F8
:10E74000E6C385E40E942724882369F080919F0412
:10E750009091A004892B09F4D5C30E94962D823094
:10E7600010F40E940A9A73ECE72E72E0F72E10E084
:10E77000F70121917F0121548091BB049091BC0449
:10E78000A091BD04B091BE0404C0B695A79597951D
:10E7900087952A95D2F780FF03C0812F0E94519A56
:10E7A0001F5F133029F70C945D6B8531910509F4D7
:10E7B000CCC368F5449711F00C94796B8091991152
:10E7C00084FFBBC387E395E00E94105C80919911A0
:10E7D00084FF17C085E79FE00E940DF78BE1E5E716
:10E7E000FFE0DE01119601900D928A95E1F770E04D
:10E7F00060E0CE0101960E9455FCCE0101960E9478
:10E8000011F788E295E00E94105C0C945D6B8631F4
:10E81000910509F49EC3479711F00C94796B809190
:10E82000C2049091C304FC012191222309F49DC3E9
:10E830002032D1F7DF0111971C92F6CF8D3191056F
:10E8400009F43FC4B0F48A31910509F4BAC308F45D
:10E850009DC38B31910509F4D3C34C9711F00C94EF
:10E86000796B8091C2049091C3040E940CFC0C94BB
:10E870005D6B8F31910509F4CEC408F429C4803250
:10E88000910509F483C48B34910511F00C94796BD4
:10E890000E94C7C50C945D6B8936910509F482C549
:10E8A00080F58335910509F497C6B8F48E34910547
:10E8B00009F4E6C408F4E0C48135910509F477C68B
:10E8C0008235910511F00C94796B809180108F7DC9
:10E8D0008061809380100C945D6B8535910509F4FF
:10E8E000E4C608F481C68C35910509F403C788365F
:10E8F000910511F00C94796B80E00E94FE5E0C94FF
:10E900005D6B8E36910509F4C6C5A0F48B36910572
:10E9100009F4B2C508F474C58C36910509F40AC629
:10E920008D36910511F00C94796B81E00E94FE5EAA
:10E930000C945D6B8037910509F402C608F4BEC5DE
:10E940008137910509F407C68237910511F00C94BF
:10E95000796B0E9464E28CE190E10E94FA980C9439
:10E960005D6B8C3D910511F40C94F57E08F0DDC0D3
:10E970008E3B910509F416C608F062C088379105F0
:10E9800009F49BC7D8F48637910509F457C708F0F6
:10E9900090C78537910511F00C94796B8091C20472
:10E9A0009091C304009709F4EDC2FC012081222359
:10E9B00009F4E8C20E9492E10C945D6B8C389105D9
:10E9C00009F4EBC568F48937910511F00C94796B63
:10E9D0001092CC061092CB060E946CC30C945D6B17
:10E9E0008139910509F471C78B39910511F00C94A7
:10E9F000796B83E50E947524882311F40C945D6B78
:10EA00000E94A72D182F8C3308F08CE38093840785
:10EA10000E9401E96B017C01212F30E0A8EEB3E0F8
:10EA20000F94C617C60ED71EE81EF91EC0928007A7
:10EA3000D0928107E0928207F09283070C945D6B7D
:10EA40008D3C910511F40C94FF7DA0F5893C910556
:10EA500011F40C94477D98F4883C910511F00C94C6
:10EA6000796B8091BB0483FDA8C78091BD048C7035
:10EA700009F0A3C781E00E9469680C945D6B8B3C30
:10EA8000910511F40C94837D8C3C910511F00C944C
:10EA9000796B8091BC0487FF02C00C94B77D809194
:10EAA000BD048E7011F00C94B77D81E00E9409695D
:10EAB0000C945D6B833D910511F40C949F7EC0F422
:10EAC0008E3C910511F00C94796B8091BB04909170
:10EAD000BC04A091BD04B091BE04892B8A2B8B2B62
:10EAE00011F00C947D7E81E00E9437680C945D6B80
:10EAF000893D910511F40C94A37E8A3D910511F096
:10EB00000C94796B8091BB049091BC04A091BD04DE
:10EB1000B091BE04892B8A2B8B2B11F00C94B77EFD
:10EB200081E00E941D630C945D6B843FE1E09E07D1
:10EB300011F40C94488108F0F8C08E3221E092075D
:10EB400011F40C94488008F073C0823241E09407BD
:10EB500011F40C94557F08F045C08D3D910511F0DE
:10EB60000C94796B0E94D65E082F87FF02C00C942C
:10EB70005D6B83E50E947524002E000C110B78015B
:10EB8000EE0CFF1C882311F40C943B7F0E94962D01
:10EB9000F701E55EFD4F91838083000F111F000F89
:10EBA000111FD801A15EBD4F7D01BC01990F880BDB
:10EBB000990B0F94A4132AE037ED43E25CE30F9422
:10EBC000031405591A4FF801208131814281538184
:10EBD0000F940314D7016D937D938D939C9313979A
:10EBE0000C945D6B8C32A1E09A0711F40C94B47F05
:10EBF0008D32914011F00C94796B85E40E9475245C
:10EC0000882311F40C94D37F0E94A72D9091BB040C
:10EC100093FF02C00C94D67F9091BC04917811F0C0
:10EC20000C94D67F682F81E00E94D6620C945D6BB5
:10EC30008039E1E09E0711F40C948E8048F48F3205
:10EC4000914011F00C94796B0E944D630C945D6BB4
:10EC50008A3931E0930709F47AC48C3A914011F073
:10EC60000C94796B87E00E9494B6877011F40C9431
:10EC7000928040918E0350918F0360919003709128
:10EC800091034BA75CA76DA77EA730E020E0E0E0F2
:10EC900090E0AC01022E02C0559547950A94E2F728
:10ECA00040FF11C06FE170E06C0F7D1F6E0F711D92
:10ECB0004BE250E04C0F5D1F420F531FDA014C91A5
:10ECC000DB014C93EF5F2F5F3F4F2330310509F796
:10ECD0008E01015E1F4FE00FF12FF11D10821F9377
:10ECE0000F9383EE96E09F938F93FE0131967F0101
:10ECF000FF93EF930F9437130E94D35EC7010E94D6
:10ED000000B61F930F9383ED96E09F938F93FF922E
:10ED1000EF920F943713C7010E9492E10FB6F89457
:10ED2000DEBF0FBECDBF0C945D6B8C3052E09507FB
:10ED300011F40C945E8110F5863FB1E09B0711F44D
:10ED40000C94508110F40C944C81873FF1E09F07A4
:10ED500011F40C945481883F914011F00C94796B1C
:10ED60000E9423C3882311F40C945D6B0E94D35E30
:10ED700088E297E00E94105C0C945D6B803A33E06F
:10ED8000930709F43AC250F58D35924011F00C9476
:10ED9000796B0E94C09E83E50E947524882311F43C
:10EDA0000C94F981109151020E94A72D8093510279
:10EDB0001092C9050E946E9980915102823011F41F
:10EDC0000C948A8114F00C94768187FD02C00C9417
:10EDD000BC8181E0809351020C94BC81873EA3E00A
:10EDE0009A0711F40C940482893E934011F00C941C
:10EDF000796B0E94C09E80919911877F8B7F809351
:10EE000099118091901181110C9414820E9408C56F
:10EE10006D3371058105910520F08DE997E00E9421
:10EE2000FB8389E997E00E94FB8385E897E00E94D5
:10EE3000105C0C945D6B80E50E947524C12CD12C74
:10EE40007601882321F00E94762D6B017C0183E5F9
:10EE50000E947524882361F00E94DB2D20E030E0C1
:10EE60004AE754E40F9403140F9467196B017C0173
:10EE70000E94C09E8091C2049091C304009709F142
:10EE80000E9492E110917A0783E080937A0781E0F3
:10EE900080938807C114D104E104F10431F00E9489
:10EEA00001E9C60ED71EE81EF91E80918807882347
:10EEB000B1F0C114D104E104F10449F40E9449FE07
:10EEC000F4CF60E084E095E00E94BF2FDBCF0E948A
:10EED00001E96C197D098E099F0997FDEFCF10920A
:10EEE00088078091010582FF07C062E370E080E03F
:10EEF00090E00E947338F5CF10937A070E94B9E131
:10EF00000C945D6B80E00E94EC9881E02ACC60E07C
:10EF100089E195E00E94BF2F80E00E94519A81E034
:10EF20000E94519A82E00E94519A80E00E94EC98DF
:10EF300081E00E940A9A0C945D6B0E94D35E88E483
:10EF400095E00E94105C0C945D6B0E9438F60C9466
:10EF50005D6B8091991182FF04C087FD02C00C9403
:10EF60005D6B0E9416F60C945D6B60E00E941FFDC5
:10EF70000C945D6B0E941255882321F00E94A7ED2E
:10EF80000E94C7C50E94B9E10C945D6B80919911F4
:10EF900082FF05C087FD03C08B7F8093991180910C
:10EFA0000C0F813079F782E080930C0F0E9401E909
:10EFB000609388057093890580938A0590938B05EB
:10EFC000E1CF8091991184FD02C00C945D6B83E5C3
:10EFD0000E947524882311F40C945D6B0E94862D89
:10EFE000AB01BC014093951150939611609397111A
:10EFF000709398118FE39FE00E947EF40C945D6BF8
:10F000008091BB049091BC04A091BD04B091BE045A
:10F0100062E0B695A795979587956A95D1F780FF99
:10F020001DC08CE595E00E94105C8091420F882302
:10F0300081F0BE016F5F7F4F8FE39FE00E94A2F6D9
:10F04000CE0101960E949BED8AE00E94095C0C941F
:10F050005D6B82E595E00E94105CF6CF809199117E
:10F0600082FD04C00E94D85A882329F1C0909511CE
:10F07000D0909611E0909711F09098118CE795E060
:10F080000E94105CC701B6010E94E0E18FE20E947D
:10F09000095C6091911170919211809193119091FE
:10F0A00094110E94E0E18DE00E94095C8AE00E94D8
:10F0B000095C0C945D6B8BE695E00E94105C0C94EF
:10F0C0005D6B809199118E7F809399110C945D6B8B
:10F0D0008091991184FD02C00C945D6B0E94F4F53F
:10F0E0008091991184FD02C00C945D6B4091C20423
:10F0F0005091C304BE01615E7F4F80E00E947EFAA2
:10F100008C01009711F40C945D6B6F8D78A11982BE
:10F110001C8222E0AC01CE0101960E9416F78111FB
:10F1200016C0F12CCE0101960E9411F7B801FF2004
:10F1300019F189EA95E00E94EDFB10929511109269
:10F14000961110929711109298110C945D6BCE014C
:10F1500001960E945DF5882321F361E0CE010196BE
:10F160000E9411F50097E9F225EEDC012C931C8238
:10F170000E9441EEF82ED6CF81E995E00E940A6BFD
:10F180008EE895E00E94105C0C945D6B8091991163
:10F1900082FF03C087FF0E94C09E8091991184FD69
:10F1A00002C00C945D6B60E080E50E94C72D182FB3
:10F1B000682F8091C2049091C3040E941FFD83E5D3
:10F1C0000E947524882381F00E94862DAB01BC012A
:10F1D00040939511509396116093971170939811E5
:10F1E0008FE39FE00E947EF40E94A7ED11110C9422
:10F1F0005D6B0E94C7C50C945D6B2091C204309179
:10F20000C30490919911926090939911C9010E9441
:10F210000CFC0C945D6B0E9408C56F8F78A389A3CA
:10F220009AA3BE016F5F7F4FCE014F960E9481244B
:10F23000CE0101960E9492E10E94D35EBE016F5FF3
:10F240007F4F87EB95E00E94EDFB0C945D6B809106
:10F250000C0F813011F00C945D6B82E080930C0FE9
:10F260000E9401E9609388057093890580938A055F
:10F2700090938B050C945D6B0E94F05A0C945D6B1F
:10F2800070E060E083E50E94992D8E34910531F4A1
:10F290000E94449E0E94B9E10C945D6B82E296E06C
:10F2A0000E94105C60916A0770916B0789E196E09B
:10F2B0000E948A6960916C0770916D078CE096E0FE
:10F2C0000E948A6960916A0770916B0780916C0750
:10F2D00090916D07681B790B80910C0F815021E094
:10F2E00030E0823010F030E020E0621B730B81E0F0
:10F2F00096E00E948A698AE00E94095C89EF95E0A5
:10F300000E94105C80916E0790916F07A09170072A
:10F31000B09171078F8F98A3A9A3BAA3BE016F5FA5
:10F320007F4FCE014F960E948124BE016F5F7F4FB9
:10F330008CEE95E00E940A6B8091720790917307A2
:10F34000A0917407B09175078F8F98A3A9A3BAA352
:10F35000BE016F5F7F4FCE014F960E948124BE0198
:10F360006F5F7F4F8CED95E00E940A6B20E030E0EC
:10F370004AE754E4609176077091770780917807A7
:10F38000909179070F94FA18AB01BC0184EC95E0D9
:10F390000E94C0618DE60E94095C8AE00E94095CBF
:10F3A0000C945D6B0E94D65E182F87FD0AC08AE21E
:10F3B00096E00E94105C812F0E948E918AE00E944C
:10F3C000095CA996CFACA997C0927A07CB57DF4FBB
:10F3D0000FB6F894DEBF0FBECDBFDF91CF911F9166
:10F3E0000F91FF90EF90DF90CF90BF90AF909F90E4
:10F3F0008F907F906F905F904F903F902F900895E7
:10F4000080E50E947524811131C08091BB040FEF0B
:10F4100010E080FF08C0E0918507F0E0E957F84F61
:10F420006081062F10E089E40E947524882311F47E
:10F430000C9463820E94A72D90E01816190614F40C
:10F4400081E090E026E0289FF001299FF00D112433
:10F45000EB56FA4F048115810F3F110519F010F09A
:10F460000FEF10E0009387070C945D6B0E94A72DAF
:10F4700081110C945D6BC9CF80E50E9475248111C8
:10F4800004C0109287070C945D6B0E94A72D811118
:10F490000C945D6BF6CF8EE40E947524882311F4E2
:10F4A0000C945D6B0E94862D6093EA0C7093EB0CBC
:10F4B0008093EC0C9093ED0C0C945D6B83E50E94B3
:10F4C0007524882321F00E94A72D809387050E9430
:10F4D000D35E8BE396E00E94105C809187058823C1
:10F4E00031F110E000E020E08091870590E0002EEF
:10F4F00002C0959587950A94E2F780FF12C0FF2419
:10F50000F394F20E222319F08CE20E94095CF801B8
:10F51000EE0FFF1FEF5CF94F859194910E94105CF4
:10F520002F2D0F5F1F4F05301105F1F68DCD8DE2A8
:10F5300096E091CD10928807109278020C945D6B42
:10F5400041E070E060E08BE791E40E94186A0E945D
:10F55000CCBD0C945D6B83E50E947524882369F013
:10F560000E94A72D8D3320F480936C020C945D6B68
:10F570008CE380936C020C945D6B0E94D35E1091BF
:10F580006C0282E496E00E94105C812F0E942C9015
:10F590008AE00E94095C0C945D6B80E00E941D5C17
:10F5A0000C945D6B81E00E941D5C0C945D6B0E946D
:10F5B000D09E109287070E94A9920E94F05A68EE8E
:10F5C00073E080E090E00E94733860E089E496E0A8
:10F5D0000E94BF2F0C945D6B809180108F7E8062A3
:10F5E000809380100C945D6B83E50E9475248823C2
:10F5F000F1F00E9401E96093A3077093A407809340
:10F60000A5079093A6070E94DB2D20E030E04AE793
:10F6100054E40F9403140F94671960937902709364
:10F620007A0280937B0290937C020C945D6B0E9423
:10F6300016248823B1F10E94C09E85E40E942724ED
:10F64000882351F080919F049091A004892B31F17F
:10F650000E94962D0E94EC9943ECE42E42E0F42E99
:10F6600010E0D7012D917D0121548091BB04909130
:10F67000BC04A091BD04B091BE0404C0B695A7958A
:10F68000979587952A95D2F780FF03C0812F0E9416
:10F69000189A1F5F133029F70C945D6B0E94069A2D
:10F6A000DBCF0E94D09E0C945D6B83E50E942724E3
:10F6B000882311F40C945D6B0E9401E96093A30709
:10F6C0007093A4078093A5079093A6070E94DB2D53
:10F6D00020E030E04AE754E40F9403140F946719D4
:10F6E00060939F077093A0078093A1079093A20750
:10F6F0000C945D6B0E94D65E87FF02C00C945D6B1C
:10F700008091BB0484FD09C08091BD0487FD05C0C4
:10F710008091BE04837009F488C023ECC22E22E0DD
:10F72000D22E36E0E32E37E0F32E10E0F601819181
:10F730006F010E947524882359F0133099F00E94BC
:10F74000DB2DD70154966D937D938D939C935797A2
:10F750001F5FB4E0EB0EF11C143041F70E94B1B50D
:10F760000C945D6B0E94DB2D4B015C0120E030E0CE
:10F7700040EA51E40F949E1387FF4EC0A501940107
:10F78000609126077091270780912807909129079B
:10F790000F94FA182B013C01AC019B016091AD055F
:10F7A0007091AE058091AF059091B0050F94031450
:10F7B0006093AD057093AE058093AF059093B0054F
:10F7C000A301920160913607709137078091380745
:10F7D000909139070F94031460933607709337079D
:10F7E000809338079093390760917F057091800569
:10F7F00080918105909182050F94A213A30192013B
:10F800000F9403140F94671960937F05709380051C
:10F810008093810590938205809226079092270716
:10F82000A0922807B092290793CF81E00E94CCE3F1
:10F830000C945D6B0E94245E0C945D6B0091C2047D
:10F840001091C30494E0F12C40E0915009F1D801EB
:10F850008C91282F2B7F2134A1F411962C912133E8
:10F86000B9F4813419F1853409F441E098012E5F2F
:10F870003F4F89012F5F3F4FD8018C918032C9F3F0
:10F88000E4CF803529F4F801818180538A3070F308
:10F8900041110E94D35EFF2021F08EE596E00E9488
:10F8A000105CC8010E9400B60C945D6BFF24F394B9
:10F8B000DDCF0E944CC30C945D6B2093CC0620934B
:10F8C000CB060E946CC30C945D6B70E060E083E536
:10F8D0000E94992D823040F00E94D05E81E696E031
:10F8E0000E94105C0C945D6B8C01112788E40E94CF
:10F8F00075248823E9F00E94962D209113023091FF
:10F9000014028217930754F00E94962D2BEE30E0DC
:10F910008C3E91051CF40E94962D9C0186E0809FF0
:10F92000F001819FF00D1124EB56FA4F31832083B3
:10F9300082E40E9475248823A9F00E94962D0597E1
:10F9400084F10E94962D8F36910574F50E94962DB4
:10F9500026E0209FF001219FF00D1124EB56FA4F75
:10F960009383828386E40E947524882311F40C9487
:10F970005D6B0E94962D97FD1AC00E94962D8F3FB9
:10F98000910509F0BCF40E94962D26E0209FF0011D
:10F99000219FF00D1124EB56FA4F958384830C942C
:10F9A0005D6B85E090E0D4CF8EE690E0D1CF90E023
:10F9B00080E0EBCF8FEF90E0E8CF0E94D65E182F6B
:10F9C00087FF02C00C945D6BF090940584E40E9464
:10F9D0007524082F882309F456C00E94DB2D6B0183
:10F9E0007C0120E030E0A9010F949E13882309F4E4
:10F9F0004CC0B4E01B02F0011124E457FA4FC0825E
:10FA0000D182E282F38220E030E0A90160918C058E
:10FA100070918D0580918E0590918F050F949E13A6
:10FA200081110CC080E090E0A0E4B0E480938C05EC
:10FA300090938D05A0938E05B0938F0520E030E064
:10FA4000A901609190057091910580919205909126
:10FA500093050F949E1381110CC080E090E0A0E408
:10FA6000B0E48093900590939105A0939205B09394
:10FA70009305602F83E50E94C72D809394050E9413
:10FA800056850C945D6B0F2DF4CF80E0F6CF8091FE
:10FA9000BB0484FD0DC08091BD04887849F4809139
:10FAA000BE04837029F481E00E9451690C945D6B5F
:10FAB0000E94D65E87FF02C00C945D6B03EC12E0DF
:10FAC00086E0E82E87E0F82E97ECC92E92E0D92E3A
:10FAD000F80181918F010E947524882361F00E94B2
:10FAE000DB2D0F946719D7016D937D938D939C93B4
:10FAF00013970E94729EB4E0EB0EF11CC016D10663
:10FB000039F70C945D6B8091BB0484FD0DC080912E
:10FB1000BD04887849F48091BE04837029F481E0A3
:10FB20000E9428690C945D6B0E94D65E87FF02C01C
:10FB30000C945D6B13ECE12E12E0F12E10E000E06E
:10FB4000F70181917F010E947524882349F00E946A
:10FB5000DB2DF801EA5FF84F64A375A386A397A392
:10FB60000C5F1F4F0031110559F70C945D6B83E555
:10FB70000E947524882391F00E94DB2D60933A0740
:10FB800070933B0780933C0790933D076093420737
:10FB900070934307809344079093450780E50E9444
:10FBA0007524882351F00E94DB2D60933A077093EF
:10FBB0003B0780933C0790933D0782E50E947524A4
:10FBC000882351F00E94DB2D60933E0770933F071E
:10FBD000809340079093410784E50E947524882311
:10FBE00011F40C945D6B0E94DB2D609342077093BF
:10FBF000430780934407909345070C945D6B809175
:10FC0000BB049091BC04A091BD04B091BE04892BAB
:10FC10008A2B8B2B29F481E00E94BE680C945D6BCB
:10FC200082E40E947524882351F00E94762D60930F
:10FC3000160770931707809318079093190783E5A9
:10FC40000E947524882351F00E94DB2D60934607A3
:10FC500070934707809348079093490784E50E9473
:10FC60007524882351F00E94DB2D60934A0770931E
:10FC70004B0780934C0790934D0788E50E947524AD
:10FC8000882351F00E94DB2D6093A1057093A2059B
:10FC90008093A3059093A40589E50E947524882389
:10FCA00051F00E94DB2D6093A5057093A60580930B
:10FCB000A7059093A8058AE50E947524882351F032
:10FCC0000E94DB2D6093A9057093AA058093AB0574
:10FCD0009093AC0585E40E947524882311F40C945C
:10FCE0005D6B0E94DB2D6093AD057093AE05809334
:10FCF000AF059093B0050C945D6BA3ECCA2EA2E007
:10FD0000DA2EBFECEB2EB6E0FB2E10E0D6018D9183
:10FD10006D010E947524882351F00E94DB2DF701AC
:10FD20006083718382839383812F0E9408B61F5F53
:10FD3000F4E0EF0EF11C133049F70C94E96B0E94CC
:10FD4000D0610C945D6B8AE50E947524882351F084
:10FD50000E94DB2D6093DC057093DD058093DE054A
:10FD60009093DF0581E00E9456680C945D6B0E94C1
:10FD7000D65E182F87FF02C00C945D6B88E50E9449
:10FD80007524882361F00E94DB2D2CE01202F00123
:10FD90001124E25BF84F608371838283938389E54A
:10FDA0000E947524882361F00E94DB2D3CE0130241
:10FDB000F0011124E25BF84F648375838683978397
:10FDC0008AE50E947524882311F40C945D6B0E94CF
:10FDD000DB2D4CE01402F0011124E25BF84F608748
:10FDE0007187828793870C945D6B8091BB0490919F
:10FDF000BC04A091BD04B091BE0460911902709141
:10FE00001A020097A105B10551F486E896E00E9418
:10FE1000966983E896E00E94105C0C945D6B8C01FF
:10FE20009D01F1E13695279517950795FA95D1F73C
:10FE300000FF08C0209108023091090230931A0295
:10FE400020931902B695A7959795879580FF04C0D2
:10FE5000709309026093080283E50E947524882349
:10FE600011F40C945D6B0E94962D90931A0280936E
:10FE700019020C945D6B0E94D35E85E40E94095CBC
:10FE800080E3800F0E94095CF701E55EFD4F608111
:10FE900071818AE896E00E94966985E20E94095C79
:10FEA0008AE00E94095C0C945D6B33ECC32E32E057
:10FEB000D32E46E0E42E47E0F42E10E0F6018191C7
:10FEC0006F010E947524882359F10E94DB2D20E0E8
:10FED00030E040E050EC0F949E1387FD34C00E9448
:10FEE000DB2D20E030E040E050E40F94441A181677
:10FEF0007CF10E94DB2DD70154962D913D914D91BF
:10FF00005C9157970F9403140F946219812F0E94EC
:10FF100048381F5FB4E0EB0EF11C133079F607C0D0
:10FF20001230B9F783E50E9475248111CECF8091FC
:10FF3000BD0487FD12C08091BE04837071F40E94DD
:10FF4000D35E0C945D6B60E070E080E090ECD3CF0A
:10FF500060E070E080E090E4CECF82E50E9427244C
:10FF60008111EDCF0C945D6B83E50E94752404E054
:10FF700011E0882319F00E94862D8B0180E50E94F4
:10FF80007524882369F00E94862DCB01693873415E
:10FF900010F088E893E1B8010E94B7CF0C945D6B34
:10FFA00088EE93E0F8CF8FEF0C94067682300CF059
:10FFB00067C080E50E9475248823A1F00E94DB2D94
:10FFC0006093CB0F7093CC0F8093CD0F9093CE0F97
:10FFD0000E94DB2D6093F70F7093F80F8093F90F59
:10FFE0009093FA0F89E40E947524882301F10E94FE
:10FFF000DB2D21E732EB47E25EE30F9403146093BD
:020000021000EC
:10000000CF0F7093D00F8093D10F9093D20F0E9497
:10001000DB2D21E732EB47E25EE30F94031460939C
:10002000FB0F7093FC0F8093FD0F9093FE0F84E401
:100030000E947524882301F10E94DB2D21E732EB19
:1000400047E25EE30F94FA186093D30F7093D40FD6
:100050008093D50F9093D60F0E94DB2D21E732EBD2
:1000600047E25EE30F94FA186093FF0F709300105D
:1000700080930110909302100E9442380C945D6BA3
:100080000E94D05E82E996E00E94105C0C945D6B49
:1000900083E50E942724182F882369F00E94962D5B
:1000A0009C01909314028093130291E0232B09F09A
:1000B00090E090934E0580E50E942724882361F00C
:1000C0002091130230911402232B11F00E94B82DBD
:1000D00080934E050C945D6B11110C945D6B0E9426
:1000E000D35E80EC96E00E94105C80914E058823E0
:1000F00091F088EA96E00E94105C60911302709182
:1001000014028FEA96E00E9496698BEA96E00E94BC
:10011000105C0C945D6B84EA96E0EDCF0E94C09E6B
:100120000C945D6B2BE4C22E2DE2D22E4DE752E0F3
:1001300058AB4FA7CE0101961C018C01F12CE12C8C
:10014000F6016591759185919491AFA5B8A98D90AF
:100150009D90AD90BD90B8ABAFA7A50194010F9451
:100160001D182B013C01F80140825182628273828A
:1001700020E030E040EA51EC0F94441A87FD0AC0B9
:1001800020E030E040EA51E4C301B2010F949E1335
:10019000181684F4F701E253FF4BE4911E1654F451
:1001A000B7FAB094B7F8B094D8018D929D92AD9201
:1001B000BC921397F80180809180A280B38020E0E8
:1001C00030E040EA51ECC501B4010F94441A87FDB8
:1001D0004AC020E030E040EA51E4C501B4010F9488
:1001E0009E1318160CF43FC0FFEFEF1AFF0A24E02D
:1001F000C20ED11C0C5F1F4F33E0E316F10409F06F
:100200009FCF9FECE92E96E0F92E10E0F10181914D
:100210009191A191B1911F01F70181939193A193C4
:10022000B1937F01812F0E9408B61F5F133071F7D1
:100230000E944DBE60E081EF96E00E94BF2F63E90F
:1002400072E084E690E00E94B7CF70E060E08AE060
:1002500090E00E94B7CF6AEB72E084E690E00E94E3
:10026000B7CF0C945D6B0E94D05E82E197E00E9454
:10027000105C61E082E097E00E94BF2F0E940C3A80
:1002800068E270E080E991E00E94B7CF0C945D6B6A
:100290000E94F79A0C945D6B0E94ECC40C945D6B09
:1002A0000E9477C30C945D6B61E083E50E94C72DCB
:1002B00091E089270E94719A0C945D6B809199114D
:1002C00082FF0CC087FD0AC00E94125590919911BF
:1002D00080FB97F9909399110C945D6B84FD02C09B
:1002E0000C945D6B0E94F4F50C945D6B833011F0FF
:1002F0000C94E976123009F448C082E597E00E9438
:10030000105C83E397E00E94105C81E080935102CF
:100310000C945D6B88E50E9475248823D1F00E94BF
:10032000DB2D6B017C0120E030E042E952E40F94C8
:10033000441A181634F0C12CD12C82E9E82E82E43C
:10034000F82EC0924D02D0924E02E0924F02F092EF
:10035000500282E50E947524882331F00E94962D78
:100360009093C5048093C40480918507882321F06D
:1003700060E080E00E9477B880E00E94AEB6109204
:10038000B1050E946E990C945D6B81E08093C90564
:100390000E946E9980E1EDE7F2E0DE011196019096
:1003A0000D928A95E1F72DEC3CEC4CEC5DE3698114
:1003B0007A818B819C810F941D1869837A838B834A
:1003C0009C831F8E18A219A21AA21BA21CA21DA2F6
:1003D0001EA21FA218A619A61AA69E01215E3F4FB3
:1003E00040E063E372E0CE0101960E94CDAE0C9432
:1003F0005D6B87E50E94272481110C945D6B81E081
:10040000809351020C945D6B83E08093A707109258
:100410003A0F60E083E50E94C72D81110C945D6B5B
:100420000E94E8E20C945D6B0E9471FB81110C94B8
:100430005D6B0C9406771091BF04E091C204F091BB
:10044000C304309789F080818A3271F41091850756
:1004500081EA97E00E94105C812F0E942C908AE034
:100460000E94095C0C945D6B0E9401E96093A307F4
:100470007093A4078093A5079093A60760E083E597
:100480000E94C72D81110BC09091850781E0212F1B
:10049000012E000C330B9217130609F080E0682F31
:1004A000812F0E9477B80C945D6BF11004C000237B
:1004B00011F40C940973812CC12C20EAD22E30E463
:1004C000E32E0C94337283E50E947524882311F483
:1004D0000C942C7A0E94862D8B010C942C7A20E0AF
:1004E00030E0A901C701B6010F949E13882311F4CF
:1004F0000C940E6D1FA618AA19AA1AAAA701960194
:1005000050582BAB3CAB4DAB5EAB8FA598A9A9A9BE
:10051000BAA9B0588FAB98AFA9AFBAAFA7019601EF
:10052000C701B6010F9403144B015C012FA538A934
:1005300049A95AA9CA01B9010F9403149B01AC013E
:10054000C501B4010F941E180F94D51A6C966CAFA8
:100550007DAF8EAF9FAF6C9780907D0290907E02B2
:10056000A0907F02B0908002A7019601C501B4015E
:100570000F941E18E1966CAF7DAF8EAF9FAFE197E1
:10058000C0908102D0908202E0908302F0908402B9
:100590002396CCAEDDAEEEAEFFAE2397A70196015B
:1005A0006FA578A989A99AA90F941E18E5966CAF32
:1005B0007DAF8EAF9FAFE5974090890750908A0737
:1005C00060908B0770908C07E1962CAD3DAD4EADE1
:1005D0005FADE197C301B2010F941D186BAF7CAF03
:1005E0008DAF9EAFC0908D07D0908E07E0908F07A3
:1005F000F0909007E5962CAD3DAD4EAD5FADE59723
:10060000C701B6010F941D1827966CAF7DAF8EAF52
:100610009FAF2797A3019201C501B4010F941D1844
:100620004B015C012DEB37E346E855EB0F94441A80
:1006300087FF02C00C94346D2DEB37E346E855E399
:10064000C501B4010F949E13181614F40C94346D64
:10065000A701960123966CAD7DAD8EAD9FAD23971E
:100660000F941D186B017C012DEB37E346E855EB29
:100670000F94441A87FF02C00C94346D2DEB37E3BE
:1006800046E855E3C701B6010F949E13181614F4FB
:100690000C94346D0230110511F00C94CD6D08E40A
:1006A00010E07BED872E7FE0972E79ECA72E70E48B
:1006B000B72EEBEDCE2EEFE0DE2EE9ECEE2EE0ECE9
:1006C000FE2E209185023091860240918702509142
:1006D0008802A0962CAF3DAF4EAF5FAFA097809140
:1006E000890290918A02A0918B02B0918C02A4960B
:1006F0008CAF9DAFAEAFBFAFA497609191077091E3
:10070000920780919307909194070F941D186BAFF7
:100710007CAF8DAF9EAFA4962CAD3DAD4EAD5FAD21
:10072000A497609195077091960780919707909193
:1007300098070F941D182B013C01A50194016C969C
:100740006CAD7DAD8EAD9FAD6C970F940314239669
:100750006CAF7DAF8EAF9FAF239727E137EB41EDB5
:1007600058E30F949E1387FD02C00C94DB6D2DEBB4
:1007700037E346E855EB6BAD7CAD8DAD9EAD0F9488
:10078000441A87FF02C00C94DB6D2DEB37E346E87B
:1007900055E36BAD7CAD8DAD9EAD0F949E131816D9
:1007A00014F40C94DB6D2DEB37E346E855EBC301F5
:1007B000B2010F94441A87FD0AC02DEB37E346E8D7
:1007C00055E3C301B2010F949E13181644F48091AF
:1007D000A707833020F00E94092E0E9458BB0E9478
:1007E00001E96093A3077093A4078093A5079093F2
:1007F000A6070C945D6B4F925F926F927F928F92DF
:100800009F92AF92BF92CF92DF92EF92FF920F939F
:100810001F93CF93DF93CDB7DEB77C014DB65EB6A5
:1008200060909D0770909E078DB69EB66AE070E05E
:10083000C7010F94DB126C018C010E191F09892B63
:1008400021F4C7010F94ED128C01C80101962DB758
:100850003EB7281B390B0FB6F8943EBF0FBE2DBF15
:100860008DB79EB701965C01A801B7010F940E13D6
:10087000F501E00FF11F1082C5010E94E83681E00A
:100880000E94146BC114D10451F076019FEFE91A54
:10089000F90A0FB6F8949EBE0FBE8DBEC5CF0FB637
:1008A000F8949EBE0FBE8DBEC3010E94E8360FB6FF
:1008B000F8945EBE0FBE4DBEDF91CF911F910F9198
:1008C000FF90EF90DF90CF90BF90AF909F908F9070
:1008D0007F906F905F904F900895CF93DF93C0917A
:1008E000520D81E6C89FE0011124CC5AD24F80916D
:1008F000870580FF05C00E94D35ECE010E9400B62E
:10090000CE010E94E83680E0DF91CF910C94146B09
:100910000F931F93CF93DF93CDB7DEB760970FB6DA
:10092000F894DEBF0FBECDBF8C01DC01ED91FC91D0
:100930000280F381E02DBE016F5F7F4F1995882300
:1009400009F464C08981807CC9F56F81637070E0AF
:10095000762F6627770F770F8885B4E08B9FC001CD
:100960001124682B792B89858295869586958370CD
:10097000682B6F5F7F4F90E080E02A852370220F05
:100980003B8537FB332730F9232B3E813F70230F04
:100990003327331F2750310904C0660F771F881F84
:1009A000991F2A95D2F760960FB6F894DEBF0FBE56
:1009B000CDBFDF91CF911F910F910895803419F52C
:1009C00068856695669570E090E080E0CB017727BA
:1009D00066272A85622B098510E0102F0027012E3B
:1009E000000C220B330B602B712B822B932B6F5F30
:1009F0007F4F8F4F9F4F4AE0660F771F881F991FC9
:100A00004A95D1F7D0CF8BE0F801848360E070E0A5
:100A1000CB01C9CF0895FC0182810895CF93DF9364
:100A2000E091DB058CE2E89FF0011124E555F04FE1
:100A3000C085D18581E0CE31D105C4F020E030E021
:100A400040E05FE364817581868197810F941E1871
:100A50000F9462196C1B7D0B77FF03C07195619534
:100A6000710981E0633071050CF080E0DF91CF9176
:100A70000895FC0190E1AFE8B6E001900D929A95DF
:100A8000E1F70895BC0120918C0630918D064091CC
:100A90008C0650918D062417350731F481E0261716
:100AA000370709F080E008959A01F1CF7F928F9285
:100AB0009F92AF92BF92CF92DF92EF92FF920F93ED
:100AC0001F93CF93DF9370909405CBE6D5E09BE125
:100AD000C92E92E0D92E2FE1E22E22E0F22E0CE870
:100AE00015E0772009F45EC0F80180809180A28033
:100AF000B38020E030E0A901C501B4010F949E133A
:100B0000882309F44FC020E030E040E05FE3C501F6
:100B1000B4010F9403149B01AC010F9403142BED4B
:100B20003FE049E450E40F9403149B01AC0160E002
:100B300070E080E89FE30F94FA184B015C01899202
:100B40009992A992B992F601619171916F01072E64
:100B5000000C880B990B0F94A4132AE037ED43E2A5
:100B60005CE30F940314A50194010F940314F7019F
:100B700061937193819391937F010C5F1F4FF5E017
:100B8000C337DF0709F0ADCFDF91CF911F910F91F0
:100B9000FF90EF90DF90CF90BF90AF909F908F909D
:100BA0007F900895812C912C80E8A82E8FE3B82E99
:100BB000C6CFFC017081472F50E0062E02C055952C
:100BC00047950A94E2F740FF14C04091B70650E001
:100BD000062E02C0559547950A94E2F740FF09C0DA
:100BE00021E030E001C0220F6A95EAF72095272323
:100BF00020830895FC0184910895FC01808108956B
:100C00000F931F93CF93DF938091FE0690E0EC014A
:100C1000CC0FDD1FCC0FDD1F8E01015E1D4F880F35
:100C2000991FFC01E55EFD4F60817181072E000C6C
:100C3000880B990B0F94A4132AE037ED43E25CE391
:100C40000F940314C559DA4F288139814A815B8199
:100C50000F940314F8016083718382839383DF917F
:100C6000CF911F910F9108950F931F93CF93DF930F
:100C70008091850790E0EC01CC0FDD1FCC0FDD1FCC
:100C80008E01015E1D4F880F991FFC01E55EFD4F2F
:100C900060817181072E000C880B990B0F94A413AF
:100CA0002AE037ED43E25CE30F940314C559DA4FB1
:100CB000288139814A815B810F940314F801608394
:100CC000718382839383DF91CF911F910F91089558
:100CD0008091FE06811104C08091E0068093870711
:100CE0000895CF93DF9320914E0521111FC090915D
:100CF0004F0591111CC0C0911302D091140221978D
:100D00009CE2899FF0011124E555F04F20E030E08E
:100D100040E05FE364817581868197810F941E189E
:100D20000F94621921E06C177D070CF020E0822FF0
:100D3000DF91CF91089580918F118823F1F02FEFEB
:100D40003FEF3093390220933802815080938F1106
:100D5000E5E7FFE0882351F08150990B2BE1289FB4
:100D6000F001299FF00D1124EF57FF4E8BE1AAE50A
:100D7000BFE001900D928A95E1F780918F1181116A
:100D800019C08091991180648093991180E090E05E
:100D9000DC018093E7069093E806A093E906B09300
:100DA000EA061092550581E08093F70683E0809370
:100DB0006D02089585E090E0A0E0B0E0EACF609198
:100DC000FE068091E0069091E1060C9478368091C1
:100DD000FE060C9436360F9300913F0621E0022761
:100DE00020E436E044E050E0BC018DE396E00E9450
:100DF000CB5B0F9108950F9300913F0621E00227EE
:100E000020E436E041E050E0BC018DE396E00E9432
:100E1000CB5B0F9108950F9300913F0621E00227CD
:100E200020E436E04CE050E0BC018DE396E00E9407
:100E3000CB5B0F9108950F9300913F0621E00227AD
:100E400020E436E041E050E0BC018DE396E00E94F2
:100E5000CB5B0F9108950F9300913F0621E002278D
:100E600020E436E048E050E0BC018DE396E00E94CB
:100E7000CB5B0F9108950F9300913F0621E002276D
:100E800020E436E04CE050E0BC018DE396E00E94A7
:100E9000CB5B0F9108950F9301E020E436E041E031
:100EA00050E0BC018DE396E00E94CB5B0F9108956A
:100EB0000F9301E020E436E042E050E0BC018DE316
:100EC00096E00E94CB5B0F9108950F93AB010091C8
:100ED0003F0621E0022720E436E0BC018DE396E0E6
:100EE0000E94CB5B0F91089520E436E042E050E091
:100EF000BC018DE396E00C94A36920E436E041E068
:100F000050E0BC018DE396E00C94A36920E436E048
:100F100041E050E0BC018DE396E00C94A36920E42D
:100F200036E04CE050E0BC018DE396E00C94A36900
:100F300020E436E044E050E0BC018DE396E00C9400
:100F4000A369CF93C82FCB010E94105C8CED9CE26B
:100F50000E94105C8DEC9CE2CC2311F082ED9CE2AF
:100F6000CF910C94136A20E040E070E060E00E94B2
:100F70008D3981E080937F071092510510925005C2
:100F800008958EE59AECEFCF86E59AECECCF8AE5F2
:100F90009AECE9CF20E040E070E060E08AED99ED66
:100FA0000C948D39809185079CDE882341F020E0E8
:100FB00040E070E060E08BEC9BE80C948D39EACF68
:100FC000CF93C1E0C0937F07FC0180819181A28112
:100FD000B3818093150290931602A0931702B093E9
:100FE000180220E040E070E060E08091E60590911A
:100FF000E7050E948D39C0934F05CF910895CF9397
:10100000DF9300D01F92CDB7DEB78DEC9CECACEC3B
:10101000BCE389839A83AB83BC83CE010196D0DF86
:101020000F900F900F900F90DF91CF910895CF9375
:10103000DF9300D01F92CDB7DEB78DEC9CECACEC0B
:10104000BDE389839A83AB83BC83CE010196B8DF6D
:101050000F900F900F900F90DF91CF910895CF9345
:10106000DF9300D01F92CDB7DEB780E090E0A0E81C
:10107000BFE389839A83AB83BC83CE010196A0DF53
:101080000F900F900F900F90DF91CF910895CF9315
:10109000DF9300D01F92CDB7DEB780E090E0A0E2F2
:1010A000B1E489839A83AB83BC83CE01019688DF48
:1010B0000F900F900F900F90DF91CF9108954F9266
:1010C0005F926F927F928F929F92AF92BF92CF92D8
:1010D000DF92EF92FF920F931F93CF93DF93CDB7E1
:1010E000DEB72E970FB6F894DEBF0FBECDBF9E873A
:1010F0008D875B018A01DC01D7966D917D918D9181
:101100009C91DA970F94A2136B017C01F501208169
:101110003181428153810F9403140F94E4184B01E1
:101120005C01D8012D913D914D915C91C701B601B3
:101130000F9403140F94E4182B013C01C501B40172
:101140000F9467196D837E838F8398876837710545
:101150008105910540F408E710E020E030E00D83C0
:101160001E832F833887C301B2010F9467196983E7
:101170007A838B839C83683771058105910540F4E0
:1011800028E730E040E050E029833A834B835C83DA
:10119000AD85BE8595968D909D90AD90BC909897AD
:1011A000FD01ED5BFF4F608171818281938161154B
:1011B00071058105910509F4D7C00F94A4139B0113
:1011C000AC0160E070E080E89FE30F94FA1820E043
:1011D00030E040E05FE30F9403142B013C01A701D2
:1011E0009601C701B6010F9403146B017C0169815C
:1011F0007A818B819C810F94A2139B01AC010F9487
:1012000003149B01AC01C701B6010F941D18A30183
:1012100092010F94031469877A878B879C876D816D
:101220007E818F8198850F94A2139B01AC010F944E
:1012300003149B01AC01C701B6010F941D18A30153
:1012400092010F9403142B013C010F94E4180F94A6
:1012500067196B017C0169857A858B859C850F9464
:1012600093190F946719DC01CB01B701A601480F50
:10127000591F6A1F7B1F95018401041B150B260B48
:10128000370BB901A80177FF35C0C501B4010F9430
:10129000A213A30192010F941E1829853A854B854C
:1012A0005C850F941D1820E030E040E05FE30F9470
:1012B00003140F94E4186B017C0120E030E0A901D5
:1012C0000F94441A18161CF0C12CD12C7601C701BA
:1012D000B6010F9467196B017C018C149D04AE0458
:1012E000BF0410F475016401D501C4018C199D0976
:1012F000AE09BF09ED85FE85C2A6D3A6E4A6F5A674
:1013000095018401081B190B2A0B3B0BD901C8015D
:1013100086A797A7A0ABB1AB0D811E812F81388521
:1013200003AF14AF25AF36AFFF9609811A812B8129
:101330003C8100831183228333832E960FB6F89469
:10134000DEBF0FBECDBFDF91CF911F910F91FF90F8
:10135000EF90DF90CF90BF90AF909F908F907F9055
:101360006F905F904F90089580E090E0DC01C12C79
:10137000D12C7601BFCFCF93DF93782FD62FC42FF8
:1013800067FD31C086E06802F0011124EB56FA4F88
:10139000408151811416150684F4E72FF0E0EE0F1A
:1013A000FF1FE65CFC4F808191810F97481759071A
:1013B0000CF4CA01672F0E947836C7FF16C086E07A
:1013C000D802F0011124EB56FA4F848195818F3FAA
:1013D000910519F010F08FEF90E080938707DF916F
:1013E000CF910C940C3A47FDFACF86E0C802F00189
:1013F0001124EB56FA4F82819381181619065CF47A
:101400008E36910514F08EE690E09093D905809386
:10141000D8050E942629D7FFD2CFE1CF6091E00600
:10142000462F8091FE06A7CFF9CF0F931F93CF933E
:10143000DF93C0EED6E0E88186E0E802F0011124F7
:10144000EB56FA4F0081118160E0C8010E947836A6
:1014500061E0C8010E94783648816FEF80E0DF913B
:10146000CF911F910F9187CFE0CF4FEF6091E006B2
:101470008091FE0680CFF9CF2F923F924F925F92DC
:101480006F927F928F929F92AF92BF92CF92DF9294
:10149000EF92FF920F931F93CF93DF9300D01F9291
:1014A000CDB7DEB70091E00661E081E00E94FD2E3D
:1014B000209155052B8310E0000F111F0B5F134D7A
:1014C000422E2B5F2983842D81958A834DEEE42E55
:1014D0004BE2F42E5BEDC52E5BE2D52E6CECA62E16
:1014E0006BE2B62E85E0582E54187DEB872E7BE2FA
:1014F000972E2B81211114C080915405882309F463
:10150000E4C080916D02882359F081E090915405E8
:10151000911180E024E049EF5BE26A810E9400E5DE
:1015200081E08C83612C3B8034189B812C81921349
:101530002DC0E091E006F0E0EE0FFF1FEB5FF34DF2
:10154000859194916092FE06909302078093010723
:10155000109200071092FF06709054058B81781648
:1015600009F4D8C080916D02882381F01F92FF9208
:10157000EF923F9281E09C81791280E08F930E94EC
:10158000EF2E0F900F900F900F900F907C80872D73
:101590008F5F2B8182132CC0E091E006F0E0EE0F0C
:1015A000FF1FEB5FF34D859194916092FE0690933F
:1015B000020780930107109200071092FF06209007
:1015C0005405221609F4B4C080916D02882381F07D
:1015D0001F92DF92CF923F9281E09B81291280E09F
:1015E0008F930E94EF2E0F900F900F900F900F90FF
:1015F00063942C812E5F2C83253009F096CF8B814C
:10160000853041F5F801859194911092FE069093F2
:10161000020780930107109200071092FF06909135
:1016200054059C83953009F491C080916D02882304
:1016300089F01F92BF92AF925F9281E02C8125309A
:1016400009F080E08F930E94EF2E0F900F900F9083
:101650000F900F9083E0870D9B8189132BC0F801B9
:10166000859194911092FE06909302078093010752
:10167000109200071092FF06209154052C838B8155
:10168000281709F471C080916D02882399F01F9288
:101690009F928F928B8184198F9381E09C812B8103
:1016A000921380E08F930E94EF2E0F900F900F9077
:1016B0000F900F908B818F5F8B839981981319CF37
:1016C00084E0870D809352050EC0809153051092DF
:1016D0005305882309F415CF0E942A3A8091F70612
:1016E000882309F40ECF0F900F900F900F90DF9189
:1016F000CF911F910F91FF90EF90DF90CF90BF900F
:10170000AF909F908F907F906F905F904F903F90A1
:101710002F9008958091530510925305882309F462
:1017200021CF7CDE8091F706882309F41BCFDBCF25
:101730008091530510925305882309F445CF95DE17
:101740008091F706882309F43FCFCDCF80915305D0
:1017500010925305882309F468CF67DE8091F7065D
:10176000882309F462CFBFCF8091530510925305AF
:10177000882309F488CF4091E0066FEF80E0FBDD1D
:101780008091F706882309F47ECFADCF4091E00623
:101790006FEF80E0F0CDCF92DF92EF92FF920F9348
:1017A0001F9387E0C82E8BE2D82EF12CE12C09E0A4
:1017B0001BE230E020E04AEC57E869E17BE280E29E
:1017C0009BE20E9461501F910F91FF90EF90DF907C
:1017D000CF900895CF92DF92EF92FF920F931F93D5
:1017E0008091F10E81111AC084EE9EE024E8C22E91
:1017F0002AE2D22E7C0106E81AE230E020E040E343
:101800005CE869E97AE282EA9AE20E9461501F91FB
:101810000F91FF90EF90DF90CF90089581EF9EE0C1
:10182000E5CFCF92DF92EF92FF920F931F9385EB5C
:10183000C82E89E2D82EF12CE12C0EE41AE230E019
:1018400020E043EF5AE567EB79E28EEB99E20E94E4
:1018500061501F910F91FF90EF90DF90CF9008950E
:1018600084EE9EE00E94B0ED0E940C3A0C94B9E127
:10187000EF92FF920F931F93CF93DF93CDB7DEB715
:1018800065970FB6F894DEBF0FBECDBF80915305AC
:1018900010925305882379F00E942A3A65960FB674
:1018A000F894DEBF0FBECDBFDF91CF911F910F9196
:1018B000FF90EF90089560E085E00E94FD2E00917A
:1018C000550510E08AE3F82E90E2E92E011114C0CC
:1018D00080916D02882341F030E020E043E06DE527
:1018E00079E2812F0E943A340F5F1F5F153071F744
:1018F00086E080935205D2CF013051F480916D0281
:10190000882391F330E020E041E065E579E2E9CF1A
:101910000230F1F480916D02882331F330E020E051
:1019200041E06AE479E2DDCF80916D028823E1F243
:1019300030E020E043E06AE379E2D3CF80916D02AA
:10194000882391F230E020E041E06DE279E2C9CFF6
:10195000033051F3043091F3053031F6F982EA8215
:1019600042E150E06BE279E2CE0103960F940E1350
:101970008C8987FD1C8A80916D02882309F4B4CF7D
:101980009E012F5F3F4F41E060E279E2AACFEF92E4
:10199000FF920F931F93CF93DF93CDB7DEB7659779
:1019A0000FB6F894DEBF0FBECDBF809153051092E5
:1019B0005305882379F00E942A3A65960FB6F89469
:1019C000DEBF0FBECDBFDF91CF911F910F91FF9072
:1019D000EF90089560E085E00E94FD2E009155058E
:1019E00010E08AE3F82E90E2E92E011114C08091F4
:1019F0006D02882341F030E020E043E06AE179E2C3
:101A0000812F0E943A340F5F1F5F153071F784E019
:101A100080935205D2CF0130C1F4F982EA8242E1CB
:101A200050E063E179E2CE0103960F940E138C89A6
:101A300087FD1C8A80916D02882329F39E012F5F08
:101A40003F4F41E06BE079E2DBCF0230C1F4F98235
:101A5000EA8242E150E067E079E2CE0103960F941A
:101A60000E138C8987FD1C8A80916D02882359F2A0
:101A70009E012F5F3F4F41E06DEF78E2C1CF033011
:101A800009F0C1CFF982EA8242E150E065EF78E2E5
:101A9000CE0103960F940E138C8987FD1C8A8091CA
:101AA0006D02882309F4AFCF9E012F5F3F4F41E0C5
:101AB00069EE78E2A5CFDC01680F791F90E080E045
:101AC0002D91E92FFF27E227EE0FFF1FE257FD4C74
:101AD00025913491982F8827822793276A177B07AF
:101AE00079F70895CF93DF93EC018D810E94F96A15
:101AF00060E08B81DF91CF910C9442E861E0FC01C2
:101B000083810E9442E88FEF0C94ED6AEF92FF927E
:101B10001F93CF93DF93EC017B01E4DF0E940DE97B
:101B2000182F81110BC085E18C83CE01E7DF812F57
:101B3000DF91CF911F91FF90EF900895A7016CEF77
:101B4000CE010E9436FA182FF0CF8F929F92AF925B
:101B5000BF92CF92DF92FF920F931F93CF93DF93A9
:101B6000EC018B016A010E9401E94B015C012CE24E
:101B7000820E21E0921EA11CB11C0E94F26A8E838B
:101B80008F3F61F40E9401E9681979098A099B096C
:101B900097FDF3CF81E18C8310E028C08E3F09F0E0
:101BA0003EC0C60101972FEF2EBDF8014FEF0DB4D7
:101BB00007FEFDCF2EB521934EBD9F01201B310B9B
:101BC00028173907A0F30DB407FEFDCF2EB5800FFF
:101BD000911FFC0120830E94F26AF82E0E94F26A93
:101BE000B82E80913702811110C011E0CE0186DF3E
:101BF000812FDF91CF911F910F91FF90DF90CF90B8
:101C0000BF90AF909F908F900895B601C80153DFA9
:101C10003F2D2B2D8217930741F38BE1BCCF8FE033
:101C2000BACF0F931F93CF93DF93EC018B015ADF51
:101C300040E052E0B801CE01DF91CF911F910F91AA
:101C400084CFAF92BF92DF92EF92FF920F931F93D8
:101C5000CF93DF9300D000D0CDB7DEB77C01D62E76
:101C6000122F032FB42EA52E3DDF0E940DE91E82F8
:101C70001D828D2D80648983AA82BB820C831D8383
:101C80008E010F5F1F4FCE010696D801E0E02D9127
:101C9000F0E0EE0FFF1FE227E257FE4CE491A81799
:101CA000B907A9F7EE0FE160EE83580186E0A80EB0
:101CB000B11CF80181918F010E94ED6A0A151B0584
:101CC000C1F7FCE0DF1202C00E94F26A10E00E943D
:101CD000F26AF701868387FF04C01F3F11F01F5F80
:101CE000F6CF26960FB6F894DEBF0FBECDBFDF91BC
:101CF000CF911F910F91FF90EF90DF90BF90AF9029
:101D000008950F931F93CF93DF93EC0189018F8187
:101D1000833039F089E0440F551F661F771F8A957D
:101D2000D1F79A01AB0168E1CE018BDF882321F066
:101D300086E08C8310E008C0A8016EEFCE010E94FF
:101D400036FA811109C011E0CE01D8DE812FDF9172
:101D5000CF911F910F9108950E940DE9182F8111C5
:101D600003C087E18C83F0CF20E030E0A9016DE073
:101D7000CE0167DF811104C00E94F26A882319F343
:101D800086E1D7CF1F93CF93DF93EC01ABDE20E04A
:101D900030E0A9016CE0CE0154DF11E0882319F096
:101DA00010E083E08C83CE01A9DE812FDF91CF91FB
:101DB0001F9108951F93CF93DF93EC018F818330A0
:101DC00039F089E0440F551F661F771F8A95D1F7B8
:101DD0009A01AB0162E1CE0134DF11E0882319F0F2
:101DE00010E085E08C83CE0189DE812FDF91CF91D9
:101DF0001F910895AF92BF92CF92DF92EF92FF9220
:101E00000F931F93CF93DF93EC016A017B0159017C
:101E10008F81833039F089E0CC0CDD1CEE1CFF1C77
:101E20008A95D1F713E004E0A701960161E1CE01A4
:101E300008DF882369F00C83CE0160DE1150D1F0F9
:101E400020E030E0A9016CE0CE01FBDE1C82ECCF8B
:101E500040E052E0B501CE0178DE882369F3DF91DE
:101E6000CF911F910F91FF90EF90DF90CF90BF9097
:101E7000AF90089580E0F3CF8F929F92AF92BF9280
:101E8000CF92DF92EF92FF920F931F93CF93DF9346
:101E9000EC01162F1F821C824B830E9401E96B010B
:101EA0007C0120EDC20E27E0D21EE11CF11CA8959A
:101EB00061E08B810E9442E88B810E94C9E2209AF6
:101EC000289A219A2398229A81E00E94F96A85E053
:101ED0008D830E94F96A0AE08FEF0E94ED6A01503B
:101EE000D9F7A89520E030E0A90160E0CE01A9DE95
:101EF0008E83813079F00E9401E96C197D098E0989
:101F00009F0997FDEFCF81E08C83CE01F7DD1A8228
:101F100080E072C021E030E040E050E06BE3CE01B1
:101F200090DE91E0813009F090E090933702A8951F
:101F30002AEA31E040E050E068E0CE0182DE853000
:101F400031F581E08F83A8958F81812C912C5401EC
:101F5000823029F4812C912CA12C80E4B82E20E031
:101F600030E0A90167E3CE016CDEA501940169E2CE
:101F7000CE0167DE8E838823F1F00E9401E96C199F
:101F80007D098E099F0997FDEACF8AE0BDCF04E065
:101F90000E94F26A8E830150D9F78A3A11F482E0E6
:101FA000D1CF0E9401E96C197D098E099F0997FD27
:101FB000BFCF82E0A9CF8F818230B9F420E030E03A
:101FC000A9016AE3CE013DDE882311F088E09CCFB1
:101FD0000E94F26A807C803C11F483E08F830E942F
:101FE000F26A0E94F26A0E94F26ACE0187DD81E005
:101FF0008A83173070F41D83DF91CF911F910F9169
:10200000FF90EF90DF90CF90BF90AF909F908F9018
:10201000089588E18C837CCF0F931F93CF93DF9338
:10202000EC018B0120E030E0A90169E00ADE8111BA
:1020300009C040E150E0B801CE01DF91CF911F917E
:102040000F9183CD80E18C83CE0158DD80E0DF915C
:10205000CF911F910F910895682F70E090E080E07C
:102060000C94E0E1CF93C82F0E94D35E84E50E94D8
:10207000095C8C2FF1DF80E20E94095C8AE691E323
:10208000CF910C94105C8F929F92AF92BF92CF929F
:10209000DF92EF92FF920F931F93CF93DF93DC01B8
:1020A00070E0FB01EE0FFF1FE25BFC4F20813181EE
:1020B000645B7C4FFB019081D92E80E0E82EF12CEF
:1020C000B7016D0D711D75956795611119C0F90105
:1020D000329665917491072E000C880B990B0F9422
:1020E000A413DF91CF911F910F91FF90EF90DF909C
:1020F000CF90BF90AF909F908F900895D62EE0CF55
:10210000681711F0D6120CC0492F4150550BFA0137
:10211000EE0FFF1FEE0FFF1F3296E20FF31FD9CF16
:10212000AB0141505109440F551F440F551FF90190
:10213000E40FF51F05911491FA013496E20FF31F95
:10214000C591D491A017B107C8F2862FCA17DB0733
:1021500008F4B4CFFA013296E20FF31FE590F49041
:10216000FA013696E20FF31FC590D490A01BB10B75
:10217000BD0190E080E00F94A2134B015C01B60119
:102180006E197F09072E000C880B990B0F94A4136E
:102190009B01AC01C501B4010F9403144B015C0118
:1021A000C01BD10BBE0190E080E00F94A2139B01F5
:1021B000AC01C501B4010F94FA184B015C01B701E1
:1021C000FF0C880B990B0F94A4139B01AC01C50164
:1021D000B4010F941E1885CF8F929F92AF92BF9239
:1021E000CF92DF92EF92FF92CF936B017C01C42FCD
:1021F00020E030E0A9010F949E1387FF07C08DE215
:102200000E94095CF7FAF094F7F8F0942BE037EDB0
:1022100043EA5BE3C23021F02FE632E143E05AE3C8
:10222000C701B6010F941E186B017C010F9467194A
:102230004B015C010F94A2139B01AC01C701B601D5
:102240000F941D186B017C01C501B4010E94E0E1EF
:102250008EE20E94095CC150E8F020E030E040E2EC
:1022600051E4C701B6010F9403146B017C010F9474
:1022700067194B015C010E94E0E1C501B4010F94B4
:10228000A2139B01AC01C701B6010F941D186B018D
:102290007C01E1CFCF91FF90EF90DF90CF90BF9086
:1022A000AF909F908F900895EF92FF920F931F939E
:1022B000CF93DF93C82F7B018A01D2E48F3F09F0CF
:1022C000D4E580E20E94095C8D2F0E94095CC7FD65
:1022D00004C080E38C0F0E94095C8AE30E94095CC1
:1022E000F701608171818281938142E075DF8BE526
:1022F00091E30E94105CF801608171818281938179
:1023000042E06ADF62E070E080E090E0DF91CF9130
:102310001F910F91FF90EF900C94CEE8EF92FF92F7
:102320000F931F93CF93DF9300D000D01F921F9283
:10233000CDB7DEB7082F1CE2189FC00111249C0105
:102340002555304F7901F90160857185072E000C04
:10235000880B990B0F94A4136D837E838F839887CA
:10236000F70184819581A681B78189839A83AB83A4
:10237000BC83AE014B5F5F4FBE016F5F7F4F80E854
:1023800093DF6091D8057091D905072E000C880B5A
:10239000990B0F94A4136D837E838F83988780910C
:1023A000D4059091D505A091D605B091D705898324
:1023B0009A83AB83BC83AE014B5F5F4FBE016F5FFF
:1023C0007F4F8FEF71DF6091B30F7091B40F072EC5
:1023D000000C880B990B0F94A4136D837E838F835D
:1023E00098878091AF0F9091B00FA091B10FB091ED
:1023F000B20F89839A83AB83BC83AE014B5F5F4F7F
:10240000BE016F5F7F4F80E04FDF6091DF0F709103
:10241000E00F072E000C880B990B0F94A4136D830B
:102420007E838F8398878091DB0F9091DC0FA09142
:10243000DD0FB091DE0F89839A83AB83BC83AE013D
:102440004B5F5F4FBE016F5F7F4F81E02DDF60917B
:10245000DA050F3F31F00103F0011124E555F04F8B
:10246000628570E086E691E30E9496696091DA05E4
:1024700070E081E691E30E9496698EE591E30E9407
:10248000105C60E070E0CB010E944AE28AE30E94A7
:10249000095C6091B50F70E090E080E00E944AE234
:1024A0008EE591E30E94105C61E070E080E090E0D6
:1024B0000E944AE28AE30E94095C6091E10F70E0A9
:1024C00090E080E00E944AE228960FB6F894DEBFC2
:1024D0000FBECDBFDF91CF911F910F91FF90EF9075
:1024E00008950F930FB70F9300916E000D7F009327
:1024F0006E0078940F930BB70F930CB70F921F9247
:102500002F933F934F935F936F937F938F939F93FB
:10251000AF93BF93EF93FF9311240E94689FFF91A5
:10252000EF91BF91AF919F918F917F916F915F914B
:102530004F913F912F911F900F900CBF0F910BBFA8
:102540000F910260F89400936E000F910FBF0F91EE
:102550001895CF93DF931092860760E090E080E0BB
:102560000E947836CBEADFE01A8661E090E080E0F6
:102570000E9478361EAA74987598C0EDD5E0198629
:1025800018860E9426291A86809102018074809301
:102590000001DF91CF91089510928707DADF0C9444
:1025A0000C3A8F929F92AF92BF92CF92DF92EF92AE
:1025B000FF920F931F93CF93DF93B4E4A0E06A2FB1
:1025C00070E0AB014B0F511D55954795411119C056
:1025D000EFE0F0E365917491072E000C880B990BE6
:1025E0000F94A413DF91CF911F910F91FF90EF9063
:1025F000DF90CF90BF90AF909F908F900895B42FB1
:10260000E0CFA41711F0B41303C0EBE1F1E3E2CF84
:102610009A0121503109220F331F220F331FF90174
:10262000E35FFF4CE590F490F901EF5EFF4CC5913C
:10263000D4918E159F0518F3A42FC817D90708F455
:10264000BECFF901E15FFF4C05911491F901ED5EF8
:10265000FF4CC590D4908E199F09BC0190E080E09A
:102660000F94A2134B015C01B601601B710B072E86
:10267000000C880B990B0F94A4139B01AC01C501AE
:10268000B4010F9403144B015C01CE19DF09BE01A4
:1026900090E080E00F94A2139B01AC01C501B4014E
:1026A0000F94FA186B017C01B801110F880B990B7C
:1026B0000F94A4139B01AC01C701B6010F941E181F
:1026C00091CFEF92FF920F931F93CF93DF93C82F79
:1026D0007B018A018091A707833090F00E94D05E31
:1026E000C7010E94105C8FEA9FE20E94105CCF3FFE
:1026F00089F58BEA9FE20E94105C8AE00E94095CE7
:1027000028DFA8958091A006811150C081E08093B8
:10271000A00682E08093A7071CDFD5E1D15061F1CC
:10272000A89580910B01809580728093090169E1E1
:1027300070E080E090E00E94CEE880910B01807212
:102740008093090160E570E080E090E00E94CEE8AF
:10275000A895E4CFC7FDD1CF89EA9FE20E94105C23
:102760006C2F0C2E000C770B880B990B0E944AE201
:102770008AE00E94095CC1CF80910B018095807234
:102780008093090161EA7FE2CF3F31F066EA7FE2A0
:10279000C13011F46EE97FE240E0C801DF91CF91D2
:1027A0001F910F91FF90EF900C94186ADF91CF91D9
:1027B0001F910F91FF90EF9008953F924F925F927B
:1027C0006F927F928F929F92AF92BF92CF92DF9241
:1027D000EF92FF920F931F93CF93DF93EC015B0176
:1027E0004A01322EFA014080518062807380A30139
:1027F00092016D817E818F8198850F949E1388232D
:10280000A1F04D825E826F8278867724739420E0F7
:1028100030E0A901F40160817181828193810F947C
:10282000441A18160CF0712C7C828C818230A1F035
:10283000833009F455C08130A9F52D813E814F8147
:102840005885F50160817181828193810F949E1377
:1028500087FD28C082E08C83F5012081318142818F
:1028600053816D817E818F8198850F941D182B0176
:102870003C010E9401E94B015C01A7019601C301E3
:10288000B2010F949E131816FCF09801A8EEB3E065
:102890000F94C617860E971EA81EB91E88829982AD
:1028A000AA82BB82DF91CF911F910F91FF90EF9091
:1028B000DF90CF90BF90AF909F908F907F906F9060
:1028C0005F904F903F90089588819981AA81BB8144
:1028D000881A990AAA0ABB0AB7FCE4CF83E08C8362
:1028E0004DE351E36BE471E3832DDF91CF911F91B1
:1028F0000F91FF90EF90DF90CF90BF90AF909F909F
:102900008F907F906F905F904F903F90DACE4DEC1C
:102910005FE26CED7FE2D5CEAF92BF92CF92DF92B5
:10292000EF92FF920F931F93CF93DF93A89560E0F0
:102930008091AD0F9091AE0FA6DB6093AF0F7093B7
:10294000B00F8093B10F9093B20F61E08091D90FD7
:102950009091DA0F98DB6093DB0F7093DC0F80931C
:10296000DD0F9093DE0F8091D2059091D30519DE93
:102970006093D4057093D5058093D6059093D705C1
:102980008BEAE82E8FE0F82E9AE4A92E93E0B92E78
:10299000CDE3D2E010E0F701C280D380F5010191D0
:1029A0005F0107FF4BC08A819B81C816D90608F4D6
:1029B0004EC0F701808591851816190644F407FF6B
:1029C00049C0888199818C159D0508F44CC0FCE2B2
:1029D000EF0EF11C2896113079F52091C806309140
:1029E000C9068091D2059091D3058217930710F400
:1029F0008FEF8DDF8091D8059091D90518161906B3
:102A0000CCF520913B0230913C028091D20590910F
:102A1000D3052817390770F54DE151E36BE271E3F7
:102A20008FEFDF91CF911F910F91FF90EF90DF908B
:102A3000CF90BF90AF9045CE11E0ADCF002309F409
:102A4000B8CF8A819B818C159D0508F0B2CF812F6C
:102A50005EDFAFCF002309F4BACF88819981C81611
:102A6000D90608F0B4CF4DE151E36BE271E3812F59
:102A700028DEADCFDF91CF911F910F91FF90EF90A6
:102A8000DF90CF90BF90AF900895EF92FF920F9399
:102A90001F93CF930CE91FE220E030E048E452E4BA
:102AA0006091AF0F7091B00F8091B10F9091B20F04
:102AB0000F94441AC0E087FD08C0F801949181E0AA
:102AC00001C0880F9A95EAF7C82F8DE9E82E8FE2AA
:102AD000F82E20E030E048E452E46091DB0F709182
:102AE000DC0F8091DD0F9091DE0F0F94441A87FD6B
:102AF00009C0F701249181E090E001C0880F2A9578
:102B0000EAF7C82BF80104918C2F90E02091020184
:102B1000AC01002E02C0559547950A94E2F740FD9E
:102B20001BC0287020930001F701449121E030E0A0
:102B300002C0220F331F0A95E2F73327042E02C08A
:102B4000359527950A94E2F720FF08C0CF911F9191
:102B50000F91FF90EF9008952095E3CF209102010F
:102B600002C0959587954A95E2F780FD04C02072D2
:102B700020930001EBCF2095FACF2F923F924F92F6
:102B80005F926F927F928F929F92AF92BF92CF92FD
:102B9000DF92EF92FF920F931F93CF93DF93CDB706
:102BA000DEB76A970FB6F894DEBF0FBECDBF809137
:102BB000A70781111AC0A8956A960FB6F894DEBFD0
:102BC0000FBECDBFDF91CF911F910F91FF90EF907E
:102BD000DF90CF90BF90AF909F908F907F906F903D
:102BE0005F904F903F902F9008958091B106811192
:102BF000E3CF81E08093B1068091C805811103C0C5
:102C00001092B106D9CF88DE1092C8050E9401E962
:102C10006F83788789879A872FEA3FE03E832D83E9
:102C20004DE352E05D874C878CEB95E09F878E8764
:102C3000A0E9BFE0BF8BAE8BE5EAF6E0FD8BEC8B45
:102C40001B86FB85FA8FAC85BD8516966D917C91B0
:102C5000072E000C880B990B0F94A4139B01AC0159
:102C6000ED81FE8160817181828193810F94441A8C
:102C7000181614F48B854BDEAD81BE8114966D91D0
:102C80007C91072E000C880B990B0F94A413698379
:102C90007A838B839C83C12CD12C30E8E32E30E4E3
:102CA000F32E08E210E02B85AE014F5F5F4F6D8180
:102CB0007E818E899F8981DDED81FE81C080D180FA
:102CC000E280F380AC85BD8514966D917C91072ED2
:102CD000000C880B990B0F94A4139B01AC01C70146
:102CE000B6010F94441A18160CF05CC2EC85FD85F1
:102CF00066817781072E000C880B990B0F94A41323
:102D00009B01AC01C701B6010F949E1387FF4AC215
:102D10008091A90681110FC02BEA3FE03093A606EF
:102D20002093A50647ED5FE05093A8064093A706C1
:102D300051E05093A906AC89BD892D903C90F101DA
:102D400060857185072E000C880B990B0F94A413D6
:102D50006B017C0120E030E0A9010F949E138823D1
:102D6000C9F0D10114962D913D914D915C91179729
:102D7000288B398B4A8B5B8BC701B6010F941D18CA
:102D80004B015C0120E030E040E251EC0F949E13D7
:102D900087FF07C021E0F1012387C12CD12C7601E8
:102DA000CFC020E030E040E251E4C501B4010F940F
:102DB000441A18165CF4E1E0D1011B96EC93C12C87
:102DC000D12C2FE7E22E23E4F22EBAC0D1011B96BC
:102DD0008C911B97882371F01B961C921B97F10115
:102DE00014861586168617865C961D921D921D9276
:102DF0001C925F97F10144A055A066A077A024859E
:102E0000358546855785C501B4010F941E187B0191
:102E10008C0120E030E0A9010F949E1387FDBDC115
:102E2000A301920160E070E08FE793E40F94FA1839
:102E3000688F798F6C019701A8010F949E1387FF0B
:102E400003C0E88CF98C8601C701D801F1018487A1
:102E50009587A687B78720A131A142A153A1C501BB
:102E6000B4010F9403144B015C01D10154968D926F
:102E70009D92AD92BC9257979701A801C301B201F0
:102E80000F9403146B017C01F101C08ED18EE28E90
:102E9000F38E448C558C668C778C288939894A89C5
:102EA0005B8960897189828993890F941D18D1018A
:102EB00098962D913D914D915C919B970F940314A1
:102EC000A30192010F941D1820ED3CEC4CE45DE34E
:102ED0000F940314A30192010F941E182B013C01BF
:102EE000F101448E558E668E778E288939894A89FC
:102EF0005B89208B318B428B538BA7019601C501D7
:102F0000B4010F941E18A30192010F941E1820E023
:102F100030E0A9010F941E186B017C0120E030E025
:102F2000A9010F949E1387FD38CF20E030E04FE7D2
:102F300053E4C701B6010F94441A18160CF43FCF9E
:102F4000C701B6010F94621975956795ED81FE81F1
:102F50006683EE85FF8582819381A481B581009788
:102F6000A105B105F9F02F81388549855A85281BBF
:102F7000390B4A0B5B0BDA01C901B7FD13C0AD81F8
:102F8000BE816D917D918D919C910F946219EE851A
:102F9000FF8520813181621773070CF405C18B8591
:102FA0000E9436362D813E81245D3F4F3E832D8326
:102FB0004C855D85485F5F4F5D874C878E859F851B
:102FC00006969F878E87AE89BF891996BF8BAE8B79
:102FD000EC89FD893296FD8BEC8BF1E0FB872A8D25
:102FE000213009F02ECE8091B8059091B905A091BD
:102FF000BA05B091BB052F81388549855A85281BB4
:10300000390B4A0B5B0BDA01C901B7FD11C08F8187
:103010009885A985BA858C53964FAF4FBF4F809343
:10302000B8059093B905A093BA05B093BB052DDD03
:1030300020E030E040EF52E46091D4057091D50576
:103040008091D6059091D7050F94441A181614F460
:103050008FEF5DDC8091B4059091B505A091B60528
:10306000B091B7050097A105B10501F12F81388511
:1030700049855A85281B390B4A0B5B0BDA01C901BC
:10308000B7FD14C06091D4057091D5058091D60527
:103090009091D7050F9462192091B2053091B30534
:1030A000621773070CF487C00E9426298091A1063D
:1030B0009091A206A091A306B091A4062F81388515
:1030C00049855A85281B390B4A0B5B0BDA01C9016C
:1030D000B7FD96CD8F819885A985BA8588579C4E76
:1030E000AF4FBF4F8093A1069093A206A093A30673
:1030F000B093A4066091D8057091D905072E000CF5
:10310000880B990B0F94A41369837A838B839C8318
:10311000C12CD12CE12C80E4F82E04E110E02FEF3B
:10312000AE014F5F5F4F64ED75E082EA9FE045DBE3
:10313000C090D405D090D505E090D605F090D70585
:1031400020E030E040EA50E4C701B6010F94441A91
:1031500087FD3AC020E030E040EF52E4C701B601FD
:103160000F949E13181684F16091D8057091D905BB
:10317000072E000C880B990B0F94A413A70196013E
:103180000F941D1820E030E0A9010F94441A18167E
:10319000CCF48FE78093DA0533CDE12CF12C00E0FD
:1031A00010E052CE60E0D2CE4EEE5FE26EEF7FE2F4
:1031B0008B8587DAF7CE4EEE5FE26EEF7FE28FEF20
:1031C00080DA74CF80E0E6CF1092DA0580910201B8
:1031D00080748093000114CD12988D5F21E030E05F
:1031E00001C0220F8A95EAF780919F06822B809377
:1031F0009F060895CF92DF92EF92FF92CF93DF93D5
:10320000EC01C880D980EA80FB8082E99FE20E94BD
:10321000105CC701B6010E949236CC80DD80EE8042
:10322000FF8086E194E40E94105CC701B6010E9411
:103230009236C884D984EA84FB8482E194E40E94B3
:10324000105CC701B6010E9492368AE0DF91CF91EF
:10325000FF90EF90DF90CF900C94095C0F930FB725
:103260000F9300916E000F930D7F00936E000091FD
:103270006F000D7F00936F000F930BB70F930CB788
:103280000F921F922F933F934F935F936F937F9370
:103290008F939F93AF93BF93EF93FF9311240E945B
:1032A00083AFFF91EF91BF91AF919F918F917F91EC
:1032B0006F915F914F913F912F911F900F900CBF95
:1032C0000F910BBF0F910260F89400936F000F9164
:1032D00000936E000F910FBF0F9118950000909111
:1032E000CE068091B10590FF3BC0882369F18091A3
:1032F00002018270809300018091C905882341F109
:10330000169A8FEF809342068091CE0681FF44C0CB
:1033100080910B0180958470809309018FEF8093D9
:1033200043068091CE0682FF3EC08A988FEF80933D
:1033300044068091B1059091CE0693FF41C0882349
:10334000A9F11098139837C080912702882311F0B3
:103350001698D7CF80910201827080930001D1CF5F
:10336000882379F08091020180958270809300011A
:103370008091C905811102C0169A01C0169881E09A
:10338000C1CF809127028111F7CF809102018095F2
:10339000827080930001F3CF80910B018470809341
:1033A000090181E0BCCF8A9A81E0C1CF80914606B5
:1033B0008111C8CF10988FEF8093450600000895C3
:1033C000882319F0109A139A05C08091460681113E
:1033D000FACF109A81E0F0CF93E0980F21E030E02F
:1033E00002C0220F331F9A95E2F7209530959091F5
:1033F0009F06292320939F06882321F0813021F006
:1034000081E00895129AFCCF159AFACF80E0E4DFAC
:1034100081E0E2CF882319F0813019F0089580E02F
:10342000DBCE159880919F06806180939F0608955A
:1034300021E030E0082E02C0220F331F0A94E2F789
:103440002095309590919F06292320939F068130E7
:1034500091F020F08230A1F081E0089580910B017D
:103460008095827080930901A29A8091CD068E7F0B
:103470008093CD06F1CF899A8091CD068D7FF8CFCC
:103480008091080180958170809306018091CD061E
:103490008B7FEECF80E0CCDF81E0CADF82E0C8DF47
:1034A000B5CF8130B1F070F08230A9F021E030E08A
:1034B00001C0220F8A95EAF780919F06822B8093A4
:1034C0009F06089590910B01927090930901A29824
:1034D000EDCF8998EBCF9091080191709093060100
:1034E000E5CF0F931F93CF93DF93C82F41E06CE894
:1034F0007EE20E94A2618C2F0E94BC6184E89EE261
:103500000E94105C82E29EE20E94136A41E062E740
:103510007EE28C2F0E94A2618C2F0E94BC6185E507
:103520009EE20E94105C8C2F0E9469688C2F0E9482
:10353000CCE38C2F0E9428698C2F0E9451698C2F1C
:103540000E9409698C2F0E94BE688C2F0E943768E8
:103550008C2F0E941D6341E06AE37EE28C2F0E9463
:10356000A26105E915E0D0E08C2F0E94BC6181E3E7
:103570009EE20E94105C8D2F0E942C90F8016081C9
:103580007181072E000C880B990B0F94A413AB01CB
:10359000BC018EE29EE20E94C061F80162817381EB
:1035A000072E000C880B990B0F94A413AB01BC01E0
:1035B0008BE29EE20E94C061F8016481758188E21D
:1035C0009EE20E948A698AE00E94095C0A5F1F4F9E
:1035D000D13059F46FEF8C2F0E94D6628C2FDF917F
:1035E000CF911F910F910C945668D1E0BDCF4F92AF
:1035F0005F926F927F92AF92BF92CF92DF92EF92E3
:10360000FF920F931F93CF93DF93CDB7DEB7CD58C3
:10361000D1090FB6F894DEBF0FBECDBFCF57DF4F35
:10362000188219821A821B82C158D040809192035D
:1036300090919303A0919403B0919503CB57DF4FE2
:1036400088839983AA83BB83C558D04084E690E0E1
:1036500090933E0680933D061092410610924006DC
:1036600020E436E044E050E0BE016B577F4F8DE32D
:1036700096E00E94A36980913D0690913E060296D5
:1036800090933E0680933D061092410610924006AC
:1036900089E992E0C757DF4F99838883C958D040A2
:1036A000CE0187579F4F0E94748781E0C357DF4F39
:1036B0008883CD58D040CE0183579F4F0E94868784
:1036C00020E436E048E450E066E077E08DE396E001
:1036D0000E94A36920E436E040E150E061EA75E031
:1036E0008DE396E00E94A3698AE097EDA3EABCE32C
:1036F000CF57DF4F88839983AA83BB83C158D040BB
:10370000CE018F579F4F0E9498878FEC96E00E94C2
:103710008F878AE597E00E948F877E018DE6E80E0D
:10372000F11C8FEFF7018083C7010E948687198201
:103730001A821B821C828E010F5F1F4FC8010E94DC
:10374000988719821A821B821C82C8010E9498875E
:10375000CF57DF4F188219821A821B82C158D0407E
:1037600083E0EE968FAFEE97F7018083CE018F57FF
:103770009F4F0E949887CE0183589F4F0E94868753
:10378000C7010E94868780E09CE09A838983C801F4
:103790000E9474876AE0D62EDA94DD2031F0CE01E3
:1037A0008F579F4F0E949887F7CF8CE0F8011192B6
:1037B0008A95E9F7C8010E948F87CF57DF4F18829B
:1037C00019821A821B82C158D0405AE0D52EDA9451
:1037D000DD2031F0CE018F579F4F0E949887F7CFA1
:1037E00083E0C457DF4F8883CC58D040C557DF4FA4
:1037F0008883CB58D040CE0184579F4F0E94868744
:10380000CE0185579F4F0E94868780E09CE0EF960F
:103810009FAF8EAFEF97CE0183589F4F0E94748762
:1038200088E0F701982F11929A95E9F7F801119223
:103830008A95E9F720E436E048E050E0B7018DE3EF
:1038400096E00E94A36920E436E048E050E0B80129
:103850008DE396E00E94A369CF57DF4F188219824B
:103860001A821B82C158D0404AE0C42ED12CF1E00C
:10387000CF1AD10831F0CE018F579F4F0E94988701
:10388000F6CF19828FEFF7018083C8010E947D87F0
:10389000C7010E9486871982C8010E947D8720E4A3
:1038A00036E04CE050E065E975E08DE396E00E947B
:1038B000A3699BEAC92E9FE0D92E23E0A22E20E126
:1038C000B22E412C512C30E8632E3FE3732EF601CB
:1038D00080A191A1A2A1B3A189839A83AB83BC8368
:1038E00021E732EB47E25EE364A175A186A197A1CF
:1038F0000F94FA186D837E838F83988721E732EBCC
:1039000047E25EE3F60160A571A582A593A50F9439
:10391000031469877A878B879C874D865E866F86BE
:10392000788A198A1A8A1B8A1C8A20E436E044E1C4
:1039300050E0B8018DE396E00E94A369FCE2CF0E4F
:10394000D11CAC14BD0419F684E190E09A838983FC
:10395000C8010E9474878CE0E1EEF2E0D80101908A
:103960000D928A95E1F720E436E04CE050E0B80192
:103970008DE396E00E94A3698CE0E1EEF2E0D801CD
:1039800001900D928A95E1F720E436E04CE050E09A
:10399000B8018DE396E00E94A3691982C8010E94D4
:1039A00086878FE78983C8010E9486878FEF898386
:1039B000C8010E94868785E0EDEEF2E0D801019013
:1039C0000D928A95E1F720E436E045E050E0B80139
:1039D0008DE396E00E94A3691982C8010E947D8749
:1039E00080E2E2EFF2E0D80101900D928A95E1F7D2
:1039F00020E436E040E250E0B8018DE396E00E941A
:103A0000A369F7011082C7010E947D8784E995E0D0
:103A10000E947D8720E436E048E050E06CE875E0E5
:103A20008DE396E00E94A369CF57DF4F1882198279
:103A30001A821B82C158D040CE018F579F4F0E94DF
:103A40009887CE018F579F4F0E94988784E1F80195
:103A500011928A95E9F720E436E044E150E0B8019C
:103A60008DE396E00E94A36988E2E2E1F3E0D801E9
:103A700001900D928A95E1F720E436E048E250E0AB
:103A8000B8018DE396E00E94A36980E1D82EF80189
:103A90008D2D11928A95E9F720E436E040E150E05F
:103AA000B8018DE396E00E94A3691A82198220E48E
:103AB00036E042E050E0B8018DE396E00E94A36951
:103AC000CF57DF4F188219821A821B82C158D0400B
:103AD000CE018F579F4F0E949887F8018D2D11922C
:103AE0008A95E9F720E436E040E150E0B8018DE343
:103AF00096E00E94A3698CE6F80111928A95E9F795
:103B000020E436E04CE650E0B8018DE396E00E94F8
:103B1000A369F7011192DA94E9F720E436E040E175
:103B200050E0B7018DE396E00E94A36920E436E0FF
:103B300044E050E06CED75E08DE396E00E94A369EF
:103B40008CE0F70111928A95E9F7C557DF4F18828B
:103B5000CB58D04080E090E0A0E4B0E4C358DF4F01
:103B600088839983AA83BB83CD57D040C7010E9425
:103B70008F87CE0185579F4F0E948687CE0183583D
:103B80009F4F0E94988700913D0610913E06045673
:103B900011098091400690914106F701918380833D
:103BA00084E690E090933E0680933D0620E436E064
:103BB00044E050E066E473E08DE396E00E94A36980
:103BC000C7010E9474870E94D35EB8018EEE9DE209
:103BD0000E948A69F701C080D180F12CE12C81EE2E
:103BE0009DE20E94105CC701B6010E94E0E18EEDEB
:103BF0009DE20E94105C09391240E9F00E94D05EFB
:103C000089E99EE20E94105C80E0C357DF4F0FB647
:103C1000F894DEBF0FBECDBFDF91CF911F910F9102
:103C2000FF90EF90DF90CF90BF90AF907F906F901C
:103C30005F904F90089560E08EEC9DE20E94BF2F50
:103C400081E0E3CFCF93DF9300D01F92CDB7DEB7F3
:103C50008091CA06882389F083E390E09C838B835C
:103C60001A8219829E012F5F3F4F40E150E06AE6C1
:103C700077E0CE0103960E94A3690F900F900F90FA
:103C80000F90DF91CF910895CF93DF9300D01F92D3
:103C90001F92CDB7DEB781E08093CA0680E1EAE6E5
:103CA000F7E0DF011D928A95E9F7CCDF86E18D838D
:103CB00082E390E09C838B831A8219829E012F5F9E
:103CC0003F4F41E050E0BE016B5F7F4FCE01039656
:103CD0000E94A3690F900F900F900F900F90DF91AB
:103CE000CF910895AF92BF92CF92DF92EF92FF9261
:103CF0000F931F93CF93DF93C6E0D7E003E715E060
:103D000086E1A82E87E0B82EC12CD12C7601C39471
:103D100069917991899199910F94A2132889398990
:103D20004A895B890F9403140F946719F801619312
:103D30007193819391938F01C616D706E806F90611
:103D400010F46B017C01AC16BD0611F76FEF7FEF2D
:103D5000CB01A70196010F94781720931F0630938B
:103D600020064093210650932206DF91CF911F91A8
:103D70000F91FF90EF90DF90CF90BF90AF9008959C
:103D80009091061080910710981306C08091030748
:103D900090910407892B19F00E9449FEF1CF0895F4
:103DA0009091061080910710981307C08091030727
:103DB00090910407892B09F46DCB0E9449FEF0CF46
:103DC00090916F0081E091FD02C080E00895909194
:103DD0006F009D7F90936F000895EFE6F0E0808183
:103DE000826080830895ECDF91E090938E068111CC
:103DF000F4CF0895CF93DF9380910106309B53C099
:103E000081608093010680910106319B4EC08260E3
:103E10008093010680910106329B49C084608093A3
:103E2000010680910106349B44C08860809301069E
:103E3000C0917F06C0FF13C0809127029091CE06EB
:103E400090FF39C081110BC08091010680FF07C02F
:103E50008091DE0681608093DE0680E0C4DFC1FFD2
:103E60000FC08091CE0681FF0BC08091010682FFBA
:103E700007C08091DE0684608093DE0681E0B3DFB8
:103E8000C2FF23C08091CE0682FF1FC08091010631
:103E900083FF1BC08091DE0688608093DE0682E08F
:103EA000DF91CF91A0CF8E7FACCF8D7FB1CF8B7FB5
:103EB000B6CF877FBBCF882391F28091010681FF27
:103EC000CECF8091DE068260C6CFDF91CF9108957C
:103ED000CF92DF92EF92FF920F931F93CF93DF93D6
:103EE00080912E028F3708F448C08F579091B50FFC
:103EF0009093B506992309F43CC0749A9091E10F10
:103F00009093B606992309F436C0759A2091DA0584
:103F10002093B40690910201211190959074909392
:103F200000018F5F80932E028091B30691E0892774
:103F30008093B30681110E94FA2F90912D0221E007
:103F4000290F97300CF020E0983008F040C0E92F9E
:103F5000092E000CFF0B8827EF54F0468F4F0D946D
:103F60000918DF9F9CA0A8A0BBA0C0A0D3A0D8A088
:103F7000CF9F7498C3CF7598C9CF9091B506891714
:103F800008F074989091B606891708F0759890918A
:103F9000B406891708F4C5CF90910201BFCF809174
:103FA000B206811103C083E08093B2068091B2060D
:103FB00081508093B206882351F0292F08C0809148
:103FC0002C028F5F80310CF089C080932C022093EB
:103FD0002D02F12CE12C8E2DE701CC0FDD1FFE010F
:103FE000E653FA4F008111810115110509F456C0FD
:103FF000F894813009F4F3C0823009F412C1809141
:104000000001DD24D394982F9270C92E81FFD12C0A
:1040100080E047DA000080910201101611060CF4CE
:10402000809582708093000181E0101611060CF0DB
:1040300080E09091C905891709F4CDC0169A000057
:10404000809102018095817080930001179A00C0D1
:1040500000008EE090E00197F0F7809102018170FE
:10406000809300011798000080910201C110809593
:104070008270809300018091C905D81609F4ADC003
:10408000169A00007894C653DA4F888199811016E9
:1040900011060CF0E2C00197998388838FEFE81A2C
:1040A000F80A93E0E916F10409F095CF8091CC0667
:1040B0008111A0DE8091030790910407009729F0F9
:1040C00001979093040780930307DF91CF911F918D
:1040D0000F91FF90EF90DF90CF90089510922C02F7
:1040E0008091C80581111BC08091AB0F9091AC0FDE
:1040F0009093AE0F8093AD0F8091D70F9091D80F12
:104100009093DA0F8093D90F8091D0059091D105CB
:104110009093D3058093D20581E08093C8051092D7
:10412000AC0F1092AB0F1092D80F1092D70F1092C5
:10413000D1051092D0054BCF88E080937B0087E4B7
:1041400080937C0080917A00806480937A003FCFD6
:1041500080917A0086FD31CF4091780050917900AE
:104160008091AB0F9091AC0F840F951F9093AC0F83
:104170008093AB0F2CCF88E080937B0083E4E0CF6B
:1041800080917A0086FD19CF409178005091790096
:104190008091D0059091D105840F951F9093D10502
:1041A0008093D00514CF88E080937B0086E4C8CF4D
:1041B00080917A0086FD01CF40917800509179007E
:1041C0008091D70F9091D80F840F951F9093D80F9F
:1041D0008093D70FFCCE169832CF169852CF80918D
:1041E00009018470D82E81E05CD9000080910B0118
:1041F000101611060CF08095847080930901000060
:10420000889A00C000008EE090E00197F0F788984F
:10421000000080910B01D11080958470809309017A
:1042200030CF8FB18470D82E82E03BD900001016B9
:1042300011067CF48A9A00008B9A00C000008EE080
:1042400090E00197F0F78B980000DD2021F08A9A2A
:1042500018CF8A98F0CF8A9814CF01961DCF2F924D
:104260003F924F925F926F927F928F929F92AF9206
:10427000BF92CF92DF92EF92FF920F931F93CF9353
:10428000DF93CDB7DEB7CA56D1090FB6F894DEBFBB
:104290000FBECDBF7C018B01242E6E963FAF2EAF9B
:1042A0006E9720911A0730911B0740911C0750917F
:1042B0001D07DC016D917D918D919C910F940314EC
:1042C0000F944F1AA2966CAF7DAF8EAF9FAFA2979F
:1042D00020911E0730911F07409120075091210720
:1042E000F70164817581868197810F9403140F947F
:1042F0004F1AA6966CAF7DAF8EAF9FAFA697209159
:104300002207309123074091240750912507D701B8
:1043100018966D917D918D919C911B970F9403142C
:104320000F944F1AAA966CAF7DAF8EAF9FAFAA972E
:10433000209126073091270740912807509129079F
:10434000F70164857585868597850F9403140F940E
:104350004F1A62966CAF7DAF8EAF9FAF6297809120
:10436000870583FF0EC062962CAD3DAD4EAD5FADAF
:104370006297209328103093291040932A1050936D
:104380002B10D8013C901196BC91BFAFF801F2817F
:104390002996FFAF2997D8011396BC912496BFAFF9
:1043A00024979091071080910610891730F0891B8F
:1043B0008F3029F40E9449FEF4CF805FF8CF8091BE
:1043C00006100E948730AB968FAFAB97E091061036
:1043D000E9AB8091030790910407892B11F00C94AD
:1043E00057AC80911C1090911D10A0911E10B0919F
:1043F0001F10A2962CAD3DAD4EAD5FADA297281B10
:10440000390B4A0B5B0B2BA33CA34DA35EA38091FE
:10441000201090912110A0912210B0912310A69607
:10442000CCACDDACEEACFFACA697C81AD90AEA0A50
:10443000FB0A8091241090912510A0912610B09134
:104440002710AA962CAD3DAD4EAD5FADAA97281BA7
:10445000390B4A0B5B0B2FA338A749A75AA78091AA
:10446000281090912910A0912A10B0912B106296DB
:104470004CAC5DAC6EAC7FAC6297481A590A6A0AC4
:104480007B0A09F465C0822D0E9471868823B9F0E9
:1044900062968CAD9DADAEADBFAD62978093281096
:1044A00090932910A0932A10B0932B100E94D35EF2
:1044B00083EB9DE20E94105C412C512C320194E070
:1044C000299E80011124015E1D4FC301B2010F948A
:1044D000A413D8012D913D914D915C910F9403143B
:1044E0004B015C0120E030E0A9010F94441A87FFE2
:1044F00004C0B7FAB094B7F8B09420E030E048E4D4
:1045000053E46091260770912707809128079091C6
:1045100029070F940314A50194010F949E1387FF9C
:1045200017C062962CAD3DAD4EAD5FAD6297209346
:1045300028103093291040932A1050932B100E947A
:10454000D35E84E99DE20E94105C412C512C320123
:104550008BA19CA1ADA1BEA18827B7FD839599270A
:10456000AA27BB27182FF7FC12608FA198A5A9A531
:10457000BAA5B7FD146077FC1860A4E02A9EC001BC
:104580001124FC01E15EFD4F5F01C301B2010F94F4
:10459000A413D5012D913D914D915C910F9403147D
:1045A0002B013C0120E030E0A9010F94441A87FF61
:1045B000CFC1C301B2019058F9A9EF2FF0E0FCA7D9
:1045C000EBA759A94CE4549F90011124D901A85597
:1045D000B84FBAABA9AB20E030E040E05FE30F9406
:1045E0001E180F94671928966CAF7DAF8EAF9FAFE2
:1045F0002897E9A9FAA9108216AB2FA138A549A5D9
:104600005AA52BAF3CAF4DAF5EAF57FF0BC05095D7
:104610004095309521953F4F4F4F5F4F2BAF3CAFAB
:104620004DAF5EAFCDA6DEA6EFA6F8AAF7FE0BC093
:1046300088279927DC018C199D09AE09BF098DA730
:104640009EA7AFA7B8AB2BA13CA14DA15EA12BAB00
:104650003CAB4DAB5EAB57FF0BC0509540953095D2
:1046600021953F4F4F4F5F4F2BAB3CAB4DAB5EABFC
:104670008BA99CA9ADA9BEA9E9A9FAA9858B968B9E
:10468000A78BB08F2DA53EA54FA558A9218F328F9E
:10469000438F548F2BAD3CAD4DAD5EAD258F368F26
:1046A000478F50A36BA17CA18DA19EA10F94A41351
:1046B0002091250630912606409127065091280624
:1046C0000F9403142E966CAF7DAF8EAF9FAF2E97D5
:1046D000698B7A8B8B8B9C8BC701B6010F94A413CB
:1046E0002091290630912A0640912B0650912C06E4
:1046F0000F9403144B015C018D8A9E8AAF8AB88E99
:104700006FA178A589A59AA50F94A41320912D06D1
:1047100030912E0640912F06509130060F940314CD
:104720006B017C01C98EDA8EEB8EFC8E20913106F6
:10473000309132064091330650913406C301B201E4
:104740000F9403146FAB78AF89AF9AAF6D8F7E8FE4
:104750008F8F98A32BA93CA94DA95EA926303105BE
:10476000410551050CF0FCC08DA59EA5AFA5B8A9CB
:104770000697A105B1050CF0F3C02BAD3CAD4DADD6
:104780005EAD26303105410551050CF0E9C020E051
:1047900030E0A9016FA978AD89AD9AAD0F94441AA4
:1047A00087FFD9C08FA998ADA9ADBAADB0582CE498
:1047B0004BA55CA5249FF001259FF00D1124E85521
:1047C000F84F85879687A787B08B8CE42BA53CA5EF
:1047D000829FF001839FF00D1124E855F84F289631
:1047E0008CAD9DADAEADBFAD289781A392A3A3A321
:1047F000B4A38BAD9CADADADBEAD2DA53EA54FA573
:1048000058A982179307A407B50710F4DA01C90164
:104810002BA93CA94DA95EA982179307A407B50748
:1048200010F4DA01C90128962CAD3DAD4EAD5FAD57
:10483000289782179307A407B50710F4DA01C90176
:104840002CE44BA55CA5249FF001259FF00D1124BD
:10485000E855F84F85A396A3A7A3B0A70697A1058F
:10486000B10510F40C943AACDF01A95BBF4F809105
:1048700087078C9321A68BA19CA1ADA1BEA1892BFA
:104880008A2B8B2B19F080E00E94519A8CE4ABA507
:10489000BCA58A9FF0018B9FF00D1124E855F84FBD
:1048A000818D928DA38DB48D892B8A2B8B2B19F042
:1048B00081E00E94519A8CE42BA53CA5829FF001D7
:1048C000839FF00D1124E855F84F858D968DA78DA7
:1048D000B0A1892B8A2B8B2B19F082E00E94519A70
:1048E00028968CAD9DADAEADBFAD2897892B8A2B98
:1048F0008B2B09F4DEC780912306882319F08150A1
:104900008093230680912406882319F08150809398
:104910002406222029F08091B105882309F47CC067
:1049200080E00E94EC9880E28093230691E02912B7
:104930007DC081E00E940A9A80E280932406E09084
:104940004607F09047070091480710914907B9C7FB
:10495000C301B20131CE8FA998ADA9ADBAAD27CFB1
:104960006E96AEADBFAD6E978D919D910D90BC9141
:10497000A02D8FA398A7A9A7BAA720E030E0A9018E
:10498000BC01CD010F949E13882379F08CE42BA5F4
:104990003CA5829FF001839FF00D1124E855F84F4C
:1049A0008FA198A5A9A5BAA50CCF2E962CAD3DAD8B
:1049B0004EAD5FAD2E97CA01B9010F9403142B01C0
:1049C0003C01A5019401C501B4010F9403149B019E
:1049D000AC01C301B2010F941E184B015C01A70189
:1049E0009601C701B6010F9403149B01AC01C501E8
:1049F000B4010F941E180F94D51A2CE4ABA5BCA5D6
:104A00002A9FF0012B9FF00D1124E855F84F658780
:104A100076878787908BD9CE80912306811102C03B
:104A20000E94EC99F1E02F1205C083CF8091B1056F
:104A300081117FCF80912406811181CF81E00E9476
:104A4000EC997DCF805F7AC728968CAD9DADAEADD9
:104A5000BFAD2897892B8A2B8B2B09F4FEC320919D
:104A60003A0730913B0740913C0750913D076FA9B1
:104A700078AD89AD9AAD0F9403140F94E4180F9498
:104A800067196B017C0180911F0690912006A0910F
:104A90002106B0912206E9A9FAA9218D328D438D14
:104AA000548D2BA33CA34DA35EA3258D368D478D3E
:104AB00050A12FA338A749A75AA741A052A063A08D
:104AC00074A02DA53EA54FA558A982179307A4074A
:104AD000B50708F4CBC381149104A104B104D1F04B
:104AE00060917305709174058091750590917605BC
:104AF0006C157D058E059F0568F40F946917A50157
:104B000094010F9478172C153D054E055F0510F4A0
:104B100069017A018BA19CA1ADA1BEA1892B8A2B31
:104B20008B2B01F160917705709178058091790563
:104B300090917A056C157D058E059F0598F42DA53D
:104B40003EA54FA558A90F9469172BA13CA14DA1D3
:104B50005EA10F9478172C153D054E055F0510F4E6
:104B600069017A012FA138A549A55AA5232B242B29
:104B7000252B01F160917B0570917C0580917D056D
:104B800090917E056C157D058E059F0598F42DA5E9
:104B90003EA54FA558A90F9469172FA138A549A57F
:104BA0005AA50F9478172C153D054E055F0510F496
:104BB00069017A014114510461047104F1F06091BA
:104BC0007F057091800580918105909182056C151B
:104BD0007D058E059F0588F42DA53EA54FA558A9F6
:104BE0000F946917A30192010F9478172C153D05B6
:104BF0004E055F0510F469017A018CE44BA55CA5B4
:104C0000849F8001859F100D11240855184FF801CD
:104C1000ED5BFF4FC082D182E282F382C701B60111
:104C20000F94A2136B017C012FA938AD49AD5AAD89
:104C30000F94FA1866966CAF7DAF8EAF9FAF6697F4
:104C4000D80151966D937D938D939C9354972DEB42
:104C500037E346E051E4C701B6010F9403140F9403
:104C60006719F80162AB73AB84AB95ABF181259604
:104C7000FFAF2597D8011296BC91BFABF801F38125
:104C8000FBAFD8011496BC91BFAFE1EAF5E06C969A
:104C9000FFAFEEAF6C972A964EAC5FAC2A97F0E16F
:104CA0004F0E511C41EA242E45E0342E2A966EAC5C
:104CB0007FAC2A9725962FAD25972BA33FA93FA31D
:104CC0004BAD4DA7BBAB10E0D301CD90DD90ED9087
:104CD000FD903D0120E030E0A901C701B6010F942D
:104CE000441A87FF04C0F7FAF094F7F8F094F10142
:104CF00061917191819191911F0120E030E0A901B2
:104D00000F941E184B015C01A70196010F949E138E
:104D100087FF29C0112309F49EC3A501940125969C
:104D20006FAD25977FA98BAD9FAD0F9403144B01F9
:104D30005C012BA13FA14DA55BA9C701B6010F9452
:104D400003149B01AC01C501B4010F949E1387FFAE
:104D50000AC0A7019601C501B4010F94FA186BA30C
:104D60007FA38DA79BAB4614570409F0ADCF2496C3
:104D7000FFAD2497FF2309F4BEC3209008103090A4
:104D8000091000910A1010910B102DEB37E346E843
:104D900055E3B101C8010F949E1387FDACC3910187
:104DA000A80125966FAD25977FA98BAD9FAD0F9478
:104DB0009E1387FF64C39101A80125966FAD2597C7
:104DC0007FA98BAD9FAD0F94FA186A966CAF7DAF3B
:104DD0008EAF9FAF6A9725962FAC25973FA80BAD56
:104DE0001FAD4CE050E12C965FAF4EAF2C97412C9D
:104DF000512C30E8632E3FE3732E24961FAE249788
:104E00002C96AEADBFAD2C976D917D918D919D91FE
:104E10002C96BFAFAEAF2C976A962CAD3DAD4EAD84
:104E20005FAD6A970F9403144B015C012A96EEADB7
:104E3000FFAD2A97C190D190E190F1902A96FFAFF3
:104E4000EEAF2A972496FFAD2497FF2371F0A301BC
:104E500092010F9403144B015C01A3019201C7015D
:104E6000B6010F9403146B017C01A7019601C501E3
:104E7000B4010F94441A20E030E0A90118160CF098
:104E800019C3C701B6010F94441A18164CF020E05C
:104E900030E0A901C501B4010F949E1387FFFAC247
:104EA000A7019601C501B4010F941D186B017C0187
:104EB0006C96AEADBFAD6C976D917D918D919D91CE
:104EC0006C96BFAFAEAF6C9720E030E0A9010F94B5
:104ED0001E184B015C01A70196010F949E1387FFDA
:104EE00015C0A7019601C501B4010F94FA189B01E2
:104EF000AC01C301B2010F9403142B013C012496B1
:104F0000BFAD2497BF5F2496BFAF2497ECE1F0E1DB
:104F10002C962EAD3FAD2C97E217F30709F070CF1A
:104F200024963FAD2497332341F0A3019201B101B0
:104F3000C8010F9403141B018C0124EA30E74DE7EC
:104F40005FE3B101C8010F9403146B017C01209150
:104F50001B0630911C0640911D0650911E060F94B1
:104F60009E1387FF0AC02BA13FA14DA55BA9C701D6
:104F7000B6010F949E1387FDBEC28BA19FA1ADA564
:104F8000BBA980931B0690931C06A0931D06B093AB
:104F90001E062CE44BA55CA5249FC001259F900D07
:104FA0001124DC01A855B84F7D019101A801B10180
:104FB000C8010F940314F701618772878387948770
:104FC00066966CAD7DAD8EAD9FAD669790589B019A
:104FD000AC010F941E18A9A9BAA91D962D913D9157
:104FE0004D915C9150970F9403149B01AC016BE0C1
:104FF00077ED83E29BE30F941D184B015C018BE07E
:1050000097EDA3E2BBE3F70185839683A783B0877F
:10501000A9A9BAA98C9181608C9325962FAD25976B
:105020003FA94BAD5FAD25966FAD25977FA98BADA1
:105030009FAD0F9403149B01AC01C501B4010F9403
:10504000441A87FD05C0E9A9FAA98081826080839E
:1050500080E1FE013196ACE0B0E101900D928A95BD
:10506000E1F78CE42BA53CA5829FF001839FF00D16
:105070001124E855F84F81819281A381B4818093F6
:10508000081090930910A0930A10B0930B10A296E9
:105090008CAD9DADAEADBFADA29780931C1090932B
:1050A0001D10A0931E10B0931F10A6962CAD3DAD01
:1050B0004EAD5FADA6972093201030932110409302
:1050C000221050932310AA968CAD9DADAEADBFAD0E
:1050D000AA978093241090932510A0932610B09344
:1050E000271062962CAD3DAD4EAD5FAD629720931B
:1050F00028103093291040932A1050932B10909130
:10510000061080910710981303C084E68093031063
:10511000AB963FADAB973093061080910610882375
:1051200009F4EEC1815090910510981709F4C5C299
:1051300010910610112309F4E5C1115020900510BB
:1051400080910610D12CC12C2812E0C120900510AE
:10515000F12CE12C9CE4392E80910610821509F483
:10516000ACC2822C912C389C8001399C100D1124EA
:105170000855184FD8018C9183FD9CC21CA70BA722
:10518000E114F10409F462C0C7010E944285811153
:105190005DC0F701808181FD44C0D80115964D9016
:1051A0005D906D907C901897F701A580B680C780C0
:1051B000D084A3019201C601B5010F949E1387FF0D
:1051C00030C0D70151966D917D918D919C915497EE
:1051D00090589B01AC010F941E18F7012585368568
:1051E000478550890F9403149B01AC01C601B5019A
:1051F0000F941D186B017C01A30192010F949E1363
:1052000087FF0FC0D8018C9181608C938BA59CA5E2
:105210000E944285882309F443C2F80180818E7F71
:105220008083389CF001399CF00D1124E855F84F2B
:105230002185328543855485658176818781908576
:105240000F949E13811102C020920510822D0E949E
:105250008730282EEBA4FCA47FCF20914207309109
:105260004307409144075091450701CC81149104B4
:10527000A104B104C9F16091730570917405809126
:105280007505909176056C157D058E059F0560F579
:105290000F94A2132BA93CA94DA95EA90F94031446
:1052A0006DA77EA78FA798ABC501B4010F94A21379
:1052B0009B01AC016DA57EA58FA598A90F94FA1846
:1052C0004B015C01C701B6010F94A2139B01AC0115
:1052D000C501B4010F949E1387FF06C0C501B40138
:1052E0000F9467196B017C018BA19CA1ADA1BEA19C
:1052F000892B8A2B8B2BB9F16091770570917805FA
:105300008091790590917A056C157D058E059F0534
:1053100050F50F94A2132BA93CA94DA95EA90F9497
:1053200003144B015C016BA17CA18DA19EA10F9484
:10533000A2139B01AC01C501B4010F94FA184B01F3
:105340005C01C701B6010F94A2139B01AC01C5011A
:10535000B4010F949E1387FF06C0C501B4010F94DA
:1053600067196B017C012FA138A549A55AA5232BEC
:10537000242B252BB9F160917B0570917C058091E0
:105380007D0590917E056C157D058E059F0550F578
:105390000F94A2132BA93CA94DA95EA90F94031445
:1053A0004B015C016FA178A589A59AA50F94A21362
:1053B0009B01AC01C501B4010F94FA184B015C01CB
:1053C000C701B6010F94A2139B01AC01C501B40142
:1053D0000F949E1387FF06C0C501B4010F9467198F
:1053E0006B017C01411451046104710409F405CC82
:1053F00060917F0570918005809181059091820573
:105400006C157D058E059F0508F0F7CB0F94A21350
:105410002BA93CA94DA95EA90F9403144B015C0173
:10542000C301B2010F94A2139B01AC01C501B401E9
:105430000F94FA184B015C01C701B6010F94A21337
:105440009B01AC01C501B4010F949E1387FFD5CB1E
:10545000C501B4019CC4A7019601C501B4010F9414
:10546000FA189B01AC016BA17FA18DA59BA90F949C
:1054700003146BA37FA38DA79BAB11E074CC20E03A
:1054800030E040E85FE36A962CAF3DAF4EAF5FAFD0
:105490006A97A7CCF7FAF094F7F8F094A701960171
:1054A000C501B4010F94441A18160CF001CD750112
:1054B0006401FECCC701B6010F949E1387FD09C09D
:1054C00020E030E0A901C501B4010F94441A181678
:1054D0002CF4A5019401C701B601E6CCB7FAB0944B
:1054E000B7F8B094A5019401C701B6010F949E13BB
:1054F00087FFDECCDCCF2BA03FA00DA51BA93DCDA7
:105500008FE011CE1FE01ACECBA4DCA4121509F453
:105510001DCE812E912C4CE4489DF001499DF00D4B
:105520001124E855F84F808183FDB5C0FCA7EBA797
:105530003097C9F0B1840285A384348445805680B5
:1055400067807084A30192016B2D702F8A2D932D9B
:105550000F949E13811116C0C114D10421F0F601DD
:10556000808180FD13C0112309F498C01150822D51
:1055700020900510281641F2811709F4E7CD0E940A
:105580008730F6CFC114D10409F45FC0D601159657
:10559000CD90DD90ED90FC9018972CE4289DF001C3
:1055A000299DF00D1124E855F84F808181FD2AC016
:1055B000618972898389948990589B01AC010F9409
:1055C0001E18ABA5BCA51D962D913D914D915C91EA
:1055D00050970F9403149B01AC01C701B6010F94BF
:1055E0001D186B0189AB9BA39B01AC016B2D702F28
:1055F0008A2D932D0F949E1387FD04C0BC2C0D2D76
:10560000A9A83BA02B2D302F4A2D532DC301B20149
:105610000F949E13882309F4A6CFBCE4B89DC00163
:10562000B99D900D1124FC01E855F84F6F01808160
:10563000816080838BA59CA50E944285882309F107
:10564000D6018C918E7F8C938ECF6E96EEADFFAD92
:105650006E97C084D184E284F3842BE037ED43E27B
:105660005BE3C701B6010F94441A18160CF495CFEA
:105670002BE0C22E27EDD22E23E2E22E2BE3F22ED8
:105680008CCF8B2D902FAA2DB32DF6018583968379
:10569000A783B08768CFDCA6CBA665CF1FE067CF16
:1056A000D8011596CD92DD92ED92FC92189720923A
:1056B0000510B7CDFCA6EBA6C9CDD0900710C090C1
:1056C00006102CE4DC1409F479C08FEF8C0DC110A6
:1056D00001C08FE0289FF0011124E855F84F908118
:1056E00093FD6AC0A12CB12C812C912C10E000E01C
:1056F000DC1409F46AC0BCE4DB9EC0011124FC0187
:10570000E855F84F7F01808183FD5AC0658176811D
:10571000878190850F94D51A3B018BA799AB011512
:10572000110509F440C0D7018C9180FF04C0F80135
:10573000808181608083D8018C9180FF34C0C80152
:105740000E94428581112BC0F80121813281438161
:10575000548160E070E080E89FE30F94FA181B0129
:105760002C01AC019B01B3018BA599A90F940314E3
:1057700069837A838B839C839501A401C201B10163
:105780000F940314698B7A8B8B8B9C8BAE014F5FCC
:105790005F4FBE016F5E7F4FC8010E945F88D801D6
:1057A0008C918E7F8C938D2D0E948730D82E530143
:1057B0008BA499A887019CCFC82E84CFCD2C92CFE3
:1057C00035018BA699AA7801EECF0115110509F4D0
:1057D00051C06E96EEADFFAD6E9760857185828586
:1057E00093850F94D51A6B017C012DEC3CEC4CE4B5
:1057F0005DE30F94441A181644F08DECC82E8CEC1F
:10580000D82E8CE4E82E8DE3F82ED8018C9181609F
:105810008C93C8010E944285811128C0F801218122
:1058200032814381548160E070E080E89FE30F940F
:10583000FA182B013C01A70196010F940314698308
:105840007A838B839C83A3019201B501C4010F94D9
:105850000314698B7A8B8B8B9C8BAE014F5F5F4FF0
:10586000BE016F5E7F4FC8010E945F88D8018C9196
:105870008E7F8C930E94ED9E81E0C659DF4F0FB65C
:10588000F894DEBF0FBECDBFDF91CF911F910F9176
:10589000FF90EF90DF90CF90BF90AF909F908F9050
:1058A0007F906F905F904F903F902F90089580E091
:1058B000E4CFE0904A07F0904B0700914C0710911D
:1058C0004D079701A801632D7FAD29968FAD2997CC
:1058D00024969FAD24970F949E1387FD08C0E32C58
:1058E000FFAC29960FAD299724961FAD24978CE421
:1058F000ABA5BCA58A9FF0018B9FF00D1124E85544
:10590000F84F258536854785508960E070E080E84E
:105910009FE30F94FA1823966CAF7DAF8EAF9FAFC5
:1059200023979701A8010F9403146B017C019091B8
:10593000041080910610891708F484C8891B2496E6
:105940008FAF2497A701960160E074E284E799E4A1
:105950000F94FA180F944F1A4B015C0124968FADE7
:10596000249782508630B0F5609116077091170722
:105970008091180790911907681979098A099B097C
:1059800016161706180619062CF5660F771F881FBE
:10599000991F2496BFAD24972B2F30E050E040E0B4
:1059A0000F949A17CA01B9010F94A4130F946219A6
:1059B000860E971EA81EB91EC501B4010F94A4132C
:1059C0009B01AC0160E074E284E799E40F94FA185B
:1059D0006B017C010E94E09E4091830550918405FB
:1059E0006091850570918605480D591D6A1D7B1DC6
:1059F00040938305509384056093850570938605D5
:105A00009CE42BA53CA5929FF001939FF00D1124DF
:105A1000E051F84F80829182A282B38281110E946C
:105A2000ED9E8CE44BA55CA5849F8001859F100DA5
:105A300011240855184FD8011D962D913D914D9177
:105A40005C915097C701B6010F9403142E966CAF6A
:105A50007DAF8EAF9FAF2E97F801618372838383F2
:105A6000948325A136A147A150A52DA73EA74FA7F6
:105A700058ABCA01B9010F94A2136BAB7CAB8DABD1
:105A80009EAB9B01AC01C701B6010F9403140F94A8
:105A9000E4180F94671966966CAF7DAF8EAF9FAF19
:105AA0006697F80167AB70AF81AF92AF9E012F5E32
:105AB0003F4F3CAF2BAFAE014F5F5F4F2A965FAFBA
:105AC0004EAF2A978AE297E068969FAF8EAF6897AD
:105AD000DE015D96BAA3A9A36C965FAF4EAF6C973B
:105AE000312C212CB0E8BBA3EFE3EFA3ABADBCADF1
:105AF0002D913D914D915D91BCAFABAFC701B6010A
:105B00000F9403144B015C016C96EEADFFAD6C97E6
:105B100081929192A192B1926C96FFAFEEAF6C9789
:105B200020E030E0A9010F94441A87FF04C0B7FABF
:105B3000B094B7F8B0946896AEADBFAD68974D908D
:105B40005D906D907D906896BFAFAEAF6897A501F0
:105B50009401C301B2010F949E1387FF14C0A501E5
:105B60009401C301B2010F94FA185B018C01232D3B
:105B7000322D4BA15FA10F949E1387FF04C03A2CD6
:105B80002B2C0BA31FA3E9A1FAA12BAD3CADE2176F
:105B9000F30709F0ABCFA70196016FA978AD89ADE6
:105BA0009AAD0F9403146B017C01CD86DE86EF86DF
:105BB000F88A20E030E0A9010F94441A4601570109
:105BC00087FF04C0B7FAB094B7F8B0944090360796
:105BD000509037076090380770903907A5019401FD
:105BE000C301B2010F949E1387FF14C0A501940155
:105BF000C301B2010F94FA185B018C01232D322DE1
:105C00004BA15FA10F949E1387FF04C03A2C2B2C4D
:105C10000BA31FA320E030E040E85FE3632D722D6B
:105C20008BA19FA10F949E1387FF68C0232D322D57
:105C30004BA15FA169817A818B819C810F940314B0
:105C400069837A838B839C83232D322D4BA15FA1A3
:105C50006D817E818F8198850F9403146D837E837F
:105C60008F839887232D322D4BA15FA169857A857B
:105C70008B859C850F94031469877A878B879C8713
:105C8000232D322D4BA15FA1C701B6010F94031440
:105C90006D877E878F87988B8CE44BA55CA5849F4E
:105CA0008001859F100D11240855184F66966CAD24
:105CB0007DAD8EAD9FAD66970F94A213232D322D2F
:105CC0004BA15FA10F9403140F946719D801D796C5
:105CD0006D937D938D939C93DA97232D322D4BA159
:105CE0005FA12E966CAD7DAD8EAD9FAD2E970F94BE
:105CF0000314F80161837283838394832BA93CA9E5
:105D00004DA95EA923966CAD7DAD8EAD9FAD239759
:105D10000F9403146FAB78AF89AF9AAF8CE42BA5C7
:105D20003CA5829FF001839FF00D1124E855F84FA8
:105D300085889688A788B08C81149104A104B10449
:105D400011F00C9424A5818D928DA38DB48D892B97
:105D50008A2B8B2B11F00C9424A5858D968DA78D05
:105D6000B0A1892B8A2B8B2B11F00C9424A52091A8
:105D70003E0730913F0740914007509141076FA97E
:105D800078AD89AD9AAD0F9403140F94E4180F9475
:105D900067196B017C010C94FDA5CF93DF93CDB700
:105DA000DEB760970FB6F894DEBF0FBECDBFFC0123
:105DB00090E1DE01119601900D929A95E1F78091A4
:105DC000030790910407892B69F4CE0101960E9484
:105DD0002FA160960FB6F894DEBF0FBECDBFDF9146
:105DE000CF91089580E0F5CFCF93DF93CDB7DEB7A5
:105DF0002C970FB6F894DEBF0FBECDBF19821A8262
:105E00001B821C821D821E821F82188619861A869A
:105E10001B861C869E012F5F3F4F40918507BC016A
:105E20008DE792E0BADF2C960FB6F894DEBF0FBE76
:105E3000CDBFDF91CF9108950E94E09E109283051F
:105E400010928405109285051092860581110C949C
:105E5000ED9E0895CF93DF939091071080910610E7
:105E6000891788F0891B09F44CC09091031099237D
:105E700071F0833050F48FEF890F39F08093031065
:105E8000D0E0C0E03AC0805FEDCF10920310C09127
:105E900007108CE4C89FE0011124C855D84F8881B1
:105EA00080FDEECF8091830590918405A0918505BA
:105EB000B0918605FE01E85BFF4F40815181628110
:105EC0007381841B950BA60BB70B8093830590936E
:105ED0008405A0938505B0938605809107100E94E4
:105EE00087308093041090910710809105109813CB
:105EF00004C08091041080930510CE01DF91CF91F2
:105F000008959ADFBDCF2F923F924F925F926F928A
:105F10007F928F929F92AF92BF92CF92DF92EF9239
:105F2000FF920F931F93CF93DF9300D0CDB7DEB7CF
:105F30008FEF9FEF90938900809388000AE0098398
:105F4000312C212C78948091880690918906A0911B
:105F50008A06B0918B06892B8A2B8B2B09F0FEC108
:105F600080918E068823D1F080918C0690918D06C9
:105F700010928E06892B91F010928D0610928C064D
:105F800010927F069091061080910710981731F0BB
:105F9000809107100E9487308093071080918C06B3
:105FA00090918D06892B09F4D9C1409184065091B6
:105FB0008506609186067091870680918006909193
:105FC0008106A0918206B0918306481759076A0797
:105FD0007B0708F0C3C10091DF0610E030E020E04D
:105FE000841B950BA60BB70B081719072A073B074D
:105FF00010F4D901C8018A83840F951FA61FB71F0B
:106000008093840690938506A0938606B0938706B6
:10601000C0904B06D0904C06E0904D06F0904E0696
:1060200080915B0690915C06A0915D06B0915E0642
:10603000C80ED91EEA1EFB1EC0925B06D0925C06FB
:10604000E0925D06F0925E06F7FC18C0809147066C
:1060500090914806A0914906B0914A06A701960181
:10606000281B390B4A0B5B0BDA01C90180935B06D5
:1060700090935C06A0935D06B0935E0600914F0678
:1060800010915006209151063091520680915F0682
:1060900090916006A0916106B0916206080F191FE9
:1060A0002A1F3B1F00935F06109360062093610632
:1060B0003093620637FD18C08091470690914806DC
:1060C000A0914906B0914A06B901A801481B590B95
:1060D0006A0B7B0BDB01CA0180935F06909360061D
:1060E000A0936106B0936206409153065091540606
:1060F00060915506709156068091630690916406F2
:10610000A0916506B0916606480F591F6A1F7B1F54
:106110004093630650936406609365067093660629
:1061200077FD18C08091470690914806A0914906D6
:10613000B0914A062A013B01481A590A6A0A7B0AA9
:10614000D301C2018093630690936406A093650611
:10615000B09366068090570690905806A090590616
:10616000B0905A068091670690916806A0916906E2
:10617000B0916A06880D991DAA1DBB1D8093670604
:1061800090936806A0936906B0936A06B7FD18C09D
:106190008090470690904806A0904906B0904A0625
:1061A0002C013D01481859086A087B085301420137
:1061B0008092670690926806A0926906B0926A067D
:1061C000F7FC27C040904206042C000C55086608D6
:1061D000770880908F0690909006A0909106B090DE
:1061E0009206840C951CA61CB71C80928F06909278
:1061F0009006A0929106B0929206E091B105EE232E
:1062000009F467C0E0910201E095E170E0930001BC
:10621000179A37FD1CC040904306042C000C55080B
:10622000660877088090930690909406A090950653
:10623000B0909606840C951CA61CB71C8092930601
:1062400090929406A0929506B0929606889A77FD51
:106250001CC040904406042C000C550866087708C2
:106260008090970690909806A0909906B0909A0614
:10627000840C951CA61CB71C8092970690929806D9
:10628000A0929906B0929A068B9AB7FD32C04090C0
:106290004506042C000C55086608770880909B067C
:1062A00090909C06A0909D06B0909E06840C951C34
:1062B000A61CB71C80929B0690929C06A0929D06FD
:1062C000B0929E06E091B105EE2371F0119A149AF6
:1062D00010C0E0912702E1119BCFE0910201E0950F
:1062E000E170E093000195CFE0914606E111EFCF18
:1062F000119AE0918400F0918500E0918400F09182
:106300008500F7FC0AC0E091B105EE2399F0E09119
:106310000201E170E0930001179837FF889877FF3A
:106320008B98B7FD16C08091B105882369F011984C
:1063300014980FC0E0912702E111EECFE091020125
:10634000E170E0930001E9CF809146068111F0CF22
:1063500011980A8101500A8301115ACE8091880652
:1063600090918906A0918A06B0918B06892B8A2B81
:106370008B2B09F068C1E0918C06F0918D06309767
:1063800009F4DDC28091840690918506A09186066D
:10639000B0918706409180065091810660918206F7
:1063A0007091830684179507A607B70708F496C16E
:1063B00010928D0610928C0610927F069091061016
:1063C00080910710981709F4BAC2809107100E94B3
:1063D00087308093071030EDC32E37E0D32EE12CA9
:1063E000F12C80918C0690918D06892B09F023C1A8
:1063F00031DD90938D0680938C06892B09F41BC1A7
:1064000060908C0670908D067B826A82D3018C919D
:1064100083FD78C255968D909D90AD90BC90589715
:1064200081E081149104A104B10409F480E0EA81BF
:10643000FB81C18CD28CE38CF48CC114D104E104B7
:10644000F10409F078C2AA81BB815D964D915D91FE
:106450006D917C919097411551056105710509F089
:10646000846080937F0610926B0610926C061092E7
:106470006D0610926E0610927706109278061092B2
:10648000790610927A06EA81FB8185A196A1A7A1DF
:10649000B0A58093800690938106A0938206B09366
:1064A0008306442455243201481A590A6A0A7B0A91
:1064B00040925B0650925C0660925D0670925E06AA
:1064C00040925F065092600660926106709262068A
:1064D000409263065092640660926506709266066A
:1064E00040926706509268066092690670926A064A
:1064F00041A052A063A074A0440C551C661C771CDC
:10650000880C991CAA1CBB1C80924B0690924C06CE
:10651000A0924D06B0924E06CC0CDD1CEE1CFF1C6A
:10652000C0924F06D0925006E0925106F092520669
:10653000440F551F661F771F409353065093540610
:10654000609355067093560640925706509258062F
:106550006092590670925A06880F991FAA1FBB1F96
:106560008093470690934806A0934906B0934A0645
:106570001092840610928506109286061092870665
:1065800082A593A5A4A5B5A580937B0690937C06D0
:10659000A0937D06B0937E0686A597A5A0A9B1A974
:1065A00080936F0690937006A0937106B093720665
:1065B00081A5809346068093270286A98093CE0604
:1065C0000E946E998091CC0681110E94FA9E44240B
:1065D0004A94542C3201409228025092290260922F
:1065E0002A0270922B02AA81BB81DB966D917D916C
:1065F0008D919C91DE9760937306709374068093DF
:106600007506909376060E94CDE76B017C01809120
:10661000770690917806A0917906B0917A068C0D54
:106620009D1DAE1DBF1D8093770690937806A093A5
:106630007906B0937A06C0928806D0928906E092D5
:106640008A06F0928B068091880690918906A09127
:106650008A06B0918B06AC01BD010097E1E0AE0760
:10666000B10520F04FEF5FEF60E070E0841B950B09
:10667000A60BB70B8093880690938906A0938A0691
:10668000B0938B06F8948091840090918500409699
:10669000098101500983002309F44FC1240E351EDE
:1066A0002816390608F44ECC3092890020928800D2
:1066B0000F900F900F90DF91CF911F910F91FF904E
:1066C000EF90DF90CF90BF90AF909F908F907F9092
:1066D0006F905F904F903F902F90089540917B0670
:1066E00050917C0660917D0670917E06481759078F
:1066F0006A077B0708F46FC080917706909178064F
:10670000A0917906B0917A0642A953A964A975A906
:106710004424859F112D969F9001A69F300DA59F23
:10672000200D311D869F100D211D341D959F100DCC
:10673000211D341DA49F100D211D341D949F110D8A
:10674000241D341D789F110F201D311D799F300DA0
:10675000112483AD94ADA5ADB6AD820F931FA11DDD
:10676000B11D8093730690937406A0937506B09341
:10677000760647A950AD61AD72AD481759076A0753
:106780007B0740F44093730650937406609375063C
:106790007093760660917306709174068091750609
:1067A000909176060E94CDE76B017C01809177067F
:1067B00090917806A0917906B0917A068C0D9D1D76
:1067C000AE1DBF1D8093770690937806A09379063F
:1067D000B0937A0606CE40916F0650917006609194
:1067E000710670917206481759076A077B0708F00F
:1067F00068C080916B0690916C06A0916D06B09177
:106800006E0642A953A964A975A95524859F112D27
:10681000969F9001A69F300DA59F200D311D869F4C
:10682000100D211D351D959F100D211D351DA49F97
:10683000100D211D351D949F110D251D351D789FAF
:10684000110F201D311D799F300D1124A90170E019
:1068500060E08091730690917406A0917506B091E6
:106860007606FF96008111812281338148175907EE
:106870006A077B0758F4841B950BA60BB70B081708
:1068800019072A073B0710F48C019D01C901B801C3
:106890000E94CDE76B017C0180916B0690916C06A4
:1068A000A0916D06B0916E068C0D9D1DAE1DBF1D95
:1068B00080936B0690936C06A0936D06B0936E0662
:1068C00090CD8091280290912902A0912A02B09146
:1068D0002B02B7FF0EC067A970AD81AD92AD0E94CB
:1068E000CDE7609328027093290280932A02909347
:1068F0002B02C0902802D0902902E0902A02F0904A
:106900002B026FCD8A819B8145960E94398510921A
:106910008D0610928C0610927F0690910610809141
:106920000710981709F464CD809107100E948730F2
:10693000809307105DCD826086CD1C01B5CE80EDC1
:10694000C82E87E0D82EE12CF12C52CDFC012081FD
:106950003181428153816091260770912707809190
:106960002807909129070F9403140F944F1A6093EE
:1069700028107093291080932A1090932B109091D7
:1069800006108091071098130D94F9040E94C09E80
:106990000E94E09E409128105091291060912A1089
:1069A00070912B1040939B0650939C0660939D061C
:1069B00070939E0681110C94ED9E08954F925F9204
:1069C0006F927F928F929F92AF92BF92CF92DF92FF
:1069D000EF92FF92CF93DF93EC0120912607309145
:1069E000270740912807509129076C857D858E8562
:1069F0009F850F9403140F944F1A6B017C01209113
:106A0000220730912307409124075091250768857C
:106A100079858A859B850F9403140F944F1A4B0137
:106A20005C0120911E0730911F0740912007509173
:106A300021076C817D818E819F810F9403140F94B7
:106A40004F1A2B013C0120911A0730911B074091EE
:106A50001C0750911D07688179818A819B810F9461
:106A600003140F944F1A60931C1070931D108093A1
:106A70001E1090931F10409220105092211060928F
:106A80002210709223108092241090922510A092D0
:106A90002610B0922710C0922810D0922910E092B0
:106AA0002A10F0922B1090910610809107109817E1
:106AB00081F0DF91CF91FF90EF90DF90CF90BF906A
:106AC000AF909F908F907F906F905F904F900D94BC
:106AD000F9040E94C09E0E94E09EC82F8CE190E1C4
:106AE0000E943985CC2381F0DF91CF91FF90EF9008
:106AF000DF90CF90BF90AF909F908F907F906F90DE
:106B00005F904F900C94ED9EDF91CF91FF90EF90AE
:106B1000DF90CF90BF90AF909F908F907F906F90BD
:106B20005F904F900895CF93DF93CDB7DEB7609716
:106B30000FB6F894DEBF0FBECDBFFC0190E1DE01C1
:106B4000119601900D929A95E1F7CE01019636DFEC
:106B500060960FB6F894DEBF0FBECDBFDF91CF9128
:106B600008950F931F93CF93DF930AE117E0C5E2D7
:106B7000D6E0F80121913191419151918F0160E06E
:106B800070E080E89FE30F94FA18699379938993F2
:106B90009993F6E0C533DF0761F78DE792E0C3DF35
:106BA000DF91CF911F910F910C94729ECF92DF9243
:106BB000EF92FF92CF93DF93C82F0E94E09E94E064
:106BC000C99FE0011124FE01E157F94FC080D18037
:106BD000E280F38081110E94ED9ECB5DD94FC70109
:106BE000B6010F94A413288139814A815B810F94E7
:106BF0000314DF91CF91FF90EF90DF90CF90089535
:106C00000E949BED8DE00E94095C8AE00C94095C77
:106C1000CF93DF9324E0829FC0011124EC01C8527E
:106C2000D14FFC01E153F94F815A9A4FDC012D916C
:106C30003D914D915C9160817181828193810F942E
:106C40001E18688379838A839B83DF91CF9108958F
:106C5000CF92DF92EF92FF92282F30E041E050E098
:106C6000082E01C0440F0A94EAF79091CD06942BA8
:106C70009093CD069091B706492B4093B7068111AA
:106C800035C090918507913061F0409151024230BA
:106C900069F5C12CD12C30E4E32E32ECF32E99238C
:106CA000C1F0C0905A07D0905B07E0905C07F0906D
:106CB0005D0720E030E0A901C701B6010F94441A36
:106CC00018163CF0C12C20E8D22E23EBE22E23E450
:106CD000F22EC0927D02D0927E02E0927F02F0926C
:106CE0008002FF90EF90DF90CF900895220F331F26
:106CF000220F331FF901E55BF24D459155916591E6
:106D00007491F901E358FD4F40835183628373838B
:106D1000215A3A4FF9011082118212821382FF9098
:106D2000EF90DF90CF9074CFCF93DF931F92CDB7CA
:106D3000DEB7898360E0CE0101960E94D98561E0CB
:106D4000CE0101960E94D98562E0CE0101960E9493
:106D5000D98589810F90DF91CF9108950F931F936B
:106D60001092990710929A0710929B0710929C0715
:106D700080931A06882381F1809185029091860282
:106D8000A0918702B09188024091810250918202C5
:106D9000609183027091840200917D0210917E02C5
:106DA00020917F023091800200930E0610930F060F
:106DB0002093100630931106409312065093130649
:106DC0006093140670931506809316069093170629
:106DD000A0931806B09319061F910F9108958F92F2
:106DE0009F92AF92BF92CF92DF92EF92FF92CF939A
:106DF000DF9320915202222309F48EC0EC0180918E
:106E0000B706E82E80FF2CC0809054029090550267
:106E1000A0905602B0905702288139814A815B8147
:106E2000C501B4010F94441A181624F4888299827B
:106E3000AA82BB828090600290906102A090620260
:106E4000B0906302288139814A815B81C501B40118
:106E50000F949E1387FF04C088829982AA82BB8206
:106E6000E1FE2CC08090580290905902A0905A02E6
:106E7000B0905B022C813D814E815F81C501B401E0
:106E80000F94441A181624F48C829D82AE82BF821D
:106E90008090640290906502A0906602B0906702B4
:106EA0002C813D814E815F81C501B4010F949E13F9
:106EB00087FF04C08C829D82AE82BF82E2FE2CC01E
:106EC000C0905C02D0905D02E0905E02F0905F02A4
:106ED000288539854A855B85C701B6010F94441A18
:106EE000181624F4C886D986EA86FB86C090680204
:106EF000D0906902E0906A02F0906B022885398593
:106F00004A855B85C701B6010F949E1387FF04C0B5
:106F1000C886D986EA86FB86DF91CF91FF90EF90F5
:106F2000DF90CF90BF90AF909F908F9008958F92F9
:106F30009F92AF92BF92CF92DF92EF92FF920F9308
:106F40001F93CF93DF9300D000D01F921F92CDB735
:106F5000DEB77C016B018A01F90180809180A280FB
:106F6000B38020E030E0A901B401C5010F949E1365
:106F7000882309F492C0582D492D3A2D2B2D852FA9
:106F8000942FA32FB22F89839A83AB83BC8320E0F5
:106F900030E0A901B401C5010F949E13811106C010
:106FA000812C912C80E2A82E91E4B92EC401D50148
:106FB0008D839E83AF83B887F80180809180A28003
:106FC000B380A50194016091850270918602809141
:106FD0008702909188020F949E1387FF0CC08092C5
:106FE000850290928602A0928702B0928802CE011A
:106FF00005960E94F4AEF60180819181A281B38151
:10700000F701408151816281738140937D025093E9
:107010007E0260937F02709380028093810290933E
:107020008202A0938302B0938402CE0101960E9453
:10703000F4AEF801C080D180E280F380A701960110
:1070400060918502709186028091870290918802FA
:107050000F94441A181664F4C0928502D0928602E6
:10706000E0928702F0928802CE0105960E94F4AE6B
:107070000E94C09E28960FB6F894DEBF0FBECDBF0B
:10708000DF91CF911F910F91FF90EF90DF90CF9004
:10709000BF90AF909F908F90089550E040E035E012
:1070A00023E46DCFCF93DF9300D000D01F921F92C7
:1070B000CDB7DEB7AC019B0198E0EDE7F2E0DE0171
:1070C000119601900D929A95E1F7BE016B5F7F4F8B
:1070D000CE0101962CDF28960FB6F894DEBF0FBEC6
:1070E000CDBFDF91CF9108958DE792E01CCD3F9207
:1070F0004F925F926F927F928F929F92AF92BF92C8
:10710000CF92DF92EF92FF920F931F93CF93DF9373
:10711000CDB7DEB72C970FB6F894DEBF0FBECDBF4C
:10712000182F062F0E94C09E112309F18091510251
:107130008230DCF0812F0E9432902C960FB6F894AA
:10714000DEBF0FBECDBFDF91CF911F910F91FF909A
:10715000EF90DF90CF90BF90AF909F908F907F90F7
:107160006F905F904F903F900895123018F7011183
:107170002FC08091B7068770873009F450C0E09027
:10718000850701E01E1509F4BBC180E1EDE7F2E0DF
:10719000A9E8B7E001900D928A95E1F7409033029B
:1071A00050903402609035027090360280E090E09A
:1071B000A5E0B3E48093330290933402A0933502A8
:1071C000B0933602612F80E00E943FE3312C9CC0D7
:1071D000E0908507D7CF80912F0290913002A09147
:1071E0003102B091320280937D0290937E02A0938F
:1071F0007F02B09380028091890790918A07A091C5
:107200008B07B0918C0780932F0290933002A0934C
:107210003102B093320205C181E0A0DD02C10E94BB
:107220005E52E090850780915102882309F4AACF2D
:107230001E1509F465C180E1EDE7F2E0A9E8B7E0C9
:1072400001900D928A95E1F74090330250903402FC
:10725000609035027090360280E090E0A5E0B3E4E3
:107260008093330290933402A0933502B093360298
:10727000612F80E00E943FE32091DC053091DD0525
:107280004091DE055091DF05609185027091860284
:1072900080918702909188020F941E186093850256
:1072A0007093860280938702909388028090680290
:1072B00090906902A0906A02B0906B02A5019401BF
:1072C0000F94441A181644F4809285029092860214
:1072D000A0928702B092880220E030E040E05FE3B5
:1072E0006091320770913307809134079091350790
:1072F0000F94031469837A838B839C83CE01019658
:107300000E94F4AE332433948CE0819F90011124C9
:10731000A901425B584F6A018E9D70011124C7017B
:10732000825B984F7C01FC01248135814681578125
:10733000F60164817581868197810F941D18698794
:107340007A878B879C87F701208531854285538515
:10735000F60160857185828593850F941D184B0118
:107360005C0180918507C12CD12C90E4E92E92EC30
:10737000F92E8823C1F0C0905A07D0905B07E090A7
:107380005C07F0905D0720E030E0A901C701B6017D
:107390000F94441A18163CF0C12C80E8D82E83EBC9
:1073A000E82E83E4F82E80915102813071F58091AE
:1073B000A707833050F1011128C08091990790915F
:1073C0009A07A0919B07B0919C07892B8A2B8B2B46
:1073D00071F4A701960160917D0270917E02809107
:1073E0007F02909180020F949E13882371F0C092C7
:1073F0007D02D0927E02E0927F02F09280028AE2C9
:1074000097E00E94F4AE0E94C09E1093850780E032
:107410001FDC80915102882309F4DDCE813009F40C
:10742000FBCE0E946E9920E030E0A90160917D02C0
:1074300070917E0280917F02909180020F941E18BD
:1074400060937D0270937E0280937F02909380020E
:1074500029853A854B855C85609181027091820215
:1074600080918302909184020F941E186093810290
:10747000709382028093830290938402A501940109
:1074800060918502709186028091870290918802B6
:107490000F941E1860938502709386028093870272
:1074A0009093880221DE011123C08091A7078330C9
:1074B000F8F089E897E093DC3320C1F088E0E9E850
:1074C000F7E0DE01119601900D928A95E1F72AE22C
:1074D00037E045E852E0BE016B5F7F4FCE01019679
:1074E00026DD62E377E081E997E0DCDD80E036DCF1
:1074F000409233025092340260923502709236020A
:107500000E94C09E109185078CE791E30E94105C59
:10751000812F0E942C908AE00E94095C0ECE4F922F
:107520005F926F927F928F929F92AF92BF92DF9203
:10753000EF92FF920F931F93CF93DF93D82EC82F14
:10754000D0E0811109C08091850761E070E0811170
:107550000AC06FEF7FEF07C0FE01E253FF4B64915B
:10756000062E000C770B072E000C880B990B0F943E
:10757000A4132B013C017E01EE0CFF1CEE0CFF1C42
:10758000F701E857F24D2591359145915491C3018A
:10759000B2010F9403144B015C01F701E458F24D62
:1075A000659175918591949120E030E040EC5FE326
:1075B0000F940314A30192010F940314AB01BC01B7
:1075C00000E010E098018D2D0E94F8E320E030E00B
:1075D000A901C501B4010F949E13882309F446C084
:1075E000B501A401705800E010E098018D2D0E94B3
:1075F000F8E3A5019401C501B4010F941E184B01D5
:107600005C01C758D24DFE01C491C11107C00E9450
:10761000D35E87E59DE20E94105CCAE0DD2039F070
:10762000F1E060E070E086E194E4DF1204C060E025
:1076300070EA8CE895E420E030E040E752E40F94F3
:10764000FA182B013C016C2F70E090E080E00F9461
:10765000A2139B01AC01C301B2010F94FA188B0174
:107660009C01B501A4018D2D0E94F8E38D2DF0DA67
:107670003BDDD701A757B84FF701E358FD4F4081D5
:107680005181628173814D935D936D937C931397C8
:10769000DF91CF911F910F91FF90EF90DF90BF90FE
:1076A000AF909F908F907F906F905F904F900895D4
:1076B0008F929F92AF92BF92CF92DF92EF92FF9202
:1076C0000F931F93CF93DF93CDB7DEB7E4970FB639
:1076D000F894DEBF0FBECDBF89E897E080DB8091D4
:1076E000870583FD75C02091890230918A024091FF
:1076F0008B0250918C026091950770919607809152
:107700009707909198070F949E13882309F460C0FF
:10771000809185070E947186182F882331F00E947E
:10772000D35E80E39DE20E94105C2091890230913B
:107730008A0240918B0250918C0260919507709162
:10774000960780919707909198070F941D186B01E9
:107750007C0120E030E0A9010F94441A87FF04C0A7
:10776000F7FAF094F7F8F094E091850724E0E29FAF
:10777000F0011124E15EFD4F20813181428153816E
:10778000C701B6010F94031420E030E048E453E44D
:107790000F94441A1816D4F40E94D35E81E19DE23E
:1077A0000E94105C8091950790919607A091970791
:1077B000B09198078093890290938A02A0938B02DC
:1077C000B0938C0285E997E0C1D802C01111EACFCD
:1077D00080911A06882349F080915102813009F482
:1077E0004AC01CF084300CF456C12AE037ED43E265
:1077F0005CE3609133027091340280913502909184
:1078000036020F9403146B017C0160911902709190
:107810001A02072E000C880B990B0F94A4139B01DE
:10782000AC01C701B6010F940314698B7A8B8B8B63
:107830009C8B19821A821B821C821D821E821F82CF
:10784000188619861A861B861C869E012F5F3F4F5D
:1078500040918507BE016F5E7F4F89E897E00E94E7
:10786000CDAE80E1E9E8F7E0ADE7B2E001900D923E
:107870008A95E1F75BC0C0908902D0908A02E090BF
:107880008B02F0908C028090160690901706A090C4
:107890001806B090190620919507309196074091EF
:1078A000970750919807C701B6010F949E13811155
:1078B00050C08091990790919A07A0919B07B09131
:1078C0009C078F3F9F4FAF4FBF4F09F442C080E1ED
:1078D000E9E8F7E0ADE7B2E001900D928A95E1F7B3
:1078E000C0909107D0909207E0909307F090940792
:1078F000A5019401C701B6010F94441A181644F467
:10790000C0921606D0921706E0921806F092190659
:107910000E9401E968517C4F8F4F9F4F60939907F8
:1079200070939A0780939B0790939C07E4960FB6F9
:10793000F894DEBF0FBECDBFDF91CF911F910F91A5
:10794000FF90EF90DF90CF90BF90AF909F908F907F
:1079500008958091320790913307A0913407B09138
:10796000350789AB9AABABABBCAB80910E0690915F
:107970000F06A0911006B0911106898B9A8BAB8BE4
:10798000BC8B8091120690911306A0911406B091C1
:1079900015068D8B9E8BAF8BB88F898E9A8EAB8E92
:1079A000BC8ECD8EDE8EEF8EF8A219821A821B82DB
:1079B0001C821D821E821F82188619861A861B86CB
:1079C0001C869E012F5F3F4F40918507BE016F5C73
:1079D0007F4FCE0141960E94CDAE882309F456C058
:1079E00080E1EDE7F2E0DE01119601900D928A95BB
:1079F000E1F78091160690911706A0911806B091B4
:107A0000190689879A87AB87BC8719A21AA21BA27D
:107A10001CA21DA21EA21FA218A619A61AA61BA66A
:107A20001CA6A0908507E0902E07F0902F070091EC
:107A300030071091310790902A07B0902B07C09023
:107A40002C07D0902D07292D3B2DA601B701C80189
:107A50000F94441A18161CF4E92CFB2C8601C7015C
:107A6000D8018DA79EA7AFA7B8AB9E012F5D3F4F52
:107A70004A2DBE01635D7F4FCE0101960E94CDAEBF
:107A8000882321F0CE01C1960E94F4AE0E946E9927
:107A900080E064D9AACE809185078111A6CE10928C
:107AA000B1050E946E99C0907D02D0907E02E09058
:107AB0007F02F090800280E1EDE7F2E0DE01519676
:107AC00001900D928A95E1F780912F0290913002FA
:107AD000A0913102B0913202898B9A8BAB8BBC8B17
:107AE000CE01419620D880E1FE017196DE0111960B
:107AF00001900D928A95E1F780915102A7019601BC
:107B0000823071F560914D0270914E0280914F026A
:107B1000909150020F941E1869837A838B839C8303
:107B200019A21AA21BA21CA21DA21EA21FA218A665
:107B300019A61AA61BA61CA69E012F5D3F4F41E069
:107B40006AE277E0CE0101960E94CDAE882309F467
:107B50004CCE0E94C09EC8DA81E08093B10596CFDA
:107B600060E070E883E993E40F941D186B017C01D9
:107B700020E030E843E953E40F949E1387FD07C0EB
:107B8000C12C80E8D82E83E9E82E83E4F82EC98240
:107B9000DA82EB82FC82C4CF4F925F926F927F9227
:107BA0008F929F92AF92BF92CF92DF92EF92FF920D
:107BB0000E94E09EF82E809107108093061080931B
:107BC00005108093041084E6809303100E941CAF7C
:107BD00081ED93E09093040780930307F1100E94D6
:107BE000ED9E81E080938E060E94C09E80E00E9400
:107BF000D6B52B013C0140920206509203066092DA
:107C000004067092050681E00E94D6B54B015C0126
:107C10008092060690920706A0920806B092090686
:107C200082E00E94D6B56B017C01C0920A06D09218
:107C30000B06E0920C06F0920D0683E00E94D6B58A
:107C400040927D0250927E0260927F02709280028A
:107C50008092810290928202A0928302B09284026A
:107C6000C0928502D0928602E0928702F09288024A
:107C70006093890270938A0280938B0290938C02A6
:107C8000FF90EF90DF90CF90BF90AF909F908F903C
:107C90007F906F905F904F9027CACF93DF93CDB7BF
:107CA000DEB72C970FB6F894DEBF0FBECDBF0E9493
:107CB00064E20E94E09E9CE0EFE8F6E0DE011196AF
:107CC00001900D929A95E1F781110E94ED9ECE01EF
:107CD00001960E94FA982C960FB6F894DEBF0FBE5C
:107CE000CDBFDF91CF9108954F925F926F927F92B7
:107CF0008F929F92AF92BF92CF92DF92EF92FF92BC
:107D0000CF93DF9300D01F921F92CDB7DEB7809143
:107D10007D0290917E02A0917F02B09180028983C2
:107D20009A83AB83BC834090810250908202609022
:107D30008302709084028090850290908602A090C9
:107D40008702B0908802C0908902D0908A02E090A9
:107D50008B02F0908C020E94729E0E9442380E9418
:107D600056851D828D810E9408B660E08D810E943B
:107D70003FE39D819F5F9D839330A1F70E94B1B542
:107D800029813A814B815C8160917D0270917E02F4
:107D900080917F02909180020F949E1381112AC0DE
:107DA000A30192016091810270918202809183020D
:107DB000909184020F949E1381111CC0A50194011F
:107DC000609185027091860280918702909188026D
:107DD0000F949E1381110EC0A70196016091890234
:107DE00070918A0280918B0290918C020F949E1365
:107DF0008823A1F00F900F900F900F900F90DF91BC
:107E0000CF91FF90EF90DF90CF90BF90AF909F9079
:107E10008F907F906F905F904F903FCF0F900F901B
:107E20000F900F900F90DF91CF91FF90EF90DF9028
:107E3000CF90BF90AF909F908F907F906F905F900A
:107E40004F9008952F923F924F925F926F927F9240
:107E50008F929F92AF92BF92CF92DF92EF92FF925A
:107E60000F931F93CF93DF93CDB7DEB7C958D109D6
:107E70000FB6F894DEBF0FBECDBF2DB73EB7C857C3
:107E8000DF4F39832883C858D04001E020E436E032
:107E900044E050E0BE0167587F4F8DE396E00E94BA
:107EA000CB5B43E050E0BE0167587F4F86E493E030
:107EB0000F945C1C892B09F44BC0ED968FADED97A8
:107EC000882339F08FE3EA968FAFEA97EB961FAEDF
:107ED000EB970E94D35EBE0167587F4F81E79FE218
:107EE0000E940A6B83E69FE20E94105C11E0809181
:107EF0003F06811107C08091A707833018F080E00A
:107F00000E94719A812FC857DF4F28813981C85844
:107F1000D0400FB6F8943EBF0FBE2DBFC757DF4FFE
:107F20000FB6F894DEBF0FBECDBFDF91CF911F918A
:107F30000F91FF90EF90DF90CF90BF90AF909F9008
:107F40008F907F906F905F904F903F902F9008950B
:107F5000CE018F579F4F0E945887E9961CAE1DAEE9
:107F60001EAE1FAEE9971092410610924006CE0158
:107F700081589F4F0E945887C158DF4F888199814F
:107F8000CF57D0408939924009F037C1CE018B5785
:107F90009F4F0E944B87ADB6BEB6CB57DF4FC88010
:107FA000C558D040D12C83E0C80ED11CCC0CDD1CB0
:107FB000CC0CDD1CEDB7FEB7EC19FD090FB6F8943B
:107FC000FEBF0FBEEDBF2DB73EB72F5F3F4FCA5765
:107FD000DF4F39832883C658D0408DB79EB78C19A0
:107FE0009D090FB6F8949EBF0FBE8DBFEDB7FEB7CB
:107FF00031964F012DB73EB72C193D090FB6F894B5
:108000003EBF0FBE2DBF8DB79EB701967C01B60156
:10801000CA57DF4F88819981C658D0400E94658732
:1080200000913F0681E0082720E436E044E050E07C
:1080300066E177E08DE396E00E94CB5BB601C40178
:108040000E946587B601C7010E94658700913F06BF
:10805000011157C0CB57DF4F8881C558D04090E001
:108060000296A6E0B7E050E040E030E020E06FE5A7
:108070007FE2EFE4CE2EEFE2DE2E821793070CF4C0
:10808000D9C0CA57DF4FE881F981C658D040E40F04
:10809000F51F40805180628073804D925D926D9299
:1080A0007D92821793070CF4CBC0F401E40FF51F07
:1080B000208031801281E3812101612E7E2E509635
:1080C0004D925D926D927C925397821793070CF4B8
:1080D000C0C0F701E40FF51F208031801281E381D9
:1080E0002101612E7E2E90964D925D926D927C9232
:1080F00093972F5F3F4F4C5F5F4F2430310509F05E
:10810000BCCF8AE397E00E94EB868EE397E00E9463
:10811000EB8682E497E00E94EB8686E497E00E947B
:10812000EB868AE497E00E94EB8681E0082720E452
:1081300036E040E150E061EA75E08DE396E00E94B0
:10814000CB5BCE018B589F4F0E94EB860FB6F89405
:10815000BEBE0FBEADBE8FEC96E00E943B878AE5A7
:1081600097E00E943B87CE0183599F4F0E94FB8678
:10817000FE0131967F01CF010E94EB86CE018B5824
:108180009F4F0E94EB86CE018B589F4F0E94EB863B
:10819000CE0183599F4F0E944B87CE0183589F4F3A
:1081A0000E944B87C7010E945887AE960FADAE97CD
:1081B000EE964FADEE9783EC202F2827F0E12F9F0E
:1081C00090011124842790E0982F88279295907F22
:1081D0008227932729813A818217930709F020C2C9
:1081E000049F800111240150110908F43CC0CE0104
:1081F0008B589F4F0E94EB86F6CF0E94D05E89E994
:108200009EE20E94105C0E94D35E60913D067091D8
:108210003E06645671098EEF9EE20E94966969E9F6
:1082200072E086EF9EE20E948A698AE00E94095C01
:1082300012E05DCEFB0145905590659074902DCF76
:10824000F60145905590659074901201162DE72D1A
:1082500033CFEFE3FFE245905590659074901201A3
:10826000162DE72D3DCFC7010E943B871AE0115024
:10827000CE0129F08B589F4F0E94EB86F8CF8D5787
:108280009F4F0E944B87CE018C579F4F0E944B8778
:10829000CE0183589F4F0E945887CD57DF4F88816A
:1082A000C358D04033EC8327E0E18E9FC0011124F6
:1082B000CC57DF4F2881C458D040232730E0322FDD
:1082C00022273295307F82279327EF962EAD3FAD40
:1082D000EF978217930709F0A3C1C7010E942B876C
:1082E000CE0183599F4F0E942B87CD57DF4F0881C6
:1082F000C358D040CC57DF4F8881C458D040089F26
:10830000800111240150110930F0CE018B589F4F8C
:108310000E94EB86F7CFC7010E941B87CE018359CD
:108320009F4F0E94FB86C7010E941B8700913F065A
:1083300081E0082720E436E04CE050E065E975E094
:108340008DE396E00E94CB5B8BEAC82E8FE0D82E9F
:1083500012E07724739400913F06072520E436E06D
:1083600044E150E0B7018DE396E00E94CB5B0091C1
:108370003F06011131C089809A80AB80BC80A50185
:108380009401C501B4010F94161B811125C02984E5
:108390003A844B845C846D817E818F819885F6015F
:1083A00080A291A2A2A2B3A221E732EB47E25EE350
:1083B0000F940314F60164A375A386A397A321E782
:1083C00032EB47E25EE3C201B1010F94FA18F60105
:1083D00060A771A782A793A7FCE2CF0ED11C113032
:1083E00009F002C1012720E436E042E050E0B70185
:1083F0008DE396E00E94CB5BC7010E940B87C7010B
:108400000E940B87C7010E94FB86C7010E94FB8662
:10841000C7010E94FB8685E0F70111928A95E9F772
:1084200000913F06012720E436E045E050E0B70127
:108430008DE396E00E94CB5BC7010E941B870091F1
:108440003F06012720E436E040E250E0B7018DE32B
:1084500096E00E94CB5BCE0183599F4F0E941B8701
:1084600000913F06012720E436E041E150E0B701EA
:108470008DE396E00E94CB5B00913F0601110CC09A
:1084800089818093940588E0FE013296ACE8B5E0DE
:1084900001900D928A95E1F711E0012720E436E082
:1084A00044E150E0B7018DE396E00E94CB5B009180
:1084B0003F06012720E436E048E250E0B7018DE3B3
:1084C00096E00E94CB5B00913F06012720E436E056
:1084D00040E150E0B7018DE396E00E94CB5B009154
:1084E0003F06012720E436E042E050E0B7018DE38B
:1084F00096E00E94CB5BC7010E94EB8600913F068D
:10850000012720E436E040E150E0B7018DE396E03A
:108510000E94CB5B00913F06012720E436E04CE649
:1085200050E0B7018DE396E00E94CB5B00913F06DF
:10853000012720E436E040E150E0B7018DE396E00A
:108540000E94CB5B00913F06012720E436E044E027
:1085500050E06CED75E08DE396E00E94CB5BC701C7
:108560000E943B87CE0183589F4F0E94FB86CE011D
:1085700083599F4F0E94EB8680913D0690913E0665
:108580008D3F924009F039CE20914006309141064E
:10859000CF57DF4F88819981C158D04028173907BC
:1085A00029F580913F06811118C00E94D35E86E4B0
:1085B00093E00E949BED69E972E086E19FE20E94F0
:1085C0008A69609140067091410689E09FE20E94AD
:1085D0008A6986E09FE20E94105C80913F068111CB
:1085E00001C082DB10E083CC11E0B5CE0E94D05EEA
:1085F000CF57DF4F68817981C158D04086EC9EE229
:108600000E948A69609140067091410681EC9EE269
:108610000E948A6981EB9EE20E94105C13E067CCA5
:108620000E94D05E86EE9EE20E94105C14E05FCC59
:1086300084E690E090933E0680933D0610924106BA
:1086400010924006FFCBCF9381E080933F06F0DF8E
:10865000C82F10923F068823D1F0EFEFE80F90E08B
:1086600080E0E43038F4F0E0EE0FFF1FE25CFC4FF6
:108670008081918160E00E94BF2FC093E00620E0DE
:1086800040E070E060E08DE491E50E948D3981E08A
:10869000C11180E0CF91089587EF9CE20E94105CA9
:1086A00086B161EF7CE281700E94A18786B16BEE9A
:1086B0007CE2869581700E94A18786B165EE7CE29E
:1086C00082FB882780F90E94A18786B16FED7CE24A
:1086D000829581700C94A1878091CC06882331F01B
:1086E00062E070E080E090E00C94733808950F939E
:1086F0001F93A6E0B7E090E080E0FC01ED5AF04D5A
:1087000045915591659174914D935D936D937D93D2
:10871000FC01ED5BF04D459155916591749150963A
:108720004D935D936D937C935397FC01ED5CF04DFD
:10873000459155916591749190964D935D936D938C
:108740007C939397049680319105B9F680E29EE47C
:10875000A0E0B0E08093160790931707A093180746
:10876000B093190780E090E0AAEFB4E480933A0751
:1087700090933B07A0933C07B0933D0780E090E8BF
:10878000ABE3B5E480933E0790933F07A093400787
:10879000B09341078093420790934307A093440707
:1087A000B09345071092460710924707109248076A
:1087B0001092490710924A0710924B0710924C07EB
:1087C00010924D0780E090E0A0EAB1E48093A1050B
:1087D0009093A205A093A305B093A4058093A5054B
:1087E0009093A605A093A705B093A8058DEC9CECEB
:1087F000ACECBEE38093A9059093AA05A093AB05CA
:10880000B093AC0580E090E0A0EAB0E48093AD05C1
:108810009093AE05A093AF05B093B0051092CF062C
:108820001092D0061092D1061092D2061092D30662
:108830001092D4061092D5061092D6061092D70642
:108840001092D8061092D9061092DA0610924E07AE
:1088500010924F0710925007109251071092520732
:108860001092530710925407109255071092560712
:1088700010925707109258071092590780E090E025
:10888000A0E0BFE380935E0790935F07A09360072B
:10889000B093610710926207109263071092640709
:1088A0001092650780E090E8A3EBB3E480935A0749
:1088B00090935B07A0935C07B0935D0780E090E026
:1088C000A0E0B0E48093DC059093DD05A093DE0585
:1088D000B093DF058EEB90E090939605809395051D
:1088E0008CE390E0909398058093970580E690E064
:1088F00090939A058093990581EE90E090939C0562
:1089000080939B058AE590E090939E0580939D055A
:108910001092A00510929F050AE919E921EB31E4B4
:108920000093CB0F1093CC0F2093CD0F3093CE0F2D
:1089300041EE5CE165E37EE34093CF0F5093D00FAF
:108940006093D10F7093D20F83E397E0AEE2B4E46B
:108950008093D30F9093D40FA093D50FB093D60FDD
:108960000093F70F1093F80F2093F90F3093FA0F3D
:108970004093FB0F5093FC0F6093FD0F7093FE0F1D
:108980008093FF0F90930010A0930110B0930210FA
:108990001092940580E090E0A0E4B0E480938C0510
:1089A00090938D05A0938E05B0938F0580939005CD
:1089B00090939105A0939205B09393051092CC06E5
:1089C0001092CB0689DE90D90E94D35E80E09EE2B1
:1089D0001F910F910C94136ACF9335DEC82F882313
:1089E00039F026DEC1E08111C0E08C2FCF910895CF
:1089F0007EDEFBCF8091DE06882319F01092DE0622
:108A0000089540E070E060E089EB9CE20C94186A05
:108A10000F931F9380910C0F813019F50E9401E98B
:108A200000913506109136062091370630913806B0
:108A3000601B710B820B930B28EE33E040E050E09B
:108A40000F9478176091390670913A0680913B0631
:108A500090913C06620F731F841F951F1F910F9109
:108A60000895609188057091890580918A0590919B
:108A70008B05D6CFCF92DF92EF92FF92CF93C82F84
:108A800080910C0F8150823008F064C010920C0F5E
:108A90000E9401E9609388057093890580938A0597
:108AA00090938B05C0906607D0906707E0906807A9
:108AB000F0906907ADDFAB01BC01409366075093AE
:108AC0006707609368077093690780916E079091BC
:108AD0006F07A0917007B09171078C199D09AE09BD
:108AE000BF09840F951FA61FB71F80936E07909331
:108AF0006F07A0937007B0937107C1110AC0C1E05E
:108B00000E94229E8C2FCF91FF90EF90DF90CF900C
:108B1000089580916C0790916D07019690936D0771
:108B200080936C0775DFC0907207D0907307E09058
:108B30007407F0907507C616D706E806F906F8F62A
:108B400067DF609372077093730780937407909345
:108B50007507D5CFC0E0D4CF10920C0F1092350618
:108B60001092360610923706109238061092880539
:108B70001092890510928A0510928B051092390681
:108B800010923A0610923B0610923C060895CF933D
:108B9000C0910C0F80E0C13061F1C23061F538DF67
:108BA0006093390670933A0680933B0690933C0697
:108BB00081E080930C0F0E9401E960933506709369
:108BC00036068093370690933806C23089F080913C
:108BD0006A0790916B07019690936B0780936A07E1
:108BE0001092660710926707109268071092690743
:108BF00081E0CF910895B0DFDBCF2091B30F3091AA
:108C0000B40F2C34310574F42091DF0F3091E00F54
:108C10002C3431053CF42091D8053091D90526300B
:108C200031051CF0882339F0B2CF662321F00E9471
:108C3000F05A0C94B9E108959C01EAE0F0E0BF011C
:108C40000F94F617805D80935D052A303105CCF0D6
:108C5000CB01BF010F94F617805D80935C0524362D
:108C6000310594F0C90164E670E00F94F617CB016A
:108C7000BF010F94F617805D80935B058BE595E04F
:108C800008958DE595E008958CE595E008959C01A3
:108C90008436910544F164E670E00F94F617CB0139
:108CA0006AE070E00F94F617805D80935B0580E2C8
:108CB0002A3031055CF0EAE0F0E0C901BF010F9411
:108CC000F617CB01BF010F94F617805D80935C050A
:108CD000C9016AE070E00F94F617805D80935D052E
:108CE0008BE595E0089580E237FFDFCF3195219540
:108CF00031098DE2DACF94E6899F90011124215841
:108D00003F4FC9016FEF70E00F94F617462FE72F22
:108D1000862F91E3643609F090E290935A058A30E9
:108D2000E0F0C90166EF79E00F94F617CB016AE035
:108D300070E00F94F617805D80935B05842F9E2F63
:108D40006AE070E00F94F617805D80935C0585E221
:108D500080935D058AE595E0089580E2EDCF8F92DE
:108D60009F92AF92BF92CF92DF92EF92FF926B01F0
:108D70007C01BA01550F880B990B0F94A4139B012A
:108D8000AC0160E070E080E291E40F947F1A4B0147
:108D90005C0120E030E040E251E4C701B6010F94ED
:108DA0000314A50194010F9403144B015C0120E00E
:108DB00030E0A901C701B6010F949E1320E030E016
:108DC00040EA50E487FF04C020E030E040EA50EC85
:108DD000C501B4010F941E1820E030E040E251E4D8
:108DE0000F94FA180F946219FF90EF90DF90CF90D4
:108DF000BF90AF909F908F9008958F929F92AF9267
:108E0000BF92CF92DF92EF92FF92CF93FC016081ED
:108E100071818281938142E050E0A1DF6B017C018E
:108E20008BE2F7FE09C0F094E094D094C094C11C8A
:108E3000D11CE11CF11C8DE280935705C701B601DE
:108E400020E137E240E050E00F949A178AE0882E44
:108E5000912CA12CB12CCA01B901A50194010F9448
:108E60009A17605D60935805C701B60128EE33E09C
:108E700040E050E00F949A17CA01B901A50194018E
:108E80000F949A17605D60935905C701B60124E6F7
:108E900030E040E050E00F949A17CA01B901A501F3
:108EA00094010F949A17605D60935A058EE2809347
:108EB0005B05C701B601A50194010F949A17C62F4F
:108EC000CA01B901A50194010F949A17605D6093DE
:108ED0005C05C05DC0935D0587E595E0CF91FF908F
:108EE000EF90DF90CF90BF90AF909F908F900895BC
:108EF000CF92DF92EF92FF92FC01C080D180E2809E
:108F0000F38020E030E0A901C701B6010F949E1361
:108F100087FF04C0F7FAF094F7F8F09450E040E0CF
:108F2000C701B6011CDF9B0160E22031F7E23F0779
:108F300030F0C90160E177E20F94E217605D609361
:108F40005905283E83E03807F0F1C90168EE73E067
:108F50000F94E217CB016AE070E00F94E217805D96
:108F600080935A0580E22436310558F0C90164E641
:108F700070E00F94E217CB016AE070E00F94E21703
:108F8000805D80935B0580E22A30310558F0EAE08D
:108F9000F0E0C901BF010F94E217CB01BF010F94AC
:108FA000E217805D80935C05C9016AE070E00F9470
:108FB000E217805D80935D0589E595E0FF90EF9075
:108FC000DF90CF90089580E2CBCFFC01608171816A
:108FD0008281938141E050E0C2DE9B018BE237FF4A
:108FE00005C022273327261B370B8DE280935805B7
:108FF000C90168EE73E00F94F617CB01EAE0F0E0E8
:10900000BF010F94F617805D80935905C90164E68E
:1090100070E00F94F617CB01BF010F94F617805D37
:1090200080935A05C901BF010F94F617282FCB0171
:10903000BF010F94F617805D80935B058EE28093ED
:109040005C05205D20935D0588E595E008951F93FC
:10905000CF93DF9300D01F92CDB7DEB7182F80914A
:10906000530510925305882361F010927F070E94E8
:109070002A3A0F900F900F900F90DF91CF911F9190
:1090800008956091E7067091E8068091E906909155
:10909000EA06611571058105910569F10F94A41324
:1090A000209115023091160240911702509118023A
:1090B0000F9403142091890230918A0240918B020F
:1090C00050918C020F941E186093890270938A024B
:1090D00080938B0290938C02612F83E00E944D302D
:1090E00081E080936D021092E7061092E8061092DC
:1090F000E9061092EA0680916D02882309F4B9CF3F
:109100001093FE06109202071092010710920007BA
:109110001092FF062091E2053091E3054091E405AD
:109120005091E5056091890270918A0280918B02CD
:1091300090918C020F941D1869837A838B839C8392
:10914000CE01019642DFBC0189E29BE20E94CD3450
:1091500090CF81E07CCF80E07ACF8091850777CF78
:10916000CF92DF92EF92FF920F931F93CF93DF93F3
:10917000FC01C080D180E280F38041E050E0C70173
:10918000B601EDDD9B012D593F4F2B34344008F4DF
:1091900057C0C701B6010F9462198B01FB0177FF1D
:1091A0001FC01195019511096D397F4F0CF07CC0DE
:1091B0008DE280935A05C80164E670E00F94F617BB
:1091C000CB012AE030E0B9010F94F617805D80935F
:1091D0005B05C801B9010F94F617CB01B90125C091
:1091E000083E83E018070CF45AC0C80168EE73E02B
:1091F0000F94F617CB01CAE0D0E0BE010F94F6172A
:10920000805D80935A05C80164E670E00F94F617FC
:10921000CB01BE010F94F617805D80935B05C801FA
:10922000BE010F94F617CB01BE010F94F617805DB7
:1092300080935C054FC08DE2F7FDFACF80E2F8CF56
:109240009B0177FF1CC022273327261B370B8DE29B
:1092500080935A05EAE0F0E0C901BF010F94F617C8
:10926000282FCB01BF010F94F617805D80935B051B
:109270008EE280935C05205D20935D0533C080E223
:10928000243631052CF3C90164E670E00F94F6171B
:10929000CB016AE070E00F94F617805DD9CF80E2D1
:1092A000043611050CF085CF80E280935A05809337
:1092B0005B050A3011050CF4BECF8DE2F7FF80E2AA
:1092C00080935B05C8016AE070E00F94F617605D5B
:1092D00060935C05C8016AE070E00F94F617805D4A
:1092E00080935D058AE595E0DF91CF911F910F9105
:1092F000FF90EF90DF90CF9008958F929F92AF9262
:10930000BF92CF92DF92EF92FF920F931F93CF9372
:10931000DF93C82F8091530510925305882381F065
:1093200010927F07DF91CF911F910F91FF90EF90E7
:10933000DF90CF90BF90AF909F908F900C942A3A7F
:109340008B016091E7067091E8068091E9069091A3
:10935000EA06611571058105910571F01092E70625
:109360001092E8061092E9061092EA0621E0209396
:109370006D028C2F0E94483880916D02882309F479
:1093800088C084E0C89FE0011124CB5DD94F609173
:10939000500570915105072E000C880B990B0F9406
:1093A000A413288139814A815B810F94031443E01F
:1093B00050E0D5DC6B017C018BE2F7FE09C0F09434
:1093C000E094D094C094C11CD11CE11CF11C8DE22E
:1093D00080935705C701B60120E137E240E050E035
:1093E0000F949A178AE0882E912CA12CB12CCA01D7
:1093F000B901A50194010F949A17605D6093580517
:10940000C701B60128EE33E040E050E00F949A1710
:10941000CA01B901A50194010F949A17605D609388
:1094200059058EE280935A05C701B60124E630E063
:1094300040E050E00F949A17CA01B901A5019401C8
:109440000F949A17605D60935B05C701B601A50193
:1094500094010F949A17C62FCA01B901A50194016E
:109460000F949A17605D60935C05C05DC0935D05C5
:1094700067E575E0C801DF91CF911F910F91FF90D3
:10948000EF90DF90CF90BF90AF909F908F900C9413
:10949000CD34DF91CF911F910F91FF90EF90DF902E
:1094A000CF90BF90AF909F908F90089562E57CE23F
:1094B00081E023CF66E47CE280E01FCF6EE57CE2B2
:1094C00082E01BCF3F924F925F926F927F928F927A
:1094D0009F92AF92BF92CF92DF92EF92FF920F9343
:1094E0001F93CF93DF9300D000D000D01F92CDB751
:1094F000DEB7382E80915305109253058823E1F092
:1095000010927F070E942A3A2A960FB6F894DEBF7F
:109510000FBECDBFDF91CF911F910F91FF90EF90C4
:10952000DF90CF90BF90AF909F908F907F906F9083
:109530005F904F903F9008956091E7067091E80624
:109540008091E9069091EA06611571058105910502
:1095500009F459C020915202222309F4B8C0209185
:1095600053022111B4C021E0321609F48EC0A2E0EA
:109570003A1609F49BC0C0905402D0905502E09076
:109580005602F09057024090600250906102609045
:109590006202709063020F94A4132091150230911F
:1095A000160240911702509118020F9403146F8312
:1095B000788789879A87B4E03B9E80011124F8015F
:1095C000E358FD4FFE83ED83208131814281538139
:1095D0000F941E184B015C01A3019201C701B60153
:1095E0000F949E13811182C0F801E358FD4F8082D1
:1095F0009182A282B38260918507832D0E944D30B3
:1096000081E080936D021092E7061092E8061092B6
:10961000E9061092EA0680916D02882309F474CF5E
:109620003092FE06F4E03F9EC0011124FC01E35895
:10963000FD4F8852914FDC012D913D914D915C91F0
:1096400060817181828193810F941E186B017C016E
:10965000C982DA82EB82FC822DEC3CEC4CEC5DE3BF
:109660006091150270911602809117029091180274
:109670000F94441A87FD65C0CE010196A6DCBC019B
:1096800081E59BE20E94CD343FCFC0905802D0903C
:109690005902E0905A02F0905B02409064025090B0
:1096A0006502609066027090670275CFC0905C02A0
:1096B000D0905D02E0905E02F0905F024090680200
:1096C0005090690260906A0270906B0264CF412CE6
:1096D00020E5522E23EC622E27E4722EC12C30E5B9
:1096E000D32E33ECE32E37ECF32E55CF20E030E0D1
:1096F000A9016F81788589859A850F949E1387FFCC
:1097000010C0A7019601C501B4010F949E1387FFF5
:109710006BCFAD81BE81CD92DD92ED92FC9213971D
:109720006ACFA3019201C501B4010F94441A18161F
:109730000CF05ACFED81FE814082518262827382A9
:109740005ACF43E050E0C701B60109DB6B017C0151
:1097500020EA36E841E050E00F949A17CA01B901B7
:109760002AE030E040E050E00F949A17605DF7FE89
:1097700009C0F094E094D094C094C11CD11CE11CA9
:10978000F11C6DE260935705C701B60120E137E295
:1097900040E050E00F949A178AE0882E912CA12C7B
:1097A000B12CCA01B901A50194010F949A17605D0B
:1097B00060935805C701B60128EE33E040E050E061
:1097C0000F949A17CA01B901A50194010F949A1731
:1097D000605D609359058EE280935A05C701B6011A
:1097E00024E630E040E050E00F949A17CA01B90136
:1097F000A50194010F949A17605D60935B05C70102
:10980000B601A50194010F949A17162FCA01B90148
:10981000A50194010F949A17605D60935C05105D3B
:1098200010935D0587E595E02ACF82E04BCE81E07D
:1098300049CE80E047CE2F923F924F925F926F9237
:109840007F928F929F92AF92BF92CF92DF92EF92D0
:10985000FF920F931F93CF93DF9300D000D0CDB72B
:10986000DEB70E9401E90091C4061091C50620915F
:10987000C6063091C706011511052105310509F00D
:109880000AC320912E10222309F44AC0E0912C1023
:10989000215020932E1021E02E0F20932C10309178
:1098A0002F10231302C010922C1024E0E29FF0012D
:1098B0001124E05DFF4E00811181228133810093EC
:1098C000C0061093C1062093C2063093C306600FF2
:1098D000711F811D911D6093C4067093C50680930E
:1098E000C6069093C7068091C2069091C306892B45
:1098F000B9F08FB78E83F8942090C0063090C106DF
:109900002101712C612C0091C2061091C306809137
:109910003A028C32F1F08F3F09F495C09E819FBFCF
:1099200026960FB6F894DEBF0FBECDBFDF91CF9164
:109930001F910F91FF90EF90DF90CF90BF90AF906D
:109940009F908F907F906F905F904F903F902F905F
:109950000895E7EFF5E394919D8397FDDFCF8CE2C7
:109960000E94C9E28D81882321F09D81923009F007
:10997000BCC14801B12CA12C60E072E18AE790E003
:10998000A50198010F949A1729833A834B835C832E
:1099900069017A0121E0C21AD108E108F1088FEFCC
:1099A000C816D104E104F10409F00CF46EC160E4BE
:1099B00072E48FE090E0A50198010F949A17690175
:1099C0007A0191E0C91AD108E108F1082D8122300D
:1099D00009F00FC18FEFC816D104E104F10409F0BA
:1099E0000CF4C3C260E970ED83E090E0A50198013A
:1099F0000F949A1769017A0191E0C91AD108E10818
:109A0000F10883E02FEFC216D104E104F10409F05C
:109A10000CF4A4C268E478EE81E090E0A50198011E
:109A20000F949A1769017A0181E0C81AD108E108F8
:109A3000F1089FEFC916D104E104F10411F00CF014
:109A4000FCC084E08BC28CE280933A02E7EFF5E33E
:109A500024912D83822F2F3F09F460CF223009F407
:109A600068C058F4222379F1213009F444C087FDFD
:109A700055CF8CE20E94C9E278CF9D81943009F4E1
:109A80009AC008F478C0953091F710922001109296
:109A90002101809121018860809321018091210121
:109AA000816080932101EEEAF3E4E491F0E0EE0FAF
:109AB000FF1FE25BFC4B85919491E4EFF3E4E491AA
:109AC000E093E8054CCF14BC15BC84B5826084BD1E
:109AD00085B5816085BDEEEAF3E4E491F0E0EE0F38
:109AE000FF1FE25BFC4B85919491E4EFF3E4E4917A
:109AF000E093EC0534CF10928000109281008091A9
:109B000081008860809381008091810081608093D2
:109B10008100EEEAF3E4E491F0E0EE0FFF1FE25B78
:109B2000FC4B85919491E4EFF3E4E491E093EB0531
:109B300016CF1092B0001092B1008091B0008260F8
:109B40008093B0008091B10081608093B100EEEA13
:109B5000F3E4E491F0E0EE0FFF1FE25BFC4B859134
:109B600094919093B9068093B806E4EFF3E4E491FE
:109B7000E093BA06F4CE109290001092910080917A
:109B80009100886080939100809191008160809322
:109B90009100EEEAF3E4E491F0E0EE0FFF1FE25BE8
:109BA000FC4B85919491E4EFF3E4E491E093EA05B2
:109BB00023E02D83D4CE1092A0001092A1008091BA
:109BC000A10088608093A1008091A10081608093B2
:109BD000A100EEEAF3E4E491F0E0EE0FFF1FE25B98
:109BE000FC4B85919491E4EFF3E4E491E093E90573
:109BF000B6CE8FEFC816D104E104F10409F00CF4DD
:109C000072C068E478EE81E090E0A50198010F94BD
:109C10009A1769017A0191E0C91AD108E108F1089F
:109C20002D81222309F466C12FEFC216D104E1046D
:109C3000F10411F00CF067C104CF64E274EF80E02E
:109C400090E0A50194010F949A1769017A0181E0CF
:109C5000C81AD108E108F10885E09FEFC916D104C0
:109C6000E104F10409F008F479C162E17AE780E0E7
:109C700090E0A50194010F949A1769017A0181E09F
:109C8000C81AD108E108F10850C181E02D812111E5
:109C900065C195B5987F892B85BD2FEF3FEFA90151
:109CA00045284628472809F048C09D81923009F48C
:109CB000E2C00CF0C9C0992309F4CEC0913009F07C
:109CC0002DCED0928900C09288002093F905309360
:109CD000FA054093FB055093FC0580916F0082606C
:109CE00080936F001BCE82E0D1CFB12CA12C60E01D
:109CF00072E18AE790E0A50198010F949A17690133
:109D00007A0181E0C81AD108E108F108C114D10430
:109D100091E0E906F104F4F491E02D81213059F548
:109D200080918100887F892B809381002FEF3FEF06
:109D3000A90145284628472821F29801220F331F00
:109D4000D1010F94C61728EE33E040E050E00F94A5
:109D50007817ABCF68E478EE81E090E0A501980138
:109D60000F949A1769017A0181E0C81AD108E108B5
:109D7000F10893E0D2CF8D818330F9F48091910086
:109D8000887F892B809391002FEF3FEFA901452811
:109D90004628472891F6D0929900C09298002093C7
:109DA000F5053093F6054093F7055093F80580913B
:109DB0007100826080937100B1CD2D81243001F556
:109DC0008091A100887F892B8093A1002FEF3FEF26
:109DD000A90145284628472809F0AFCFD092A9000D
:109DE000C092A8002093F1053093F2054093F3054B
:109DF0005093F405809172008260809372008ECD42
:109E00008D81853009F049CF80912101887F892B90
:109E1000809321012FEF3FEFA901452846284728CD
:109E200009F08BCFD0922901C09228012093ED0533
:109E30003093EE054093EF055093F0058091730049
:109E40008260809373006ACD8D81843039F20CF486
:109E5000A2CF853039F362CDC7BC2093FD05309386
:109E6000FE054093FF055093000680916E008260CE
:109E700080936E0053CDC092B3002093BB06309305
:109E8000BC064093BD065093BE0680917000826070
:109E90008093700043CD601B710B820B930B97FD79
:109EA0003FCD80910B018072809309011092C4060E
:109EB0001092C5061092C6061092C70631CDC98011
:109EC000DA80EB80FC809AE0F594E794D794C7940D
:109ED0009A95D1F721E0C21AD108E108F10885E08E
:109EE000D8CE8FEFC816D104E104F10409F038F799
:109EF00084E0CFCE83E09FEFC916D104E104F104E2
:109F000009F00CF4C6CE62E17AE780E090E0A501AA
:109F100094010F949A1769017A0181E0C81AD10857
:109F2000E108F1089D819923E1F286E02FEFC21646
:109F3000D104E104F10491F088F0C980DA80EB806B
:109F4000FC808AE0F594E794D794C7948A95D1F77A
:109F500091E0C91AD108E108F10887E09091B100B9
:109F6000987F892B8093B10098CE82E0F7CF0F9332
:109F70001F93CF93DF938C01EB0190912E102091D2
:109F80002F10921304C057DC0E94BD95F6CF80912C
:109F90002D1034E0839FF0011124E05DFF4E11830A
:109FA0000083D383C2839F5F90932E108F5F281707
:109FB00039F080932D10DF91CF911F910F9108956B
:109FC00010922D10F8CFFC0180E0309749F0949169
:109FD000992331F0907C903809F08F5F3196F7CF5C
:109FE0000895009751F0FC0180E09191992331F0A0
:109FF000907C9038D1F38F5FF8CF80E00895AF92D6
:10A00000BF92CF92DF92EF92FF920F931F93CF9365
:10A01000DF93EC015B018A01FB01199587FD16C0F6
:10A02000C82ED12CF12CE12C2196F801C082D182CE
:10A03000E282F382CE01DF91CF911F910F91FF90C9
:10A04000EF90DF90CF90BF90AF900895982F907EC3
:10A05000903CA9F48F7190E0B0E0A0E06C017D012C
:10A0600056E0CC0CDD1CEE1CFF1C5A95D1F7CE013E
:10A070000196F50119958F73C82A2296D6CF982F8D
:10A08000907F903E11F58F7090E0B0E0A0E06C0101
:10A090007D0136E0CC0CDD1CEE1CFF1C3A95D1F79F
:10A0A000CE010196F50119958F73C82A46E0CC0CB4
:10A0B000DD1CEE1CFF1C4A95D1F7CE010296F5017E
:10A0C00019958F73C82A2396B0CF982F987F903F09
:10A0D00079F5877090E0B0E0A0E06C017D0186E04A
:10A0E000CC0CDD1CEE1CFF1C8A95D1F7CE0101962D
:10A0F000F50119958F73C82A96E0CC0CDD1CEE1C77
:10A10000FF1C9A95D1F7CE010296F50119958F7330
:10A11000C82A26E0CC0CDD1CEE1CFF1C2A95D1F7CA
:10A12000CE010396F50119958F73C82A24967DCF29
:10A13000982F907C903841F4807C803869F4219687
:10A14000CE01F5011995F8CF8E7F8D3F28F021962D
:10A15000CE01F5011995F8CFC12CD12C760165CF30
:10A16000CF93DF93EC010E94722F20E040E070E07B
:10A1700060E0CE01DF91CF910C948D395F926F92A8
:10A180007F928F929F92AF92BF92CF92DF92EF9287
:10A19000FF920F931F93CF93DF9361E081E00E94C2
:10A1A000FD2EC0915505DC2FF5E0AF2EAC0E81E001
:10A1B000D82EDC1A9C2E9194A2E08A2EBCE2BB2EF3
:10A1C0007724739484E0C82ECC1AC1117EC180918B
:10A1D0005405882309F45BC180916D02882359F0EE
:10A1E00081E090915405911180E024E049EA5CE21D
:10A1F000692D0E9400E5F12CE12CE2E06E2E5C2E30
:10A200005D1AC6112BC0E092FE0610920207109252
:10A210000107109200071092FF06809154058C17D9
:10A2200009F48BC180916D028823C1F011E0809107
:10A230005405861110E0BE9CF001BF9CF00D112466
:10A24000E555F04F808591850E9447C600E09C014E
:10A2500044E95CE2652D812F0E947E35862D9FEFBB
:10A26000E91AF90A63E0662E833059F6C430E9F43E
:10A2700080915405843009F487C180916D02882350
:10A28000A1F011E080915405843009F010E0809134
:10A29000D8059091D9050E9447C600E09C014FE87F
:10A2A0005CE26C2D812F0E947E3580918707809320
:10A2B000E006C53031F51092FE06109202071092AA
:10A2C0000107109200071092FF0680915405853017
:10A2D00009F475C180916D02882399F0FC2EFD1A56
:10A2E00011E0809154058C1310E08091E0060E94EB
:10A2F0007BC600E09C0144E85CE26F2D812F0E9448
:10A300007E35C63019F580915405863009F46CC14C
:10A3100080916D028823D1F0FC2EFD1A11E080910E
:10A3200054058C1310E0E0918507F0E0EE0FFF1F5D
:10A33000E55EFD4F808191810E9447C600E09C014F
:10A340004EE75CE26F2D812F0E947E3537E0632E51
:10A35000F12CE12C5C2E5D1AC61129C0E092FE069C
:10A360001092020710920107109200071092FF0648
:10A37000809154058C1709F459C180916D0288238E
:10A38000B1F011E080915405861110E0F701EE0F55
:10A39000FF1FE55EFD4F808191810E9447C600E06E
:10A3A0009C0146E75CE2652D812F0E947E35162DCB
:10A3B00066246394610EEA94EF2809F033C16C12AD
:10A3C0001DC01092FE061092020710920107109213
:10A3D00000071092FF06F0905405FC1609F442C1E4
:10A3E00080916D02882351F06C2F6D1B81E0FC126F
:10A3F00080E023E04AE65CE20E9400E582E0810F13
:10A400008C131DC07092FE06109202071092010775
:10A41000109200071092FF06F0905405FC1609F404
:10A4200031C180916D02882351F06C2F6D1B81E04A
:10A43000FC1280E023E04AE65CE20E9400E583E053
:10A44000810F8C131DC08092FE061092020710929D
:10A450000107109200071092FF06F0905405FC16B9
:10A4600009F420C180916D02882351F06C2F6D1B7F
:10A4700081E0FC1280E023E04AE65CE20E9400E515
:10A48000CF5FAC12A2CE1C5F109352050EC080911C
:10A49000530510925305882309F49ECE0E942A3A50
:10A4A0008091F706882309F497CEDF91CF911F9111
:10A4B0000F91FF90EF90DF90CF90BF90AF909F9063
:10A4C0008F907F906F905F900895C13009F093CE88
:10A4D000809154058130D1F080916D02882309F478
:10A4E0008ACE11E080915405813009F010E080910E
:10A4F000190290911A020E9447C600E09C014FE9A0
:10A500005CE26D2D812F0E947E3575CE80915305C2
:10A5100010925305882301F310E000E027EE33E0AA
:10A520004AE050E069E172E08FE99CE20E944FE767
:10A530008091F706882381F2B8CF8091530510925D
:10A540005305882309F46ECE0E9485E5F701EE0FCE
:10A55000FF1FE65CFC4F208131812F503109BE9CEA
:10A56000B001BF9C700D11246D54704F07EE16E8BA
:10A5700050E040E084E99CE20E944FE78091F706BA
:10A58000882309F44FCE91CF809153051092530543
:10A59000882309F472CE0E9485E506E219E22EE6D0
:10A5A00030E050E040E068ED75E08FE89CE20E940A
:10A5B0004FE78091F706882309F45FCE76CF80912C
:10A5C000530510925305882309F484CE0E9485E533
:10A5D00068E676E884E89CE20E9486E78091F706C8
:10A5E000882309F477CE61CF8091530510925305EB
:10A5F000882309F48DCE6091850770E0660F771F80
:10A60000655E7D4F04E316E827EE33E04AE050E054
:10A610008EE79CE20E944FE78091F706882309F4B9
:10A6200077CE43CFEE24E394F12C96CE8091530560
:10A6300010925305882309F4A0CEB701660F771F47
:10A64000655E7D4F00E016E827EE33E04AE050E01B
:10A6500086E79CE20E944FE78091F706882309F481
:10A660008CCE23CF8091530510925305882309F493
:10A67000B7CE87EC97E874DD8091F706882309F45C
:10A68000AFCE13CF8091530510925305882309F460
:10A69000C8CE84EC97E864DD8091F706882309F43E
:10A6A000C0CE03CF8091530510925305882309F43F
:10A6B000D9CE81EC97E854DD8091F706882309F420
:10A6C000D1CEF3CE2F923F924F925F926F927F92B4
:10A6D0008F929F92AF92BF92CF92DF92EF92FF92B2
:10A6E0000F931F93CF93DF938091B30F9091B40F8B
:10A6F00077247394892B39F48091DF0F9091E00FC8
:10A70000892B09F4712C61E081E00E94FD2EC0913B
:10A710005505DC2F55E0552E5C0E4C2E419483E000
:10A72000682E6C1A6CECA62E62E9B62E79E0872EA4
:10A730007CE2972EC11114C080915405882309F43E
:10A7400000C180916D02882359F081E090915405F9
:10A75000911180E024E046E35CE2642D0E9400E574
:10A760004BEAC42E4FE0D42EF12CE12C3324339449
:10A770002C2E2D1AF601808591859093E106809309
:10A78000E006C31126C0E092FE0610920207109266
:10A790000107109200071092FF06809154058C1754
:10A7A00009F4F0C080916D02882399F011E0809146
:10A7B0005405831110E08091E0069091E1060E941B
:10A7C00047C600E09C014BE25CE2622D812F0E94B3
:10A7D0007E35832DFFEFEF1AFF0A9CE2C90ED11CD4
:10A7E00022E0322E823031F6C330E9F480915405F4
:10A7F000833009F4E9C080916D028823A1F011E053
:10A8000080915405833009F010E08091D805909133
:10A81000D9050E9447C600E09C0146E25CE2662D35
:10A82000812F0E947E35809187078093E006C43097
:10A8300031F51092FE061092020710920107109255
:10A8400000071092FF0680915405843009F4D7C0A8
:10A8500080916D02882399F0FC2EFD1A11E0809101
:10A8600054058C1310E08091E0060E947BC600E046
:10A870009C014BE15CE26F2D812F0E947E3595E0BB
:10A88000F92E05E01CE2E12CDC2EDD1AE092E00658
:10A89000CF111FC0F801859194911092FE069093FC
:10A8A000020780930107109200071092FF06C090E4
:10A8B0005405CC1609F4BBC080916D02882349F081
:10A8C00081E0CF1080E023E041E15CE26D2D0E9449
:10A8D00000E5CF2CF3940E5F1F4FE1E0EE12A4C011
:10A8E0008091D8059091D905892B11F4772019F121
:10A8F000FC121CC0109154051C1709F4A8C08091CB
:10A900006D02882399F0BF92AF929F928F928C2F05
:10A910008D1B8F9381E01C1380E08F930E94EF2E9C
:10A920000F900F900F900F900F900F9082E0F82EE5
:10A93000FC0C77247394CF5FC511FCCEF0925205C6
:10A940000EC08091530510925305882309F4F9CE67
:10A950000E942A3A8091F706882309F4F2CEDF910B
:10A96000CF911F910F91FF90EF90DF90CF90BF900C
:10A97000AF909F908F907F906F905F904F903F909F
:10A980002F9008958091530510925305882309F460
:10A9900009CF0E9485E5F701EE0FFF1FE65CFC4F33
:10A9A000208131812F5031090FED16E850E040E051
:10A9B00060EE76E08BE29CE20E944FE78091F70622
:10A9C000882309F4EFCECBCF809153051092530525
:10A9D000882309F410CF0E9485E506E219E22EE6ED
:10A9E00030E050E040E068ED75E086E29CE20E94D5
:10A9F0004FE78091F706882309F4FDCEB0CF809110
:10AA0000530510925305882309F422CF0E9485E54F
:10AA100068E676E88BE19CE20E9486E78091F70683
:10AA2000882309F415CF9BCFEE24E3942FCF809198
:10AA3000530510925305882309F43ECF8CE39AE81E
:10AA40008FDB8091F706882309F436CF88CF809179
:10AA5000530510925305882309F451CF0E94CC92DC
:10AA60008091F706882309F44ACF79CF6F927F92BD
:10AA70008F929F92AF92BF92CF92DF92EF92FF920E
:10AA80000F931F93CF93DF9361E081E00E94FD2E2F
:10AA9000C09155059C2E85E0C82ECC0E93E7A92EBB
:10AAA0009BE2B92ED6E0DC1BEE24E39422E0D22E0A
:10AAB00015E01C1B04E00C1B83E0F82EFC1A8D2C07
:10AAC0008C1A7E2C7C1AC11136C0809154058823C3
:10AAD000B9F080916D02882361F0692D619581E064
:10AAE00090915405911180E024E04DEA5BE20E94D0
:10AAF00000E5CF5FCC11E7CF87E0809352050CC013
:10AB00008091530510925305882319F30E942A3A25
:10AB10008091F7068823E9F2DF91CF911F910F9181
:10AB2000FF90EF90DF90CF90BF90AF909F908F906D
:10AB30007F906F900895C130F9F46090540581E0E2
:10AB4000681661F080916D02882399F281E06812A5
:10AB500080E023E042EA5BE2672DC9CF8091530594
:10AB600010925305882371F386E996EDF9DA809106
:10AB7000F706882339F3D0CFC23009F0B9C09091DD
:10AB80005405923071F080916D02882309F4B1CFA1
:10AB900081E0923009F080E020E24DE85BE2682D30
:10ABA000A6CF8091530510925305882361F32EE9B7
:10ABB0003BE23093DD062093DC068091F706882384
:10ABC00011F3AACF1092FE0610920207109201070D
:10ABD000109200071092FF0690915405933071F087
:10ABE00080916D02882309F484CF81E0933009F0CD
:10ABF00080E020E241E85BE26F2D79CF8091530540
:10AC000010925305882361F328E83BE23093DD0678
:10AC10002093DC068091F706882311F37DCFE09224
:10AC2000FE06109202071092010710920007109280
:10AC3000FF0690915405943071F080916D02882345
:10AC400009F457CF81E0943009F080E020E241E838
:10AC50005BE2602F4CCF80915305109253058823FF
:10AC600061F32CE73BE23093DD062093DC06809114
:10AC7000F706882311F350CFD092FE0610920207F8
:10AC800010920107109200071092FF069091540550
:10AC9000953071F080916D02882309F42ACF81E00C
:10ACA000953009F080E020E241E85BE2612F1FCFA0
:10ACB0008091530510925305882361F327E73BE207
:10ACC0003093DD062093DC068091F706882311F38C
:10ACD00023CF80915305109253058823C9F0B09279
:10ACE000DD06A092DC068091F706882389F014CF58
:10ACF000C33009F467CFC43009F491CFC53009F4EB
:10AD0000BBCFC63009F0F5CE90915405963009F3CB
:10AD100080916D02882309F4ECCE81E0963009F031
:10AD200080E020E244E65BE26D2FE1CE8F929F92BD
:10AD3000AF92BF92CF92DF92EF92FF920F931F9349
:10AD4000CF93DF9361E081E00E94FD2EC091550515
:10AD5000DC2E85E0A82EAC0ED1E017E01C1B06E02F
:10AD60000C1B85E0F82EFC1A84E0E82EEC1A92E029
:10AD7000C92E9C2C9C1A8D2E8C1AC11134C0809126
:10AD800054058823B9F080916D02882361F06D2D00
:10AD9000619581E090915405911180E024E049E5AE
:10ADA0005BE20E9400E5CF5FAC12E7CF88E08093C2
:10ADB00052050CC08091530510925305882319F356
:10ADC0000E942A3A8091F7068823E9F2DF91CF9119
:10ADD0001F910F91FF90EF90DF90CF90BF90AF90B9
:10ADE0009F908F900895C13049F51092FE06109201
:10ADF000020710920107109200071092FF06B09010
:10AE0000540581E0B81661F080916D02882359F2F3
:10AE100081E0B81280E023E041E55BE2682DC1CF1C
:10AE20008091530510925305882371F384ED99EDB9
:10AE300097D98091F706882339F3C8CFC23009F03B
:10AE4000E6C0D093FE0610920207109201071092FE
:10AE500000071092FF06B090540592E0B91671F009
:10AE600080916D02882309F49ECF81E092E0B912AF
:10AE700080E023E041E55BE2692D93CF80915305AB
:10AE800010925305882361F38EEC99ED69D9809176
:10AE9000F706882329F39ACFC092FE061092020784
:10AEA00010920107109200071092FF06B09054050F
:10AEB00083E0B81679F080916D02882309F473CF8E
:10AEC00063E06D1981E093E0B91280E023E041E591
:10AED0005BE267CF8091530510925305882359F3A5
:10AEE00088EC99ED3DD98091F706882321F36ECF48
:10AEF000809185079D2F981B9093FE061092020764
:10AF000010920107109200071092FF0690915405CD
:10AF1000943071F080916D02882309F444CF81E070
:10AF2000943009F080E020E24DE35BE26E2D39CFF2
:10AF30002091530510925305222361F32EE43BE246
:10AF4000811102C02BE43BE23093DD062093DC0646
:10AF50008091F7068823F1F239CFB090540585E04F
:10AF6000B81671F080916D02882309F41CCF81E03E
:10AF700095E0B91280E023E044E35BE26F2D11CF4E
:10AF80008091530510925305882361F382ED97E871
:10AF9000E7D88091F706882329F318CF1092FE0690
:10AFA0001092020710920107109200071092FF06FC
:10AFB000B090540586E0B81671F080916D02882338
:10AFC00009F4F1CE81E096E0B91280E023E049E295
:10AFD0005BE2602FE6CE80915305109253058823E3
:10AFE00061F383EC99EDBCD88091F706882329F3AF
:10AFF000EDCE8091530510925305882331F18EEBED
:10B0000099EDAED88091F7068823F9F0DFCEC330F2
:10B0100009F442CFC43009F46BCFC53009F49DCF99
:10B02000C63009F4BBCFC73009F0BDCED093FE06C1
:10B030001092020710920107109200071092FF066B
:10B04000B090540587E0B816A1F280916D02882374
:10B0500009F4A9CE81E097E0B91280E023E049E24B
:10B060005BE2612F9ECE7F928F929F92AF92BF92B2
:10B07000CF92DF92EF92FF920F931F93CF93DF93C4
:10B08000F82E842E7093E7056093E60561E081E079
:10B090000E94FD2EC091550585E0982E9C0ED1E0B2
:10B0A00000EE1AE285E0E82EEC1A84E0D82EDC1AD5
:10B0B00083E0C82ECC1A82E0B82EBC1A7D2E7C1AF2
:10B0C000AC2EA19483E0F81609F450C0C1119AC0C7
:10B0D000F092FE06109202071092010710920007EC
:10B0E0001092FF06DD23D9F0809154051816BCF0AC
:10B0F0004091E7065091E8066091E9067091EA06F2
:10B100004B5F5F4F6F4F7F4F4093E7065093E806CA
:10B110006093E9067093EA068F5F809354058091EF
:10B120006D02882341F030E020E043E061E57BE2FE
:10B130008A2D0E943A3482E0F8125DC0C530A1F435
:10B140001092FE0610930207009301071092000769
:10B150001092FF06D0915405D53009F4DDC08091DE
:10B160006D028111EAC0D0E086E046C0809189027C
:10B1700090918A02A0918B02B0918C028093E2059B
:10B180009093E305A093E405B093E505C1113AC09F
:10B190008092FE061092020710920107109200079B
:10B1A0001092FF06DD23D9F0809154051816BCF0EB
:10B1B0004091E7065091E8066091E9067091EA0631
:10B1C0004B5F5F4F6F4F7F4F4093E7065093E8060A
:10B1D0006093E9067093EA068F5F8093540580912F
:10B1E0006D02882341F030E020E043E069E27BE239
:10B1F0008A2D0E943A3485E0CF5F9C1263CF809302
:10B20000520524C0C13081F580915405813091F000
:10B2100080916D02882361F081E090915405913016
:10B2200009F080E024E042EA5BE2672D0E9400E53D
:10B23000D0E081CF8091530510925305882341F3CC
:10B240000E942A3A8091F706882311F3DF91CF916B
:10B250001F910F91FF90EF90DF90CF90BF90AF9034
:10B260009F908F907F900895C23009F071C0D09167
:10B270005405D23069F080916D028823C9F281E0D3
:10B28000D23009F080E023E04CEF5AE26B2DCECFB4
:10B290008091530510925305882369F387E498E859
:10B2A0000E94B0D08091F706882329F3CFCF8091F8
:10B2B000530510925305882309F452C08FE298E891
:10B2C0000E94B0D08091F706882309F449C0BECF10
:10B2D000C43009F030CFD0915405D43071F0809152
:10B2E0006D02882309F4A4CF81E0D43009F080E016
:10B2F00023E046EE5AE26D2D99CF809153051092CE
:10B300005305882361F387E198E80E94B0D08091CB
:10B31000F706882321F39ACF8091530510925305A5
:10B32000882309F41CCF8FEF97E80E94B0D080915A
:10B33000F706882309F413CF89CF81E0D53009F0CF
:10B3400080E023E046ED5AE26E2D0E9400E50BCF2F
:10B35000C33009F0BDCFD0915405D33009F4A7CF45
:10B3600080916D02882309F463CF81E0D33009F026
:10B3700080E023E042EF5AE26C2D58CF41E069EAC9
:10B3800078EC83E070CE40E06BEA78EC83E06BCE43
:10B390004091850765E17CEC82E065CE40918507B0
:10B3A00067E17CEC81E05FCE4091850769E17CEC50
:10B3B00080E059CE409185076DEA78EC83E053CE6A
:10B3C0002F923F924F925F926F927F928F929F92B5
:10B3D000AF92BF92CF92DF92EF92FF920F931F93A3
:10B3E000CF93DF9300D000D0CDB7DEB70E9497385F
:10B3F000382E8091991184FB222720F92A83412C31
:10B4000084FF03C00E941255482E61E081E00E9433
:10B41000FD2E70905505572C85E0870D8B8352E3E8
:10B42000E52E5AE2F52E81E08719898383E087199A
:10B430008C8382E087198D8302EE14E561E6C62EC7
:10B440006AE2D62E972D91959E8374ECA72E79E211
:10B45000B72EE8EF8E2EE9E29E2E71103EC080914D
:10B4600054058823A9F080916D02882359F081E06A
:10B4700090915405911180E024E043E75AE26E81F7
:10B480000E9400E5332009F4AAC024E0622EC1C066
:10B490008091530510925305882329F30E942A3A7C
:10B4A0008091F7068823F9F226960FB6F894DEBF4E
:10B4B0000FBECDBFDF91CF911F910F91FF90EF9005
:10B4C000DF90CF90BF90AF909F908F907F906F90C4
:10B4D0005F904F903F902F900895332009F47FC0E4
:10B4E00021E0721230C0809154058130E1F08091EA
:10B4F0006D028823A9F01F930F93DF92CF92898169
:10B500008F9381E090915405913009F080E08F9302
:10B510000E94EF2E0F900F900F900F900F900F90B2
:10B5200094E0692E8BC080915305109253058823B7
:10B53000F1F20115110511F00E94E2548091F70615
:10B540008823A9F2B1CF92E0791224C0609054050B
:10B55000691689F080916D02882351F081E022E024
:10B56000621280E023E04EE45AE26D810E9400E521
:10B5700084E0682E7AC08091530510925305882389
:10B5800049F381E19CE80E94B0D08091F7068823BE
:10B5900009F38ACF83E0781278CF6090540568165B
:10B5A00079F080916D02882319F381E093E06912AC
:10B5B00080E023E046E45AE26C810E9400E5B0CFCF
:10B5C0008091530510925305882359F38EEB90ED2B
:10B5D0000E94B0D08091F706882319F365CF80913F
:10B5E0000C0F823029F00E94D85A882309F4BCC07D
:10B5F00021E032E0632E7212B9C08091540581308F
:10B6000009F487C080916D02811196C042E0642EDA
:10B610006394671013C020905405261409F4CBC01E
:10B6200080916D02882351F0672D651981E0271004
:10B6300080E023E04BE15AE20E9400E581E0860DC4
:10B64000871113C020905405271409F4C5C08091B8
:10B650006D02882351F0672D651981E0271080E085
:10B6600023E04CE05AE20E9400E582E0860D87115B
:10B6700013C020905405271409F4BFC080916D02B7
:10B68000882351F0672D651981E0271080E023E0C1
:10B690004CEF59E20E9400E583E0860D9A819923E0
:10B6A00009F4DEC041102EC0871113C090915405DB
:10B6B000971509F4B3C080916D02882351F0672D6E
:10B6C000651981E0971180E020E24AEE59E20E947C
:10B6D00000E584E0860D871113C0209054052714DF
:10B6E00009F4ADC080916D02882351F0672D651972
:10B6F00081E0271080E023E046ED59E20E9400E55A
:10B7000085E0860D73942B812711A7CE8093520577
:10B71000CBCE8091530510925305882309F472CF44
:10B7200083EE9AE5892B11F00E94E35A8091F70687
:10B73000882309F467CFB8CE83EE9AE59F938F9361
:10B74000FF92EF9289818F9381E09091540591301F
:10B7500009F080E08F930E94EF2E0F900F900F90D2
:10B760000F900F900F9052CF66246394671050CFC4
:10B7700020905405261481F080916D02882309F4ED
:10B7800047CF672D651981E0271080E023E047E26D
:10B790005AE20E9400E53CCF809153051092530578
:10B7A000882351F386E395ED0E94B0D08091F7068F
:10B7B000882311F379CE8091530510925305882385
:10B7C00009F42ECF82E693ED0E94B0D08091F70667
:10B7D000882309F425CF68CE809153051092530534
:10B7E000882309F434CF85EA9CE30E94B0D080918D
:10B7F000F706882309F42BCF57CE8091530510927A
:10B800005305882309F43ACF8AE59CED0E94B0D015
:10B810008091F706882309F431CF46CE80915305F5
:10B8200010925305882309F446CF9092DD0680924A
:10B83000DC068091F706882309F43DCF35CE809150
:10B84000530510925305882309F44CCF87E39DEDEF
:10B850000E94B0D08091F706882309F443CF24CE0C
:10B8600087111BC0909154059715C9F080916D0206
:10B87000882399F01F921F92BF92AF92872D85194E
:10B880008F9381E0971180E08F930E94EF2E0F90AD
:10B890000F900F900F900F900F9084E032CF809117
:10B8A000530510925305882309F38091F7068823E6
:10B8B000E9F2FACDCF92DF92EF92FF920F931F93AE
:10B8C000CF93DF9361E081E00E94FD2EC09155058A
:10B8D00085E0D82EDC0ED4E0DC1B13E01C1B02E05C
:10B8E0000C1B81E0F82EFC1ACC2EC194C1112FC084
:10B8F000809154058823B1F080916D02882359F01E
:10B9000081E090915405911180E024E045EA59E2EC
:10B910006C2D0E9400E5CF5FCD11E8CF85E08093CC
:10B9200052050CC08091530510925305882321F3D2
:10B930000E942A3A8091F7068823F1F2DF91CF9195
:10B940001F910F91FF90EF90DF90CF900895C1303D
:10B9500001F5E090540581E0E81661F080916D02F8
:10B960008823C9F281E0E81280E023E045E959E24A
:10B970006F2DCFCF8091530510925305882371F31B
:10B9800088E39CE80E94B0D08091F706882331F3C9
:10B99000D5CFC23009F053C0E090540592E0E916CB
:10B9A00071F080916D02882309F4B5CF81E092E0B7
:10B9B000E91280E023E043E859E2602FAACF8091AA
:10B9C000530510925305882361F387EC9CE80E948D
:10B9D000B0D08091F706882321F3B0CFE0905405D2
:10B9E00083E0E81671F080916D02882309F493CF0B
:10B9F00081E093E0E91280E023E047E759E2612F1C
:10BA000088CF8091530510925305882361F389E410
:10BA10009AE30E94B0D08091F706882321F38ECF5D
:10BA20008091530510925305882399F088E39BE396
:10BA30000E94B0D08091F706882359F07FCFC330A1
:10BA400069F2C43009F067CFE090540584E0E8164D
:10BA500039F380916D02882309F45DCF81E094E091
:10BA6000E91280E023E044E659E26D2F52CF2F9295
:10BA70003F924F925F926F927F928F929F92AF927E
:10BA8000BF92CF92DF92EF92FF920F931F93CF93CB
:10BA9000DF93CDB7DEB7EC970FB6F894DEBF0FBEDD
:10BAA000CDBF80914D05882351F08091991184FF7D
:10BAB0004AC00E94AEF99093E1058093E00561E0F1
:10BAC00081E00E94FD2E10915505312E85E0810FF9
:10BAD0008CAF212E21948BE9882E86E8982E91EC4C
:10BAE000692E9AE2792E81E0482E411A111112C076
:10BAF00080915405882351F180916D02882351F083
:10BB000081E090915405911180E024E046EC5AE2E6
:10BB1000622D76D78091991186FD5FC084FF5DC04C
:10BB2000113009F058C0009154050130A1F1809105
:10BB30006D0281113EC082E01F5F9CAD9113D6CF94
:10BB4000809352050FC090E080E0B5CF80915305FF
:10BB500010925305882381F20E942A3A8091F706B9
:10BB6000882351F2EC960FB6F894DEBF0FBECDBF1E
:10BB7000DF91CF911F910F91FF90EF90DF90CF90C9
:10BB8000BF90AF909F908F907F906F905F904F90FD
:10BB90003F902F900895809153051092530588236C
:10BBA00031F20E949B868091F706882309F4BFCF6B
:10BBB000D9CF9F928F927F926F924F9281E0013006
:10BBC00009F080E08F930E94EF2E0F900F900F905E
:10BBD0000F900F900F9082E001C081E090916D0274
:10BBE000992309F4A9CF082FD12CC12C512E531819
:10BBF000802F2091E0053091E105C216D3060CF0AC
:10BC00009BCF0113BCC08091991184FF99C00E9401
:10BC1000AEF901977C01EC18FD088AE59FE00E94CF
:10BC20000DF78BE1EAE5FFE0DE01919601900D92C0
:10BC30008A95E1F7B12CA12CBE016F5F7F4FCE0139
:10BC400081960E94CFF318168CF4CE0101960E94C3
:10BC50000EEE882389F3EA14FB0409F074C0BE01D8
:10BC60006F5F7F4F84EE9EE00E942BEECE018196A7
:10BC70000E9411F780919911F090540585FF84C0BE
:10BC8000F1126EC08091530510925305882309F478
:10BC900067C019821C8280915D0F65E77FE0882371
:10BCA00011F06AE57FE021E044EE5EE0CE0101960E
:10BCB0000E9416F7882309F44AC08BE1FE013196F1
:10BCC000AAE5BFE001900D928A95E1F78091991164
:10BCD0008F7B80939911A0918F11AA3080F481E01D
:10BCE0008A0F80938F118BE18A9FD0011124AF5767
:10BCF000BF4EEAE5FFE001900D928A95E1F78FEFE4
:10BD00009FEF9093390280933802CE0101960E94F2
:10BD100011F7109255058AE090E0A0E0B0E0809322
:10BD2000E7069093E806A093E906B093EA0681E05F
:10BD30008093F70610924C0583E080936D0212CF3A
:10BD400090E080E066CF9FEFA91AB90A75CF0E94F4
:10BD5000D35E64EE7EE08BEA9AE20E94EDFBD5CFE3
:10BD600080916D02882359F0EE24E394F112E12CC6
:10BD70006E2D852D0E948D3041E0811116C08FEF10
:10BD8000C81AD80A0F5F34CFF11699F080916D026E
:10BD90008823A9F3EE24E394F112E12C6E2D852D76
:10BDA0000E948D30882359F340E0652D8E2DE8D513
:10BDB000E6CF8091530510925305882339F38AEE1C
:10BDC0009BE80E94B0D08091F7068823F9F2CACE92
:10BDD0008091530D8F5F843040F48093530D809198
:10BDE000510D8F5F8093510D08951092530DF7CF31
:10BDF000FC01808108953FB7F8948091E211909101
:10BE0000E311A091E411B091E51126B5A89B05C0FE
:10BE10002F3F19F00196A11DB11D3FBFBA2FA92FC9
:10BE2000982F8827BC01CD01620F711D811D911DC6
:10BE300042E0660F771F881F991F4A95D1F7089532
:10BE4000AF92BF92CF92DF92EF92FF920F931F9328
:10BE5000CF93DF936C017B018B01040F151FEB0166
:10BE60005E01AE18BF08C017D10759F06991D6011D
:10BE7000ED91FC910190F081E02DC6011995892B7F
:10BE800079F7C501DF91CF911F910F91FF90EF904E
:10BE9000DF90CF90BF90AF900895089580E008950F
:10BEA000FC018491882321F0823011F083E0089511
:10BEB00086E00895EF92FF920F931F93CF93DF9345
:10BEC000EC01162FEC80FD80F7010491C701E8DF3B
:10BED000A82F013049F10FEF2C813D81F9013A96ED
:10BEE00044913196549133976491319684911136EF
:10BEF000E8F070E0762F6627860F972F911D009748
:10BF0000A9F08E0D9F1D41E6511730F5188A1B8A46
:10BF10001C8A198A1A8A90E080E0DF91CF911F91E4
:10BF20000F91FF90EF9008950FE0D6CFF90136966C
:10BF3000649131968491113460F070E0762F662719
:10BF4000860F972F911D009721F08E0D9F1D41E4C4
:10BF5000DBCFC7014196D8CF5417C0F2B0E0FC0147
:10BF600064916F3F29F40196451781F24F5FF7CF37
:10BF7000411333C0F9012491AC014F5F5F4FFC01C5
:10BF8000222311F0223091F424912B8BFA01449159
:10BF90004C8BFC013396E491E88BFC013496E491E0
:10BFA000E98BFC013596E491EA8BB7CF2491322FCF
:10BFB0003F7032503A8B22952F70298BFA014491B1
:10BFC000242F2F702C8B42954F704B8BFC01329697
:10BFD000E491E295EF70E88BA0CF329664916023F4
:10BFE0006A0F7B2F711D860F971FBECF81E00895CA
:10BFF0000F93FC010150040F84A996A9941788F0AF
:10C00000081710F4041778F42150260F83A995A976
:10C01000961758F0281760F481E0261720F40F9146
:10C020000895081778F780E0FACF2817A8F7FBCF14
:10C0300081E0F5CF8BE1E5E7FFE0AAE5BFE0019005
:10C040000D928A95E1F780919911806480939911FE
:10C0500010928F118FEF9FEF9093390280933802E7
:10C0600008958F929F92AF92BF92CF92DF92EF92FC
:10C07000FF920F931F93CF93DF93EC016A017B0133
:10C08000590120E030E0A90167E30E94218EA5015B
:10C09000980167E1CE010E94218E811127C08F8116
:10C0A000833039F089E0CC0CDD1CEE1CFF1C8A9536
:10C0B000D1F7A701960169E1CE010E94218E11E01E
:10C0C000882319F010E087E08C83CE010E947E8DDA
:10C0D000812FDF91CF911F910F91FF90EF90DF9013
:10C0E000CF90BF90AF909F908F90089589E08C8300
:10C0F00010E0EBCFFC01DB018C91208131813827EE
:10C1000098E0A901220F331F57FD05C09150C9F7D0
:10C11000318320830895B1E22B27B0E13B27F6CF8E
:10C120002F923F924F925F926F927F928F929F9247
:10C13000AF92BF92CF92DF92EF92FF920F931F9335
:10C14000CF93DF93CDB7DEB766970FB6F894DEBF17
:10C150000FBECDBF4C017B011A013E8B2D8B198A7E
:10C160001A8AFB0180819181A281B3818F3F910561
:10C17000A105B10521F118F11D861E861F86188ABA
:10C18000AC01BD0137E076956795579547953A958F
:10C19000D1F75A87498780688B878C8700913D0F3C
:10C1A00010913E0F80913B0F90913C0F9C8B8B8B9D
:10C1B000AA24A394B12C0115110509F050C0F70170
:10C1C0008081898BB401AE014F5E5F4FC101ED8963
:10C1D000FE89199566960FB6F894DEBF0FBECDBFE7
:10C1E000DF91CF911F910F91FF90EF90DF90CF9053
:10C1F000BF90AF909F908F907F906F905F904F9087
:10C200003F902F9008958217930720F19C818B8592
:10C21000981708F445C09B818C858917D8F06091E8
:10C220003B0F70913C0F640D751D48E050E0CE014E
:10C2300009960F94C7126F8578896115710509F405
:10C24000BECF8616970609F4BECFF70180818068BD
:10C25000898BB9CF86010A151B0508F4B0CF3501CB
:10C26000600E711E76946794630191E0C91AD1083B
:10C27000260193E0440C551C9A95E1F76B897C8963
:10C28000640D751D48E050E0CE0101960F94C71271
:10C2900029813A8189859A852817390708F0B3CF13
:10C2A0005301EFEFAE1ABE0AD6CF8F929F92AF9294
:10C2B000BF92CF92DF92EF92FF920F931F93CF9393
:10C2C000DF9300D01F92CDB7DEB76C017B014A012E
:10C2D0005901AE014F5F5F4FB401C7010E94FFCF0C
:10C2E0007C0189819A81AB81BC81892B8A2B8B2B24
:10C2F00041F09801A501BE016F5F7F4FC60110DFBD
:10C30000E8CF0F900F900F900F90DF91CF911F917A
:10C310000F91FF90EF90DF90CF90BF90AF909F90E4
:10C320008F900895CF93DF9320913A0F21111EC073
:10C33000FC0101900020E9F73197EF01C81BD90BF0
:10C34000CB32D1052CF02291207C2038E1F3F5CFBF
:10C35000BC01DD27AE018FE09FE00F946A1CC15F36
:10C36000D04F188210920E0F10920D0FDF91CF91C7
:10C370000895CF93C0910C0FC230E1F00E94D85ABB
:10C38000811118C08091991182FF0DC087FD0BC0EB
:10C390008091F10E811104C084EE9EE0CF91C2CF56
:10C3A00081EF9EE0FBCF8DE194E4C13029F483E37B
:10C3B00094E402C082E494E46FEFCF910C94BF2F19
:10C3C0008F929F92AF92BF92EF92FF921F93CF9363
:10C3D000DF93CDB7DEB7A0970FB6F894DEBF0FBEE0
:10C3E000CDBF611571058105910591F120E04AE00D
:10C3F000842E912CA12CB12C11E0120FEE24E39489
:10C40000F12CEC0EFD1EE20EF11C27FDFA94A501A5
:10C4100094010F947817F7016083B901CA01212FA5
:10C42000611571058105910539F7115018F1E1E0A9
:10C43000F0E0EC0FFD1FE10FF11D17FDFA95908163
:10C4400087E39A3008F480E3890F0E94095CEDCFFE
:10C4500080E3A0960FB6F894DEBF0FBECDBFDF918C
:10C46000CF911F91FF90EF90BF90AF909F908F90D2
:10C470000C94095CA0960FB6F894DEBF0FBECDBF3A
:10C48000DF91CF911F91FF90EF90BF90AF909F9061
:10C490008F900895CF92DF92EF92FF926B017C0113
:10C4A000F7FE0BC0F094E094D094C094C11CD11C52
:10C4B000E11CF11C8DE20E94095CC701B601FF90EE
:10C4C000EF90DF90CF907CCF4F925F926F927F92F0
:10C4D0008F929F92AF92BF92CF92DF92EF92FF9294
:10C4E0000F931F93CF93DF93CDE7D2E04C845D840D
:10C4F0006E847F8408ED1EE0F80124813581468139
:10C5000057816C817D818E819F810F941E184B0114
:10C510005C01F801208531854285538568857985E0
:10C520008A859B850F941E186B017C01F801208180
:10C53000318142815381688179818A819B810F9405
:10C540001E18AB01BC018AE194E40E94C061B501F0
:10C55000A40186E194E40E94C061B701A60182E1D2
:10C5600094E40E94C061B301A2018EE094E4DF91E3
:10C57000CF911F910F91FF90EF90DF90CF90BF90E0
:10C58000AF909F908F907F906F905F904F900C94A2
:10C59000C06190E0FC01E853FC4B24918E579C4B0A
:10C5A000FC018491882399F090E0880F991FFC0189
:10C5B000E859FC4BA591B491FC01E25BFC4B8591E1
:10C5C00094918FB7F894EC91E22BEC938FBF089580
:10C5D000CF92DF92EF92FF92E8E6FCE080818183C8
:10C5E000C090EA0CD090EB0CE090EC0CF090ED0CCD
:10C5F0008FEFC81AD80AE80AF80A85E493E40E9483
:10C60000105CC701B6010E9492368AE00E94095C64
:10C6100081E493E4FF90EF90DF90CF900C94105C56
:10C62000CF92DF92EF92FF920F931F93CF938C01E3
:10C63000C62F0E94D05EC090EA0CD090EB0CE09028
:10C64000EC0CF090ED0CC8010E94105CC701B60123
:10C650000E9492368AE00E94095C0E94A56A0196B7
:10C66000E1F78C2FB5DF1092EF0C1092EE0CCF910A
:10C670001F910F91FF90EF90DF90CF900895CF9290
:10C68000DF92EF92FF92CF93811130C0C62FC090FE
:10C690005A07D0905B07E0905C07F0905D0720E0C0
:10C6A00030E843EB53E4C701B6010F94441A18165F
:10C6B0003CF0C12C90E8D92E93EBE92E93E4F92EAF
:10C6C000CC23D1F080E090E0A8ECB1E48093540258
:10C6D00090935502A0935602B0935702C092600205
:10C6E000D0926102E0926202F0926302CF91FF90D9
:10C6F000EF90DF90CF90089580915102823054F1F5
:10C7000080E090E0A0E4B2EC809354029093550254
:10C71000A0935602B093570220914D0230914E02E1
:10C7200040914F0250915002C701B6010F941D185D
:10C730006B017C0120E030E843E953E40F94441A94
:10C74000181664F6C12C80E8D82E83E9E82E83E41D
:10C75000F82EC4CF80E090E0A0E4B2EC80935402C5
:10C7600090935502A0935602B093570280E090E850
:10C77000A3E9B3E48093600290936102A093620204
:10C78000B0936302B3CFCF93C82F41E00E94A26160
:10C790008C2FCF910C94BC61CF93DF936CE071E44C
:10C7A000F2DFC6E0D7E04C895D896E897F8984E03D
:10C7B00091E40E94C061488D598D6A8D7B8D81E026
:10C7C00091E40E94C0614C8D5D8D6E8D7F8D8EEFEA
:10C7D00090E40E94C06148A159A16AA17BA18BEF9E
:10C7E00090E40E94C0618AE0DF91CF910C94095CD3
:10C7F0004F925F926F927F928F929F92AF92BF9271
:10C80000FF920F931F93CF93DF93CDB7DEB7A0971F
:10C810000FB6F894DEBF0FBECDBFF82E4A015B0104
:10C820002801390120E030E0A901C301B8010F94CB
:10C830009E13811111C0FF2019F081E0F8121BC076
:10C8400060E070EA8CE895E420E030E040E752E4F4
:10C850000F94FA182B013C014D8E5E8E6F8E78A2DC
:10C860000F2D10E0F1100CC080918507E1E08111DF
:10C870000BC0EFEF09C060E070E086E194E4E4CF24
:10C88000F801E253FF4BE491772473941E160CF4E5
:10C89000712CFF24F39420E030E0A901C501B4011C
:10C8A0000F94441A18160CF0F12C80E00E94D6B5B3
:10C8B00069837A838B839C8381E00E94D6B56D83E4
:10C8C0007E838F83988782E00E94D6B569877A87B6
:10C8D0008B879C8783E00E94D6B56D877E878F8784
:10C8E000988B000F111F000F111FE1E0F0E0EC0F1B
:10C8F000FD1F0E0F1F1FF80110821182128213827A
:10C90000CE0101960E94DEB4F80180829182A2825B
:10C91000B382198A1A8A1B8A1C8A1D8A1E8A1F8A58
:10C92000188E198E1A8E1B8E1C8E80910307909183
:10C930000407892B61F49E012F5E3F4F40918507CC
:10C94000BE01635E7F4FCE0101960E942FA10E941F
:10C95000C09E7F100E94FAC4A0960FB6F894DEBF66
:10C960000FBECDBFDF91CF911F910F91FF90BF9070
:10C97000AF909F908F907F906F905F904F900895B1
:10C980000F931F93CF93DF9300D01F92CDB7DEB7E5
:10C9900005E1041B442361F082E090E0A0E0B0E0F8
:10C9A00089839A83AB83BC83CE0101960E94563162
:10C9B000E02FF0E086E0089F800111248091F10EC5
:10C9C00081110FC084EE9EE0B8010E94E732081B7F
:10C9D000190B0730110558F08CEC90E40E94AB3233
:10C9E000F6CFEF50F14F108281EF9EE0EDCF0F9028
:10C9F0000F900F900F90DF91CF911F910F9108959D
:10CA0000EF92FF920F931F93CF93DF9300D01F926B
:10CA1000CDB7DEB7982F862F7A01122F692F0E948B
:10CA20008D308823A9F120910107309102074091B0
:10CA3000FF065091000704E16091FE06C7010E94C5
:10CA4000453396E0899F7001112487E0E816F104D0
:10CA500038F08AEC90E40E94AB32E81AF90AF5CF7C
:10CA6000812F110F990BAA0BBB0B89839A83AB8380
:10CA7000BC838091FD069AE790937D1080937E1091
:10CA8000CE0101960E94563188EC90E40E94B432A7
:10CA90000F900F900F900F90DF91CF911F910F91FA
:10CAA000FF90EF900895EF92FF920F931F93CF9313
:10CAB000DF93FB01D081DD2331F17B018C016D2FF0
:10CAC000F9D9F801C189C195FFEFEF1AFF0AF70103
:10CAD00081917F01F801882339F09089C90FD82FFF
:10CAE000682FC801E7D9F3CFD03259F083899189F3
:10CAF000890F8C0FDF91CF911F910F91FF90EF90D5
:10CB000008958089F6CF80E0F5CF81E08093FC0620
:10CB10001092F8061092F9061092FA061092FB068F
:10CB200008952F923F924F925F926F927F928F92D1
:10CB30009F92AF92BF92CF92DF92EF92FF920F93AC
:10CB40001F93CF93DF9300D000D0CDB7DEB71C0189
:10CB50007A8369832B833C834D835E83270138016D
:10CB600081E08093F7060E94722F83E080936D022C
:10CB70003092F6062092F50689819A819093F40608
:10CB80008093F3068B819C81AD81BE818093EF06FB
:10CB90009093F006A093F106B093F2064092EB0654
:10CBA0005092EC066092ED067092EE06A092E706B7
:10CBB000B092E806C092E906D092EA06909241103F
:10CBC000809240108C8D9D8D9093E6068093E506B3
:10CBD0001092E40626960FB6F894DEBF0FBECDBFC6
:10CBE000DF91CF911F910F91FF90EF90DF90CF9049
:10CBF000BF90AF909F908F907F906F905F904F907D
:10CC00003F902F9008952F923F924F925F926F9294
:10CC10007F928F929F92AF92BF92CF92DF92EF92CC
:10CC2000FF920F931F93CF93DF9300D000D0CDB727
:10CC3000DEB71C017E836D83E982FA820B831C833D
:10CC4000CA01B9010F9462192B013C01ED81FE81EB
:10CC500060817181828193810F9462195B016C0103
:10CC6000A418B508C608D708C801B7010F946219FF
:10CC70007B018C01E418F508060917091F921F9221
:10CC80008AE4882E82E5982EA30192016D817E812F
:10CC9000C10147DF0F900F9026960FB6F894DEBFC4
:10CCA0000FBECDBFDF91CF911F910F91FF90EF90FD
:10CCB000DF90CF90BF90AF909F908F907F906F90BC
:10CCC0005F904F903F902F9008952F923F924F92F8
:10CCD0005F926F927F928F929F92AF92BF92CF920C
:10CCE000DF92EF92FF920F931F93CF93DF931C017C
:10CCF000EB01902E812ECA01B9010F94A2132AE0F4
:10CD000037ED43E25DE30F9403140F9462192B0196
:10CD10003C01688179818A819B810F94A2132AE06A
:10CD200037ED43E25DE30F9403140F9462195B0146
:10CD30006C01A418B508C608D70818E7E12E1FE053
:10CD4000F12E00E010E0E418F508060917098F92AB
:10CD50009F9290E4892E92E5992EA3019201BE0143
:10CD6000C101DFDE0F900F90DF91CF911F910F91E6
:10CD7000FF90EF90DF90CF90BF90AF909F908F90FB
:10CD80007F906F905F904F903F902F9008952F92DB
:10CD90003F924F925F926F927F928F929F92AF924B
:10CDA000BF92CF92DF92EF92FF920F931F93CF9398
:10CDB000DF9300D000D0CDB7DEB71C017E836D833A
:10CDC000CA01B901E982FA820B831C839C2C8D2C49
:10CDD00020E030E048EC52E40F9403142FE632E1F7
:10CDE00043E85AE30F941E180F9462192B013C017B
:10CDF00020E030E048EC52E4ED81FE8160817181F9
:10CE0000828193810F9403142FE632E143E85AE3C1
:10CE10000F941E180F9462195B016C01A418B508D9
:10CE2000C608D70820E030E048EC52E4C801B7015A
:10CE30000F9403142FE632E143E85AE30F941E18CF
:10CE40000F9462197B018C01E418F5080609170993
:10CE50008F929F928FE4882E82E5982EA3019201F3
:10CE60006D817E81C1015DDE0F900F9026960FB619
:10CE7000F894DEBF0FBECDBFDF91CF911F910F9110
:10CE8000FF90EF90DF90CF90BF90AF909F908F90EA
:10CE90007F906F905F904F903F902F9008958F926A
:10CEA0009F92AF92BF92CF92DF92EF92FF920F9339
:10CEB0001F937901F8019A01550F440B550BDB01C3
:10CEC000AD90BC900B2C000CCC08DD08A21AB30A64
:10CED000C40AD50A0F2C000C000B110BE21AF30A3E
:10CEE000040B150BFF93EF93E4E58E2EE2E59E2EE7
:10CEF00018DE0F900F901F910F91FF90EF90DF9031
:10CF0000CF90BF90AF909F908F9008958F929F92F7
:10CF1000AF92BF92CF92DF92EF92FF920F931F9347
:10CF2000CF93DF93EC01162F072F6091E00670E09E
:10CF300090E080E00F94A41329EC38EC48EC5EE319
:10CF40000F94031420E030E040E05FE30F941E18DC
:10CF50000F9462190F931F932CE2822E22E5922EDA
:10CF60005B016C0114E6E12EF12C00E010E020E002
:10CF700030E0A90160EE76E0CE01D3DD0F900F9096
:10CF8000DF91CF911F910F91FF90EF90DF90CF90A5
:10CF9000BF90AF909F908F900895CF92DF92EF92C5
:10CFA000FF920F931F9328EA30E441E0F901C59006
:10CFB000D590E590F490C616D706E806F90658F421
:10CFC0009695879577956795440F2C5F3F4F50E472
:10CFD000243C350759F74093DF066132710581051E
:10CFE000910568F4E8EAFCE36591749190E080E0D3
:10CFF0001F910F91FF90EF90DF90CF900895DC018B
:10D00000CB018097A109B109811528E09207A105FC
:10D01000B105C8F044E0949F900111242855374C85
:10D02000F901329645915491F90125913491662781
:10D03000859FF001849F000CE11DF61F11242E1B1B
:10D040003F0BB901D3CF8C019D01369527951795DC
:10D0500007950C7F0855134CF80125913491F80180
:10D06000329645915491682F6770649FC001659F07
:10D07000900D112443E0969587954A95E1F7281B7A
:10D08000390BDFCF282F30E0F901EE59F74C94919E
:10D09000F901E853FC4B44912E573C4BF901249184
:10D0A000222309F435C0992311F191509231F8F4FB
:10D0B000E92FF0E08827E05AF7418F4F0D940918C7
:10D0C00091E895E872E889E88DE877E898E89EE8C5
:10D0D000A2E8A8E8ACE8B0E8B6E8BAE877E8BEE8C5
:10D0E000C4E8C8E8809180008F7780938000E22FA9
:10D0F000F0E0EE0FFF1FE25BFC4BA591B4918FB700
:10D10000F894EC91611148C040954E234C938FBF29
:10D110000895809180008F7DE8CF80918000877F87
:10D12000E4CF84B58F7784BDE2CF84B58F7DFBCF0C
:10D130008091B0008F778093B000D9CF8091B000FC
:10D140008F7DF9CF809190008F7780939000CFCF23
:10D15000809190008F7DF9CF80919000877FF5CFEF
:10D160008091A0008F778093A000C1CF8091A00014
:10D170008F7DF9CF8091A000877FF5CF809120012E
:10D180008F7780932001B3CF809120018F7DF9CFDD
:10D1900080912001877FF5CF4E2BB8CF8F929F9241
:10D1A000AF92BF92CF92DF92EF92FF926B017C0120
:10D1B0000E94FBDE4B015C01C114D104E104F104C7
:10D1C000B9F00E94FBDE681979098A099B09683E5B
:10D1D00073408105910580F321E0C21AD108E1086E
:10D1E000F10888EE880E83E0981EA11CB11CE4CFE4
:10D1F000FF90EF90DF90CF90BF90AF909F908F9077
:10D2000008952FB7F8946091DE117091DF1180912D
:10D21000E0119091E1112FBF0895CF92DF92EF922C
:10D22000FF92EFDF6B017C0128E5C20E22E0D21EE7
:10D23000E11CF11C0E94F26A8F3F69F0E2DF6C1979
:10D240007D098E099F0997FDF5CF80E0FF90EF9053
:10D25000DF90CF90089581E0F9CF0F931F93CF9384
:10D260008C010E94728DD9DFC82F81110BC082E121
:10D27000F8018483C8010E947E8D8C2FCF911F916D
:10D280000F9108958DEF0E94ED6AC7DFC82FF2CF8E
:10D290001F920F920FB60F9211242F933F938F93EB
:10D2A0009F93AF93BF938091DE119091DF11A09176
:10D2B000E011B091E1113091DD1123E0230F2D3702
:10D2C00058F50196A11DB11D2093DD118093DE114B
:10D2D0009093DF11A093E011B093E1118091E211DE
:10D2E0009091E311A091E411B091E5110196A11D77
:10D2F000B11D8093E2119093E311A093E411B093D8
:10D30000E511BF91AF919F918F913F912F910F9018
:10D310000FBE0F901F90189526E8230F0296A11DAF
:10D32000B11DD2CF1F920F920FB60F9211240BB6E0
:10D330000F922F933F934F935F936F937F938F93AE
:10D340009F93AF93BF93EF93FF938091BB06909110
:10D35000BC06A091BD06B091BE06892B8A2B8B2BF3
:10D36000E1F19091BA06E091B806F091B90680819A
:10D37000892780838091BB069091BC06A091BD0651
:10D38000B091BE06181619061A061B069CF4809169
:10D39000BB069091BC06A091BD06B091BE06019758
:10D3A000A109B1098093BB069093BC06A093BD066A
:10D3B000B093BE06FF91EF91BF91AF919F918F9176
:10D3C0007F916F915F914F913F912F910F900BBE85
:10D3D0000F900FBE0F901F90189580913A02E7EFC3
:10D3E000F5E3E4919FEF90933A02E230E1F038F4F4
:10D3F000EE2381F0E13089F060E044DEDBCFE43001
:10D4000049F110F1E530C1F7909173009D7F909341
:10D410007300F2CF10926E00EFCF90916F009D7F5E
:10D4200090936F00E9CF909170009D7F9093700072
:10D4300091E09093B0009091B100987F94609093A8
:10D44000B1001092B300D8CF909171009D7F90935E
:10D450007100D2CF909172009D7F90937200CCCFDB
:10D46000FC01DB0111968C9111972281821770F1DA
:10D470009381981758F14C919581491738F5149676
:10D480005C910680F781E02D821B883018F0E90F4F
:10D49000F11D8770969596959695642F677020E894
:10D4A00030E002C0359527956A95E2F7989F802D68
:10D4B0001124469546954695840F9927991FE80FA4
:10D4C000F91F8081552319F0282B2083089520957A
:10D4D0002823FBCFDB01ED91FC9119940F931F934F
:10D4E000CF93DF931F92CDB7DEB700914810109114
:10D4F0004910E0917710F091781082E0199530E0B2
:10D5000020E04AE0B80186E490E1E4DF182FE091E2
:10D510007710F091781083E01995E0917710F091F1
:10D52000781080E01995112399F16091481070915D
:10D5300049109E012F5F3F4F46E486E490E1CADF29
:10D5400089818093461060914810709149109E0126
:10D550002F5F3F4F47E486E490E1BCDF89818093F1
:10D560004710609148107091491030E020E048E485
:10D5700086E490E1AFDF8093511060914810709184
:10D58000491029E730E147E186E490E1A3DF11E0AB
:10D59000812F0F90DF91CF911F910F910895DF920E
:10D5A000EF92FF920F931F93CF93DF93182F062FC5
:10D5B000C42FD42FF62EF40EEE24E394DD24DA9457
:10D5C0008F2D8D1BD83088F58C2F887F800F9C2F56
:10D5D00096959695969528EF929FC00D1124CC2391
:10D5E000C1F197E0C92760914810709149101093DC
:10D5F00062108093631081E080936510CF5FC770E5
:10D600008FEF90E001C0880FCA95EAF7809364100D
:10D6100022E630E14BE386E490E1DF91CF911F9168
:10D620000F91FF90EF90DF9055CF6091481070916F
:10D6300049101093621080936310E0926510D092AD
:10D64000641022E630E14BE386E490E143DFD850FA
:10D65000B7CFDF91CF911F910F91FF90EF90DF90A7
:10D660000895AF92BF92CF92DF92EF92FF920F9305
:10D670001F93CF93DF93EC01E62EF42E122F022F8F
:10D68000D62ED20ECC24CA945C012CE1A20EB11C81
:10D690008D2D801B083068F5812F887F8E0D912F8E
:10D6A00096959695969528EF929F100D112411232B
:10D6B00061F197E019276A817B818C8FFD8E1F8E27
:10D6C0001F5F17708FEF90E001C0880F1A95EAF77F
:10D6D0008E8F9E01245E3F4F4BE3CE01DF91CF91B1
:10D6E0001F910F91FF90EF90DF90CF90BF90AF9080
:10D6F000F1CE6A817B818C8FFD8E1F8ECE8E95013F
:10D700004BE3CE01E7DE0850C3CFDF91CF911F91ED
:10D710000F91FF90EF90DF90CF90BF90AF90089562
:10D720000F93CF93C82F01E020E8482F60E086E4F4
:10D7300090E10E94F8DF882341F020E84C2F60E060
:10D7400086E490E1CF910F918CCFCF910F91089506
:10D75000FF920F931F93CF93DF93D82F162FF42EA2
:10D76000C22F022F242F462F682F86E490E10E94BB
:10D77000F8DF8823E9F02F2D412F6D2F86E490E10B
:10D7800070DF4C2F612F8D2F0ADF8FEF8F0D4C2F05
:10D79000612F8D0F04DF4FEF4C0F410F2F2D6D2F99
:10D7A00086E490E1DF91CF911F910F91FF9059CFC7
:10D7B000DF91CF911F910F91FF900895DF92EF922B
:10D7C000FF920F931F93CF93DF937C01162FC42FEB
:10D7D000D22ED02F0E94F8DF882349F0DC0F2D2DA8
:10D7E0004C2F612FC7013DDFCF5FDC13F8CFDF91F6
:10D7F000CF911F910F91FF90EF90DF900895EF92DE
:10D80000FF920F931F93CF93DF93C82F7B01142FA9
:10D81000CB010E94E3CF26E0C29FE0011124112337
:10D8200081F091E090936610829F900111242E5F09
:10D830000CE042E36C2F615086E490E1BFDF109270
:10D840006610A7016CE38C2F0E94AE32112319F0F1
:10D8500081E080936610DF91CF911F910F91FF902F
:10D86000EF900895EF92FF921F93CF93DF93EC0117
:10D87000EE85FF85309709F01995EA80FB80E9A9CC
:10D88000FAA982E01995E9A9FAA981E0199530E091
:10D8900020E045E1B701CE011DDE182F882339F0C5
:10D8A0009E012D5C3F4F47E1B701CE0113DEE9A990
:10D8B000FAA980E01995812FDF91CF911F91FF90F8
:10D8C000EF900895DC0114968D919C911597861721
:10D8D000970709F43CC015967C936E9314976115D5
:10D8E000710579F157968C915797FB01811130C0E2
:10D8F0003596E4915896EC935897645F7F4FFB01FF
:10D90000649159966C93599758968C915897082E14
:10D91000000C990B59962C915997821B910927FD60
:10D9200093955A962C915A97203441F0829FC001CA
:10D93000112426E0969587952A95E1F75B968C93BE
:10D940005B978EE49FED56969C938E935597089522
:10D95000813041F43F96E4915896EC935897605F7C
:10D960007F4FCDCF3D96E4915896EC935897625FE8
:10D970007F4FC5CF5F926F927F928F929F92AF92AF
:10D98000BF92CF92DF92EF92FF920F931F93CF93AC
:10D99000DF93EC01562E142F622F0E945ADF6C0188
:10D9A00080E0C114D104B1F08C819D810E9450DFD0
:10D9B000B82EFB88EC888989580E1E198A89181B95
:10D9C0000E2D2F2D412F652DCE010E94F8DF8111E4
:10D9D00011C08889DF91CF911F910F91FF90EF9037
:10D9E000DF90CF90BF90AF909F908F907F906F907F
:10D9F0005F900895CB0CD11C87E0F80EF694F69456
:10DA0000F694E10E4E01ECE18E0E911C6F2C712C00
:10DA10001E15F9F2052D560110C0F50184916A8199
:10DA20007B810C8F1D8F1F8E8E8F94014BE3CE0157
:10DA300051DDFFEFAF1ABF0A085F8A2D8C198F15D1
:10DA400060F3C60CD71C1F5FE3CFFF920F931F93A9
:10DA5000CF93DF93D82FF62E8A01E0915B10F091DF
:10DA60005C1086E490E11995F80EC0E0F80124916D
:10DA7000222351F04F2D6D2F86E490E17BDFD80FEC
:10DA8000C80F0F5F1F4FF2CF8C2FDF91CF911F91E7
:10DA90000F91FF9008954F925F926F927F928F92B5
:10DAA0009F92AF92BF92CF92DF92EF92FF920F932D
:10DAB0001F93CF93DF93EC01562E142F622E402E2E
:10DAC000220F220F220F0E94F8DF882319F1410E46
:10DAD0004E018CE1880E911CA62CB12C6701762C8E
:10DAE000052D11C0F60184916A817B810C8F1D8FF9
:10DAF0001F8E8E8F94014BE3CE01ECDCFFEFCF1A2B
:10DB0000DF0A7A94085F7110EDCFEA0CFB1C1F5FEF
:10DB10004112E4CFDF91CF911F910F91FF90EF90D1
:10DB2000DF90CF90BF90AF909F908F907F906F903D
:10DB30005F904F900895CF93DF93EC0189918823F4
:10DB400019F00E94095CFACFDF91CF91089580917E
:10DB5000991184FF04C08460877F80939911089590
:10DB6000CF92DF92EF92FF920F931F93CF93DF93A9
:10DB7000CDB7DEB7EDB6FEB6DC010D900020E9F7BB
:10DB80009D01281B390B285F3F4FEDB7FEB7E21B05
:10DB9000F30B0FB6F894FEBF0FBEEDBF0DB71EB767
:10DBA0000F5F1F4F9F938F9389E095E39F938F9310
:10DBB0001F930F930F9437136801F4E0CF0ED11C1D
:10DBC0000F900F900F900F900F900F90D6018D91A6
:10DBD0006D01882349F0082E000C990B0F94121C3C
:10DBE000F60131978083F2CF64E075E3C8010F94AA
:10DBF000D0124FE350E0B8018CE991E10F946A1C18
:10DC00000FB6F894FEBE0FBEEDBEDF91CF911F910F
:10DC10000F91FF90EF90DF90CF900895FC019385D6
:10DC200091FF02C080E00895987121E0903109F0E1
:10DC300020E08091991120FB85F980939911903112
:10DC400041F08085873471F781E091859E3751F3EB
:10DC5000089581E0FDCFFC0120E03EE2DB014D9123
:10DC6000BD01403249F0283011F430833196DB0198
:10DC700011974C91408331962F5F2B3079F71082AA
:10DC80000895CF938091BD14C1E08823C9F080919D
:10DC9000BE149091BF144091B5145091B614609188
:10DCA000B7147091B814DC01ED91FC910288F389EE
:10DCB000E02D25EB32E11995C82F811104C0C0E099
:10DCC0008C2FCF9108954091B9145091BA1460915E
:10DCD000BB147091BC144115510561057105B9F073
:10DCE0008091BE149091BF14DC01ED91FC910288EB
:10DCF000F389E02D25EB32E11995882301F3109289
:10DD0000B9141092BA141092BB141092BC14109251
:10DD1000BD14D6CFCF92DF92EF92FF92CF936B01DB
:10DD20007C01C42F8091B5149091B614A091B714C2
:10DD3000B091B8148C159D05AE05BF0519F1A1DF92
:10DD4000811107C080E0CF91FF90EF90DF90CF90DE
:10DD500008958091BE149091BF14DC01ED91FC9167
:10DD60000088F189E02D25EB32E1B701A601199574
:10DD7000882341F3C092B514D092B614E092B71440
:10DD8000F092B81481E0CC23F1F28093BD14DBCF84
:10DD90008F929F92AF92BF92CF92DF92EF92FF92BB
:10DDA000CF93DF939093BF148093BE141092D71437
:10DDB00082E090E0A0E0B0E08093C0149093C114A2
:10DDC000A093C214B093C3141092BD141092B9144E
:10DDD0001092BA141092BB141092BC148FEF9FEFE4
:10DDE000DC018093B5149093B614A093B714B0934C
:10DDF000B814662309F46EC040E060E070E0CB0127
:10DE000089DF81110DC0C0E08C2FDF91CF91FF9091
:10DE1000EF90DF90CF90BF90AF909F908F9008953C
:10DE2000809173148F7779F780917F14909180148B
:10DE3000A0918114B091821484369105A105B10599
:10DE400010F3C0907B14D0907C14E0907D14F0907F
:10DE50007E14C114D104E104F104A9F240E0C70129
:10DE6000B60158DFC82F882371F28091C0129091BB
:10DE7000C1128115924039F6A091C512AA2319F258
:10DE80006091C3127091C4126115710509F4BBCF82
:10DE90002091C212222309F4B6CFA093D21420936A
:10DEA000C41490E080E030E0E1E0F0E0D82FAF0172
:10DEB000082E02C0440F551F0A94E2F724173507B5
:10DEC00069F041E0480F01968930910579F7409358
:10DED000CD1499CFC12CD12C7601C0CF8093CD1415
:10DEE0002091CB123091CC1250E040E02115310549
:10DEF00041F42091D9123091DA124091DB12509105
:10DF0000DC122093C5143093C6144093C714509369
:10DF1000C81446015701860E971EA11CB11C8092A1
:10DF2000D3149092D414A092D514B092D614E09148
:10DF3000C612F091C712F093D914E093D814B0E050
:10DF40000F94B617DC01CB01880D991DAA1DBB1DCE
:10DF50008093DA149093DB14A093DC14B093DD1457
:10DF600025E0EE0FFF1F2A95E1F7E150FE4FEF2F5E
:10DF7000FF27E6958E0F9F1FA11DB11D8093CE1424
:10DF80009093CF14A093D014B093D1148090C81262
:10DF90009090C912B12CA12C8114910441F480906D
:10DFA000D5129090D612A090D712B090D812C81A5D
:10DFB000D90AEA0AFB0AC80CD91CEA1CFB1C04C0DB
:10DFC000F694E794D794C794DA95D2F7C092C9141F
:10DFD000D092CA14E092CB14F092CC1485EFC816FC
:10DFE0008FE0D806E104F10420F48CE08093D7148C
:10DFF0000ACF80E125EFC2162FEFD206E104F1042B
:10E0000088F08091E1129091E212A091E312B09118
:10E01000E4128093DA149093DB14A093DC14B09391
:10E02000DD1480E28093D714EFCE4F925F926F920F
:10E030007F928F929F92AF92BF92CF92DF92EF9298
:10E04000FF920F931F93CF93DF93EC014230510562
:10E050006105710590F480E0DF91CF911F910F91E0
:10E06000FF90EF90DF90CF90BF90AF909F908F90F8
:10E070007F906F905F904F90089589859A85AB85CA
:10E08000BC850196A11DB11D84179507A607B7078A
:10E0900010F38F898031C1F5852E962EA72EBB24D3
:10E0A0008B899C89AD89BE89880E991EAA1EBB1ECC
:10E0B000280139016A017B0141E0C501B4012ADE72
:10E0C000882349F29F89903181F5DD24EE24FF24D5
:10E0D000F601EE0FFF1FEB54FD4E118300839A896A
:10E0E000923008F4B9CF4D815E816F817885840EBE
:10E0F000951EA61EB71E8092B9149092BA14A092D3
:10E10000BB14B092BC14A8CF803209F0A4CF8B8985
:10E110009C89AD89BE894A015B01E7E0B694A7946A
:10E1200097948794EA95D1F7BFCFE894C7F8DD2498
:10E13000EE24FF24F601EE0FFF1FEE0FFF1FEB543E
:10E14000FD4E4082518262827382C9CFCF92DF92AC
:10E15000EF92FF920F931F93CF93DF93FC01818582
:10E160009285A385B4850196A11DB11D84179507DD
:10E17000A607B70750F480E0DF91CF911F910F9170
:10E18000FF90EF90DF90CF90089587898031A9F5B7
:10E19000BB27A72F962F852FC388D488E588F688BC
:10E1A0008C0D9D1DAE1DBF1DE9016A017B018F0114
:10E1B0004091B5145091B6146091B7147091B81491
:10E1C00084179507A607B70749F5F80187898031B5
:10E1D00061F5B701A601552766277727440F551F1C
:10E1E0004B545D4EFA0180819181B0E0A0E08883BC
:10E1F0009983AA83BB8381E0BFCF803209F0BBCF74
:10E20000C388D488E588F688DB01CA01C7E0B695E3
:10E21000A79597958795CA95D1F7C2CF40E0BC01E5
:10E22000CD0178DD8111D1CFA6CFB701A6014F77FF
:10E23000552766277727440F551F440F551F4B540A
:10E240005D4EFA0180819181A281B381BF70CFCFF1
:10E250004F925F926F927F92AF92BF92CF92DF9276
:10E26000EF92FF920F931F93CF93DF9300D01F92F3
:10E27000CDB7DEB78C0149835A836B837C83590108
:10E28000C12CD12C7601412C82E0582E612C712CAE
:10E2900049815A816B817C819E012F5F3F4FC8016C
:10E2A00055DF882319F1F8018585A301920104C087
:10E2B000220F331F441F551F8A95D2F7DA01C90177
:10E2C000C80ED91EEA1EFB1E49815A816B817C81D2
:10E2D00087898031F1F481E0483F5F4F6105710526
:10E2E000B8F2F501C082D182E282F3820F900F90E2
:10E2F0000F900F90DF91CF911F910F91FF90EF90B2
:10E30000DF90CF90BF90AF907F906F905F904F90D5
:10E31000089581E0483F5F4F6F4F7F4008F4B8CFCA
:10E32000E0CF0F931F93CF93DF93FC012381222330
:10E3300031F080E0DF91CF911F910F9108958B0113
:10E34000EC01FB018789803139F582E08B831D8ADE
:10E350001E8A1F8A188E808D918DB0E0A0E025E086
:10E36000880F991FAA1FBB1F2A95D1F7898B9A8BFB
:10E37000AB8BBC8B1A8F098F81E089831886198635
:10E380001A861B861C821D821E821F82188A1C868A
:10E390001D861E861F86CECF803259F683E08B8382
:10E3A000428D538D648D758D4D8B5E8B6F8B788F09
:10E3B0009E012F5E3F4FC8014BDF8111DBCFB9CFEC
:10E3C0003F924F925F926F927F928F929F92AF9205
:10E3D000BF92CF92DF92EF92FF920F931F93CF9352
:10E3E000DF93CDB7DEB72C970FB6F894DEBF0FBE24
:10E3F000CDBF5C01DC0159968D909C90F401818524
:10E400009285A385B4859C01AD012F5F3F4F4F4F8F
:10E410005F4F29873A874B875C87D50114964D90CB
:10E420005D906D907C9017974114510461047104C4
:10E4300009F458C0BFEF4B1A5B0A6B0A7B0A312CF8
:10E44000730162011D821E821F821886F40181857C
:10E450009285A385B4852D813E814F8158852817EB
:10E4600039074A075B0708F054C089859A85AB8550
:10E47000BC858C159D05AE05BF0550F482E0C82E05
:10E48000D12CE12CF12C92E0492E512C612C712CD5
:10E490009E012F5F3F4FB701A601C40157DE8823BD
:10E4A000C1F189819A81AB81BC81892B8A2B8B2B0D
:10E4B00001F1260137019FEF491A590A690A790AC1
:10E4C0002D813E814F8158852F5F3F4F4F4F5F4FCA
:10E4D0002D833E834F8358873FEFC31AD30AE30A45
:10E4E000F30AB4CF40805180628073803324339428
:10E4F000A7CFC414D504E604F70411F70FEF1FEFFC
:10E500002FEF3FE0B701A601C4018FDD782E811106
:10E510001AC0712C872D2C960FB6F894DEBF0FBE53
:10E52000CDBFDF91CF911F910F91FF90EF90DF90C2
:10E53000CF90BF90AF909F908F907F906F905F90A3
:10E540004F903F900895F501448155816681778110
:10E55000411551056105710531F097018601C4012E
:10E5600064DD8823B1F2D5011496CD92DD92ED924F
:10E57000FC921797332051F0D701C6010196A11DD7
:10E58000B11DF40180839183A283B383F501858952
:10E590009689A789B08D892B8A2B8B2B09F0BACF4E
:10E5A000C58AD68AE78AF08E818180688183B2CF5E
:10E5B0002F923F924F925F926F927F928F929F9293
:10E5C000AF92BF92CF92DF92EF92FF920F931F9381
:10E5D000CF93DF93EC014B017A018B81811115C040
:10E5E0008FEF9FEFDF91CF911F910F91FF90EF90F1
:10E5F000DF90CF90BF90AF909F908F907F906F9063
:10E600005F904F903F902F900895898180FFE8CFD1
:10E6100089899A89AB89BC89488559856A857B85B2
:10E62000841B950BA60BB70BA70170E060E0841765
:10E630009507A607B70708F47C0167011E0124E0CF
:10E64000220E311CC114D10409F4A7C04885598594
:10E650006A857B855A0181E0B822898D9A8D2A01CD
:10E660003B0129E076946794579447942A95D1F713
:10E670002B81FC01223079F5628D738D848D958D0F
:10E68000640D751D861D971D00E012E00A191B0917
:10E69000C016D10608F486010115E2E01E0771F4E8
:10E6A0004090B5145090B6146090B7147090B814A0
:10E6B000641575058605970509F04CC040E02ADB16
:10E6C000882309F48DCFB5016B547D4EA801C40198
:10E6D0000F94271C51C0148111501421A114B104AE
:10E6E00071F411110CC0452B462B472B51F58D8928
:10E6F0009E89AF89B88D8C839D83AE83BF83E98D5E
:10E70000FA8D4C805D806E807F8022E0421A510835
:10E7100061087108858504C0440C551C661C771C73
:10E720008A95D2F786859785A089B189480E591EAA
:10E730006A1E7B1EC301B201610F711D811D911DF7
:10E74000A3CF4C815D816E817F819101FFDC8111BE
:10E75000D6CF46CFA091BE14B091BF14ED91FC91DD
:10E7600011970088F189E02D9401AB01BC01CD0126
:10E770001995882309F434CF800E911E88859985D8
:10E78000AA85BB85800F911FA11DB11D8887998720
:10E79000AA87BB87C01AD10A55CFC70123CFBF9222
:10E7A000CF92DF92EF92FF920F931F93CF93DF935D
:10E7B000EB01FC012381223008F49CC04085518587
:10E7C000628573854F71552766277727452B462B22
:10E7D000472B09F08FC08C011092F20E1092F10EAF
:10E7E000C12CDD24DA947E01FBE0EF0EF11C8DE0FC
:10E7F000B82E40E250E0BE01C801DADE8032910559
:10E8000081F021E0892B09F420E0822F8195DF91AE
:10E81000CF911F910F91FF90EF90DF90CF90BF901D
:10E8200008952881222309F467C0253E11F02E3275
:10E8300029F41092F20E1092F10EDBCF3B853F735C
:10E840003F3009F042C04A8D5B8D452B61F52F7139
:10E850003FEF320F323038F58D85213041F1C8124B
:10E8600029C02150330BB29EC001B39E900D1124DC
:10E87000DC01AF50B14FFE0120E02B30F0F04681BB
:10E8800057814F3F510519F010F04FE550E04D937F
:10E890002F5F32962D3089F7288126FF04C0FC01B6
:10E8A000E250F14F10822B8523FDA3CFB0CFC82EAD
:10E8B000D12CD7CFDD24D394D4CF253018F0448188
:10E8C0005581DFCF41815281DCCFD1100EC0FE01D6
:10E8D00020E020FB279527F93191230FEE16FF0644
:10E8E000C1F7C21601F3DD24D3941092F20E1092F8
:10E8F000F10ED9CF8FEF8BCF80E089CF8F929F928F
:10E90000AF92BF92CF92DF92EF92FF920F931F933D
:10E91000CF93DF93EC018B8181110EC080E0DF91FA
:10E92000CF911F910F91FF90EF90DF90CF90BF900C
:10E93000AF909F908F90089509891A892B893C89FF
:10E94000041715072607370748F34A015B01823091
:10E9500031F488869986AA86BB8681E0E0CF81144F
:10E960009104A104B10449F4188619861A861B86FD
:10E970001C821D821E821F82F0CF088519852A8580
:10E980003B85E98DFA8D858590E00996B901A8014E
:10E990004150510961097109082E04C076956795A7
:10E9A000579547950A94D2F775016401E1E0CE1AB4
:10E9B000D108E108F10804C0F694E794D794C7940D
:10E9C0008A95D2F7C416D506E606F70620F0012B85
:10E9D000022B032B09F58D899E89AF89B88D8C8315
:10E9E0009D83AE83BF838E010C5F1F4FC114D10482
:10E9F000E104F10409F4ADCF4C815D816E817F812A
:10EA00009801898D9A8DA2DB91E0C91AD108E1089D
:10EA1000F1088111EBCF82CFC41AD50AE60AF70AB2
:10EA2000E2CFCF93DF93EC01462F41706C857D855B
:10EA30008E859F856FD9882351F0888920E2829F37
:10EA4000C00111248B549D4EDF91CF91089590E029
:10EA500080E0FACFCF93DF93EC018B81882339F1EB
:10EA6000898187FF21C061E0CE01DBDFFC01892BBA
:10EA7000F1F08081853ED9F08B81823040F4898924
:10EA80009A89AB89BC89848F958FA68FB78F8D8922
:10EA90009E89938F828F8D899E89AF89B88DB58B22
:10EAA000A48B89818F778983DF91CF91EAC881E038
:10EAB000888380E0DF91CF9108958F929F92AF92EB
:10EAC000BF92CF92DF92EF92FF920F931F93CF935B
:10EAD000DF9300D01F92CDB7DEB7FC018381813078
:10EAE00091F080E00F900F900F900F90DF91CF91F9
:10EAF0001F910F91FF90EF90DF90CF90BF90AF905C
:10EB00009F908F900895818181FFEBCF81899289B9
:10EB1000A389B489892B8A2B8B2B09F45BC07F01D5
:10EB200040E050E0BA01CF01E9DE8823D1F2F701DD
:10EB3000C18CD28C85889688A788B08C82E090E0C2
:10EB4000A0E0B0E0F60180839183A283B3839E01AD
:10EB50002F5F3F4FB501A401C601F8DA882309F4FD
:10EB6000C0CF00E010E09801B501A401C6015DDA54
:10EB7000882309F4B6CF89809A80AB80BC80F601E7
:10EB800087898031F1F4F8EF8F16FFEF9F06A1041B
:10EB9000B104E8F2F701158A168A178A108E118AD5
:10EBA000128A138A148A818180688183C70152DFA7
:10EBB000882309F496CF40E050E0BA01C7019EDEF9
:10EBC00091CF88EF88168FEF9806A8068FE0B806D9
:10EBD00008F7BDCF81E086CFCF93DF93EC013ADF1A
:10EBE0001B82DF91CF9108958FE39FE033DF8FE3A6
:10EBF0009FE0F2DF809199118D7F8E7F8093991134
:10EC000010929511109296111092971110929811DE
:10EC10000895809199118F77809399110E941255D0
:10EC2000882319F08FE39FE0D7CF0895CF93C09149
:10EC30009911C2FF1BC0C7FD19C00E94125580FB6D
:10EC4000C7F9C0939911809199118F7E8064809348
:10EC500099118FEF9FEF90933902809338020E94B1
:10EC6000D35E82EF94E3CF910C94105CD2DFEBCFB4
:10EC7000CF93DF93809199118F7E809399118FEFBD
:10EC80009FEF90933902809338028091780F882308
:10EC900019F085E79FE0A0DF8091E7149091E814D8
:10ECA000DC01ED91FC910190F081E02D45E360E005
:10ECB0001995811112C00E94D35E86EE94E30E94E2
:10ECC000105C8091991184FF31C00E941AE083E0AA
:10ECD00080936D02DF91CF910895C091E714D09198
:10ECE000E81461E0CE0154D881110AC060E0CE0181
:10ECF0004FD8811105C00E94D05E82ED94E3DFCF32
:10ED000060EC74E185E79FE00CDB811105C00E9497
:10ED1000D05E81EC94E3D3CF809199118061809390
:10ED200099110E94D35E85EB94E3C9CF8091A70728
:10ED3000882369F261E08EE994E30E94BF2F0E946C
:10ED40000C3AC5CFCF93DF93EB01FC012381211156
:10ED500004C080E0DF91CF9108952250223028F442
:10ED60008FE28883198281E0F5CF60E05ADE009758
:10ED700081F3DC0160E080E09EE22D91203299F089
:10ED8000883031F49E01260F311DF90190836F5FA9
:10ED90009E01260F311DAD0141505109FA014081FC
:10EDA000F90140836F5F8F5F8B3039F7FE01E60F0B
:10EDB000F11D1082D8CFCF93DF93EC01CB01E88116
:10EDC000F98160817181BEDF28813981D901ED919E
:10EDD000FC91AA81BB818C919081992359F089364D
:10EDE000C8F4CF010196F901918380838C918F5FE4
:10EDF0008C93EACF893670F48FE28083E881F981C1
:10EE000080819181019691838083EA81FB81808159
:10EE10008F5F8083DF91CF91089540E050E0BA0189
:10EE20006DCDFC0123812111D7CE08952F923F9201
:10EE30004F925F926F927F928F929F92AF92BF920A
:10EE4000CF92DF92EF92FF920F931F93CF93DF93B6
:10EE5000CDB7DEB7C454D1090FB6F894DEBF0FBEEC
:10EE6000CDBF7C014B015A01222E19821C821C8EBF
:10EE70001F8E6115710511F410E0ADC1DC01139610
:10EE80008C918111F9CFFA0180818B018F32C9F405
:10EE9000DB0113968C9113978250823058F059966B
:10EEA0006D917C91CE014C963CDA8E01045E1F4F31
:10EEB000882311F3C5015C010196F50120812F32F1
:10EEC000D1F39E012F5F3F4F6901290130E2332EBC
:10EED0002496CFAE24972596DFAE25973E013CE1E0
:10EEE000630E711C22963FAE229721963FAE21976A
:10EEF0003FAE3EAE3DAE3CAE3BAE3AAE39AE38AEC6
:10EF00003FAA950190E047E0D9018D91882361F1F6
:10EF10008F3251F18E3239F44A3009F4ADCF98E096
:10EF20004AE09D01F1CFEEE8F4E32491222321F0A1
:10EF300031968213FACFA0CF491708F49DCF8132C2
:10EF400008F49ACF8F3709F497CF3FE9380F3A3159
:10EF500008F420EEE7E3F0E0EC0FFD1FE90FF11DF0
:10EF6000820F80839F5FDDCF8FA9803209F484CF29
:10EF70005901D9018C912F5F3F4F8F32C9F38823FC
:10EF8000A1F00815190511F0C80126DE24969FADE1
:10EF9000249725968FAD25974C145D0411F4962D7A
:10EFA000872D8601C92ED82E9DCFF801818D928D97
:10EFB000D7015A969C938E935997C8012EDFC12C86
:10EFC000F80180859185A285B3854189528963893D
:10EFD000748984179507A607B70708F052C025E083
:10EFE000B695A795979587952A95D1F7F82FFF7035
:10EFF000DF2ED80113968C91823008F43DCF41E08A
:10F0000050E0BE016E5B7F4FC801D2DA019709F074
:10F0100033CFF80180859185A285B3854F96A11DD8
:10F02000B11D80879187A287B387F0E2DF9EB00190
:10F0300011246B547D4E6115710509F41DCFDB0160
:10F040008C91882341F0853E09F04CC0CC2029F0FA
:10F05000CC24C394B5CFC1100EC08091B51490914B
:10F06000B614A091B714B091B814F70184879587AE
:10F07000A687B787D08ADB018C918111E9CFCC2498
:10F08000C394822D8274823409F0F6CECC2009F428
:10F09000C3C0F701D08861E0C701C3DC009709F461
:10F0A000EBCE20E2DC011D922A95E9F72BE0FE0170
:10F0B000F796DC0101900D922A95E1F721E238E202
:10F0C000FC01318B208B40E058E057874687338B1B
:10F0D000228B318F208F578B468B0E9441EE8111FE
:10F0E0000AC0CACE4BE050E0CE01C7960F941A1C5E
:10F0F000892B09F065CF2D2D30E0F901B5E0EE0F39
:10F10000FF1FBA95E1F7DF01AB54BD4E1B968C9102
:10F11000817121F0822D827109F01CC1D7015996AD
:10F120008D919C915A974091B5145091B61460916D
:10F13000B7147091B8141C964D935D936D937C93A6
:10F140001F975096DC925097EB54FD4E848895881B
:10F15000B12CA12C54019924882455968D929D920E
:10F16000AD92BC925897428D538D70E060E0482973
:10F1700059296A297B2955964D935D936D937C930C
:10F180005897A5E0220F331FAA95E1F7D901AB5498
:10F19000BD4E1B962C91287109F0CEC0848D958DA3
:10F1A000A68DB78DF701818B928BA38BB48B81E0F9
:10F1B0008383822D8F70F7018183148215821682DA
:10F1C0001782108611861286138611E024FE03C072
:10F1D000C70173DC182FCE014C9623DECE010196B9
:10F1E00020DE812FCC5BDF4F0FB6F894DEBF0FBE61
:10F1F000CDBFDF91CF911F910F91FF90EF90DF90E6
:10F20000CF90BF90AF909F908F907F906F905F90C6
:10F210004F903F902F900895D80113968C9113979B
:10F22000823009F429CE51968D919D910D90BC911B
:10F23000A02D803E9F4FAF41B10508F01DCEC80103
:10F24000BFD8882309F418CE0E9441EE882309F420
:10F2500013CED8015996ED91FC915A9714968D9042
:10F260009D90AD90BC901797B2E08B1A9108A108C1
:10F27000B108858504C0880C991CAA1CBB1C8A9502
:10F28000D2F786859785A089B189880E991EAA1E16
:10F29000BB1E81E08093BD148092B5149092B61489
:10F2A000A092B714B092B814E5EBF2E180E092E0DE
:10F2B000DF019C011D9221503040E1F7DD24D39401
:10F2C000D8015996ED91FC918481D816C0F48091B3
:10F2D000BE149091BF14DC01ED91FC910288F3897A
:10F2E000E02D25EB32E1B501A4014D0D511D611D4D
:10F2F000711D1995882309F4BFCDD394E1CF2585DD
:10F3000080E092E0A0E0B0E004C0880F991FAA1F3F
:10F31000BB1F2A95D2F7F801418952896389748904
:10F32000840F951FA61FB71F818B928BA38BB48B65
:10F3300085EB92E1D12CB5CE203161F497012F5E9F
:10F340003F4F0E9428F1882329F084E0D7011396CB
:10F350008C932FCFD70113961C928ECD0F931F93B2
:10F36000CF93DF93CDB7DEB7EB970FB6F894DEBF40
:10F370000FBECDBF809138029091390297FF24C013
:10F380008BE1EAE5FFE0DE01919601900D928A950E
:10F39000E1F7CE01819641DD10E000E0BE016F5F34
:10F3A0007F4FCE018196FBD918163CF4CE01019611
:10F3B0000E940EEE080F111DF1CF10933902009339
:10F3C0003802CE0181962DDD80913802909139026C
:10F3D000EB960FB6F894DEBF0FBECDBFDF91CF9195
:10F3E0001F910F9108950F931F93CF93DF93CDB784
:10F3F000DEB7EB970FB6F894DEBF0FBECDBF8C0122
:10F400008AE59FE00ADD8BE1EAE5FFE0DE01919607
:10F4100001900D928A95E1F7BE016F5F7F4FCE019B
:10F420008196BDD91816A4F4CE0101960E940EEE65
:10F43000882391F3BE016F5F7F4F84EE9EE00E94B0
:10F440002BEE64EE7EE0C8010F94371C892B21F768
:10F45000CE018196E6DCEB960FB6F894DEBF0FBEC8
:10F46000CDBFDF91CF911F910F910895EF92FF9241
:10F470000F931F93CF93DF93EC01E62E8A0160E098
:10F4800072E0CA010E945B8DF82E892FEEBCF80154
:10F4900098013E5F0DB407FEFDCF90819EBD0DB477
:10F4A00007FEFDCF91819EBD3296E217F30791F7DB
:10F4B0000DB407FEFDCF0E94ED6A8F2D0E94ED6A0C
:10F4C0000E94F26A8E838F71853069F083E18C83AC
:10F4D000CE010E947E8D80E0DF91CF911F910F9130
:10F4E000FF90EF90089581E0F7CFBC0183E195E3B1
:10F4F0000E940A6B80E195E30C94105C2F923F927E
:10F500004F925F926F927F928F929F92AF92BF9233
:10F51000CF92DF92EF92FF920F931F93CF93DF93DF
:10F520001F921F92CDB7DEB7382E7B012DB73EB7A5
:10F530003A8329838091AD12811107C010929212F3
:10F540001092951281E08093AD1280918A12811100
:10F5500007C010926F121092721281E080938A128B
:10F56000DA018C918F3209F080C085E79FE0F701C6
:10F57000918380834F5F5F4F311010928F11F7019D
:10F58000408051808A0122E9C22E22E1D22E3BE145
:10F59000232E01151105A9F16DB67EB66FE270E05C
:10F5A000C8010F944A1C5C010817190728F5AC0123
:10F5B000401B510B5527CA0101962DB73EB7281B9A
:10F5C000390B0FB6F8943EBF0FBE2DBF8DB79EB757
:10F5D00001964C01B8010F946A1CC601FDDAD701EF
:10F5E0006D917C9121E0A401C60120DC811143C012
:10F5F000C4017BDF10E000E00FB6F8947EBE0FBEC2
:10F600006DBE3320A9F0D701ED91FC918BE1AAE505
:10F61000BFE001900D928A95E1F791E080918F1102
:10F62000811190E08091991190FB86F98093991156
:10F63000C801E981FA810FB6F894FEBF0FBEEDBF95
:10F640000F900F90DF91CF911F910F91FF90EF904E
:10F65000DF90CF90BF90AF909F908F907F906F90F2
:10F660005F904F903F902F9008958AE59FE0D701DB
:10F670008D939C9384CFF701808191814816590620
:10F6800009F0AADAD701CD92DC92332099F0A0914B
:10F690008F11AA3078F481E08A0F80938F112A9E0F
:10F6A000D0011124AF57BF4EF601822D01900D926B
:10F6B0008A95E1F7B2E9CB16B2E1DB0669F49FE681
:10F6C000C92E92E1D92E85010F5F1F4F0FB6F89416
:10F6D0007EBE0FBE6DBE5DCF82E9C82E82E1D82E00
:10F6E000F2CFEF92FF920F931F93CF93DF93CDB79B
:10F6F000DEB7A7970FB6F894DEBF0FBECDBF8091DF
:10F70000991184FFB5DA8091991184FF54C08091DA
:10F71000901190E08F969F938F938DEE95E39F933A
:10F720008F938E01045E1F4F1F930F930F94371317
:10F73000809199110F900F900F900F900F900F9054
:10F7400084FBFF24F0F884FF36C01FA21EA2A8018C
:10F75000BE016A5D7F4F80E0D1DE009761F11982C2
:10F760001C826EA17FA121E0AC01CE0101965EDB7F
:10F77000E82E882319F0CE0101962EDACE010196EB
:10F7800050DBEE20C1F00E941AE0C8010E94B0EDEB
:10F79000809190118F5F809390118F2DA7960FB657
:10F7A000F894DEBF0FBECDBFDF91CF911F910F91B7
:10F7B000FF90EF90089510929011F12CEECF0E94DF
:10F7C000D35E60919D0770919E0788EE90E40E9441
:10F7D0000A6B85EE90E40C94105C0E940A6B8AE040
:10F7E0000C94095C1F93CF93DF93182FEB010E94B9
:10F7F000D35E88EE95E30E94105C84ED95E31130B2
:10F8000011F48AED95E30E94105CBE0180EE95E351
:10F81000DF91CF911F91E1CFEF92FF920F931F9352
:10F82000CF93DF931F921F92CDB7DEB7209199112E
:10F8300024FF2FC07C01BC0182E0D4DF1092DE14D3
:10F8400080919911877F8B7F80939911E2D9A701CD
:10F85000BE016F5F7F4F80E051DE8C01C701011553
:10F86000110509F169817A8126E5A8018FE39FE0FE
:10F87000DDDA8823B9F08091991181608093991124
:10F88000C801B1DDB80182EC95E3A7DFC8010E9491
:10F8900092E10F900F90DF91CF911F910F91FF9008
:10F8A000EF900895C80121DEF4CF6F927F928F927E
:10F8B0009F92AF92BF92CF92DF92EF92FF920F93FF
:10F8C0001F93CF93DF93CDB7DEB7C655D1090FB6DF
:10F8D000F894DEBF0FBECDBF5C017B016DB67EB676
:10F8E000BE016F5F7F4FC5010E94CFF318160CF069
:10F8F00065C08C858871803109F07BC08DB69EB65D
:10F9000010E000E0E114F10439F0F701019000206B
:10F91000E9F78F010E191F09C8010D962DB73EB7E3
:10F92000281B390B0FB6F8943EBF0FBE2DBF8DB705
:10F930009EB701966C01080F191FE114F10439F00C
:10F94000B7010F94551C8FE2F80131978083BE01F7
:10F950006F5F7F4FC8010E942BEE1CAE1FAE21E0EF
:10F96000A801B501CE01CC9661DA8823C9F08BE1FC
:10F97000FE01FC96DE01919601900D928A95E1F7C9
:10F98000B601CE01819691DFCE0181964ADACE0191
:10F99000CC9647DA0FB6F8949EBE0FBE8DBEA0CFB0
:10F9A0000E94D35EB80181ED90E417DFCE01CC96C2
:10F9B00038DA0FB6F8949EBE0FBE8DBE0FB6F8941F
:10F9C0007EBE0FBE6DBECA5ADF4F0FB6F894DEBFC3
:10F9D0000FBECDBFDF91CF911F910F91FF90EF90A0
:10F9E000DF90CF90BF90AF909F908F907F906F905F
:10F9F0000895CE0101960E940EEE882309F470CF7F
:10FA0000E114F10431F0C7010E949BED8FE20E94E6
:10FA1000095CBE016F5F7F4F84EE9EE00E942BEE7B
:10FA20000E949BED80E20E94095C6D8D7E8D8F8D22
:10FA300098A10E94E0E18AE00E94095C51CF8F9278
:10FA40009F92AF92BF92CF92DF92EF92FF920F936D
:10FA50001F93CF93DF9300D000D01F92CDB7DEB7B6
:10FA60007C01062F8091991184FD03C0C7013DDD03
:10FA700086C0613009F465C008F45DC0623009F4E5
:10FA8000FFC080919911877F8B7F80939911C1D896
:10FA9000A701BE016F5F7F4F81E030DD8C010097D1
:10FAA00029F369817A8121E0AC018FE39FE0BED91F
:10FAB000882309F4ECC08091500F9091510FA091D0
:10FAC000520FB091530F8093911190939211A09384
:10FAD0009311B09394111092951110929611109267
:10FAE000971110929811B8018EE395E30E940A6B6A
:10FAF000C0909111D0909211E0909311F0909411D8
:10FB000086E395E30E94105CC701B6010E94E0E124
:10FB10008AE00E94095C87E295E30E94105CC801BC
:10FB200062DC8091F10E882311F001EF1EE0C80124
:10FB30000E9492E124C0B70182E054DE1092DE14EC
:10FB4000A0CF0E941255811104C0B70181E04ADEA6
:10FB500098CF1091DE14112329F10E94D05E61E04C
:10FB600070E083EA95E30E9496698AE00E94095C4E
:10FB700040E070E060E086E895E30E94186A27960E
:10FB80000FB6F894DEBF0FBECDBFDF91CF911F91AE
:10FB90000F91FF90EF90DF90CF90BF90AF909F902C
:10FBA0008F9008958FEF91E19E838D838FE28093F4
:10FBB000FE110F83CE0105969A83898302969C835A
:10FBC0008B830BE180918F11181750F4109FB001B7
:10FBD00011246F577F4ECE010196EDD81F5FF2CFF3
:10FBE0008F818B3550F46FE37FE0CE010196E3D82F
:10FBF0008D819E8101979E838D83ED81FE81108290
:10FC0000E091DE1484E0E89FF0011124E650FE4EFE
:10FC10008091951190919611A0919711B0919811A2
:10FC200080839183A283B3830E94D35EB7018DE664
:10FC300095E30E940A6B6091DE1489E6689FB0012B
:10FC4000112462507E4E82E695E30E940A6B8090FA
:10FC5000951190909611A0909711B09098118CE505
:10FC600095E30E94105CC501B4010E94E0E18AE0C6
:10FC70000E94095C8091DE148F5F8093DE1401CFB7
:10FC80000E94D35E8CE495E30E94105CFACEC8011A
:10FC9000EECE2F923F924F925F926F927F928F9211
:10FCA0009F92AF92BF92CF92DF92EF92FF920F930B
:10FCB0001F93CF93DF93CDB7DEB768970FB6F89455
:10FCC000DEBF0FBECDBF8091510D843008F021C240
:10FCD00091E6E92E8091510D843008F042C1809167
:10FCE000680C9091690C891B8F7709F43AC10E94C6
:10FCF000A56A97FF0BC00E94D05E88EB92E40E9439
:10FD0000105C8091680C8093690CE4CF8A3019F004
:10FD10008D3009F01DC11092500D8091EE0C909124
:10FD2000EF0CFC01E651F34F1682892B19F40E9467
:10FD3000BD95D0CF1092EF0C1092EE0C00EF1CE0AE
:10FD4000F8018191803209F449C08E3409F0B2C0C3
:10FD500063EB72E4C8010F941D136C01892B41F011
:10FD60006EE470E0C80104960F944A1C009709F4F1
:10FD7000C8014AE050E070E060E001960F949410F2
:10FD80004B015C018091EA0C9091EB0CA091EC0C82
:10FD9000B091ED0CAC01BD014F5F5F4F6F4F7F4FD6
:10FDA00084169506A606B706D9F0CD28C9F4AC018D
:10FDB000BD01415051096109710984169506A606D5
:10FDC000B70634F088159905AA05BB050CF082CF5B
:10FDD00060E080E892E40E9410E37CCF8F01B0CF16
:10FDE0006AE270E0C8010F94791C9C01009709F148
:10FDF000982F901BF12C992339F09150F801E90FBD
:10FE0000F11D8081F826F7CF4AE050E070E060E015
:10FE1000C90101960F9494104F2C512C712C612C18
:10FE2000641575058605970541F060E081E692E46A
:10FE3000D2CF60E087E392E4CECF8092EA0C90923A
:10FE4000EB0CA092EC0CB092ED0C8091A7078130E6
:10FE5000E1F467E470E0C8010F944A1C0097A9F030
:10FE60004AE050E070E060E001960F949410643036
:10FE700071058105910548F482E991E40E94105CC6
:10FE800060E089E891E40E94BF2FF80180818D3401
:10FE900089F58381823309F44DC0883309F18033B9
:10FEA00049F58181843331F58281813319F50E94CE
:10FEB000CCBD20C08091991180FFC7CF63E372E46D
:10FEC000C8010F941D13009739F0DC0113968C9133
:10FED00080538A3008F0B9CF60E089E092E47BCFAC
:10FEE0008281803339F48181813321F41092780248
:10FEF000109288078091F00C8B3309F4EBCE80913F
:10FF0000510D843008F0E6CE8091530D8E9DC001D6
:10FF1000112460EF7CE08C5A924F0F94551CE091B5
:10FF2000530DEE9EF0011124EC54F24F10820E940A
:10FF3000E8DED0CE82818133E9F681818133D1F64A
:10FF400041E070E060E08BE791E40E94186AD2CF54
:10FF50002EEE3CE040EF5CE060E57DE00E949436F0
:10FF6000B9CE8091991183FDD4C082FFD2C087FDA4
:10FF7000D0C01A82198211E6F12E04E0E02E89E643
:10FF8000D82ECC24C3948091510D843008F0C1C088
:10FF90000E94CC368111BDC041E050E0BE016D5ED3
:10FFA0007F4F8FE39FE00E94D8F20B8910E001970A
:10FFB00011F00FEF1FEF8091470F9091480FA09124
:10FFC000490FB0914A0F8093951190939611A09389
:10FFD0009711B09398110E94CC360F3F100749F447
:10FFE000811107C00E94D05E80ED92E40E94105CF7
:10FFF000CACF4091530D242F30E00A3061F00D300C
:020000022000DC
:1000000051F0882309F477C089819A81009719F00B
:1000100001969A8389831092671289819A81F29E50
:10002000F001F39EF00D1124EF5AF24FDF01A80FFB
:10003000B91F13961C92892BA9F50E94BD950E94A9
:10004000CC36882309F49FCF8FE39FE00E94ECF524
:100050008091DE14882309F444C081508093DE141B
:100060008D9DC001112462E082509E4EE8DCE0913B
:10007000DE1404E0E09FF0011124E650FE4E4081C2
:1000800051816281738140939511509396116093D1
:100090009711709398118FE39FE00E947EF40E9465
:1000A000A7ED71CF1A82198283818D3479F484810E
:1000B000823361F48581853349F4868180538A30A7
:1000C00028F0809199118B7F80939911F29EF00115
:1000D000F39EF00D1124EC54F24FC0820E94E8DE32
:1000E000AECF0E9409F68091991188608093991192
:1000F000E092A70748CF4F9DA00111244C5A524FC0
:100100009E012F5F3F4F67E672E1802F0E94943679
:100110003ACF0E9401E96B017C0180919F07909189
:10012000A007A091A107B091A2070097A105B10572
:1001300051F14091A3075091A4076091A5077091D8
:10014000A607840F951FA61FB71FA7019601281B9E
:10015000390B4A0B5B0BDA01C901B7FD14C00E94D1
:10016000D05E8EE293E40E94105C60919D077091D6
:100170009E0783E093E431DB40E070E060E090E0D4
:1001800080E00E94186A90910610809107109817DD
:1001900041F0C092A307D092A407E092A507F09285
:1001A000A6078090790290907A02A0907B02B0908E
:1001B0007C0281149104A104B10429F0981709F478
:1001C00091C010926E122091090180916C12909151
:1001D0006D1223FDAEC0019690936D1280936C1248
:1001E00080916C1290916D128E3E92408CF00E9424
:1001F000D05E80EF92E40E94105C8FED92E40E944A
:10020000105C40E070E060E090E080E00E94186ADE
:100210008091990790919A07A0919B07B0919C07B4
:100220000097A105B10531F197018601081B190B53
:100230002A0B3B0BD901C801B7FD1CC08091A70751
:100240008330C0F08FEF9FEFDC018093990790938C
:100250009A07A0939B07B0939C0780E1EDE7F2E03B
:10026000A9E8B7E001900D928A95E1F70E9458BB8A
:100270000E94C09E8091681290916912A0916A12AA
:10028000B0916B12A7019601281B390B4A0B5B0B2F
:10029000DA01C901B7FD3AC29091061080910710AA
:1002A00020917702981709F44AC0E09107103CE4C6
:1002B000E39FF0011124E151F84F8081281709F4E0
:1002C000BCC0809377020E9401E92091770221113E
:1002D00039C01092F2111092F3111092F411109291
:1002E000F51153C00E9401E90091A3071091A407E2
:1002F0002091A5073091A607800E911EA21EB31E65
:10030000681979098A099B0997FD5BCF80916E1264
:10031000811159CF81E080936E1280E00E94189A7B
:1003200081E00E94189A82E00E94189A0E94069A20
:100330004ACF181619060CF053CF01974DCF809174
:100340008707BCCF0091F2111091F3112091F411A5
:100350003091F511011511052105310581F46C5914
:100360007F4F8F4F9F4F6093F2117093F3118093E3
:10037000F4119093F51184EB8093770206C0601B13
:10038000710B820B930B97FDF6CF209177022223FE
:10039000B9F030E050E040E0215031094109510905
:1003A000AFEFB0E00F94B6172EEF30E040E050E032
:1003B0000F949A1749015A0189012115310511F449
:1003C00060E003C161E02F3F310509F4FEC067E042
:1003D000CE0101960E94085B8989882309F4F0C048
:1003E000E981FA818F8548898111AAC0608150E036
:1003F00083E090E09C01241B350B220F331F022E5B
:1004000001C0880F0A94EAF78095862362E070E0C5
:1004100001C0660F2A95EAF7862B8083FA0133968E
:10042000EE0FFF1F41E050E04C0F5D1FE40FF51F82
:100430000190F081E02D918280828091860788234F
:1004400009F457C100918507088FA0907502B090FC
:1004500076021CE2019FF0011124E555F04FC50121
:10046000029720853185281739070CF442C19090F6
:100470000710712C812C1C8A612C80910610891523
:1004800009F4A7C0892D90E02CE4289FF001299F52
:10049000F00D1124E855F84F458956896789708D0C
:1004A000452B462B472B81F4418D528D638D748DE6
:1004B000452B462B472B41F4458D568D678D70A1FA
:1004C000452B462B472BB9F13CE4389F8001399FDF
:1004D000100D11240855184FD80191966D917D91FA
:1004E0008D919C9194970F94A2131B012C01F801FC
:1004F00065A176A187A190A50F94A2139B01AC01E1
:10050000C201B1010F94FA18D80111962D913D91B5
:100510004D915C9114970F9403142B018C01272D9E
:10052000382D4C89562D0F94441A181624F4742C27
:10053000852C0C8B612E892D0E948730982E9DCFA3
:100540009A8991117ACFAFEFB0E0823029F0AD8572
:10055000BE850D90BC91A02D608150E083E090E0BD
:100560009C01241B350B220F331F022E01C0880F64
:100570000A94EAF78095862362E070E001C0660F76
:100580002A95EAF7862B80834D5F5F4F440F551FF6
:1005900081E090E08C0F9D1F480F591FFA010081E8
:1005A0001181A50194010F94B6172FEF30E040E0C0
:1005B00050E00F947817D80111963C932E933DCFBD
:1005C00061E00F37110508F4FBCE87E00E9442E896
:1005D00034CFB501BB0C880B990B0F94A413562E86
:1005E000972E8C012091710230917202409173021A
:1005F00050917402672D782D8C89962D0F940314D9
:10060000252D392DA8010F941E18362E472E782E31
:10061000892EA0906F02B0907002262F372F482F9E
:10062000592F652D792DC8010F94441A1816C4F05E
:10063000B501BB0C880B990B0F94A413562E972E63
:100640008C01262F372FAC01632D742D872D982D0B
:100650000F94441A181624F0532C942C072D182D9F
:100660002091F6113091F7114091F8115091F91144
:100670002C8B3D8B4E8B5F8B252D392DA8016C89E2
:100680007D898E899F890F94441A1816F4F420E00E
:1006900037ED43EA5CE3652D792DC8010F9403140F
:1006A0004B015C0128E431EE4AE75FE36C897D8908
:1006B0008E899F890F9403149B01AC01C501B4017D
:1006C0000F941E18562E972E8C01852D992DD8012A
:1006D0008093F6119093F711A093F811B093F9114C
:1006E000652D792DC8010F946219CB01688D0E9488
:1006F000783634E6C30ED11CE11CF11CC09268129E
:10070000D0926912E0926A12F0926B120E94BD952B
:100710008091A707882309F453C110910901117032
:1007200000916E02101709F462C0809199118064E3
:100730008093991110936E02112381F064EF71E0A0
:1007400080E090E00E9473380E9438F68091991101
:1007500084FD2AC0002309F44AC002C00E9416F694
:10076000023010F010E027C060E08CE591E40E94B8
:10077000BF2F80917F078111F5CF0E940C3AF2CFF5
:10078000843009F05AC00E94D35E8BE191E404C02A
:100790000E94D35E8AE491E40E94105C4EC00E94E5
:1007A000D35E83E391E4F8CF023028F460E08BE677
:1007B00091E40E94BF2F0E94C43083E080936D02B9
:1007C0000E9401E96C597F4F8F4F9F4F60937B07C9
:1007D00070937C0780937D0790937E07112339F0F7
:1007E000023029F481E0809390110E9471FB0E94F5
:1007F00001E96B017C0180916C028823F1F080910A
:100800007A078823D1F04091EE115091EF11609159
:10081000F0117091F11197018601041B150B260B45
:10082000370BB901A80177FD1BC0833009F4B7CF9E
:100830000CF0A6CF81300CF0ABCF20916C0230E0F1
:10084000A8EEB3E00F94C617C60ED71EE81EF91E19
:10085000C092EE11D092EF11E092F011F092F111EE
:1008600080910C0F813009F073C00E9401E96B0187
:100870007C018091EA119091EB11A091EC11B09163
:10088000ED11A7019601281B390B4A0B5B0BDA010E
:10089000C901B7FD3AC0D701C601805F984DAF4F7F
:1008A000BF4F8093EA119093EB11A093EC11B0939A
:1008B000ED118090660790906707A0906807B09050
:1008C00069070E9408C5AB01BC01409366075093BD
:1008D0006707609368077093690780916E0790912E
:1008E0006F07A0917007B091710788199909AA093B
:1008F000BB09840F951FA61FB71F80936E079093A7
:100900006F07A0937007B09371078091E6119091E3
:10091000E711A091E811B091E91197018601081B38
:10092000190B2A0B3B0BD901C801B7FD11C010E808
:10093000C10E1EEED11E16E3E11EF11CC092E6119F
:10094000D092E711E092E811F092E9110E94229E04
:100950000E941BCC0E945E5280918407882381F103
:100960000E9401E96B017C018091800790918107D1
:10097000A0918207B0918307A7019601281B390B2C
:100980004A0B5B0BDA01C901B7FD1AC0209184073D
:1009900030E0A8EEB3E00F94C617C60ED71EE81ECF
:1009A000F91EC0928007D0928107E0928207F092F0
:1009B0008307809185070E948E918AE00E94095CDE
:1009C00068960FB6F894DEBF0FBECDBFDF91CF9112
:1009D0001F910F91FF90EF90DF90CF90BF90AF905D
:1009E0009F908F907F906F905F904F903F902F904F
:1009F0000895CF93DF939091071080910610891787
:100A000028F0891B8F3021F444D9F5CF805FF9CFCE
:100A1000809106100E948730A09106109CE4A99F47
:100A2000D0011124FD01E855F84FEF0119929A9574
:100A3000E9F7908198609083A354B84F90E1ECE17E
:100A4000F0E101900D929A95E1F7209106109091B6
:100A50000710291303C094E69093031080930610A7
:100A6000DF91CF910C94ED9E1092750F1092780F3C
:100A700010925A0F10925D0FE1E8F0E18FE891E1DA
:100A8000108213827B968E179F07D1F788E693E03A
:100A90009093E0148093DF141092E11489E1809325
:100AA000E3141092E6141092D71410923F0F109294
:100AB000420F81E08093B60F1092B70F1092B80FDB
:100AC0001092B90F1092BA0F1092BB0F1092BC0F78
:100AD0001092BD0F1092BE0F1092BF0F1092C00F58
:100AE0001092C10F1092C20F1092C30F1092C40F38
:100AF0001092C50F1092C60F1092C70F1092C80F18
:100B00001092C90F1092CA0F1092CB0F1092CC0FF7
:100B10001092CD0F1092CE0F1092CF0F1092D00FD7
:100B20001092D10F1092D20F1092D30F1092D40FB7
:100B30001092D50F1092D60F8093E20F1092E30F10
:100B40001092E40F1092E50F1092E60F1092E70F4B
:100B50001092E80F1092E90F1092EA0F1092EB0F2B
:100B60001092EC0F1092ED0F1092EE0F1092EF0F0B
:100B70001092F00F1092F10F1092F20F1092F30FEB
:100B80001092F40F1092F50F1092F60F1092F70FCB
:100B90001092F80F1092F90F1092FA0F1092FB0FAB
:100BA0001092FC0F1092FD0F1092FE0F1092FF0F8B
:100BB0001092001010920110109202101092900FDB
:100BC0001092910F1092920F1092930F1092940F17
:100BD0001092990F10929A0F10929B0F10929C0FE7
:100BE00010929D0F1092A20F1092A30F1092A40FBB
:100BF0001092A50F1092A60F109228101092291093
:100C000010922A1010922B1010922410109225107E
:100C1000109226101092271010922010109221107E
:100C2000109222101092231010921C1010921D107E
:100C300010921E1010921F1010921810109219107E
:100C400010921A1010921B1010921410109215107E
:100C5000109216101092171010921010109211107E
:100C6000109212101092131010920C1010920D107E
:100C700010920E1010920F1010920810109209107E
:100C800010920A1010920B1010920710109206107A
:100C900010920510109204101092031084E08093BB
:100CA0002F1010922D1010922C1010922E1080E206
:100CB00095E590934110809340101092451010924A
:100CC000441086E893E0909343108093421080E0B4
:100CD0008E7F8D7F8B7F877F809380108FED94E157
:100CE0009093E8148093E71480919911847E8B7F10
:100CF000809399111092951110929611109297115C
:100D000010929811109291111092921110929311C9
:100D1000109294111092DE141092901110928F1173
:100D2000E1E8F0E18EE091E0DF019C011D922150AD
:100D30003040E1F780910A018E7F80930A01809113
:100D40000B0180958170809309010895CF93DF9303
:100D5000CDB7DEB7EE970FB6F894DEBF0FBECDBFAE
:100D6000789484B5826084BD84B5816084BD85B586
:100D7000826085BD85B5816085BD80916E00816092
:100D800080936E0010928100809181008260809338
:100D9000810080918100816080938100809180003A
:100DA0008160809380008091B10084608093B10065
:100DB0008091B00081608093B0008091910082604A
:100DC0008093910080919100816080939100809147
:100DD00090008160809390008091A1008260809358
:100DE000A1008091A10081608093A1008091A0006A
:100DF00081608093A0008091210182608093210115
:100E00008091210181608093210180912001816086
:100E10008093200180917A00846080937A00809191
:100E20007A00826080937A0080917A00816080935A
:100E30007A0080917A00806880937A001092C100D5
:100E4000C090EF14CFA214BE1092C0008091C000D9
:100E500082608093C0001092C50080E18093C4003E
:100E60008091C10080618093C1008091C100886041
:100E70008093C1008091C10080688093C1000E946E
:100E800001E94B015C0128EE820E23E0921EA11CB9
:100E9000B11C8BED96E00E94065B882309F4ABC081
:100EA00081E098E30E94105C80910A01877F809323
:100EB0000A0180910B0180958870809309018091CF
:100EC000520390915303A0915403B091550389A309
:100ED0009AA3ABA3BCA3AE014F5D5F4F5EAB4DAB1E
:100EE000CE0185969EA38DA3812CB4E29B2EB4EFF8
:100EF000AB2EB12CADA9BEA96D91BEABADABCE01F1
:100F000001960E94085B8A8981110FC18989882313
:100F100009F40BC1CF84CFA62C2D22242A94312C86
:100F2000223019F022242A94322CC980DA80D8AEDB
:100F3000CFAAEB80FC80FEA6EDA68EE0E6E5F3E00E
:100F4000DE01539601900D928A95E1F7910150E0F0
:100F500040E0EBE0220F331F441F551FEA95D1F705
:100F6000C501B4010F94781779018FEFE81AF80AD8
:100F70009FA5923009F048C0A1E0ABAFB3E0BCAF91
:100F80009E012D5E3F4F3AAF29AF11E031E038AB03
:100F90001CAA4FEF50E05CA74BA7A9ADBAADCD900E
:100FA000DD90BAAFA9AFC601B0E0A0E0EFA5E23096
:100FB00081F180329105A105B10509F48AC080381C
:100FC0009105A105B10509F484C09601A8EEB3E02E
:100FD0000F94C6179B01AC01C501B4010F9478179B
:100FE000C9010197369527950097A9F441E050E093
:100FF0005AAB49AB17C00E9401E9681979098A09FF
:101000009B0997FDF8CF4CCFEAE0EBAFFEE0FCAFD9
:10101000B7CF9101C1013AAA29AA8215930510F40C
:101020009AAB89AB2115310509F4F4C12BAA032D24
:101030002215330510F42BAB032F29A93AA92F5FF2
:101040003F4FD6010F94C6179B01AC01C501B401F7
:101050000F94781729013EAF2DAF9601ABA9B02FA1
:101060000F94C6179B01AC01220F331F441F551F5D
:10107000C501B4010F947817B90189EEE81683E031
:10108000F80608F4CBC1F70188EE93E0E81BF90BF2
:10109000CDACDEAC89EEC81683E0D80608F4C2C138
:1010A000D20188EE93E0A81BB90B693E734008F4A7
:1010B000BDC1C90168EE73E0861B970BAE17BF0771
:1010C00020F48A179B0708F0B5C18E179F0708F414
:1010D000BAC11F5F183009F060CFAFA9B8AD8C91CD
:1010E0008C7F98A99370892B8C93EDA5FEA5208108
:1010F000C8A88C2D90E0959587959595879543E0A8
:10110000880F991F4A95E1F7277E822B8083808183
:10111000887FDCA88D2980832FA5223031F0ED85D2
:10112000FE85CBA4DCA4D182C082EDA0FEA0CDA818
:10113000DEA8EC14FD0409F0DDCEDFA0D0FE04C073
:1011400088EF97E30E94105CEFA0E1FE04C087EEF9
:1011500097E30E94105CFFA0F2FE04C085ED97E3C8
:101160000E94105CCFA0C3FE04C084EC97E30E94F1
:10117000105CDFA0D5FE04C083EB97E30E94105CF7
:1011800083EA97E30E94105C0E94D35E80E597E3B8
:101190000E94105C0E94D35E88E397E30E94105C7B
:1011A0000E94D35E8091E9149091EA149E012F5F12
:1011B0003F4F5901B901009709F44DC1681B790BE4
:1011C00089E297E30E94966960EC74E082E197E31C
:1011D0000E948A698AE00E94095C80910A0180620B
:1011E00080930A0180910B01807280930901109213
:1011F000C4061092C5061092C6061092C7060E9439
:101200002C3180919B11811107C00E94ECC488236E
:1012100019F081E080939B1182E490E10E94B53245
:101220009DE0E92E96E3F92E03E127E047E064E232
:1012300086E490E10E944BED83E00E94413145E05D
:1012400056E36BE28BE20E94AE3248EF55E367E370
:101250008CE10E94AE3286E490E10E9432EC811172
:10126000DFCF0E9401E92B013C012091CF06309194
:10127000D0064091D1065091D20660917D027091C6
:101280007E0280917F02909180020F941E186093DD
:101290007D0270937E0280937F0290938002209162
:1012A000D3063091D4064091D5065091D606609170
:1012B00081027091820280918302909184020F9446
:1012C0001E18609381027093820280938302909330
:1012D00084022091D7063091D8064091D9065091CA
:1012E000DA06609185027091860280918702909162
:1012F00088020F941E186093850270938602809373
:101300008702909388020E9474B86C9A74986D9AC0
:10131000759880910101886080930101809102019C
:1013200088708093000180910101806280930101A7
:10133000809102018072809300018091010180649C
:10134000809301018091020180748093000180915B
:10135000010180618093010187ED80937A001092F2
:101360007E0010927D0080917D00806880937D00DA
:1013700080917D00806480937D0080917D008860F5
:1013800080937D0080E887BD80916E0082608093AD
:101390006E008091010188608093010180910101BC
:1013A00080628093010100E117E3F801C590D490B9
:1013B00035E0C316D1041CF485E0C82ED12CD092A0
:1013C0004202C09241020D2C000CEE08FF0860E0C2
:1013D00080913D0290913E020E9443906FA378A7B6
:1013E00089A79AA7C701B6010F94A4139B01AC016A
:1013F0006FA178A589A59AA50F949E1387FF2EC08B
:1014000080913D0290913E02409790933E028093DE
:101410003D02DDCF51E05BAB00E00FCEC701E8EE4F
:10142000F3E034CEC201A8EEB3E03DCEB90188EEC0
:1014300093E042CE7201CCACC8AA1CABC9A8DAA812
:10144000DCA6CBA646CE7901DBACD8AA1CABCBA8D8
:10145000CBA60CA73ECE6F5E7441B2CEB4E98B2E04
:10146000B6E39B2EF401C590D49041E0C41AD10894
:101470005BEFC516D1041CF0AAEFCA2ED12CD09276
:101480004402C09243020D2C000CEE08FF0860E0FD
:1014900080913F02909140020E9443906FA378A7F1
:1014A00089A79AA7C701B6010F94A4139B01AC01A9
:1014B0006FA178A589A59AA50F94441A181654F41B
:1014C00080913F0290914002409690934002809319
:1014D0003F02DDCFF801C590D49085E0C816D10455
:1014E0001CF4F5E0CF2ED12CD0924A02C0924902D2
:1014F0000D2C000CEE08FF0861E0809145029091F0
:1015000046020E9443906FA378A789A79AA7C701B4
:10151000B6010F94A4139B01AC016FA178A589A516
:101520009AA50F949E1387FF0AC08091450290915F
:10153000460240979093460280934502DDCFF40126
:10154000C590D49091E0C91AD108ABEFCA16D10466
:101550001CF0EAEFCE2ED12CD0924C02C0924B025E
:101560000D2C000CEE08FF0861E08091470290917D
:1015700048020E9443906FA378A789A79AA7C70142
:10158000B6010F94A4139B01AC016FA178A589A5A6
:101590009AA50F94441A181654F48091470290911A
:1015A000480240969093480280934702DDCF809195
:1015B0003B0290913C020E94D19220E030E040EA50
:1015C00050E40F949E1387FF0AC080913B029091D4
:1015D0003C02409790933C0280933B02E8CF80917D
:1015E000C8069091C9060E94D19220E030E040EFF9
:1015F00052E40F94441A181654F48091C80690913E
:10160000C90640969093C9068093C806E8CF0E9409
:10161000ACC519A282E390E09C8B8B8B1A82198255
:1016200001E0950141E050E0BE016F5D7F4FCE01CA
:1016300043960E94CB5B89A1863109F432C10E9496
:10164000449E81E08093CA063898409A3A98429A1C
:101650003C98449A3998419A1092CC061092CB0645
:101660000E946CC3809101018260809301010E9AF7
:1016700080910A01846080930A01829A089A0B9AE9
:1016800080910A01826080930A0180910B0180950C
:101690008270809309019A9AA29A819A899A80917C
:1016A0000701816080930701809108018095817016
:1016B000809306010A9A129A0D9A159A0F9A179812
:1016C000809101018160809301018091020181700C
:1016D0008093000180910B018095827080930901B5
:1016E000A29A8091CD068E7F8093CD06809A8898AD
:1016F000899A8091CD068D7F8093CD06839A8B98B1
:101700008091080180958170809306018091CD06BB
:101710008B7F8093CD06099A1198129A0C9A14988F
:10172000159A809180008C7F809380008091810049
:10173000877E886080938100809180008F73809382
:10174000800080918100887F82608093810080E0AA
:1017500090E4909389008093880010928500109205
:1017600084000E94ED9E789482E08093CE060E94D1
:101770006E9988E198E20FB6F894A895809360007E
:101780000FBE909360000E9401E9DC01CB01841937
:101790009509A609B709883BEBE09E07A105B105AD
:1017A00070F408EB1BE020E030E068017901C81A12
:1017B000D90AEA0AFB0AC701B6010E94733883E01E
:1017C0008093A70761E6962E212C72E0372E88249D
:1017D00083940E9449FE8091991187FF19C010924D
:1017E0009011877F8B7F809399110E9409F6109248
:1017F000530D1092520D1092510D0E94CCBD80E0FD
:101800000E943AC50E94A99210928707109278020E
:101810008091A707CDB6DEB610E000E0843009F471
:1018200052C0ADB6BEB66091DC067091DD0610E028
:1018300000E06115710509F093C080919C11882327
:1018400009F403C1ECE9F1E18F010C591141F19068
:10185000FF2019F03AE0F312F7CF0115110559F006
:10186000F801E456FE4E10828CE991E10E94E836C0
:1018700080E00E94146B81E0F11001C080E0080F4D
:10188000802FE82FF0E0E456FE4E9081E82FE01B19
:10189000F0E0E456FE4E9083992309F49DC08F5FDB
:1018A000F0CF83E390E09C8B8B8B1A82198201E04E
:1018B000950140E150E06AE677E0CE0143960E9450
:1018C000CB5BBFCE8C01F801E85FF74CE491C80117
:1018D0000196EE2311F0EA30A9F7EDB6FEB6E81A4C
:1018E000F90A0FB6F894FEBE0FBEEDBE2DB73EB797
:1018F0002F5F3F4F7901A80168E078E3C90147D61F
:10190000F701E00FF11F1082D7018C918B3309F1A1
:101910008091510D8430E8F48091530D899DC00170
:101920001124B7018C5A924F0F94551CE091530D1E
:101930009E9EF0011124EC54F24F80820E94E8DE5A
:101940000FB6F894DEBE0FBECDBEB3E0B093A707CE
:1019500068CF0FB6F894DEBE0FBECDBE62CF860153
:10196000FB01E00FF11F74906801EFEFCE1ADE0A61
:10197000772019F0FAE07F12F2CFEDB6FEB6EC1840
:10198000FD080FB6F894FEBE0FBEEDBE2DB73EB7F4
:101990002F5F3F4F7901A801C901F9D5F701E00F89
:1019A000F11F1082772009F44DC08091DC069091E0
:1019B000DD06C80ED91ED092DD06C092DC06012BD2
:1019C00031F0C7010E94E83680E00E94146B0FB628
:1019D000F894BEBE0FBEADBE9091DE068091DC11C4
:1019E000981709F4F6CE8091DE068093DC11809181
:1019F000DE06882309F4EDCE0E94D35E83E598E3EA
:101A00000E94105C8AE00E94095C1F9280E28F9322
:101A10001F928F931F928F931F928F938BE398E364
:101A20009F938F9384E498E39F938F931F920E94D8
:101A30009C2FEDB7FEB73D960FB6F894FEBF0FBED4
:101A4000EDBFC5CED12CC12CB6CF8091510D8823CE
:101A500019F28091991180FFF2C10091520D099DF8
:101A6000800111240C5A124F63E372E4C801E5D5DA
:101A7000009739F0DC0113968C9180538A3008F07E
:101A8000C6C1F80101900020E9F731977F01E01A03
:101A9000F10A10923F0F6EE470E0C8010F944A1CE7
:101AA0006C01009709F087C0B1E0EB1AF108F8016A
:101AB000EE0DFF1D4DE0C42EC1825AE0D52ED2821C
:101AC0001382F80101900020E9F731976F01C01AE5
:101AD000D10A8091420F813009F06AC08091400F95
:101AE00081FF66C082FF1CC04091500F5091510F82
:101AF0006091520F7091530F8091470F9091480F52
:101B0000A091490FB0914A0F84179507A607B70710
:101B100039F08FE39FE00E947EF4882309F448C0E7
:101B20004091470F5091480F6091490F70914A0FB3
:101B3000C114D10409F426C18091580F9091590F16
:101B4000DC0114967C902FEF270D2A013B0139E030
:101B500076946794579447943A95D1F7722E7420EF
:101B60007A01B1E0FB22711056C0E114F10409F0D2
:101B700052C04091430F5091440F6091450F7091B6
:101B8000460F411551056105710521F58091540FEE
:101B90009091550FA091560FB091570F0097A10546
:101BA000B10589F58FE39FE00E94E0F1811133C018
:101BB00080923F0F0CC160E270E00F944A1C8C01D0
:101BC0000F5F1F4F6AE270E0C6010F944A1CFC01D0
:101BD000319770CF9E012F5F3F4F0E94A6F0882360
:101BE00039F389819A81AB81BC81E091580FF091E2
:101BF000590F2789203109F085C0883FEFEF9E07F4
:101C0000A105B10578F68093430F9093440FA093FC
:101C1000450FB093460F5101AE18BF08CA14DB043C
:101C200008F45601E091580FF091590F8091430F3D
:101C30009091440FA091450FB091460F0297A109D2
:101C4000B109258504C0880F991FAA1FBB1F2A95BB
:101C5000D2F74685578560897189840F951FA61F25
:101C6000B71F9C01AD01270D311D411D511D2901DB
:101C70003A01A11432E0B30609F04DC08091B514C9
:101C80009091B614A091B714B091B81448165906A3
:101C90006A067B0669F41092BD148FEF9FEFDC019A
:101CA0008093B5149093B614A093B714B093B8145E
:101CB0008091BE149091BF14DC01ED91FC910288DB
:101CC000F389E02D9801B301A2011995882309F445
:101CD0006FCF8091470F9091480FA091490FB0911D
:101CE0004A0F8A0D9B1DA11DB11D8093470F909334
:101CF000480FA093490FB0934A0F0A0D1B1DCA1835
:101D0000DB080ECF883FFFEF9F07AF07FFE0BF075D
:101D100008F479CF47CFE114F10461F54091470F02
:101D20005091480F6091490F70914A0F8091500F68
:101D30009091510FA091520FB091530F481759072E
:101D40006A077B07B8F00E9441EE882309F430CF80
:101D50008092BD144092B5145092B6146092B7149C
:101D60007092B814A501B801C7018B549D4E0F9411
:101D7000271CAFCF41E0C301B2010E948AEE81115E
:101D8000F1CF16CF8091500F9091510FA091520F2B
:101D9000B091530F84179507A607B70768F4809191
:101DA000400F4093500F5093510F6093520F709318
:101DB000530F80688093400F8091400F83FF07C0CE
:101DC0008FE39FE00E942AF5882309F4F1CE8091E9
:101DD0003F0F882331F00E94D05E81E198E30E949A
:101DE000105C8091991181FD2AC0E091520D9E9E58
:101DF000F0011124EC54F24F8081811110C08EE06B
:101E000098E30E94105C8AE00E94095C08C00E946E
:101E1000F4F588E298E30E94105C0E94BF5E809116
:101E2000510D882309F4D8CD9091520D9F5F9430C5
:101E300048F49093520D81508093510DCDCD0E9466
:101E40006D84EDCF1092520DF6CFCF93DF938FE3D9
:101E50009FE00E9411F7CFE8D1E16B97CE010E947D
:101E600011F780E1C138D807C1F78AE59FE00E94E9
:101E700011F785E79FE0DF91CF910C9411F78F92D6
:101E80009F92AF92BF92CF92DF92EF92FF920F9309
:101E90001F93CF93DF935C017B016115710519F0EE
:101EA000DB018D939C9385010F5F1F4FF501D0815E
:101EB0008D2F90E064D36C01892BA9F5DD32A9F553
:101EC0000F5F1F4FD5011196DC91C1E05801F1E081
:101ED000AF1AB10843E050E062EC71E0C50186D36F
:101EE000892B61F5680182E0C80ED11C45E050E005
:101EF0006DEB71E0C6017AD3892B21F4680197E07C
:101F0000C90ED11CE114F10419F0D701CD92DC9275
:101F100060E070E080E89FEFC111F9C060E070E020
:101F200080E89FE7F4C05801BECFDB3229F4850179
:101F30000E5F1F4FF501D181C0E0C8CF43E050E0F4
:101F40006AEB71E0C50152D3892BE9F0F80110E08A
:101F500000E020E030E0A9015F01B0ED8B2E8D0E96
:101F600089E08815C0F19C2E689491F88C2F8870B8
:101F7000C2FF16C0811102C00F5F1F4F3196D501FD
:101F8000DC91C92DE9CFE114F10429F00E5F1F4F58
:101F9000F7011183008360E070E080EC9FE7B7C039
:101FA000882311F001501109A5E0B0E0DFD79B01B3
:101FB000AC01220F331F441F551F280D311D411D39
:101FC000511D283999E93907490799E15907B0F2B4
:101FD000C6609C2ED3CFAEEF8A1206C0C3FD3CC0B4
:101FE0009C2E689493F8CACFDF7DD534A9F5808103
:101FF0008D3239F4C061DF011296818162E070E0B8
:1020000006C0DF018B32C1F3119661E070E08053AE
:102010005D01A61AB70A8A30F8F4E0E8CE16ECE0C3
:10202000DE065CF4B601660F771F660F771FC60EDB
:10203000D71ECC0CDD1CC80ED11C5D01FFEFAF1A02
:10204000BF0A8C9180538A3098F1C4FF03C0D194A9
:10205000C194D1080C0D1D1DC1FF09C0E114F1048C
:1020600031F081E0A81AB108D701AD92BC92CA0143
:10207000B90168D3C370C33009F490584B015C01B7
:1020800020E030E0A9015AD3882309F43EC0C1EF13
:10209000D1E017FF05C0119501951109C9EDD1E0F7
:1020A0006E01B8E1CB1AD10880E2E82EF12C0EC007
:1020B000D501B3CFFE0125913591459154910E196B
:1020C0001F09C501B4019FD34B015C01D501C401B7
:1020D0000E151F057CF72497F594E794CC16DD06C2
:1020E000A9F78A2F880F8B2F881F8F3F41F020E0A0
:1020F00030E0A901C501B40121D3811106C082E2FB
:1021000090E09093EE148093ED14C501B401DF913B
:10211000CF911F910F91FF90EF90DF90CF90BF90E4
:10212000AF909F908F9008953F924F925F926F92E1
:102130007F928F929F92AF92BF92CF92DF92EF9257
:10214000FF920F931F93CF93DF935C016B017A0192
:102150006115710519F0FB0191838083E114F1048D
:1021600051F0C7010297839730F040E030E020E063
:1021700090E06AC05E01E5012196F5011081812F92
:1021800090E0FDD1892BB1F71D3201F52196F501C3
:10219000118101E0E114F10409F4E4C0F0E1EF166B
:1021A000F10409F088C0103359F488818F7D883597
:1021B00009F07CC0198122960260F0E1EF2EF12C2B
:1021C000812C912CA12C88E0B82E91C01B3221F4D7
:1021D000E5012296F501118100E0DCCFEAE0EE1680
:1021E000F10409F4C5C0F0E1EF16F10409F073C081
:1021F000E7CF78E0E72EF12C812C912CA12C60E127
:10220000B62E75C021E0ABC0302F3170C114D1049F
:1022100031F0222371F12197F601D183C08327FF8A
:102220002EC060E070E080E090E8311104C06FEFF4
:102230007FEF8FEF9FE722E230E03093EE142093A0
:10224000ED14462F372F282F642F732F822FDF9105
:10225000CF911F910F91FF90EF90DF90CF90BF90A3
:10226000AF909F908F907F906F905F904F903F9036
:10227000089501FF04C02297F601D183C083332360
:1022800041F090958095709561957F4F8F4F9F4F4E
:10229000D8CF97FFD6CF82E290E09093EE14809350
:1022A000ED146FEF7FEF8FEF9FE7CBCF10E3E114DB
:1022B000F10409F49ECF28E0E216F10409F49CCF62
:1022C0000CF08CCF812C912CA12CE0E4BE2E82E06E
:1022D000E816F10461F060E070E080E090E89701BA
:1022E0000F2C000C440B550B03D649015A0120E07A
:1022F00060E070E0CB0127010F2C000C6608770826
:10230000FE0150ED352E310E39E0331570F43FEB00
:10231000310F49EC342E3A3138F03FE9310F3A3180
:1023200008F072CF39EA332E310E3E141F040CF040
:102330006BCF27FD14C086169706A806B90670F065
:10234000A3019201C6D5630D711D811D911D6130E0
:102350007105810520E8920708F454CF2FEF2196EC
:102360001081CECF103309F420CF2AE0E22EF12CD9
:102370009CEC892E982CA82C9CE0B92EB8CF3F92CB
:102380004F925F926F927F928F929F92AF92BF9285
:10239000CF92DF92EF92FF920F931F93CF93DF9331
:1023A0005C016B017A016115710519F0FB019183E4
:1023B0008083E114F10449F0C7010297839728F064
:1023C00060E070E0CB0199C05E01E5012196F50166
:1023D0001081812F90E0D3D0892BB1F71D3209F005
:1023E0005BC02196F501118101E0E114F10409F4CB
:1023F000B9C0F0E1EF16F10409F09AC0103341F4CE
:1024000088818F7D883509F08EC0198122960260FF
:10241000E0E1EE2EF12C88248A94982CA82CFFE081
:10242000BF2E20E060E070E0CB0127010F2C000CF4
:1024300066087708FE0150ED352E310E39E0331570
:1024400068F43FEB310F49EC342E3A3130F03FE97C
:10245000310F3A31A8F539EA332E310E3E141F04FC
:102460007CF52F3FB1F086169706A806B90630F125
:10247000A30192012ED5232D30E050E040E0620F01
:10248000731F841F951F6217730784079507B0F0A9
:1024900021E021961081CECF1B3221F4E501229656
:1024A000F501118100E0A1CF78E0E72EF12C88241E
:1024B0008A94982CA82C6FE1B62EB3CF2FEFE9CFDA
:1024C000C114D10431F0222351F12197F601D183B7
:1024D000C08300FF07C090958095709561957F4FF0
:1024E0008F4F9F4F2F3F49F482E290E09093EE147C
:1024F0008093ED146FEF7FEFCB01DF91CF911F91B0
:102500000F91FF90EF90DF90CF90BF90AF909F9092
:102510008F907F906F905F904F903F90089501FF54
:10252000D8CF2297D3CF10E3E114F10409F4BCCF44
:102530003AE0E316F104E1F080E1E816F10409F471
:1025400067CFE8E0EE16F10409F4B1CF6FEF7FEF4B
:10255000CB0197010F2C000C440B550BC9D449013A
:102560005A015FCF103309F44BCF9AE0E92EF12CDA
:1025700089E9882E982CA82C89E1B82E52CF911188
:102580009AC3803219F089508550D0F70895FB0125
:10259000DC0102C005900D9241505040D8F70895DB
:1025A000FB01DC010D900020E9F7119705900D92D9
:1025B0000020E1F70895FC010590061621F00020A7
:1025C000D9F7C00108953197CF010895FB01DC01CF
:1025D00005900D920020E1F70895FC010590002080
:1025E000E9F7809590958E0F9F1F0895FB01DC0100
:1025F0004150504088F08D9181341CF08B350CF4A3
:10260000805E659161341CF06B350CF4605E861B56
:10261000611171F3990B0895881BFCCFFB01DC015C
:102620004150504048F005900D920020C9F701C07C
:102630001D9241505040E0F70895FB0155915523FC
:10264000A9F0BF01DC014D9145174111E1F759F4A3
:10265000CD010590002049F04D9140154111C9F37D
:10266000FB014111EFCF81E090E0019708950F93B6
:102670001F93CF93DF93CDB7DEB72E970FB6F894A5
:10268000DEBF0FBECDBF0E891F898EE08C831A83FB
:1026900009838FEF9FE79E838D83AE01465E5F4F78
:1026A000688D798DCE01019611D12F813885020F69
:1026B000131FF80110822E960FB6F894DEBF0FBEDE
:1026C000CDBFDF91CF911F910F9108950F931F936D
:1026D000CF93DF93CDB7DEB72E970FB6F894DEBF5A
:1026E0000FBECDBF8C01FA018EE08C831A83098363
:1026F00077FF02C060E070E8615071097E836D83EE
:10270000A901BF01CE010196E1D04D815E8157FD47
:102710000AC02F813885421753070CF49A01020F23
:10272000131FF80110822E960FB6F894DEBF0FBE6D
:10273000CDBFDF91CF911F910F91089540D008F444
:1027400081E00895E89409C097FB3EF49095809548
:10275000709561957F4F8F4F9F4F9923A9F0F92F67
:1027600096E9BB279395F695879577956795B795E5
:10277000F111F8CFFAF4BB0F11F460FF1BC06F5FCB
:102780007F4F8F4F9F4F16C0882311F096E911C0DD
:10279000772321F09EE8872F762F05C0662371F0FE
:1027A00096E8862F70E060E02AF09A95660F771F12
:1027B000881FDAF7880F9695879597F90895990FEE
:1027C0000008550FAA0BE0E8FEEF16161706E807FB
:1027D000F907C0F012161306E407F50798F0621B1C
:1027E000730B840B950B39F40A2661F0232B242BF1
:1027F000252B21F408950A2609F4A140A6958FEF10
:10280000811D811D08950BD014C305D328F00AD370
:1028100018F0952309F0F6C2FBC211243EC31AD367
:10282000A0F3959FD1F3950F50E0551F629FF001E3
:10283000729FBB27F00DB11D639FAA27F00DB11D3C
:10284000AA1F649F6627B00DA11D661F829F2227C5
:10285000B00DA11D621F739FB00DA11D621F839F4C
:10286000A00D611D221F749F3327A00D611D231F22
:10287000849F600D211D822F762F6A2F11249F5770
:1028800050408AF0E1F088234AF0EE0FFF1FBB1F93
:10289000661F771F881F91505040A9F79E3F510532
:1028A00070F0B0C2FAC25F3FECF3983EDCF386955D
:1028B00077956795B795F795E7959F5FC1F7FE2BDD
:1028C000880F911D9695879597F908952F923F92BD
:1028D0004F925F926F927F928F929F92AF92BF9230
:1028E000CF92DF92EF92FF920F931F93CF93DF93DC
:1028F00000D000D000D01F921F92CDB7DEB77C0170
:102900003B018A01FC0117821682838181FFD0C1BD
:10291000CE0101965C01F7019381F30193FD85914E
:1029200093FF81913F01882309F449C1853239F42D
:1029300093FD859193FF81913F01853221F4B70189
:1029400090E0D2D1E8CF912C212C312CFFE1F3156E
:1029500038F08B3211F190F4803209F1833229F191
:1029600037FC3CC020ED280F2A3050F536FE20C041
:102970008AE0989E200D1124922E06C08D3291F08F
:10298000803371F7689430F8F30193FD859193FFDC
:1029900081913F018111DACF21C0689431F86894A8
:1029A00032F8F2CF689433F8EFCF689434F8ECCF74
:1029B000EAE02E9E200D1124222E689435F8E4CFF3
:1029C0008E3229F436FCFBC0689436F8DDCF8C36A5
:1029D00019F4689437F8D8CF8836B1F2982F9F7DD4
:1029E00095549330D8F0833691F18337B1F1833524
:1029F00009F05EC02801F2E04F0E511CF801C080C2
:102A0000D180692D70E036FC02C06FEF7FEFC60108
:102A100055D14C01689437F882010AC00C5F1F4FF2
:102A2000FFE3F98388248394912C6501E89437F8B7
:102A300033FE2AC0522C8114910459F5552009F413
:102A40006ACFB70180E290E04FD15A94F7CFF801F6
:102A5000808189830E5F1F4FE5CF2801F2E04F0E82
:102A6000511CF801C080D180692D70E036FC02C095
:102A70006FEF7FEFC6012DD14C018201D7CFB70197
:102A800080E290E031D12A942814190409F0B8F7B3
:102A9000D1CFF60137FC859137FE81916F01B701E7
:102AA00090E022D151105A94F1E08F1A9108C3CFCF
:102AB000843619F0893609F073C0F80137FE67C013
:102AC00060817181828193810C5F1F4FF32DFF76AE
:102AD0003F2E97FF09C090958095709561957F4F27
:102AE0008F4F9F4F689437F82AE030E0A5012CD132
:102AF000C82ECA188C2C432C36FE0CC0E89440F823
:102B0000C91440F434FE05C032FC03C0F32DFE7E30
:102B10004F2E892C44FEA6C0FE01EC0DF11D8081D4
:102B2000803309F098C0242D297E422E842D887090
:102B3000582E43FCA5C040FE9FC09C2C821418F464
:102B40002C0C922C981844FEA1C0B70180E390E0B1
:102B5000CBD042FE08C088E790E041FE02C088E585
:102B600090E0B701C1D0C91408F49CC0CA94D12C1C
:102B70009FEFC91AD90ACA0CDB1CF60182916F01BA
:102B8000B70190E0B1D0AC14BD04B9F757CF608164
:102B90007181072E000C880B990B0E5F1F4F96CF8B
:102BA000D32CE894D4F82AE030E08537E1F1232DE6
:102BB000297FD22E8F36A9F1F0F4883551F1F70133
:102BC000868197812B960FB6F894DEBF0FBECDBFDE
:102BD000DF91CF911F910F91FF90EF90DF90CF90F9
:102BE000BF90AF909F908F907F906F905F904F902D
:102BF0003F902F900895803749F0883701F7D4FE31
:102C000002C06894D2F820E130E00DC06894D4F896
:102C1000F6CF34FE03C0822F8660D82E20E132E04A
:102C200002C028E030E0F801D7FE0EC0608171815B
:102C3000828193810C5F1F4FA50186D0C82ECA18D0
:102C40003D2CE89437F856CF6081718190E080E0A8
:102C50000E5F1F4FF1CF42FC02C0839467CF839475
:102C6000839464CF842D867809F460CFF6CFB701C2
:102C700080E290E039D083948214C8F3512C63CF62
:102C8000522C5818821408F45ECFF8CF842D867821
:102C900009F469CF8BE241FE80E247FC8DE2B70187
:102CA00090E060CFB70180E390E01ED09A945BCFB4
:102CB0008FEF9FEF87CF992788270895FC01059014
:102CC000615070400110D8F7809590958E0F9F1F2E
:102CD0000895FC016150704001900110D8F7809573
:102CE00090958E0F9F1F08950F931F93CF93DF939F
:102CF000182F092FEB018B8181FD09C01FEF0FEF0A
:102D0000812F902FDF91CF911F910F91089582FF16
:102D100014C02E813F818C819D81281739073CF496
:102D2000E881F981CF0101969983888310838E8190
:102D30009F8101969F838E83E3CFE885F985812F5C
:102D40001995892BA1F3DACFFA01AA27283051F17E
:102D5000203181F1E8946F936E7F6E5F7F4F8F4FCC
:102D60009F4FAF4FB1E03ED0B4E03CD0670F781F2B
:102D7000891F9A1FA11D680F791F8A1F911DA11D10
:102D80006A0F711D811D911DA11D20D009F4689449
:102D90003F912AE0269F11243019305D3193DEF6F1
:102DA000CF010895462F4770405D4193B3E00FD0A7
:102DB000C9F7F6CF462F4F70405D4A3318F0495D92
:102DC00031FD4052419302D0A9F7EACFB4E0A69575
:102DD0009795879577956795BA95C9F70097610597
:102DE000710508959B01AC010A2E069457954795ED
:102DF00037952795BA95C9F7620F731F841F951FE2
:102E0000A01D089597F99F6780E870E060E008953D
:102E10009FEF80EC089500240A94161617061806F2
:102E20000906089500240A941216130614060506CE
:102E30000895092E0394000C11F4882352F0BB0F5F
:102E400040F4BF2B11F460FF04C06F5F7F4F8F4FC2
:102E50009F4F089557FD9058440F551F59F05F3FFD
:102E600071F04795880F97FB991F61F09F3F79F0AC
:102E700087950895121613061406551FF2CF46952E
:102E8000F1DF08C0161617061806991FF1CF8695B0
:102E90007105610508940895E894BB276627772794
:102EA000CB0197F90895F999FECF92BD81BDF89AAB
:102EB000992780B50895262FF999FECF1FBA92BDA4
:102EC00081BD20BD0FB6F894FA9AF99A0FBE01960B
:102ED0000895DB018F939F9349D0BF91AF91A29F3B
:102EE000800D911DA39F900DB29F900D1124089508
:102EF000A1E21A2EAA1BBB1BFD010DC0AA1FBB1FFE
:102F0000EE1FFF1FA217B307E407F50720F0A21B6F
:102F1000B30BE40BF50B661F771F881F991F1A94DC
:102F200069F760957095809590959B01AC01BD0106
:102F3000CF010895052E97FB16F400940FD057FD8E
:102F400005D0D6DF07FC02D046F408C05095409566
:102F5000309521953F4F4F4F5F4F08959095809545
:102F6000709561957F4F8F4F9F4F08950FD0A59F0C
:102F7000900DB49F900DA49F800D911D1124089574
:102F8000B7FFF4CFF3DF821B930B0895A29FB0012C
:102F9000B39FC001A39F700D811D1124911DB29F8D
:102FA000700D811D1124911D089587FB082E0626A2
:102FB00087FD819567FD619534D00EF4919507FCEE
:102FC00081950895AA1BBB1B51E107C0AA1FBB1F17
:102FD000A617B70710F0A61BB70B881F991F5A95A5
:102FE000A9F780959095BC01CD01089597FB072E18
:102FF00016F4009406D077FD08D0E4DF07FC05D076
:103000003EF4909581959F4F0895709561957F4FFF
:103010000895EE0FFF1F881F8BBF0790F691E02DDC
:103020001994991B79E004C0991F961708F0961B14
:10303000881F7A95C9F7809508955058BB27AA270D
:103040000ED0F7CEE8DE30F0EDDE20F031F49F3F19
:1030500011F41EF4DDCE0EF4E095E7FBD3CEE92F9C
:10306000F9DE80F3BA17620773078407950718F033
:1030700071F49EF511CF0EF4E0950B2EBA2FA02D12
:103080000B01B90190010C01CA01A0011124FF2715
:10309000591B99F0593F50F4503E68F11A16F04010
:1030A000A22F232F342F4427585FF3CF469537950F
:1030B0002795A795F0405395C9F77EF41F16BA0BD4
:1030C000620B730B840BBAF09150A1F0FF0FBB1F82
:1030D000661F771F881FC2F70EC0BA0F621F731FCB
:1030E000841F48F4879577956795B795F7959E3F28
:1030F00008F0B3CF9395880F08F09927EE0F9795B6
:103100008795089588DE58F080E891E009F49EEFF5
:1031100089DE28F040E851E059F45EEF09C078CE2E
:10312000BBCEE92FE07896DE68F3092E052AC1F3BD
:10313000261737074807590738F00E2E07F8E025FD
:1031400069F0E025E0640AC0EF6307F8009407FA2D
:10315000DB01B9019D01DC01CA01AD01EF9359D03A
:1031600068DE0AD05F91552331F02BED3FE049E452
:1031700050FD49EC63CF0895DF93DD27B92FBF776A
:1031800040E85FE31616170648075B0710F4D92FCF
:103190007FD19F938F937F936F9345D2E4EEF0E0BE
:1031A000FED047DE2F913F914F915F9138DBDD23B9
:1031B00049F09058A2EA2AED3FE049EC5FE3D0786D
:1031C0005D274DDFDF9135CE48D180F09F3740F449
:1031D00091110EF462CE60E070E080E89FE3089504
:1031E00026F01B16611D711D811DB0C0CAC0FDD027
:1031F000E39522C10CD01DCE15DE40F00CDE30F080
:1032000021F45F3F19F0FECD511147CE01CE22DEF1
:1032100098F39923C9F35523B1F3951B550BBB279D
:10322000AA2762177307840738F09F5F5F4F220F4A
:10323000331F441FAA1FA9F333D00E2E3AF0E0E843
:1032400030D091505040E695001CCAF729D0FE2F8F
:1032500027D0660F771F881FBB1F26173707480721
:10326000AB07B0E809F0BB0B802DBF01FF279358D7
:103270005F4F2AF09E3F510568F0C4CD0ECE5F3FF0
:10328000ECF3983EDCF3869577956795B795F795BF
:103290009F5FC9F7880F911D9695879597F90895B7
:1032A000E1E0660F771F881FBB1F62177307840753
:1032B000BA0720F0621B730B840BBA0BEE1F88F762
:1032C000E095089504D06894B111E7CD0895CADD62
:1032D00088F09F5790F0B92F9927B751A0F0D1F0FF
:1032E000660F771F881F991F1AF0BA95C9F712C089
:1032F000B13081F0D1DDB1E00895CECD672F782FC8
:103300008827B85F39F0B93FCCF3869577956795F4
:10331000B395D9F73EF490958095709561957F4F60
:103320008F4F9F4F089599D080F09F3740F49111AF
:103330000EF0B3CD60E070E080E89FEB089526F4D6
:103340001B16611D711D811D01C01BC0882371F4F6
:10335000772321F09850872B762F07C0662311F42E
:1033600099270DC09051862B70E060E02AF09A9565
:10337000660F771F881FDAF7880F9695879597F95C
:1033800008959F3F31F0915020F487957795679588
:10339000B795880F911D9695879597F90895DF93B6
:1033A000CF931F930F93FF92EF92DF927B018C01DB
:1033B000689405C0DA2EEF0132DAFE01E894A59197
:1033C0002591359145915591AEF3EF0148DEFE010F
:1033D0009701A801DA9479F7DF90EF90FF900F91B1
:1033E0001F91CF91DF91089513CD3CDDE8F3E89470
:1033F000E0E0BB279F57F0F02AED3FE049EC06C024
:10340000EE0FBB0F661F771F881F28F0B23A6207C6
:103410007307840728F0B25A620B730B840BE39591
:103420009A9572F7803830F49A95BB0F661F771F14
:10343000881FD2F79048A7CFEF93E0FF06C0A2EA1B
:103440002AED3FE049EC5FEB0ADEF3DC0F900394DA
:1034500001FC9058E1E1F1E025C104DDA0F0BEE7F8
:10346000B91788F4BB279F3860F41616B11D672F73
:10347000782F8827985FF7CF869577956795B11D48
:1034800093959639C8F308959AD908F48FEF089563
:103490009B01AC0160E070E080E89FE3ABCEE2DC32
:1034A00058F19E5758F19851A0F0E9F0983020F566
:1034B000092E9927660F771F881F991F0A94D1F745
:1034C00012C0062E672F782F8827985F11F4000C02
:1034D00007C0993FB4F38695779567959395D9F78B
:1034E000611D711D811D3EF49095809570956195CB
:1034F0007F4F8F4F9F4F08956894CFCCCDCCFA016A
:10350000EE0FFF1F30962105310599F16115710508
:1035100061F48038BFE39B0749F1689490388105D6
:1035200061F08038BFEF9B0741F0992342F5FF3FE0
:10353000E1053105210511F1E8940894E795D901D9
:10354000AA2329F4AB2FBE2FF85FD0F310C0FF5F82
:1035500070F4A695E0F7F73950F019F0FF3A38F417
:103560009F779F930CD00F9007FC905808953EF0E2
:103570004FCC60E070E080E89FE308954FE79F77CD
:103580005F934F933F932F93D9D02F913F914F91BA
:103590005F9139D954C09F9328DF0F9007FCEE5FED
:1035A0004BCF11F40EF434CCECCE5CDCD0F3992389
:1035B000D9F3CEF39F57550B87FF6DD00024A0E6BB
:1035C00040EA900180585695979528F4805C660FE4
:1035D000771F881F20F026173707480730F4621B33
:1035E000730B840B202931294A2BA6951794079435
:1035F000202531254A2758F7660F771F881F20F0AE
:1036000026173707480730F4620B730B840B200D25
:10361000311D411DA09581F7B901842F9158880F64
:103620009695879508959B01AC01EDC8C8D8880B85
:10363000990B089519F40EF0E5CB2ECCE9CB12DCF2
:10364000C8F39638C0F707F80F92E8942BE33AEAEC
:1036500048EB5FE7E6D80F920F920F924DB75EB737
:103660000F92ADD0EFE2F1E09ADE4F915F91EF91D2
:10367000FF91E595EE1FFF1F49F0FE57E0684427D4
:10368000EE0F441FFA95E1F74195550B1ED00F90B0
:1036900007FEFECE089591505040660F771F881F99
:1036A000D2F708959F938F937F936F93FF93EF9338
:1036B0009B01AC01A8D8EF91FF9171DE2F913F9152
:1036C0004F915F91A0C89ECB5CCECCDBE8F39923F1
:1036D000D9F3940F511DBBF39150504094F059F021
:1036E000882332F0660F771F881F91505040C1F732
:1036F0009E3F510544F7880F911D9695879597F940
:1037000008955F3FACF0983E9CF0BB278695779577
:103710006795B79508F4B1609395C1F7BB0F58F75B
:1037200011F460FFE8CF6F5F7F4F8F4F9F4FE3CF64
:10373000B4CB0EF026CE6CCB689464CB93DBC8F38D
:103740009923D1F3C6F3DF93CF931F930F93FF9287
:10375000C92FDD2788232AF02197660F771F881F3E
:10376000DAF720E030E040E85FEB9FE3883920F0B3
:10377000803E30F021968F7761DCE7E5F1E003C011
:103780005DDCE4E8F1E00BDE8B01BE01EC01FB2E19
:103790006F5771097595771F880B990B0F94A413B8
:1037A00028E132E741E35FE33AD8AF2D9801AE015B
:1037B000FF900F911F91CF91DF9151DC3ACBFA012D
:1037C000DC01AA0FBB1F9B01AC01BF5728F42227C5
:1037D0003327442750781FC0B75188F4AB2F0024FB
:1037E000469537952795011CA395D2F3002069F0E3
:1037F000220F331F441FB395DAF30DD01ECC613076
:103800007105A0E88A07B94630F49B01AC01662730
:10381000772788279078309621F020833183428360
:10382000538308959111089581548A5108F4805E5C
:10383000855A0895FB01DC0104C08D910190801927
:1038400021F441505040C8F7881B990B0895FB01A3
:10385000DC0102C001900D9241505040D8F708950C
:10386000DC0101C06D9341505040E0F70895FB0129
:10387000DC018D9181341CF08B350CF4805E6191FC
:1038800061341CF06B350CF4605E861B611189F3AA
:10389000990B0895FC018191861721F08823D9F7AF
:1038A000992708953197CF010895FB01DC0101901C
:1038B0000D920020E1F70895FB01DC0141505040DA
:1038C00030F08D910190801919F40020B9F7881B10
:1038D000990B0895FB01DC014150504048F00190E4
:1038E0000D920020C9F701C01D9241505040E0F7F1
:1038F0000895FC0181E090E00190061609F4CF01E3
:103900000020D1F70197089512E2CCE2D2E200E064
:1039100005C0802FFE017DDB2196011DCD32D10730
:0A39200080E00807B1F7F894FFCF2C
:10392A00104000000080990364007F290002F6DF3E
:10393A00FFFF0196000000803F64006400640000FD
:10394A0000803F0000803FFFFFFFFFFFFF080100EC
:10395A0080B3435555854201FFFFFFFF3FFF3F00FC
:10396A00000000FF3FFF3F00000000FF3F0000167D
:10397A0043010100000040C2000040C100000000F5
:10398A00008093430080934300808943020302FA34
:10399A0000CDCCCC3DD2000D01C0D40100000040C6
:1039AA00C2000040C10000000000000000003C1CF2
:1039BA0046003C1C46003C1C46003C1C46008077E6
:1039CA0044008077440080774400807744D82CAA4A
:1039DA0038440000000000470048000000000000D2
:1039EA0001010158595A45000100FF0100FF000278
:1039FA00020000A0420000A042000020410000C0D6
:103A0A00400000C07F0000C07F0000C07FFF003C74
:103A1A0000010000404000003442000000000000A5
:103A2A0000000000000000005041000000000000FB
:103A3A00004164000000640000000300000064000C
:103A4A0000006400000003000000030000000300FF
:103A5A0000001E0000001E000000FA00FA00D42830
:103A6A00C028B0289C2856383800FFFF20209236FC
:103A7A0092360A05062E0100080020004000800048
:103A8A0000010004000000003C8F0C90DA8E118EB9
:103A9A00C28E31E0868D2DE9FA8E818E88840B855F
:103AAA000A8500000000B12C20DFD1230A8558596D
:063ABA005A0045525200C3
:00000001FF
